fixture_id,date,season,home_team,away_team,home_goals,away_goals,total_goals,over_2_5,home_attack_rating_joint,home_defense_rating_joint,away_attack_rating_joint,away_defense_rating_joint,home_xg_last5_weighted_ucl,away_xg_last5_weighted_ucl,home_xg_against_last5_weighted_ucl,away_xg_against_last5_weighted_ucl,home_expected_rating_joint,away_expected_rating_joint,combined_expected_rating_joint,rating_gap_joint,home_expected_geo_ucl,away_expected_geo_ucl,combined_expected_geo_ucl,poisson_p_over_geo_ucl
901884,2022-08-02,2022,Monaco,PSV Eindhoven,1,1,2,0,0.0009293563740914115,-0.0014876548501823617,0.003636488568146225,-0.0008704291298775527,,,,,5.892724421385884e-05,0.0021488337179638634,0.0022077609621777225,-0.0020899064737500044,,,,
946855,2022-09-06,2022,Paris Saint Germain,Juventus,2,1,3,1,0.004383857237700845,-0.001602869768459542,0.00026256219534796527,-0.0017324242966576954,,,,,0.0026514329410431492,-0.0013403075731115766,0.0013111253679315726,0.003991740514154726,,,,
946854,2022-09-06,2022,Sevilla,Manchester City,0,4,4,1,-0.0004144541034895378,-0.0022419699159025802,0.0051908646444626455,-0.0026169779981631966,,,,,-0.0030314321016527345,0.0029488947285600652,-8.253737309266932e-05,-0.0059803268302128,,,,
946864,2022-09-07,2022,Tottenham,Marseille,2,0,2,0,0.001499460480914699,-0.0012414951665627313,0.0010000321024041484,-0.0014073327463421748,,,,,9.212773457252434e-05,-0.00024146306415858288,-0.00014933532958605854,0.0003335907987311072,,,,
946859,2022-09-07,2022,Napoli,Liverpool,4,1,5,1,0.002200349265542138,-0.0019569911718278453,0.004292202702047808,-0.002601797749653872,,,,,-0.00040144848411173377,0.002335211530219963,0.001933763046108229,-0.0027366600143316966,,,,
946863,2022-09-07,2022,Inter,Bayern Munich,0,2,2,0,0.0025063243750703024,-0.0023142167514027573,0.006362493238671646,-0.0017832828880777179,,,,,0.0007230414869925845,0.004048276487268888,0.0047713179742614725,-0.003325235000276304,,,,
946871,2022-09-13,2022,Bayern Munich,Barcelona,2,0,2,0,0.005909872384953327,-0.0017667057423848373,0.0014935505657218018,-0.0016540043345882138,,,,,0.0042558680503651134,-0.0002731551766630355,0.003982712873702078,0.004529023227028149,,,,
946870,2022-09-13,2022,Bayer Leverkusen,Atletico Madrid,2,0,2,0,0.0023142010383269684,8.323206327661857e-05,0.0006774873834095681,-0.0013975828577229379,,,,,0.0009166181806040305,0.0007607194466861867,0.0016773376272902173,0.00015589873391784383,,,,
946867,2022-09-13,2022,Liverpool,Ajax,2,1,3,1,0.004459058405877389,-0.0024446750495677244,0.005817183866988318,-0.003004353229826048,,,,,0.0014547051760513412,0.0033725088174205936,0.004827213993471935,-0.0019178036413692525,,,,
946872,2022-09-13,2022,Marseille,Eintracht Frankfurt,0,1,1,0,0.0010032747065085806,-0.0016068770324509242,-0.0001504951866042151,0.0004731758361492218,,,,,0.0014764505426578024,-0.0017573722190551391,-0.00028092167639733674,0.0032338227617129418,,,,
946877,2022-09-14,2022,Manchester City,Borussia Dortmund,2,1,3,1,0.005518946763365284,-0.002612092794091028,0.003041600696736702,0.0002793313722301038,,,,,0.005798278135595388,0.0004295079026456739,0.006227786038241062,0.0053687702329497135,,,,
946876,2022-09-14,2022,Real Madrid,RB Leipzig,2,0,2,0,0.003415402226486318,-0.002434383139256922,0.0023509406776707604,-0.00018173054943876492,,,,,0.003233671677047553,-8.344246158616163e-05,0.0031502292154613914,0.0033171141386337147,,,,
946888,2022-10-04,2022,Eintracht Frankfurt,Tottenham,0,0,0,0,-1.4662329471645361e-05,0.0002121894146605738,0.0016409861714774079,-0.0011666134932754122,,,,,-0.0011812758227470576,0.0018531755861379818,0.0006718997633909241,-0.003034451408885039,,,,
946884,2022-10-04,2022,Ajax,Napoli,1,6,7,1,0.005503643610421869,-0.0028382847974193536,0.002305517111371078,-0.0022000822320917233,,,,,0.003303561378330146,-0.0005327676860482754,0.0027707936922818704,0.0038363290643784213,,,,
946887,2022-10-04,2022,Inter,Barcelona,1,0,1,0,0.002209137906383863,-0.00185298874855054,0.00141847738871225,-0.0017606958452726547,,,,,0.0004484420611112082,-0.0004345113598382901,1.3930701272918096e-05,0.0008829534209494983,,,,
946891,2022-10-05,2022,Chelsea,AC Milan,3,0,3,1,0.0019127591781848338,-0.001925317716869156,0.0013840576516270387,-0.001865565550522849,,,,,4.719362766198495e-05,-0.0005412600652421173,-0.0004940664375801323,0.0005884536929041022,,,,
946894,2022-10-05,2022,Sevilla,Borussia Dortmund,1,4,5,1,-0.0007224011249489351,-0.0016865777533013884,0.002907789384766509,0.00032048020937319336,,,,,-0.00040192091557574174,0.0012212116314651207,0.0008192907158893789,-0.0016231325470408625,,,,
946900,2022-10-11,2022,AC Milan,Chelsea,0,2,2,0,0.0013840576516270387,-0.001865565550522849,0.0019127591781848338,-0.001925317716869156,,,,,-0.0005412600652421173,4.719362766198495e-05,-0.0004940664375801323,-0.0005884536929041022,,,,
946903,2022-10-11,2022,Borussia Dortmund,Sevilla,1,1,2,0,0.002907789384766509,0.00032048020937319336,-0.0007224011249489351,-0.0016865777533013884,,,,,0.0012212116314651207,-0.00040192091557574174,0.0008192907158893789,0.0016231325470408625,,,,
946909,2022-10-12,2022,Barcelona,Inter,3,3,6,1,0.00141847738871225,-0.0017606958452726547,0.002209137906383863,-0.00185298874855054,,,,,-0.0004345113598382901,0.0004484420611112082,1.3930701272918096e-05,-0.0008829534209494983,,,,
946905,2022-10-12,2022,Napoli,Ajax,4,2,6,1,0.002305517111371078,-0.0022000822320917233,0.005503643610421869,-0.0028382847974193536,,,,,-0.0005327676860482754,0.003303561378330146,0.0027707936922818704,-0.0038363290643784213,,,,
946911,2022-10-12,2022,Tottenham,Eintracht Frankfurt,3,2,5,1,0.0016409861714774079,-0.0011666134932754122,-1.4662329471645361e-05,0.0002121894146605738,,,,,0.0018531755861379818,-0.0011812758227470576,0.0006718997633909241,0.003034451408885039,,,,
946918,2022-10-25,2022,Borussia Dortmund,Manchester City,0,0,0,0,0.003066383226033266,0.00021922587685293437,0.005788130544254384,-0.0027407101946497724,,,,,0.00032567303138349374,0.006007356421107318,0.006333029452490811,-0.005681683389723824,,,,
946917,2022-10-25,2022,RB Leipzig,Real Madrid,3,2,5,1,0.0024443987453622498,-0.0001307634780129894,0.003441833156792522,-0.0026788562697980583,,,,,-0.00023445752443580856,0.003311069678779533,0.0030766121543437243,-0.0035455272032153414,,,,
946928,2022-10-26,2022,Eintracht Frankfurt,Marseille,2,1,3,1,0.00018343312658081144,0.00025416137000960155,0.000872542308306376,-0.001760638364849527,,,,,-0.0015772052382687157,0.0011267036783159776,-0.0004505015599527381,-0.0027039089165846932,,,,
946924,2022-10-26,2022,Ajax,Liverpool,0,3,3,1,0.0059268910384512085,-0.0021990353225979486,0.004482245806065247,-0.002382639629021593,,,,,0.0035442514094296156,0.0022832104834672982,0.0058274618928969135,0.0012610409259623174,,,,
946926,2022-10-26,2022,Barcelona,Bayern Munich,0,3,3,1,0.0015664713151419183,-0.001765225321947476,0.006214659599783544,-0.0020485945341738605,,,,,-0.0004821232190319422,0.004449434277836068,0.003967311058804126,-0.00493155749686801,,,,
946925,2022-10-26,2022,Atletico Madrid,Bayer Leverkusen,2,2,4,1,0.0003444378483601759,-0.0015366778981394855,0.0019896818164396968,0.0004633978103724331,,,,,0.0008078356587326091,0.00045300391830021126,0.0012608395770328203,0.0003548317404323978,,,,
946936,2022-11-01,2022,Marseille,Tottenham,1,2,3,1,0.000872542308306376,-0.001760638364849527,0.0014318643469633215,-0.0012774248631404598,,,,,-0.0004048825548340838,-0.00032877401788620553,-0.0007336565727202893,-7.610853694787827e-05,,,,
946931,2022-11-01,2022,Liverpool,Napoli,2,0,2,0,0.004482245806065247,-0.002382639629021593,0.002920810523488984,-0.002153994941317097,,,,,0.00232825086474815,0.0005381708944673914,0.002866421759215541,0.0017900799702807585,,,,
946933,2022-11-01,2022,Bayern Munich,Inter,2,0,2,0,0.006214659599783544,-0.0020485945341738605,0.0024116760617151805,-0.001758845272929655,,,,,0.004455814326853889,0.00036308152754132,0.004818895854395209,0.004092732799312569,,,,
946941,2022-11-02,2022,Manchester City,Sevilla,3,1,4,1,0.005788130544254384,-0.0027407101946497724,-0.0007518408055741185,-0.0015868426897353027,,,,,0.004201287854519081,-0.0034925510002238908,0.0007087368542951903,0.007693838854742972,,,,
946943,2022-11-02,2022,Juventus,Paris Saint Germain,1,2,3,1,0.00025644096454750386,-0.0017541643503265415,0.003910280907650087,-0.002205291870486461,,,,,-0.0019488509059389571,0.002156116557323546,0.00020726565138458873,-0.004104967463262503,,,,
971795,2023-02-14,2022,Paris Saint Germain,Bayern Munich,0,1,1,0,0.004301784553035686,-0.0020606595527359927,0.005002245112246566,-0.0019710172171278455,2.1612588664639127,1.6444447808675544,1.7040221055211453,1.040058313946668,0.0023307673359078407,0.0029415855595105733,0.005272352895418414,-0.0006108182236027326,1.499278243908296,1.6739684160423065,3.1732466599506024,0.21319046467648772
971793,2023-02-14,2022,AC Milan,Tottenham,1,0,1,0,0.0013360538988264248,-0.0013916286534589792,0.0023957910676154306,-0.0011654361668438592,0.7732469714507472,1.1653890930932223,1.4750183416149216,1.576959880941858,0.00017061773198256557,0.0010041624141564514,0.001174780146139017,-0.0008335446821738858,1.1042551571252102,1.3110950718504293,2.4153502289756394,0.12218156803583402
971799,2023-02-15,2022,Borussia Dortmund,Chelsea,1,0,1,0,0.0027842096172771068,-0.00010729078191987337,0.0008347313592044868,-0.0015958228985603852,1.951590353327744,1.356357133007043,1.1014890602855918,1.1056002939701604,0.0011883867187167216,0.0007274405772846134,0.0019158272960013351,0.00046094614143210816,1.4689039683888403,1.2222980585142018,2.691202026903042,0.15351461896763807
971803,2023-02-21,2022,Eintracht Frankfurt,Napoli,0,2,2,0,0.0007949288455658401,3.676724599791581e-05,0.0033688181058561238,-0.0019363741822539008,1.1333686984253066,1.4031160253455979,1.2257591086264394,0.5111557657363746,-0.0011414453366880607,0.0034055853518540394,0.0022641400151659787,-0.004547030688542101,0.761135956912578,1.3114428117638575,2.0725787686764354,0.08709609527984397
971801,2023-02-21,2022,Liverpool,Real Madrid,2,5,7,1,0.0033818732049373207,-0.0023650460974346567,0.0030333021717179605,-0.0026541677146870507,1.918500687015515,1.9137067086223842,1.5066460776951092,0.5111215679157397,0.00072770549025027,0.0006682560742833038,0.0013959615645335738,5.9449415966966214e-05,0.9902459690373872,1.6980219982098972,2.6882679672472842,0.15316891896943396
971805,2023-02-22,2022,RB Leipzig,Manchester City,1,1,2,0,0.002932276988121625,-0.0007101956135243863,0.0054540832067971915,-0.0027829393353362,1.6010080964074842,2.3314665919559854,0.9564027989342342,0.9990111974226528,0.00014933765278542493,0.0047438875932728055,0.00489322524605823,-0.0045945499404873805,1.2646837610546766,1.4932585757893253,2.757942336844002,0.16144354269949968
971800,2023-03-07,2022,Chelsea,Borussia Dortmund,2,0,2,0,0.00021748941836798806,-0.0015207540026478002,0.0031176876939568972,-0.0004165573722627244,1.5271074338074666,1.8390077228433575,1.108305554307115,1.510175497901637,-0.00019906795389473635,0.001596933691309097,0.0013978657374143608,-0.0017960016452038333,1.51861786806276,1.4276492824363316,2.9462671504990916,0.18443995198461482
971794,2023-03-08,2022,Tottenham,AC Milan,0,0,0,0,0.002228520252011912,-0.0011570067101021124,0.0010858313962885525,-0.0019169733572172972,0.9902126318856104,1.3707220556264574,1.2541044631678486,1.0286252663857258,0.0003115468947946149,-7.117531381355992e-05,0.000240371580981055,0.00038272220860817484,1.0092362123169416,1.311117327977839,2.3203535402947804,0.11199363239272875
971796,2023-03-08,2022,Bayern Munich,Paris Saint Germain,2,0,2,0,0.005325256811902603,-0.0018952276800456463,0.004174573502851402,-0.0018263359342077527,1.804146429657808,1.6761296375428751,1.020214124328712,1.5326209606057188,0.00349892087769485,0.0022793458228057557,0.005778266700500606,0.0012195750548890942,1.6628507552079133,1.3076739388804863,2.9705246940883994,0.1874628939719044
971806,2023-03-14,2022,Manchester City,RB Leipzig,7,0,7,1,0.0053022779922191066,-0.0027363457073456008,0.0027422114704340806,-0.0009430860335831382,1.9529684739536635,1.594463092322115,0.8293272809315579,1.0915888296142446,0.0043591919586359685,5.865763088479855e-06,0.004365057721724448,0.004353326195547489,1.4600817000279802,1.1499268415430712,2.6100085415710517,0.1440414896264306
971804,2023-03-15,2022,Napoli,Eintracht Frankfurt,3,0,3,1,0.00344973118263831,-0.002342325472197827,0.0006636499414651182,0.00014408909603918664,1.8327832441543703,0.8434649776723262,0.444540940504301,1.6770837980000177,0.0035938202786774966,-0.0016786755307327088,0.0019151447479447878,0.005272495809410206,1.7532059445533503,0.612335459088313,2.3655414036416635,0.11679819113039336
971802,2023-03-15,2022,Real Madrid,Liverpool,1,0,1,0,0.003073701296113981,-0.0026455122782853653,0.0029740845214928403,-0.0018352697777246384,1.7280427001102798,1.9763273295048924,0.889943365401541,1.2437747394965624,0.0012384315183893424,0.00032857224320747506,0.0015670037615968175,0.0009098592751818674,1.4660477001682446,1.3262048841542637,2.792252584322508,0.16556690120755135
1016057,2023-04-11,2022,Manchester City,Bayern Munich,3,0,3,1,0.005139825612000214,-0.0027354832662550986,0.0053431672592440345,-0.0016402696223891187,2.556135531325521,1.965510434075175,0.6946238138073509,1.26564359690523,0.0034995559896110954,0.002607683992988936,0.006107239982600031,0.0008918719966221596,1.7986540990540938,1.1684563979008544,2.967110496954948,0.187036643326004
1016061,2023-04-12,2022,AC Milan,Napoli,1,0,1,0,0.0007512880702582473,-0.0017560957725448656,0.003981973322399803,-0.0024698786071005382,1.5814892423734546,1.9120944671547337,0.90968693401318,0.8337422620274718,-0.001718590536842291,0.002225877549854937,0.000507287013012646,-0.003944468086697228,1.1482832482922307,1.3188659345701348,2.4671491828623653,0.12787407317220267
1016059,2023-04-12,2022,Real Madrid,Chelsea,2,0,2,0,0.0032871735503399,-0.0023346385924451363,-0.00020840219631949983,-0.0017988198234862162,2.032047991960897,1.7379800403394357,0.9385723505060215,1.0528918188319643,0.0014883537268536838,-0.002543040788764636,-0.0010546870619109522,0.0040313945156183195,1.4627121064001452,1.2771922375249287,2.739904343925074,0.1592884243998436
1016060,2023-04-18,2022,Chelsea,Real Madrid,0,2,2,0,-0.00020840219631949983,-0.0017988198234862162,0.0032871735503399,-0.0023346385924451363,1.4537066581809754,2.1845545528460315,1.4156348938487622,0.8697793918913879,-0.002543040788764636,0.0014883537268536838,-0.0010546870619109522,-0.0040313945156183195,1.1244572438030316,1.7585595390901674,2.8830167828931987,0.17662020855744964
1016062,2023-04-18,2022,Napoli,AC Milan,1,1,2,0,0.003981973322399803,-0.0024698786071005382,0.0007512880702582473,-0.0017560957725448656,1.693251210306213,1.4873899372543622,0.8589136148074668,0.9674090382578215,0.002225877549854937,-0.001718590536842291,0.000507287013012646,0.003944468086697228,1.2798697296565873,1.130282914864856,2.4101526445214434,0.12161560990276254
1016058,2023-04-19,2022,Bayern Munich,Manchester City,1,1,2,0,0.0053431672592440345,-0.0016402696223891187,0.005139825612000214,-0.0027354832662550986,1.7376144916137297,2.399690158665164,1.313533330896568,0.8527479091873272,0.002607683992988936,0.0034995559896110954,0.006107239982600031,-0.0008918719966221596,1.2172703580951967,1.775407842505819,2.9926782006010155,0.1902347674868461
1022981,2023-05-09,2022,Real Madrid,Manchester City,1,1,2,0,0.0033771725408390358,-0.0024515710203248525,0.005600231104293734,-0.002779799837858107,2.032655776625537,2.2810989970755675,1.1707297153737373,0.9007469464046493,0.0005973727029809288,0.0031486600839688815,0.0037460327869498103,-0.0025512873809879527,1.3531106694898327,1.6341818685769331,2.987292538066766,0.1895599441314657
1022983,2023-05-10,2022,AC Milan,Inter,0,2,2,0,0.000683593304316427,-0.002048978661282855,0.0011770059235180113,-0.0016182513000936314,1.4525513006062265,1.7299137569574383,1.1748906907813654,1.0664357354126952,-0.0009346579957772044,-0.000871972737764844,-0.0018066307335420483,-6.268525801236043e-05,1.2446094224641995,1.4256435630633317,2.670252985527531,0.15105178461940905
1022984,2023-05-16,2022,Inter,AC Milan,1,0,1,0,0.0011770059235180113,-0.0016182513000936314,0.000683593304316427,-0.002048978661282855,1.741919374089424,1.355704778623598,1.11130320849662,1.315191546810356,-0.000871972737764844,-0.0009346579957772044,-0.0018066307335420483,6.268525801236043e-05,1.5135909738194124,1.2274359739956313,2.741026947815044,0.1594222905351903
1022982,2023-05-17,2022,Manchester City,Real Madrid,4,0,4,1,0.005600231104293734,-0.002779799837858107,0.0033771725408390358,-0.0024515710203248525,1.9679104201561985,1.797309531470943,0.9234040701172105,1.0678917090480622,0.0031486600839688815,0.0005973727029809288,0.0037460327869498103,0.0025512873809879527,1.4496603815494487,1.288271297755533,2.7379316793049817,0.15905327556429583
1027909,2023-06-10,2022,Manchester City,Inter,1,0,1,0,0.005363212368684099,-0.002923509821092637,0.00202698208664253,-0.001825092258687439,2.0156511075135484,1.6178491282244716,0.9741711503577115,1.0636923199704937,0.00353812010999666,-0.0008965277344501069,0.002641592375546553,0.004434647844446767,1.4642515503840798,1.2554130580600371,2.719664608444117,0.15688087718288624
1126144,2023-09-19,2023,AC Milan,Newcastle,0,0,0,0,0.0009469609779490253,-0.0016127768115322717,0.0012469774300004762,-0.001640895040199059,1.4795079299576799,1.9260311265483259,1.2406062776633497,1.1178943874598801,-0.0006939340622500337,-0.0003657993815317955,-0.0010597334437818292,-0.0003281346807182382,1.2860535024259587,1.5457833957482099,2.831836898174169,0.17036218073153786
1126148,2023-09-19,2023,Paris Saint Germain,Borussia Dortmund,2,0,2,0,0.00343748828115379,-0.001507634730329316,0.002786140893930275,-0.0008373693111950561,1.969267274859779,2.441091283386666,1.3378299420205348,1.363124564742737,0.002600118969958734,0.0012785061636009592,0.0038786251335596934,0.001321612806357775,1.6384006216140643,1.807142775244949,3.445543396859013,0.248799749347402
1126147,2023-09-19,2023,Lazio,Atletico Madrid,1,1,2,0,0.00037881225656716423,-0.002017456108045171,0.0014865390812751067,-0.001978819799946697,1.2460849702532117,1.7795418791525637,1.2696056053040525,1.1370228903996753,-0.0016000075433795329,-0.0005309170267700641,-0.002130924570149597,-0.0010690905166094687,1.1903054795139356,1.5031022402502772,2.693407719764213,0.15377466302611842
1126159,2023-09-20,2023,Real Sociedad,Inter,1,1,2,0,-0.00015753162643531663,-0.001633395561674097,0.0017334687268742274,-0.001976406542552361,1.450026080208802,1.9326724105926196,1.0809907658561917,0.9443615771964529,-0.0021339381689876777,0.00010007316520013049,-0.0020338650037875473,-0.0022340113341878082,1.1701918287537196,1.4454068732629053,2.6155987020166247,0.14468737374453733
1126155,2023-09-20,2023,Sevilla,Lens,1,1,2,0,-0.0007416306719117885,0.0005784946852718345,0.0010035016125989715,-0.001726366675691446,1.2800684166762075,1.3508737103972568,1.2438391073625943,1.2631478804246916,-0.0024679973476032344,0.0015819962978708062,-0.0008860010497324282,-0.0040499936454740405,1.2715800042951064,1.2962521167196295,2.567832121014736,0.1391997326474519
1126153,2023-09-20,2023,Real Madrid,Union Berlin,1,0,1,0,0.0026429667916682614,-0.0021435655176417195,0.0005113071786952413,-0.0008048056510777752,1.6974513699789555,1.1878918516264183,1.1987285743028957,1.436830366541246,0.0018381611405904863,-0.0016322583389464782,0.00020590280164400811,0.0034704194795369646,1.561713697869364,1.1932979115569438,2.7550116094263077,0.16109278858042742
1126156,2023-09-20,2023,Arsenal,PSV Eindhoven,4,0,4,1,0.0029742026061782196,-0.0010580317258548346,0.004310786780576603,-0.0010545580959166524,1.8475692282416658,2.991075147849861,0.9906956162239793,0.9122742217139989,0.0019196445102615672,0.0032527550547217683,0.0051723995649833356,-0.001333110544460201,1.2982641409809097,1.7214078647349524,3.0196720057158624,0.193626233627347
1126154,2023-09-20,2023,Bayern Munich,Manchester United,4,3,7,1,0.004615778593767032,-0.0017374367627009273,0.0002570914481148368,-0.0008156586752108648,2.228364348115293,1.9467998866668206,1.147287050522763,1.6959445641628959,0.003800119918556167,-0.0014803453145860906,0.0023197746039700764,0.005280465233142258,1.9440119349326348,1.494502693183263,3.4385146281158976,0.24786872491769907
1126162,2023-10-03,2023,Manchester United,Galatasaray,2,3,5,1,0.0002570914481148368,-0.0008156586752108648,0.0029551683171782903,-0.00265327843275772,1.7383787125195367,1.741071721640519,1.7297017387021179,0.587599570008647,-0.0023961869846428835,0.0021395096419674258,-0.00025667734267545775,-0.004535696626610309,1.0106782791713025,1.7353774183521853,2.746055697523488,0.1600223724291574
1126164,2023-10-03,2023,Lens,Arsenal,2,1,3,1,0.0010035016125989715,-0.001726366675691446,0.0029742026061782196,-0.0010580317258548346,1.382311412062046,2.1328737908017086,0.943687107571707,0.9079015619247458,-5.453011325586314e-05,0.0012478359304867737,0.0011933058172309105,-0.0013023660437426368,1.1202690257601218,1.4187196687355703,2.538988694495692,0.1359210552796688
1126165,2023-10-03,2023,PSV Eindhoven,Sevilla,2,2,4,1,0.004310786780576603,-0.0010545580959166524,-0.0007416306719117885,0.0005784946852718345,2.540132176743553,1.1672211513929764,1.2337780276289907,1.4379483956436085,0.004889281465848438,-0.0017961887678284408,0.003093092698019997,0.006685470233676879,1.9111721503493868,1.2000382535454717,3.1112104038948587,0.20523506382498535
1126166,2023-10-03,2023,Napoli,Real Madrid,2,3,5,1,0.0029892731291417322,-0.0027748475493204264,0.0026429667916682614,-0.0021435655176417195,1.9248250179218651,1.9790555887577026,0.850929822475635,1.0381162447005856,0.0008457076115000127,-0.00013188075765216498,0.0007138268538478478,0.0009775883691521777,1.4135742355146348,1.2977046739574476,2.7112789094720826,0.15588672609491738
1126173,2023-10-04,2023,RB Leipzig,Manchester City,1,3,4,1,0.0019665308368392695,-0.00018342693679949718,0.004823094888930162,-0.0031640739858806526,1.6462453553979928,2.3421911830702102,1.1364161235543602,0.892103069926923,-0.001197543149041383,0.004639667952130665,0.003442124803089282,-0.005837211101172048,1.2118665501628005,1.6314729004454376,2.843339450608238,0.17176305137013648
1126171,2023-10-04,2023,Borussia Dortmund,AC Milan,0,0,0,0,0.002786140893930275,-0.0008373693111950561,0.0009469609779490253,-0.0016127768115322717,1.8808569896462524,1.64034795091804,1.5905894222516643,0.9481561457331583,0.0011733640823980034,0.00010959166675396923,0.0012829557491519728,0.001063772415644034,1.3354198268627966,1.6152770968296513,2.9506969236924476,0.1849910180536095
1126168,2023-10-04,2023,Atletico Madrid,Feyenoord,3,2,5,1,0.0014865390812751067,-0.001978819799946697,0.0032832395890612627,-0.0016655590229473008,1.6117925797007506,2.667267962194693,1.0970349869265654,0.5608125880297121,-0.0001790199416721941,0.0013044197891145656,0.0011253998474423715,-0.0014834397307867597,0.9507436920585189,1.7105806832873747,2.6613243753458935,0.15000599013714422
1126172,2023-10-04,2023,Newcastle,Paris Saint Germain,4,1,5,1,0.0012469774300004762,-0.001640895040199059,0.00343748828115379,-0.001507634730329316,1.8775473699078824,2.1693874315094246,1.244570081975639,1.1078987870765395,-0.0002606573003288398,0.0017965932409547312,0.0015359359406258914,-0.002057250541283571,1.4422664295474985,1.6431538861198014,3.0854203156673,0.2019481281843979
1126176,2023-10-24,2023,Galatasaray,Bayern Munich,1,3,4,1,0.003135623333000619,-0.0025203771926907794,0.005010451626020548,-0.0015617634012769393,1.988763533908234,2.1524072548374056,0.9132628764809011,1.0164142922722839,0.0015738599317236797,0.0024900744333297684,0.004063934365053448,-0.0009162145016060887,1.4217621741396358,1.402039101063579,2.823801275203215,0.16938550711225264
1126179,2023-10-24,2023,Lens,PSV Eindhoven,1,1,2,0,0.0008242874091687652,-0.0018550440008226086,0.004540961151156689,-0.0011111693402297272,1.3107885004715107,2.5498252832092323,1.1293188279104116,1.1233542008455888,-0.00028688193106096195,0.0026859171503340806,0.0023990352192731186,-0.0029727990813950425,1.2134577736471763,1.6969283132207393,2.9103860868679154,0.17999259842360293
1126182,2023-10-24,2023,Union Berlin,Napoli,0,1,1,0,0.0001443034049057944,-0.0006210642153957066,0.003169041845991426,-0.0027153905436582684,1.2837050785806112,1.9533806453722244,1.7089603882037994,1.0590173936806488,-0.002571087138752474,0.002547977630595719,-2.3109508156754846e-05,-0.005119064769348193,1.1659614086980115,1.8270878867818878,2.9930492954798993,0.19028128824288137
1126180,2023-10-24,2023,Sevilla,Arsenal,1,2,3,1,-0.0006730339296008226,0.00024370057885319957,0.003113108528784206,-0.001239737108849528,1.1928558699294836,1.7688372290364243,1.6558837593562599,0.8682255253568587,-0.0019127710384503507,0.0033568091076374056,0.0014440380691870549,-0.005269580146087756,1.0176777065183942,1.7114288885332465,2.7291065950516407,0.15800260473496552
1126187,2023-10-25,2023,Paris Saint Germain,AC Milan,3,0,3,1,0.0033069536965037306,-0.0014262864331846673,0.0007376198446616974,-0.001712372504171735,2.0451689869731586,1.4841639049862392,1.0239819748022054,0.9641312104436747,0.0015945811923319957,-0.0006886665885229699,0.0009059146038090257,0.0022832477808549657,1.4042119679636318,1.2327842821669823,2.636996250130614,0.1471684309336183
1126184,2023-10-25,2023,Feyenoord,Lazio,3,1,4,1,0.003779343028199353,-0.0017208851191671626,0.00021523554440856392,-0.0019297156441029583,2.6011689295332445,1.189437951526618,0.5891977168888063,1.1075388142473237,0.0018496273840963948,-0.0015056495747585988,0.0003439778093377961,0.0033552769588549936,1.6973201088398824,0.8371464181494072,2.5344665269892896,0.13540945491142442
1126188,2023-10-25,2023,Newcastle,Borussia Dortmund,0,1,1,0,0.001737880455388675,-0.002005478087302712,0.002632062491417215,-0.0009600545877128461,1.768436459212885,1.7708397493149668,1.1812995648607274,1.483572015146517,0.0007778258676758289,0.000626584404114503,0.001404410271790332,0.0001512414635613258,1.6197539447252571,1.4463375212251979,3.0660914659504552,0.199492873357625
1126196,2023-11-07,2023,AC Milan,Paris Saint Germain,2,1,3,1,0.0004717038251029814,-0.0016807681415475166,0.0035423871382102077,-0.001621759039698808,1.3535824367299514,1.8803307782503107,1.0986626935382404,0.9715975079070535,-0.0011500552145958267,0.0018616189966626912,0.0007115637820668645,-0.003011674211258518,1.1467943679115178,1.4373062574049214,2.584100625316439,0.14106071799763675
1126192,2023-11-07,2023,Borussia Dortmund,Newcastle,2,0,2,0,0.0026677838662480763,-0.0010978969757838564,0.0018039702591767135,-0.002034546738781411,1.7421213383355665,1.6353141838692662,1.6393441071519383,1.2149433586994824,0.0006332371274666653,0.0007060732833928571,0.0013393104108595224,-7.283615592619183e-05,1.4548466414228858,1.6373279056646115,3.092174547087497,0.20280775670078555
1126195,2023-11-07,2023,Lazio,Feyenoord,1,0,1,0,0.0003357530411309719,-0.0018168788617006686,0.003999545756812353,-0.0019070249604379822,1.3634240344557627,2.5567207600100854,1.1799666587420847,0.9500125198214076,-0.0015712719193070102,0.002182666895111685,0.0006113949758046748,-0.0037539388144186953,1.1380992498716396,1.7369068059414194,2.875006055813059,0.17563649398349623
1126200,2023-11-08,2023,Napoli,Union Berlin,1,1,2,0,0.00311720960330104,-0.0026496833125882074,-3.293225880066138e-05,-0.00032720241559979076,1.6684175576778215,1.0564548843100736,0.9842796905853979,1.4001053631900406,0.0027900071877012492,-0.0026826155713888687,0.00010739161631238055,0.005472622759090118,1.5283848895304961,1.019728928022615,2.5481138175531113,0.13695542132287553
1126204,2023-11-08,2023,Arsenal,Sevilla,2,0,2,0,0.0030638690803428286,-0.0012977182912540766,-0.0006780099955669795,0.00029150591518279593,1.7914420014441688,1.1215858797729752,0.8121587879461956,1.708908094521843,0.0033553749955256246,-0.001975728286821056,0.0013796467087045686,0.005331103282346681,1.74968846859501,0.9544138665662748,2.7041023351612847,0.15503749177662451
1126202,2023-11-08,2023,Bayern Munich,Galatasaray,2,1,3,1,0.005192833546029434,-0.0016837070367459628,0.0030811673907217728,-0.002458686845572716,2.4504824550072404,2.088926542272511,1.2470640251899752,1.05205410122398,0.0027341467004567185,0.00139746035397581,0.004131607054432529,0.0013366863464809085,1.605627639512902,1.61400902789685,3.219636667409752,0.21918192281825177
1126205,2023-11-08,2023,PSV Eindhoven,Lens,1,0,1,0,0.004695511693391796,-0.0012133726402024294,0.0006249920186639078,-0.001963208678470349,2.534198481128391,1.376720242325634,1.1308823633718206,0.9886473377573816,0.0027323030149214466,-0.0005883806215385216,0.002143922393382925,0.003320683636459968,1.58285456745602,1.2477614520985325,2.8306160195545527,0.17021368680109883
1126213,2023-11-28,2023,Manchester City,RB Leipzig,3,2,5,1,0.004716929578250291,-0.003073406528599355,0.0025103999007329053,-0.0005114930374607591,2.575288403348313,1.9436221232579363,0.7691820008275543,1.2345897539830515,0.004205436540789532,-0.0005630066278664498,0.003642429912923082,0.004768443168655982,1.7830941299676804,1.2227015799532766,3.0057957099209567,0.1918809436949913
1126211,2023-11-28,2023,Paris Saint Germain,Newcastle,1,1,2,0,0.002912338749495055,-0.0015432870606365515,0.001659945153719326,-0.001967133633077173,1.9027844880557523,1.4741040771407505,1.0975242528854843,1.2617565487148263,0.000945205116417882,0.00011665809308277451,0.0010618632095006565,0.0008285470233351075,1.5494679049910436,1.27195321295217,2.8214211179432134,0.16909652861074553
1126210,2023-11-28,2023,Feyenoord,Atletico Madrid,1,3,4,1,0.003649384236837139,-0.0017967907874803734,0.0023075701618065587,-0.0018446179267633542,2.4081222480799105,1.9230396777412886,0.9585298150350937,0.9597874369767544,0.001804766310073785,0.0005107793743261853,0.0023155456843999703,0.0012939869357475996,1.520291248547895,1.3576784842555707,2.8779697328034657,0.1760002536514319
1126212,2023-11-28,2023,AC Milan,Borussia Dortmund,1,3,4,1,0.00041599086703222654,-0.0014844916586413638,0.0026619637769524987,-0.0007375421293838139,1.3866966552246809,1.74885367868302,1.2231720757875872,1.5947297054326817,-0.00032155126235158734,0.001177472118311135,0.0008559208559595476,-0.0014990233806627222,1.4870798056967018,1.4625829837665512,2.949662789463253,0.18486233229195803
1126220,2023-11-29,2023,Real Madrid,Napoli,4,2,6,1,0.0028332735788590174,-0.002522648571308285,0.002816045180146764,-0.0026231276467170547,1.9762689994663958,1.667131659782262,1.2361771227350522,0.9726482855293684,0.0002101459321419627,0.0002933966088384788,0.0005035425409804415,-8.325067669651609e-05,1.3864395601957664,1.4355730627209986,2.8220126229167652,0.16916833072838933
1126219,2023-11-29,2023,Arsenal,Lens,6,0,6,1,0.0030210674614178454,-0.0013616798610534492,7.736043700938166e-05,-0.0022722716497455752,1.7362050120299395,1.3881785021910964,0.7040384713958935,1.03636263646633,0.0007487958116722702,-0.0012843194240440676,-0.0005355236123717974,0.0020331152357163378,1.3413940523624683,0.988600561757508,2.3299946141199763,0.1130122491841935
1126217,2023-11-29,2023,Sevilla,PSV Eindhoven,2,3,5,1,-0.0007170669950170413,0.00027233298820168803,0.004420825610182395,-0.0014675859021280706,0.9163892019972407,2.1958770738397595,1.6047021661005463,1.0310556275764087,-0.002184652897145112,0.004693158598384083,0.002508505701238971,-0.006877811495529195,0.9720330466447679,1.8771597419722146,2.8491927886169823,0.1724771787182342
1126216,2023-11-29,2023,Galatasaray,Manchester United,3,3,6,1,0.003387163530505404,-0.002205235045970039,0.00034035170283141966,-0.000636868886604396,1.9522569203550113,1.8652379860871062,1.225453049409484,1.9441859981923686,0.002750294643901008,-0.0018648833431386192,0.0008854113007623887,0.004615177987039627,1.9482172798300417,1.511873532384521,3.4600908122145624,0.2507283516411253
1126230,2023-12-12,2023,Inter,Real Sociedad,0,0,0,0,0.0018865647129267748,-0.0025679443636320164,0.00027668705998794686,-0.0019085477083554156,2.2599788830550254,1.5600490003511867,0.8324853179349014,0.9538183512836167,-2.198299542864081e-05,-0.0022912573036440696,-0.0023132402990727104,0.002269274308215429,1.4681993502829696,1.139613043120946,2.6078123934039157,0.14378801045681278
1126224,2023-12-12,2023,Lens,Sevilla,2,1,3,1,7.736043700938166e-05,-0.0022722716497455752,-0.0007170669950170413,0.00027233298820168803,1.2718337949983993,1.0964533352641364,1.3333428032053372,1.593656797662702,0.0003496934252110697,-0.002989338644762617,-0.002639645219551547,0.0033390320699736866,1.4236806428747812,1.209110484457448,2.6327911273322293,0.14667975052426596
1126225,2023-12-12,2023,PSV Eindhoven,Arsenal,1,1,2,0,0.004420825610182395,-0.0014675859021280706,0.0030210674614178454,-0.0013616798610534492,2.3109908231317413,1.8971988090539211,1.1610841748009268,0.6394813504146947,0.0030591457491289456,0.0015534815592897749,0.0046126273084187205,0.0015056641898391707,1.2156625898547067,1.4841858083284833,2.69984839818319,0.15453479364305978
1126226,2023-12-12,2023,Manchester United,Bayern Munich,0,1,1,0,0.00034035170283141966,-0.000636868886604396,0.005468423097753723,-0.0016346311787824354,1.8511453970325455,2.246980497385926,1.865884414991606,1.0492452035000555,-0.0012942794759510158,0.004831554211149326,0.0035372747351983106,-0.006125833687100343,1.3936661827057455,2.047585380603819,3.4412515633095646,0.2482311938200925
1126229,2023-12-12,2023,Union Berlin,Real Madrid,2,3,5,1,-0.000778598864232892,0.0001975919313789156,0.0028332735788590174,-0.002522648571308285,1.0943266972596768,2.0230662841617892,1.6081988023807539,1.212128050954853,-0.003301247435541177,0.003030865510237933,-0.0002703819253032443,-0.00633211294577911,1.1517222263450653,1.8037440991797786,2.955466325524844,0.1855848194649562
1126234,2023-12-13,2023,Atletico Madrid,Lazio,2,0,2,0,0.0023075701618065587,-0.0018446179267633542,4.41925401891877e-05,-0.0019993543304638807,1.7762435665524494,1.460983892932219,1.0726753709044392,1.0553018306546205,0.000308215831342678,-0.0018004253865741666,-0.0014922095552314886,0.002108641217916845,1.3691139789919946,1.2518631871081118,2.6209771661001064,0.14530970122919096
1126237,2023-12-13,2023,Newcastle,AC Milan,1,2,3,1,0.001659945153719326,-0.001967133633077173,0.00041599086703222654,-0.0014844916586413638,1.5216360573122443,1.484172501880561,1.8816818049488537,1.3900798448252702,0.00017545349507796224,-0.0015511427660449464,-0.0013756892709669841,0.0017265962611229086,1.4543712092960106,1.671149422461699,3.1255206317577096,0.20706415539784018
1126236,2023-12-13,2023,Borussia Dortmund,Paris Saint Germain,1,1,2,0,0.0026619637769524987,-0.0007375421293838139,0.002912338749495055,-0.0015432870606365515,1.696812855679619,2.2206166279771953,1.805002892073939,1.1374622918968829,0.0011186767163159472,0.002174796620111241,0.003293473336427188,-0.001056119903795294,1.3892662234940552,2.0020538043934573,3.391320027887512,0.2416315743953501
1149512,2024-02-13,2023,RB Leipzig,Real Madrid,0,1,1,0,0.0021399277302781086,-0.0004842175829492909,0.0025920232983539238,-0.0022776580653022624,1.7639485485957573,2.1254029852063674,1.3385216830134727,1.001743728622253,-0.0001377303350241538,0.002107805715404633,0.0019700753803804792,-0.002245536050428787,1.3292946987662764,1.6866825370650773,3.015977235831354,0.19316113712936744
1149514,2024-02-14,2023,Paris Saint Germain,Real Sociedad,2,0,2,0,0.00263453783928408,-0.001233722495470425,-0.00010204917265952035,-0.0025039840258496843,2.259906813070889,1.2546141345200175,1.268869113938248,0.8491911398233856,0.00013055381343439563,-0.0013357716681299452,-0.0012052178546955495,0.0014663254815643408,1.3853132651087634,1.2617214927244509,2.6470347578332145,0.14833715804404524
1149516,2024-02-14,2023,Lazio,Bayern Munich,1,0,1,0,-0.0005306094326119481,-0.0019326559686171762,0.004007320426522497,-0.0013222662655567048,1.3038756262657796,2.073345568270472,1.0835609256223109,0.9474560323569826,-0.001852875698168653,0.002074664457905321,0.00022178875973666778,-0.003927540156073973,1.1114696700984474,1.49886498494363,2.6103346550420774,0.14407914225622842
1149520,2024-02-20,2023,PSV Eindhoven,Borussia Dortmund,1,1,2,0,0.004970610506835369,-0.0021802157190249838,0.0031165629143233412,-0.0009851757729694704,2.4098047271875456,1.8428027341715576,0.9429902792971047,1.596680559037207,0.003985434733865899,0.0009363471952983575,0.004921781929164256,0.0030490875385675415,1.9615525379087644,1.3182355878164969,3.2797881257252612,0.22700069257697886
1149518,2024-02-20,2023,Inter,Atletico Madrid,1,0,1,0,0.0019394325726105794,-0.0032358778545808166,0.0026241884722210886,-0.001932316743258367,2.1372435218529646,1.71867843377091,0.854905460425144,1.0971423678279595,7.115829352212369e-06,-0.000611689382359728,-0.0006045735530075156,0.0006188052117119403,1.531293707356864,1.2121499815392835,2.7434436888961473,0.159710594573654
1149524,2024-02-21,2023,Napoli,Barcelona,1,1,2,0,0.0006679571745485287,-0.0019271799841770949,0.0017110912413471366,-0.0017041342817260842,1.3892023317729914,2.057365436399918,1.1264542108827345,1.1373808696251015,-0.0010361771071775556,-0.00021608874282995827,-0.0012522658500075138,-0.0008200883643475973,1.2570012554477357,1.522342917728224,2.77934417317596,0.16401192730704806
1149515,2024-03-05,2023,Real Sociedad,Paris Saint Germain,1,2,3,1,-0.0005196322573157658,-0.0025787628378579927,0.0025024242667829634,-0.0011399293268288487,1.2162780632681487,2.028664797543869,0.9377787197144053,1.1866829623875779,-0.0016595615841446146,-7.633857107502929e-05,-0.0017359001552196439,-0.0015832230130695853,1.2013893853393547,1.3792891925083632,2.580678577847718,0.14066856932365235
1149517,2024-03-05,2023,Bayern Munich,Lazio,3,0,3,1,0.003480239737288877,-0.001083692478791424,-0.0003801817879942889,-0.0019078258181165905,1.9684627382120867,1.2407587742940684,1.087110588019318,1.2132851049732385,0.0015724139191722866,-0.0014638742667857129,0.00010853965238657374,0.0030362881859579997,1.5454146757319085,1.1613965734033111,2.7068112491352196,0.15535787807070833
1149513,2024-03-06,2023,Real Madrid,RB Leipzig,1,1,2,0,0.002711621701942571,-0.0026917772916169483,0.001866276012498947,-0.00017994243375480507,1.9437140897302918,1.6841389028266465,1.0543311669923439,1.2873171786101005,0.0025316792681877656,-0.0008255012791180013,0.0017061779890697644,0.003357180547305767,1.5818269620967709,1.3325314760989415,2.9143584381957126,0.1804835150972196
1149525,2024-03-12,2023,Barcelona,Napoli,3,1,4,1,0.0016909919044269981,-0.0018796150484742871,0.0008576703850754731,-0.0019988500412221337,1.8674781088787913,1.4309789777572264,0.997863476091112,1.0416274692789147,-0.0003078581367951356,-0.001021944663398814,-0.0013298028001939497,0.0007140865266036785,1.3947101836887794,1.194956759451208,2.5896669431399877,0.14169937407913946
1149521,2024-03-13,2023,Borussia Dortmund,PSV Eindhoven,2,0,2,0,0.0029400258615480423,-0.0009896600307119495,0.005033115072266467,-0.002180146556694684,1.678003136249645,2.3209167878757873,1.5591881680588862,0.9756610307405928,0.0007598793048533585,0.004043455041554517,0.004803334346407876,-0.003283575736701159,1.2795164201757148,1.902300185224499,3.181816605400214,0.2142946586491591
1184777,2024-04-09,2023,Arsenal,Bayern Munich,2,2,4,1,0.003837682226253788,-0.0015381874555794664,0.004159086193597263,-0.0010014734696318396,1.8422030961587792,2.393491678112977,0.6804490304478498,1.0165921956873853,0.0028362087566219485,0.002620898738017797,0.005457107494639745,0.00021531001860415145,1.3684916113831873,1.2761853673181542,2.6446769787013418,0.14806238433380414
1184779,2024-04-09,2023,Real Madrid,Manchester City,3,3,6,1,0.002761438263456335,-0.0026105451500534455,0.00441518961511587,-0.0025160792455236254,1.8904584907133142,2.1589675779800968,0.9738072178142714,0.9121916739245954,0.0002453590179327097,0.0018046444650624241,0.002050003482995134,-0.0015592854471297144,1.3131871516005411,1.449971796437439,2.7631589480379803,0.16206844750411897
1184783,2024-04-10,2023,Paris Saint Germain,Barcelona,2,3,5,1,0.002606698797154031,-0.0013521520074377337,0.0018817405862933557,-0.002077865897025303,1.9604393070919055,1.944918267211891,1.1802382526131956,0.9756977614217467,0.000528832900128728,0.000529588578855622,0.00105842147898435,-7.556787268939852e-07,1.383038771449583,1.5150798451466663,2.8981186165962494,0.17847885316117662
1184781,2024-04-10,2023,Atletico Madrid,Borussia Dortmund,2,1,3,1,0.0024051982453282554,-0.0016929326061174855,0.0030874567794881773,-0.0011531569436343783,1.5303529310771562,1.6834732844958626,1.1732314424424786,1.5337585622860321,0.001252041301693877,0.0013945241733706918,0.002646565475064569,-0.0001424828716768147,1.5320548003772954,1.4053838585534053,2.9374386589307004,0.18334298663453474
1184782,2024-04-16,2023,Borussia Dortmund,Atletico Madrid,4,2,6,1,0.0030874567794881773,-0.0011531569436343783,0.0024051982453282554,-0.0016929326061174855,1.5500167513441783,1.6785316071373408,1.598910027212702,1.1998036234335232,0.0013945241733706918,0.001252041301693877,0.002646565475064569,0.0001424828716768147,1.3637139416481021,1.638237167703549,3.0019511093516513,0.19139809437813782
1184784,2024-04-16,2023,Barcelona,Paris Saint Germain,1,4,5,1,0.0018817405862933557,-0.002077865897025303,0.002606698797154031,-0.0013521520074377337,1.871642872721925,1.8624408738371796,1.0057126562725305,1.28432450425895,0.000529588578855622,0.000528832900128728,0.00105842147898435,7.556787268939852e-07,1.550418267648567,1.3686052602475713,2.9190235278961385,0.18106050654425188
1184778,2024-04-17,2023,Bayern Munich,Arsenal,1,0,1,0,0.004159086193597263,-0.0010014734696318396,0.003837682226253788,-0.0015381874555794664,2.3373362423905175,1.744519579923306,1.0334144303439945,0.8896383389103599,0.002620898738017797,0.0028362087566219485,0.005457107494639745,-0.00021531001860415145,1.4420069112716771,1.3426882392835604,2.7846951505552378,0.16465598610856058
1196543,2024-04-30,2023,Bayern Munich,Real Madrid,2,2,4,1,0.004147935446935763,-0.0009715529196731114,0.0028131939030202413,-0.002649666968183814,2.2366974977065213,1.6675370334424342,0.9488195080700689,0.9312733582252012,0.0014982684787519488,0.00184164098334713,0.003339909462099079,-0.00034337250459518117,1.443252157463503,1.2578520055075926,2.7011041629710957,0.15468313698979586
1196501,2024-05-01,2023,Borussia Dortmund,Paris Saint Germain,1,0,1,0,0.002948500927850894,-0.0013359015235905336,0.0028498121736692424,-0.0012909625154557767,1.4923557992565528,1.988061082588743,1.6633120097521092,1.218689639211392,0.0016575384123951173,0.0015139106500787088,0.0031714490624738263,0.00014362776231640847,1.3485987359370455,1.8184515046573655,3.1670502405944108,0.21239285410257303
1196502,2024-05-07,2023,Paris Saint Germain,Borussia Dortmund,0,1,1,0,0.0028498121736692424,-0.0012909625154557767,0.002948500927850894,-0.0013359015235905336,1.953276314191596,1.6195390308917426,1.2858282537356887,1.7134942258530637,0.0015139106500787088,0.0016575384123951173,0.0031714490624738263,-0.00014362776231640847,1.8294610369895432,1.4430693136326884,3.2725303506222314,0.22605444577760103
1196544,2024-05-08,2023,Real Madrid,Bayern Munich,2,1,3,1,0.0028131939030202413,-0.002649666968183814,0.004147935446935763,-0.0009715529196731114,1.7295194883170624,2.1335659353232743,1.0157872959153291,1.0910846563682899,0.00184164098334713,0.0014982684787519488,0.003339909462099079,0.00034337250459518117,1.373700177110232,1.472157998347694,2.845858175457926,0.1720702406004203
1199389,2024-06-01,2023,Borussia Dortmund,Real Madrid,0,2,2,0,0.002649217458771416,-0.0010937187401191806,0.003272653000003923,-0.002570555786257824,1.5267060171990745,1.8110783433897104,1.8237958280338327,0.9845380634028623,7.866167251359196e-05,0.0021789342598847426,0.0022575959323983346,-0.0021002725873711507,1.2260098635650016,1.8174259618803124,3.043435825445314,0.196624231551482
1271720,2024-08-06,2024,Lille,Fenerbahçe,2,1,3,1,0.00010183103699127423,-0.001561594924893817,0.004068564305645538,-0.002250098913766151,1.377584621156807,2.3937916673862776,1.1574774114990842,0.6993629941956796,-0.002148267876774877,0.0025069693807517205,0.00035870150397684366,-0.004655237257526597,0.981545569706341,1.6645599366902788,2.6461055063966197,0.14822884402600434
1298984,2024-09-17,2024,Juventus,PSV Eindhoven,3,1,4,1,3.119003622431845e-05,-0.002409757212875396,0.0066744748383303345,-0.002588876596798427,1.1303832769311035,2.6280791121254956,0.6510477765766762,0.8209310208406547,-0.0025576865605741084,0.004264717625454939,0.0017070310648808307,-0.006822404186029047,0.963310280995825,1.308053921907239,2.271364202903064,0.10687301834936735
1298987,2024-09-17,2024,AC Milan,Liverpool,1,3,4,1,0.0014919185208464617,-0.0004521782413596661,0.0028118136433987907,-0.0015761098527210585,1.9614566518674759,2.2196283911330164,1.2454164612822851,0.9350543445458765,-8.419133187459677e-05,0.0023596354020391248,0.002275444070164528,-0.0024438267339137215,1.3542778754624518,1.6626369827014473,3.016914858163899,0.1932791382533997
1298989,2024-09-17,2024,Real Madrid,VfB Stuttgart,3,1,4,1,0.003577073053186428,-0.0030749925582919547,0.002498336686442037,-0.0006226016384872855,1.9059029465896289,2.053603081607606,0.9668806796390195,1.5630474178022347,0.0029544714146991424,-0.0005766558718499175,0.002377815542849225,0.00353112728654906,1.7259828154557593,1.4091093439664455,3.1350921594222045,0.20828961012044367
1298995,2024-09-18,2024,Paris Saint Germain,Girona,1,0,1,0,0.003519629715196767,-0.0017938335645675703,0.002612624841998376,-0.0009362080398651588,2.4197598335004122,1.8058067024310467,1.08548359092651,1.3066777300495995,0.002583421675331608,0.0008187912774308057,0.003402212952762414,0.0017646303979008025,1.778158116283115,1.4000619785830954,3.1782200948662105,0.21383111743622896
1298994,2024-09-18,2024,Manchester City,Inter,0,0,0,0,0.004993029881562857,-0.0020900730794915505,0.0030472218014558515,-0.0034310630449063007,2.245572089586487,1.9202316956639924,0.8116248015897096,0.9146685084300178,0.0015619668366565562,0.000957148721964301,0.002519115558620857,0.0006048181146922553,1.4331622635815353,1.248402046217307,2.6815643097988424,0.1523800025887272
1298997,2024-09-19,2024,Feyenoord,Bayer Leverkusen,0,4,4,1,0.003831512105270765,-0.001988384359998158,0.003510703615855103,-0.0019728181184354644,2.0850725996189348,2.6327245874798173,0.7431812723488473,1.0146470985019262,0.0018586939868353003,0.0015223192558569448,0.003381013242692245,0.0003363747309783555,1.4545146487296787,1.3987821877144937,2.8532968364441724,0.1729783906947404
1299001,2024-09-19,2024,Monaco,Barcelona,2,1,3,1,0.0015331204828789977,-0.0009091149915685188,0.0030651748793651032,-0.0012301376088343964,2.074063177687631,2.0419932525959856,1.0773310019414517,1.1009973030345426,0.00030298287404460127,0.0021560598877965846,0.002459042761841186,-0.0018530770137519833,1.5111379701924423,1.4832068759201857,2.994344846112628,0.19044372228354356
1298998,2024-09-19,2024,Atalanta,Arsenal,0,0,0,0,0.0014732750687261212,-0.0009837648372734455,0.0034735601643327,-0.0029299698402348697,1.83112837565287,1.5339346852468358,1.4731451348233862,1.0058878488591445,-0.0014566947715087485,0.002489795327059254,0.0010331005555505057,-0.003946490098568003,1.3571697693252693,1.5032326562140068,2.8604024255392764,0.17384714639730436
1298999,2024-09-19,2024,Atletico Madrid,RB Leipzig,2,1,3,1,0.0019277479615959225,-0.0014482983645873998,0.002612230441992971,-0.0009311212623387359,1.79938990211517,1.5426027883539564,0.7860778488629239,1.278132769052294,0.0009966266992571865,0.0011639320774055712,0.0021605587766627575,-0.00016730537814838476,1.5165286671194838,1.101183854548924,2.617712521668408,0.1449318527208049
1299010,2024-10-01,2024,Arsenal,Paris Saint Germain,2,0,2,0,0.0034735601643327,-0.0029299698402348697,0.003519629715196767,-0.0017938335645675703,1.5854786016062257,2.3418885349019045,1.0877552954189593,0.8997587465743023,0.0016797265997651296,0.0005896598749618974,0.0022693864747270268,0.0010900667248032322,1.1943819486670062,1.5960581615719696,2.7904401102389755,0.1653483032470977
1299005,2024-10-01,2024,Bayer Leverkusen,AC Milan,1,0,1,0,0.003510703615855103,-0.0019728181184354644,0.0014919185208464617,-0.0004521782413596661,1.9607853169321117,1.6114944743589603,0.9810301785551234,1.5336594041284883,0.0030585253744954367,-0.0004808995975890027,0.002577625776906434,0.003539424972084439,1.7341213454628808,1.2573482858464338,2.9914696313093145,0.1900832804021121
1299018,2024-10-02,2024,RB Leipzig,Juventus,2,3,5,1,0.002612230441992971,-0.0009311212623387359,3.119003622431845e-05,-0.002409757212875396,1.4232877127349874,1.6056140096150815,1.3406638815369425,0.6841222867958586,0.00020247322911757506,-0.0008999312261144175,-0.0006974579969968425,0.0011024044552319927,0.9867638242278173,1.4671703072174849,2.453934131445302,0.12641287287483904
1299016,2024-10-02,2024,Lille,Real Madrid,1,0,1,0,0.00031965431257566354,-0.0015291050905441028,0.003577073053186428,-0.0030749925582919547,1.521439118887342,2.0559247394684412,1.3992888876828053,1.0919064990704128,-0.002755338245716291,0.002047967962642325,-0.0007073702830739659,-0.004803306208358616,1.2889023476792378,1.6961228262865744,2.9850251739658122,0.1892760274413121
1299011,2024-10-02,2024,Girona,Feyenoord,2,3,5,1,0.002612624841998376,-0.0009362080398651588,0.003831512105270765,-0.001988384359998158,1.3319754634048848,1.7536401721869537,1.2190358692070218,0.8885399821197966,0.0006242404820002178,0.002895304065405606,0.0035195445474058237,-0.002271063583405388,1.0878940455934962,1.462104740289927,2.549998785883423,0.1371694255607555
1299017,2024-10-02,2024,Liverpool,Bologna,2,0,2,0,0.0028118136433987907,-0.0015761098527210585,-0.00030598844881089387,-0.0019035798987821508,2.437187349895262,1.1714030509536555,0.8426096131389911,1.154681406276907,0.0009082337446166399,-0.0018820983015319524,-0.0009738645569153125,0.0027903320461485923,1.6775502724322002,0.9934965886171394,2.67104686104934,0.15114488299213014
1299013,2024-10-02,2024,Aston Villa,Bayern München,1,0,1,0,0.0017165641284626089,0.00044686071625935764,0.00017701321696690723,-7.690870302263257e-05,1.659695885073843,2.9169837975321045,1.1395760957297512,0.8625786966742388,0.0016396554254399763,0.0006238739332262649,0.002263529358666241,0.0010157814922137115,1.1965025338136952,1.8232183103782658,3.019720844191961,0.1936323832709027
1299022,2024-10-22,2024,Aston Villa,Bologna,2,0,2,0,0.0019358901427628606,0.0002173443754895401,-0.0004798326169612705,-0.0018856527358218117,1.3472435493932067,0.9957241942021904,1.201236994735794,1.0732699985605916,5.023740694104885e-05,-0.00026248824147173037,-0.00021225083453068152,0.0003127256484127792,1.2024791400760402,1.0936639056991682,2.2961430457752083,0.10945139314907681
1299025,2024-10-22,2024,Paris Saint Germain,PSV Eindhoven,1,1,2,0,0.0032900695634005147,-0.001862820926532079,0.006292875070799647,-0.002601843550862325,2.0453120517044114,2.140702389952582,0.9212197437443793,1.2238326892712383,0.0006882260125381898,0.0044300541442675685,0.005118280156805759,-0.0037418281317293787,1.582125073638707,1.404299578831062,2.986424652469769,0.1894512556007465
1299024,2024-10-22,2024,Juventus,VfB Stuttgart,0,1,1,0,0.00014496844350814575,-0.0025889015466214267,0.0026660308106809926,-0.0005414206064428246,1.5761988820437518,1.892883793060902,1.1428317414440614,1.6354457932796402,-0.0003964521629346788,7.712926405956588e-05,-0.00031932289887511294,-0.0004735814269942447,1.6055490746191863,1.470798314377274,3.07634738899646,0.20079474833094635
1299028,2024-10-22,2024,Real Madrid,Borussia Dortmund,5,2,7,1,0.0036187906685774033,-0.0030879484119018964,0.0021131534217811035,-0.0011626441744227991,1.8754085047443385,1.927517072608102,1.1665781319709516,1.6365641709086474,0.002456146494154604,-0.0009747949901207928,0.0014813515040338113,0.003430941484275397,1.7519207643846066,1.4995330159437226,3.251453780328329,0.2233109027595982
1299030,2024-10-23,2024,Stade Brestois 29,Bayer Leverkusen,1,1,2,0,0.000443753107191341,-0.001041155911909078,0.0037592081726933223,-0.0020261974075089268,1.5052008748255181,2.114019144908737,1.5261078832470214,1.0897649054702905,-0.0015824443003175858,0.0027180522607842443,0.0011356079604666585,-0.00430049656110183,1.2807478631908895,1.7961685005534282,3.076916363744318,0.20086703229406422
1299036,2024-10-23,2024,RB Leipzig,Liverpool,0,1,1,0,0.0023733213245717764,-0.0010606960070684254,0.0027941378534713517,-0.001812265291243357,1.8223819955763179,2.0964571767155302,1.2281379979624205,0.7918990903570968,0.0005610560333284193,0.0017334418464029263,0.0022944978797313454,-0.001172385813074507,1.2013087215949267,1.6045992396313042,2.805907961226231,0.16721658668570616
1299032,2024-10-23,2024,Barcelona,Bayern München,4,1,5,1,0.0035385953580078285,-0.001226385664272275,0.001239234895012748,-0.00025530753803698934,2.2610063843020494,2.6488183728749877,1.071877147893957,0.773530270511738,0.0032832878199708392,1.284923074047306e-05,0.003296137050711312,0.0032704385892303664,1.3224813344913156,1.6849949207063961,3.0074762551977114,0.1920921025110054
1299031,2024-10-23,2024,Atletico Madrid,Lille,1,3,4,1,0.0017025152659122396,-0.001502591070052447,0.0002561474719118813,-0.0015380815338856945,1.4988377303648583,1.3737973256331117,1.3975603981189315,1.4899381217864742,0.00016443373202654514,-0.0012464435981405658,-0.0010820098661140207,0.001410877330167111,1.4943813010214357,1.3856279216826337,2.8800092227040697,0.17625070137842558
1299046,2024-11-05,2024,Real Madrid,AC Milan,1,3,4,1,0.003842037122487997,-0.0030744173723931643,0.0015638834111967644,-0.0006937846277414751,2.0925488162716346,1.4863492878899127,1.312434393586481,1.2883770027522379,0.0031482524947465222,-0.0015105339611964,0.0016377185335501223,0.004658786455942922,1.6419475545889983,1.3966874834083305,3.038635037997329,0.19601765876423805
1299038,2024-11-05,2024,PSV Eindhoven,Girona,4,0,4,1,0.006123603632154569,-0.0026098892677214134,0.0019281609821644268,-0.0008562469916755912,1.7841714109234,1.4810802528012783,1.396167309731312,1.2242863831970945,0.005267356640478978,-0.0006817282855569866,0.0045856283549219915,0.005949084926035964,1.477950189851832,1.4379971599588548,2.9159473498106867,0.18067998001698082
1299044,2024-11-05,2024,Liverpool,Bayer Leverkusen,4,0,4,1,0.002672952437393367,-0.0019997238834789043,0.0036747529814837834,-0.001976825818914659,2.009685577188791,1.8833141821795292,0.8136805007835547,0.9600329109391388,0.000696126618478708,0.0016750290980048791,0.002371155716483587,-0.0009789024795261712,1.3890155847725245,1.2379079234291257,2.62692350820165,0.14599876182056182
1299043,2024-11-05,2024,Lille,Juventus,1,1,2,0,0.00030040418198187466,-0.0016601504517254279,-3.9803085474340284e-05,-0.002666009835702955,1.4070225103825038,1.4515977047687016,1.5869461280948214,1.4312115341133242,-0.0023656056537210805,-0.001699953537199768,-0.004065559190920848,-0.0006656521165213124,1.4190654832024223,1.5177639332696045,2.936829416472027,0.1832673508775159
1299040,2024-11-05,2024,Bologna,Monaco,0,1,1,0,-0.0006352590684903707,-0.001844267252004679,0.0019049054210066045,-0.0011735666980076398,0.9863800433561218,1.9404184227973018,1.0406295782076658,0.8742884738955468,-0.0018088257664980105,6.063816900192553e-05,-0.001748187597496085,-0.001869463935499936,0.9286445513687392,1.4210055611650294,2.3496501125337685,0.11509982476809366
1299055,2024-11-06,2024,VfB Stuttgart,Atalanta,0,2,2,0,0.002397979056502715,-0.0004733204293350383,0.001624422179378799,-0.0012413844286868043,1.8578313249031704,1.9616802482210718,1.3701690523126768,0.7160524133930083,0.0011565946278159107,0.001151101750043761,0.0023076963778596716,5.492877772149841e-06,1.1533883144344947,1.639461364791974,2.7928496792264688,0.16563893410343877
1299052,2024-11-06,2024,Inter,Arsenal,1,0,1,0,0.002884181978424119,-0.003436411182609127,0.003186262082105899,-0.002986643543831655,2.0838041029755656,1.4697091764588488,1.126628402648984,0.9031122028032104,-0.00010246156540753577,-0.000250149100503228,-0.00035261066591076376,0.00014768753509569223,1.3718268526489161,1.2867851809188613,2.6586120335677776,0.1496887613901967
1299053,2024-11-06,2024,Paris Saint Germain,Atletico Madrid,1,2,3,1,0.003299206691262851,-0.0018185467519886915,0.001693265403332409,-0.0013948738454532294,2.2153820456281363,1.5727746618117524,0.7690667007890017,1.32819420657551,0.0019043328458096217,-0.00012528134865628254,0.0017790514971533391,0.002029614194465904,1.7153593204791504,1.0998039008132778,2.815163221292428,0.16833743398674994
1299058,2024-11-26,2024,Barcelona,Stade Brestois 29,3,0,3,1,0.004327437718725111,-0.0013641224952946958,0.0003023134081753186,-0.0011895581021308312,2.2920517671139775,1.2870216418942944,1.1179746178959995,1.4240686131039426,0.0031378796165942796,-0.0010618090871193772,0.0020760705294749025,0.004199688703713657,1.8066651546859598,1.199523875677619,3.0061890303635788,0.19193035875582654
1299061,2024-11-26,2024,Inter,RB Leipzig,1,0,1,0,0.0030010613691391435,-0.0033466739764809487,0.001826758772378239,-0.0013185779041882117,2.0131886480423993,1.437232034316164,1.1509607374754822,1.5409015442198961,0.0016824834649509317,-0.0015199152041027097,0.00016256826084822202,0.0032023986690536414,1.7612851832041563,1.2861561499833212,3.0474413331874777,0.1971306723005387
1299060,2024-11-26,2024,Bayern München,Paris Saint Germain,1,0,1,0,0.0017796731836600837,-0.0004836313148857188,0.0035642047463759438,-0.0017520971140105959,2.2298958034455647,2.2013415529539695,0.7430658689966332,0.8073181341452367,2.757606964948786e-05,0.003080573431490225,0.003108149501139713,-0.003052997361840737,1.3417284819873083,1.2789612089520697,2.620689690939378,0.14527641593241802
1299062,2024-11-26,2024,Manchester City,Feyenoord,3,3,6,1,0.004723271002715598,-0.001789507575828839,0.003812327418050934,-0.0015889496958900037,2.3522449291293404,1.590926072296126,1.276978685858302,1.1565412744708947,0.0031343213068255943,0.0020228198422220954,0.00515714114904769,0.0011115014646034989,1.6493842330406057,1.4253345870701437,3.0747188201107494,0.20058788504190472
1299071,2024-11-27,2024,Liverpool,Real Madrid,2,0,2,0,0.002857828634892394,-0.002077621815675935,0.003753430875058019,-0.002578852965961049,2.335834459195282,2.2044708508848365,0.8748379328472644,1.31730043964844,0.0002789756689313451,0.0016758090593820838,0.001954784728313429,-0.0013968333904507387,1.754136756368762,1.388724134668272,3.142860891037034,0.20928544189226905
1299067,2024-11-27,2024,Aston Villa,Juventus,0,0,0,0,0.0013644521234819963,1.4796461177572566e-05,0.0001742273295703386,-0.002515024672863128,1.368167888058279,1.400784651397018,1.2599026860138844,1.2172510830571912,-0.0011505725493811316,0.00018902379074791116,-0.0009615487586332205,-0.0013395963401290427,1.2905052667629877,1.3284774536371047,2.6189827204000924,0.14507882632109648
1299068,2024-11-27,2024,Bologna,Lille,1,2,3,1,-0.0004607525376573352,-0.0020364487624326038,0.00035255105413815587,-0.0018182620687174035,0.9052500287591997,1.2656282223775555,1.1015652559786728,1.5036380198243142,-0.002279014606374739,-0.001683897708294448,-0.003962912314669187,-0.0005951168980802908,1.166691201942222,1.1807506412266582,2.3474418431688804,0.11486456379003762
1299076,2024-12-10,2024,Atalanta,Real Madrid,2,3,5,1,0.002195702469732105,-0.0015406621112436267,0.003753430875058019,-0.002578852965961049,2.0060696959134625,2.0203151187541604,0.7258191957245216,1.4155437086237255,-0.00038315049622894386,0.0022127687638143923,0.0018296182675854485,-0.002595919260043336,1.6851348127408121,1.2109432251778924,2.8960780379187048,0.17822739663669873
1299077,2024-12-10,2024,Bayer Leverkusen,Inter,1,0,1,0,0.0032275374070460418,-0.0017991511090972934,0.0030010613691391435,-0.0033466739764809487,2.0065040471601048,1.9116863860410354,1.1837585103176516,0.9710901561778705,-0.00011913656943490693,0.00120191026004185,0.0010827736906069431,-0.001321046829476757,1.395885499791525,1.5043187921894983,2.9002042919810234,0.17873596768517908
1299081,2024-12-10,2024,RB Leipzig,Aston Villa,2,3,5,1,0.001826758772378239,-0.0013185779041882117,0.0013644521234819963,1.4796461177572566e-05,1.2394893979770745,1.4539403597476164,1.5367338275878424,1.1083726077509388,0.0018415552335558116,4.587421929378452e-05,0.001887429452849596,0.001795681014262027,1.1720990130170281,1.494763972712548,2.6668629857295763,0.1506544440328741
1299075,2024-12-10,2024,Girona,Liverpool,0,1,1,0,0.0017503820207933993,-0.0004983976440579705,0.002857828634892394,-0.002077621815675935,1.3671692977864216,2.4403385573265717,1.2654832398275315,0.9895441235486528,-0.0003272397948825359,0.0023594309908344237,0.0020321911959518876,-0.0026866707857169598,1.1631312671064653,1.7573296628127786,2.920460929919244,0.18123838908122047
1299078,2024-12-10,2024,Stade Brestois 29,PSV Eindhoven,1,0,1,0,0.0003023134081753186,-0.0011895581021308312,0.0062891230179767665,-0.00261757451604082,1.151921142363509,2.192243140414391,1.6586836533014142,1.175224024409039,-0.0023152611078655016,0.0050995649158459356,0.002784303807980434,-0.007414826023711437,1.1635142460366785,1.9068921996451471,3.070406445681826,0.2000403657747164
1299091,2024-12-11,2024,Arsenal,Monaco,3,0,3,1,0.0029329034098448336,-0.002917950060848233,0.001425954649256439,-0.0013390915817072624,1.965435358880839,1.9519735428547997,0.9004040627793541,1.1754074870075033,0.0015938118281375712,-0.001491995411591794,0.00010181641654577727,0.003085807239729365,1.5199300760422558,1.3257318388061259,2.8456619148483817,0.1720462985812956
1299086,2024-12-11,2024,Borussia Dortmund,Barcelona,2,3,5,1,0.002104183265714818,-0.0006667859437784948,0.004327437718725111,-0.0013641224952946958,1.6454472890492675,2.398292190972119,1.3463929802657024,1.0461565875232857,0.0007400607704201223,0.0036606517749466156,0.004400712545366738,-0.002920591004526493,1.3120196343276358,1.7969540257198882,3.108973660047524,0.20494950549777213
1299088,2024-12-11,2024,Juventus,Manchester City,2,0,2,0,0.0001742273295703386,-0.002515024672863128,0.004723271002715598,-0.001789507575828839,1.2426492766278947,2.208126627317113,1.2214107249862283,1.4890087348510819,-0.0016152802462585003,0.00220824632985247,0.0005929660835939697,-0.0038235265761109704,1.3602630728117682,1.642263543020057,3.002526615831825,0.19147035352561703
1299094,2025-01-21,2024,Atletico Madrid,Bayer Leverkusen,2,1,3,1,0.0018532892163835282,-0.001733820943215662,0.00334352952239457,-0.0019602612404692014,1.839896619950709,1.8680383239103993,0.9541602609020606,0.9939512311988103,-0.00010697202408567323,0.0016097085791789078,0.0015027365550932346,-0.001716680603264581,1.3523193079589364,1.335068513042456,2.6873878210013924,0.15306526561596678
1299093,2025-01-21,2024,Monaco,Aston Villa,1,0,1,0,0.0011030403993706954,-0.0009836396587920996,0.0010047719745420172,0.00019118919115485955,1.8709510962276446,1.4154767651208418,1.356860086444378,1.2765135211377676,0.001294229590525555,2.1132315749917627e-05,0.0013153619062754726,0.0012730972747756373,1.5454107453108112,1.3858585519027091,2.9312692972135204,0.18257746362445948
1299099,2025-01-21,2024,Liverpool,Lille,2,1,3,1,0.003503914332586049,-0.0021642443144070907,0.0005861837502298876,-0.0017997570586623583,2.566243285398503,1.5203121363396512,0.9119004660331319,1.4690955745959595,0.0017041572739236906,-0.001578060564177203,0.00012609670974648751,0.003282217838100894,1.9416633729654418,1.1774435636768135,3.1191069366422552,0.2062439182019309
1299096,2025-01-21,2024,Bologna,Borussia Dortmund,2,1,3,1,-0.000407738513341196,-0.0017554912474158691,0.0021397329799716725,-0.0008481044136035746,1.176965362674041,1.6699628726587545,1.1409440277169416,1.4626705249886784,-0.0012558429269447706,0.00038424173255580335,-0.0008716011943889672,-0.001640084659500574,1.3120642304841368,1.3803384244702577,2.6924026549543942,0.1536561518590469
1299105,2025-01-22,2024,AC Milan,Girona,1,0,1,0,0.0014629445427838863,-0.0006192950456785497,0.0013814833881197314,-0.0005600170338969449,1.631385903558121,1.3155537129446615,1.1774147782312638,1.3531278725405085,0.0009029275088869414,0.0007621883424411818,0.001665115851328123,0.0001407391664457596,1.4857569575721918,1.24456915564305,2.730326113215242,0.15814766649858025
1299104,2025-01-22,2024,Feyenoord,Bayern München,3,0,3,1,0.0033946746083820135,-0.001089328450023428,0.002494868259720685,-0.0007313644173585604,1.6843440249215773,2.5123827189571974,1.2066450643208517,0.7496287367291312,0.002663310191023453,0.001405539809697257,0.0040688500007207105,0.001257770381326196,1.1236692945966007,1.7411358957630803,2.864805190359681,0.17438606280191393
1299106,2025-01-22,2024,Paris Saint Germain,Manchester City,4,2,6,1,0.0033721465262766376,-0.002078491401339198,0.004048483814891489,-0.001323407132121268,2.27263343658007,2.010835179480492,0.9148675859676741,1.4467619658722282,0.0020487393941553697,0.0019699924135522908,0.0040187318077076605,7.874698060307897e-05,1.8132731780990807,1.3563362143768751,3.169609392475956,0.21272219278815407
1299121,2025-01-29,2024,Lille,Feyenoord,6,1,7,1,0.0004308931791553184,-0.0017057674972823017,0.0031159106172513012,-0.001081918274822439,1.391959405028512,1.6973372789120027,1.5835804329170673,1.3833286532102074,-0.0006510250956671206,0.0014101431199689996,0.000759118024301879,-0.00206116821563612,1.3876373189999516,1.6394725075297074,3.027109826529659,0.1945633491849469
1299114,2025-01-29,2024,Stade Brestois 29,Real Madrid,0,3,3,1,0.0006075127618468832,-0.0007216738126427142,0.004161038234596272,-0.002288869423164747,1.1482798750460923,2.2898780089922703,1.6348867732381862,1.3492468952989318,-0.001681356661317864,0.0034393644219535575,0.0017580077606356936,-0.005120721083271421,1.2447140460122499,1.9348620801572538,3.1795761261695037,0.21400586615042272
1299126,2025-01-29,2024,VfB Stuttgart,Paris Saint Germain,1,4,5,1,0.0018939937421007466,-0.0004624701745499484,0.0032393467568552926,-0.001910293823557976,2.038837483267143,2.283213993579401,1.1157267639694972,1.0361817866236716,-1.6300081457229325e-05,0.0027768765823053443,0.002760576500848115,-0.0027931766637625736,1.4534807415466704,1.59607110133171,3.0495518428783805,0.19739764457166964
1299123,2025-01-29,2024,PSV Eindhoven,Liverpool,3,2,5,1,0.005623649242537876,-0.002255320938178264,0.0033780458377435534,-0.0020658512346236647,1.9835775873721666,2.522862921399015,1.4306989327219692,0.8378421351832407,0.003557798007914211,0.0011227248995652893,0.004680522907479501,0.0024350731083489217,1.2891566549901983,1.8998571759607088,3.1890138309509073,0.21522292570186663
1299119,2025-01-29,2024,Inter,Monaco,3,0,3,1,0.0030602819577690626,-0.003485532568359346,0.0011194900690579433,-0.001012503287986783,1.686546323304294,1.9291159314141455,0.7594891104344819,1.3265108550263358,0.0020477786697822797,-0.002366042499301403,-0.00031826382951912315,0.004413821169083683,1.4957346039213983,1.210430726094937,2.7061653300163355,0.15528146564347
1299111,2025-01-29,2024,Barcelona,Atalanta,2,2,4,1,0.004177816756100376,-0.0007711431260759389,0.0026448189207350747,-0.0014678003919523475,2.6839427816944967,2.295151685214674,1.5105910415703108,0.9646494081120564,0.0027100163641480286,0.0018736757946591358,0.004583692158807164,0.0008363405694888928,1.609056809366351,1.861997737573891,3.471054546940242,0.2521833036344201
1299118,2025-01-29,2024,Girona,Arsenal,1,2,3,1,0.0009558702935310232,-0.0005993955022089929,0.0032112370250288796,-0.003186976130784736,1.2438094102669657,1.8654397787120143,1.4081508019258266,0.7399177145132203,-0.002231105837253713,0.0026118415228198865,0.0003807356855661734,-0.0048429473600736,0.9593313380343464,1.6207469019984766,2.5800782400328233,0.14059981176268965
1345741,2025-02-11,2024,Juventus,PSV Eindhoven,2,1,3,1,-7.225515941291796e-05,-0.0025752744952260613,0.005623649242537876,-0.002255320938178264,1.1669701247896893,1.8875635962578494,1.2788505719034977,1.4580027234836639,-0.002327576097591182,0.0030483747473118144,0.0007207986497206323,-0.0053759508449029965,1.304394733264221,1.5536768597680066,2.8580715930322276,0.173562034100313
1345743,2025-02-11,2024,Manchester City,Real Madrid,2,3,5,1,0.004313361877112597,-0.0010561193756955774,0.004161038234596272,-0.002288869423164747,1.9368516859583795,2.2276867430510507,1.5442663006081963,1.322297572146369,0.00202449245394785,0.0031049188589006944,0.005129411312848544,-0.0010804264049528445,1.6003419265739327,1.8547618622360573,3.45510378880999,0.2500669542796552
1345737,2025-02-11,2024,Stade Brestois 29,Paris Saint Germain,0,3,3,1,0.0006075127618468832,-0.0007216738126427142,0.0032393467568552926,-0.001910293823557976,1.2386117001449248,2.408425213951875,1.789531315577944,0.9927100887178901,-0.0013027810617110927,0.0025176729442125782,0.0012148918825014856,-0.003820454005923671,1.1088653348075612,2.0760424710478325,3.184907805855394,0.2146932436451956
1345747,2025-02-12,2024,Feyenoord,AC Milan,1,0,1,0,0.0031159106172513012,-0.001081918274822439,0.0014693610814865727,-0.0008718725887096913,1.5387043349427703,1.507801306346499,1.4381295357087054,1.1547196092691203,0.00224403802854161,0.0003874428066641337,0.0026314808352057434,0.0018565952218774762,1.3329561389730036,1.4725534260722326,2.805509565045236,0.16716838874936257
1345748,2025-02-18,2024,AC Milan,Feyenoord,1,1,2,0,0.0014368223449086244,-0.0009402142556398657,0.0031553543872266812,-0.0007451206016011223,1.4319343200212336,1.4236517495365473,1.0471890480455555,1.363749392521277,0.0006917017433075021,0.0022151401315868157,0.002906841874894318,-0.0015234383882793134,1.3974260477962064,1.2209965275730994,2.618422575369306,0.14501400635142636
1345738,2025-02-19,2024,Paris Saint Germain,Stade Brestois 29,7,0,7,1,0.003674941157367934,-0.0018839933365418684,0.0005555446813114115,-0.00045111354100245773,2.4489572018566896,1.2513999526492678,0.9812099027012424,1.8679104401939044,0.0032238276163654763,-0.001328448655230457,0.0018953789611350193,0.004552276271595933,2.1387923519912264,1.1081001876091021,3.2468925396003288,0.22271803249119015
1345744,2025-02-19,2024,Real Madrid,Manchester City,3,1,4,1,0.004011902814761897,-0.00226624850932989,0.0038241596649265207,-0.0007949702956064551,2.312560759110917,1.8988969101872732,1.3799006824580806,1.6911108472108167,0.003216932519155442,0.0015579111555966306,0.004774843674752073,0.0016590213635588116,1.9775734081359793,1.6187307195098755,3.5963041276458547,0.2688841169248455
1353168,2025-03-04,2024,Borussia Dortmund,Lille,1,1,2,0,0.002307714403891886,-0.0005836166528088326,0.0009892677550368024,-0.00153376738969511,1.8767651693471246,1.5129521060963642,1.117615603715663,1.6416587508609592,0.0007739470141967758,0.00040565110222796983,0.0011795981164247457,0.00036829591196880596,1.7552800242610174,1.3003456776748912,3.0556257019359085,0.1981664562567529
1353172,2025-03-04,2024,PSV Eindhoven,Arsenal,1,7,8,1,0.005294926255129064,-0.0017165747543031425,0.003357329055179406,-0.0031456797261601097,1.8028681357383265,1.7649122503951025,1.4720108429961087,0.7149548568052894,0.002149246528968954,0.0016407543008762633,0.0037900008298452177,0.0005084922280926909,1.1353278512507363,1.6118219410090726,2.747149792259809,0.16015302243480256
1353170,2025-03-04,2024,Real Madrid,Atletico Madrid,2,1,3,1,0.004011902814761897,-0.00226624850932989,0.001229144287800589,-0.001876846157510156,2.1999225407278455,1.648144095520919,1.385401698398232,1.0118569334709742,0.0021350566572517415,-0.001037104221529301,0.0010979524357224405,0.0031721608787810425,1.4919808564236177,1.5110730058933945,3.003053862317012,0.19153655933282066
1353180,2025-03-05,2024,Bayern München,Bayer Leverkusen,3,0,3,1,0.0031081214603632117,-0.0008732881581730576,0.003079288208093816,-0.002048489996000576,2.4596671373764987,1.778506858202346,0.9912052925183468,0.9114471909970661,0.0010596314643626357,0.002206000049920758,0.003265631514283394,-0.0011463685855581224,1.4972831072143986,1.3277294192079734,2.825012526422372,0.1695326219919765
1353178,2025-03-05,2024,Paris Saint Germain,Liverpool,0,1,1,0,0.003674941157367934,-0.0018839933365418684,0.0035273512824765254,-0.0018941926514475203,2.6108946945328664,2.2022032666169413,1.0181169078131382,0.8929101828113781,0.0017807485059204136,0.001643357945934657,0.0034241064518550704,0.0001373905599857566,1.526857707514554,1.4973644780693953,3.024222185583949,0.19419939214340742
1353174,2025-03-05,2024,Feyenoord,Inter,0,2,2,0,0.0031553543872266812,-0.0007451206016011223,0.003138853696531293,-0.0033568813807074395,1.3632181556218037,1.8335701275394405,1.3308129022797381,0.8188829661681418,-0.0002015269934807582,0.002393733094930171,0.0021922061014494126,-0.002595260088410929,1.0565586244074894,1.5620943578939757,2.618652982301465,0.1450406678767835
1353181,2025-03-11,2024,Bayer Leverkusen,Bayern München,0,2,2,0,0.0031018580234489627,-0.00201568700911249,0.0034223361246899092,-0.0012601872920287016,1.592067782258866,2.5100838376025614,1.175392723531668,0.9263399991678926,0.001841670731420261,0.0014066491155774194,0.0032483198469976807,0.00043502161584284163,1.2144118198094527,1.7176537131134715,2.932065532922924,0.18267621600536377
1353175,2025-03-11,2024,Inter,Feyenoord,2,1,3,1,0.0027963340774516893,-0.0034146550927917447,0.0027014410510092937,-0.0011714177503494637,1.9206622212748419,1.260916107887076,0.7659440814619032,1.4339905375258526,0.0016249163271022256,-0.000713214041782451,0.0009117022853197747,0.0023381303688846766,1.6595817096761185,0.982746778196746,2.642328487872865,0.14778885804915876
1353169,2025-03-12,2024,Lille,Borussia Dortmund,1,2,3,1,0.0010618691082795253,-0.001203541956955443,0.0022108538682627916,-0.0009310674755758005,1.4295418125729689,1.6803951550813803,1.4053147291662003,1.0478115846354081,0.00013080163270372486,0.0010073119113073485,0.0011381135440110732,-0.0008765102786036236,1.2238833571605818,1.5367120947839856,2.7605954519445675,0.16176127144246177
1353173,2025-03-12,2024,Arsenal,PSV Eindhoven,2,2,4,1,0.0032694115708526575,-0.00323787158709683,0.0051516995027833315,-0.000914173731824954,1.7736226563123334,1.8069165891372772,0.8292496283836754,1.4873451117897045,0.0023552378390277037,0.0019138279156865013,0.004269065754714205,0.00044140992334120235,1.6241887168754805,1.2240853361029962,2.8482740529784767,0.17236503380058898
1360764,2025-04-08,2024,Arsenal,Real Madrid,3,0,3,1,0.003392832824578423,-0.003308681110961085,0.0037706395033309634,-0.0021133229789039743,1.7115024818963624,2.1044028518350144,0.8976005929816303,1.316130635379984,0.0012795098456744487,0.0004619583923698785,0.0017414682380443272,0.0008175514533045702,1.5008533735687437,1.3743774036556855,2.875230777224429,0.1756640687543709
1360333,2025-04-08,2024,Bayern München,Inter,1,2,3,1,0.0034890111812603715,-0.0013047149095607986,0.0029532986216027884,-0.003299488458931174,2.4865899955951063,1.9623569370389171,0.9338311580049988,0.8677667603237385,0.00018952272232919745,0.0016485837120419897,0.0018381064343711872,-0.0014590609897127923,1.4689384414368711,1.3537023494602476,2.8226407908971187,0.16924459303285455
1360762,2025-04-09,2024,Paris Saint Germain,Aston Villa,3,1,4,1,0.004275146612650737,-0.0019804169526358145,0.000698005757626928,0.00018226907289371023,2.5893957140787807,1.6623663919129557,0.9297544676186906,1.2477501352723375,0.004457415685544447,-0.0012824111950088864,0.0031750044905355605,0.005739826880553333,1.7974756889914838,1.243218637127128,3.040694326118612,0.19627779069999296
1360766,2025-04-09,2024,Barcelona,Borussia Dortmund,4,0,4,1,0.005316235245534669,-0.0013875075875726727,0.0021133369943564513,-0.0009086491549692673,2.311706315492397,1.9737520389482737,1.1056829428767156,1.1137876141602485,0.004407586090565401,0.0007258294067837786,0.00513341549734918,0.003681756683781623,1.6046027115057033,1.4772758587796813,3.081878570285385,0.2014977043708015
1360767,2025-04-15,2024,Borussia Dortmund,Barcelona,3,1,4,1,0.0021133369943564513,-0.0009086491549692673,0.005316235245534669,-0.0013875075875726727,1.8872081451250147,2.426740243499737,1.4203350800676255,1.1090937827837495,0.0007258294067837786,0.004407586090565401,0.00513341549734918,-0.003681756683781623,1.446751817201902,1.8565517224291188,3.303303539631021,0.23007169833606478
1360763,2025-04-15,2024,Aston Villa,Paris Saint Germain,3,2,5,1,0.000698005757626928,0.00018226907289371023,0.004275146612650737,-0.0019804169526358145,1.622897044546964,2.513672773954099,1.286996101670827,0.9075171788924546,-0.0012824111950088864,0.004457415685544447,0.0031750044905355605,-0.005739826880553333,1.2135925788748723,1.7986347769780888,3.012227355852961,0.1926893899482175
1360334,2025-04-16,2024,Inter,Bayern München,2,2,4,1,0.0029532986216027884,-0.003299488458931174,0.0034890111812603715,-0.0013047149095607986,1.8206249869885514,2.448235761985492,1.021171339180806,0.9387236308461294,0.0016485837120419897,0.00018952272232919745,0.0018381064343711872,0.0014590609897127923,1.307311630100138,1.5811603940451662,2.888472024145304,0.17729098555070733
1360765,2025-04-16,2024,Real Madrid,Arsenal,1,2,3,1,0.0037706395033309634,-0.0021133229789039743,0.003392832824578423,-0.003308681110961085,1.8674211761156305,1.6636163345597854,1.3176864282680052,0.8169130713970024,0.0004619583923698785,0.0012795098456744487,0.0017414682380443272,-0.0008175514533045702,1.2351197385567207,1.480582542749439,2.71570228130616,0.1564108850796999
1371730,2025-04-29,2024,Arsenal,Paris Saint Germain,0,1,1,0,0.0032085980288366987,-0.0033787319526923246,0.004612951893090987,-0.0018939245555077808,1.7328444596705843,2.4420008399338693,0.8857715408282903,0.9866345974835665,0.0013146734733289179,0.0012342199403986625,0.0025488934137275804,8.045353293025534e-05,1.307548965036765,1.4707327584208503,2.7782817234576154,0.1638841377214897
1371732,2025-04-30,2024,Barcelona,Inter,3,3,6,1,0.005273052516788787,-0.0015247542614282834,0.0028817137101374373,-0.003190335408206491,2.2771138974276237,1.7110435086265656,1.3904540309125923,1.0831260718747557,0.0020827171085822964,0.0013569594487091538,0.00343967655729145,0.0007257576598731425,1.5704780899242745,1.542442006571603,3.1129200964958774,0.20545339665563733
1371731,2025-05-07,2024,Paris Saint Germain,Arsenal,2,1,3,1,0.004612951893090987,-0.0018939245555077808,0.0032085980288366987,-0.0033787319526923246,2.2884829272390372,1.7074070267784776,1.0484198802105218,0.9249553439433524,0.0012342199403986625,0.0013146734733289179,0.0025488934137275804,-8.045353293025534e-05,1.4549036095469945,1.337938515211254,2.7928421247582484,0.16563802268233296
1374812,2025-05-31,2024,Paris Saint Germain,Inter,5,0,5,1,0.004716873300992046,-0.0016243023675089458,0.0022089957474581414,-0.002828955420407382,2.2572374467867355,1.6124777594658166,1.1891722016169046,1.1555454941046903,0.0018879178805846645,0.0005846933799491956,0.00247261126053386,0.0013032245006354688,1.615035776928421,1.3847431990380956,2.9997789759665165,0.19112542908844277
1414142,2025-08-06,2025,Feyenoord,Fenerbahçe,2,1,3,1,0.0031860918094877163,-0.0004474209111663074,0.003760733202007079,-0.0014862661934957858,1.511394511012823,2.348976331909165,1.4198385392211421,1.078102057665621,0.0016998256159919305,0.0033133122908407717,0.005013137906832702,-0.0016134866748488412,1.2764942351093678,1.826243993491271,3.102738228600639,0.2041539307996072
1414144,2025-08-12,2025,Fenerbahçe,Feyenoord,5,2,7,1,0.003760733202007079,-0.0014862661934957858,0.0031860918094877163,-0.0004474209111663074,2.3491155162764183,1.6311236626779502,1.0775762327684768,1.27092513953723,0.0033133122908407717,0.0016998256159919305,0.005013137906832702,0.0016134866748488412,1.727874406695313,1.3257677366748768,3.0536421433701895,0.19791530344535269
1451024,2025-09-16,2025,Real Madrid,Marseille,2,1,3,1,0.0029734419111626426,-0.0014716369895852067,0.002175343829918031,-0.000183393581420399,2.000401019397608,1.9743568188198721,1.2567665146497433,1.3294638221748147,0.0027900483297422438,0.0007037068403328245,0.003493755170075068,0.0020863414894094195,1.6307853277273314,1.5752160289506978,3.206001356678029,0.2174172581377346
1451022,2025-09-16,2025,Juventus,Borussia Dortmund,4,4,8,1,0.00013653659637035122,-0.0022975036939570236,0.003036749305953736,9.456770200745118e-05,1.2439114839030212,2.15799012598614,0.926786049488122,1.1571753482462226,0.0002311042983778024,0.0007392456119967123,0.0009703499103745147,-0.00050814131361891,1.1997598528759637,1.414211845409686,2.6139716982856496,0.14449929175939413
1451021,2025-09-16,2025,Athletic Club,Arsenal,0,2,2,0,9.273455149774149e-05,-0.002257816923114513,0.002268054400547368,-0.002861112478983208,1.4264079686088191,1.7662371731041708,0.7952757861449701,0.8969941970514183,-0.0027683779274854667,1.023747743285515e-05,-0.0027581404500526116,-0.002778615404918322,1.1311408711871447,1.1851774788439449,2.3163183500310893,0.11156835093572959
1451023,2025-09-16,2025,Tottenham,Villarreal,1,0,1,0,0.0008479528518322426,0.00059779696084532,0.001690152964883626,-0.0005760254876914893,1.2690030682154336,1.6659838204127184,1.4501627732128695,1.0046351063057006,0.0002719273641407533,0.002287949925728946,0.002559877289869699,-0.0020160225615881927,1.1291080693799298,1.554331919873448,2.683439989253378,0.15260061037747052
1451030,2025-09-17,2025,Liverpool,Atletico Madrid,3,2,5,1,0.003374580799017343,-0.0018353196694542598,0.0016997343260692934,-0.0020035381505064086,1.8069015812187978,1.5226609617287532,1.0379197577422945,0.8608191517603012,0.0013710426485109345,-0.00013558534338496643,0.001235457305125968,0.0015066279918959009,1.2471629750995306,1.2571395692289526,2.504302544328483,0.13201416821900835
1451029,2025-09-17,2025,Paris Saint Germain,Atalanta,4,0,4,1,0.00510796941323654,-0.0019432029874742547,0.0025370514168394902,-0.001830748066060727,2.1338510366057823,1.8275571791143423,1.0830724067896944,0.9767858660870575,0.0032772213471758127,0.0005938484293652355,0.003871069776541048,0.0026833729178105774,1.443715876788693,1.4069032491714402,2.850619125960133,0.1726513249595064
1451031,2025-09-17,2025,Bayern München,Chelsea,3,1,4,1,0.005639442461368736,-0.0016687298836210258,0.0010154703690893779,-0.0012512580002943144,2.444050275674584,1.7575250648522711,0.826714353762826,1.0292747222715866,0.0043881844610744215,-0.000653259514531648,0.0037349249465427736,0.0050414439756060695,1.586064049372771,1.205392549425835,2.791456598798606,0.16547088882362493
1451028,2025-09-17,2025,Ajax,Inter,0,2,2,0,0.0016303801525069798,-0.0016483569565524927,0.0024738464738641437,-0.002315050198715427,1.975897402940969,1.4636214808759072,0.7547420631956936,1.2527078857114688,-0.0006846700462084471,0.000825489517311651,0.0001408194711032039,-0.001510159563520098,1.5732839089054982,1.0510264964375629,2.624310405343061,0.1456958238204733
1451036,2025-09-18,2025,Newcastle,Barcelona,1,2,3,1,0.0009353420897291934,-0.0007509092163633272,0.006001131896294488,-0.0013098244960099603,1.4389807352511437,2.345315991121573,0.8135906469744351,1.2747772746182373,-0.00037448240628076693,0.0052502226799311606,0.004875740273650394,-0.005624705086211927,1.3543928307221655,1.381349758235071,2.7357425889572364,0.15879245312038626
1451037,2025-09-18,2025,Manchester City,Napoli,2,0,2,0,0.002079538947515857,-0.000446368350631694,0.00038423704109152515,-0.0025581424603467445,1.9268759682096452,1.7206882078770842,1.4015200816444886,0.8178281046584275,-0.0004786035128308873,-6.213130954016883e-05,-0.0005407348223710562,-0.0004164722032907185,1.255329964986404,1.552925972990535,2.8082559379769387,0.1675007276640309
1451034,2025-09-18,2025,Eintracht Frankfurt,Galatasaray,5,1,6,1,0.001956362503642589,-0.0003144069017300441,0.003669492821361151,-0.002044588040425944,1.732825497570405,2.5136705670030532,1.314409152037756,0.8216584420544611,-8.822553678335468e-05,0.0033550859196311068,0.003266860382847752,-0.0034433114564144615,1.1932270105415588,1.817688531755853,3.010915542297412,0.19252442790126723
1451041,2025-09-30,2025,Marseille,Ajax,4,0,4,1,0.002175343829918031,-0.000183393581420399,0.0016303801525069798,-0.0016483569565524927,1.6040879216286679,1.8259323153120366,1.8094654147491018,1.1934062894310973,0.0005269868733655384,0.0014469865710865807,0.001973973444452119,-0.0009199996977210423,1.3835926475925309,1.817680217813321,3.2012728654058518,0.2168059949968797
1451040,2025-09-30,2025,Atletico Madrid,Eintracht Frankfurt,5,1,6,1,0.0016997343260692934,-0.0020035381505064086,0.001956362503642589,-0.0003144069017300441,1.6474396896879422,1.7377248452534273,1.221500536550003,1.3348587332704538,0.0013853274243392493,-4.717564686381945e-05,0.0013381517774754298,0.0014325030712030687,1.482936026036294,1.4569254719625613,2.939861497998855,0.18364385779292147
1451046,2025-09-30,2025,Galatasaray,Liverpool,1,0,1,0,0.003669492821361151,-0.002044588040425944,0.003374580799017343,-0.0018353196694542598,2.0055695042652255,1.9200113732774298,1.0473415966050181,1.0991758247953034,0.001834173151906891,0.0013299927585913992,0.0031641659104982905,0.0005041803933154918,1.484746952862688,1.4180648000666884,2.9028117529293764,0.1790575490655082
1451050,2025-10-01,2025,Barcelona,Paris Saint Germain,1,2,3,1,0.006001131896294488,-0.0013098244960099603,0.00510796941323654,-0.0019432029874742547,2.1002612579360687,2.240973734604644,1.199173907512777,0.954200387973918,0.004057928908820233,0.0037981449172265797,0.007856073826046812,0.0002597839915936535,1.4156518311962112,1.6393038857879132,3.054955716984124,0.19808161595682305
1451054,2025-10-01,2025,Bayer Leverkusen,PSV Eindhoven,1,1,2,0,0.002092153025955596,-0.000515459994823253,0.005424242050055303,-0.0002843912407428714,1.3380675033658338,2.3419568326169307,1.323191436200498,1.8530343449987587,0.0018077617852127247,0.00490878205523205,0.006716543840444775,-0.003101020270019326,1.5746380662436787,1.7603571299227794,3.3349951961664583,0.2342224936321109
1451055,2025-10-01,2025,Villarreal,Juventus,2,2,4,1,0.001690152964883626,-0.0005760254876914893,0.00013653659637035122,-0.0022975036939570236,1.4836183997813124,1.3595845124771793,1.010286754159706,1.1281125325770265,-0.0006073507290733976,-0.000439488891321138,-0.0010468396203945356,-0.00016786183775225954,1.2937111386840463,1.171994122901807,2.4657052615858532,0.12771412389998604
1451051,2025-10-01,2025,Monaco,Manchester City,2,2,4,1,0.0014673605503664235,-0.00046402371058425586,0.002079538947515857,-0.000446368350631694,1.7172952656947036,1.8955503775766336,1.8912547137233806,0.984832477330251,0.0010209921997347295,0.0016155152369316012,0.0026365074366663304,-0.0005945230371968717,1.30047996940423,1.893401327424258,3.193881296828488,0.21585119270232866
1451049,2025-10-01,2025,Borussia Dortmund,Athletic Club,4,1,5,1,0.003036749305953736,9.456770200745118e-05,9.273455149774149e-05,-0.002257816923114513,1.912236341382271,1.1307779463931922,1.2222861604816693,1.0235939877901692,0.000778932382839223,0.00018730225350519267,0.0009662346363444156,0.0005916301293340304,1.3990545458532924,1.1756420520099993,2.5746965978632916,0.13998395238496375
1451063,2025-10-21,2025,Villarreal,Manchester City,0,2,2,0,0.001427632553780579,-0.0006686666395029087,0.0023624767327395605,-0.0006705362022685668,1.4222774250490715,1.8004644688276767,1.2949861727465055,1.0155412025724093,0.0007570963515120122,0.001693810093236652,0.002450906444748664,-0.0009367137417246398,1.2018241662680627,1.5269500946832621,2.728774260951325,0.15796308071148446
1451059,2025-10-21,2025,PSV Eindhoven,Napoli,6,2,8,1,0.005303454501482959,-5.7854525500888646e-05,0.000489109037344979,-0.0023136967705478873,2.1178971755685647,1.3627874211139588,1.6081897364748394,1.3268527347894685,0.002989757730935072,0.0004312545118440904,0.0034210122427791624,0.0025585032190909816,1.6763465212795479,1.4804123559442766,3.156758877223824,0.21106957564425466
1451060,2025-10-21,2025,Bayer Leverkusen,Paris Saint Germain,2,7,9,1,0.002063642825471652,-0.0005791159042213062,0.0049301341505400605,-0.0022114567955415316,1.710344125029531,2.1331182291400284,1.1518387164641648,1.0751976328540167,-0.00014781397006987957,0.004351018246318754,0.004203204276248875,-0.004498832216388634,1.356081839196118,1.5674846612069167,2.9235665004030347,0.18162287342204908
1451061,2025-10-21,2025,Arsenal,Atletico Madrid,4,0,4,1,0.0023028353069100174,-0.003059805011909633,0.0022859693515840163,-0.0018325517598076228,1.9054062323967782,2.077597614572124,0.6889166538852722,1.160333412025854,0.0004702835471023946,-0.0007738356603256167,-0.00030355211322322215,0.0012441192074280113,1.486911737438467,1.1963659961529545,2.6832777335914217,0.15258152268544323
1451070,2025-10-22,2025,Chelsea,Ajax,5,1,6,1,0.0008395206686808448,-0.00095018945511832,0.0014829595591045557,-0.0013137909080415046,1.3078673133563086,1.5900255649840358,1.4753914559742178,1.3430334959982813,-0.0004742702393606598,0.0005327701039862356,5.849986462557583e-05,-0.0010070403433468955,1.3253337731148342,1.5316364233583717,2.856970196473206,0.17342735513247132
1451067,2025-10-22,2025,Monaco,Tottenham,0,0,0,0,0.0016447076745553075,-6.7438165281887e-05,0.0009173600497221923,0.00037174154869742135,1.7815865374833575,1.0557662550639395,1.7742892604684213,1.383966358975071,0.002016449223252729,0.0008499218844403053,0.002866371107693034,0.0011665273388124235,1.570240692849299,1.3686616557516733,2.938902348600972,0.18352473369201527
1451069,2025-10-22,2025,Eintracht Frankfurt,Liverpool,1,5,6,1,0.0024884112930775807,0.000461591555724955,0.003097848442884171,-0.001802877185568867,1.331082347167725,1.9673448618716667,1.9284594828009385,1.152180545199362,0.0006855341075087138,0.003559439998609126,0.00424497410611784,-0.0028739058911004126,1.23840509707646,1.9478051377938497,3.18621023487031,0.21486122846353317
1451068,2025-10-22,2025,Real Madrid,Juventus,1,0,1,0,0.003391345093347656,-0.0014251157751861425,0.00048790254572936737,-0.001838947943849228,2.5521636603644273,1.3421869755475235,1.0484838960913458,1.3127255110705303,0.001552397149498428,-0.0009372132294567751,0.0006151839200416529,0.002489610378955203,1.8303798363693609,1.186280501991467,3.016660338360828,0.19324710478528395
1451074,2025-11-04,2025,Napoli,Eintracht Frankfurt,0,0,0,0,0.00044957025971754954,-0.0019603508440440634,0.0023020714472834713,0.0008723356004871552,1.2487409044607096,1.1793092765389968,1.5760402636491506,1.9691953467314605,0.0013219058602047047,0.00034172060323940786,0.0016636264634441126,0.0009801852569652969,1.5681246054881177,1.3633190760494807,2.9314436815375986,0.182599090249978
1451077,2025-11-04,2025,Liverpool,Real Madrid,1,0,1,0,0.003193671980831904,-0.0016930911661470387,0.003324367516978363,-0.0016246779947385634,2.135560921197617,2.6519242695668748,1.0580917944008874,0.9443954699070642,0.0015689939860933405,0.0016312763508313241,0.0032002703369246647,-6.228236473798361e-05,1.4201457881814763,1.6751057605420852,3.0952515487235615,0.20319965783258043
1451081,2025-11-04,2025,Paris Saint Germain,Bayern München,1,2,3,1,0.005263243267795799,-0.0020132370204301933,0.006408897363408478,-0.0020634357626847493,2.195491247177668,3.0392018049215896,1.2094473980446308,0.633677386502162,0.00319980750511105,0.004395660342978285,0.007595467848089335,-0.0011958528378672346,1.1795054707799861,1.917225786154297,3.096731256934283,0.20338818311259432
1451087,2025-11-05,2025,Ajax,Galatasaray,0,3,3,1,0.0014089734406627214,-0.0008450307586983436,0.0034551218197549434,-0.0020246017626932874,1.4268868895397828,2.3100493987499946,1.782139597148984,1.2078787986199415,-0.0006156283220305661,0.0026100910610566,0.0019944627390260337,-0.0032257193830871663,1.3128238350608425,2.0289974137200293,3.341821248780872,0.23511827547207442
1451091,2025-11-05,2025,Marseille,Atalanta,0,1,1,0,0.0027222341079818847,-0.0005123574262324177,0.0022140401574662558,-0.0019072583710947465,1.4387248497395224,1.7081833110311706,1.3311038917078002,1.127553962367629,0.0008149757368871382,0.0017016827312338382,0.0025166584681209766,-0.0008867069943466999,1.2736718200072459,1.507902335386449,2.781574155393695,0.16428024258636498
1451088,2025-11-05,2025,Newcastle,Athletic Club,2,0,2,0,0.000935349378818986,-0.0010918105755539245,-0.00037431294788266306,-0.002020921546044993,1.7816033616306113,1.3879192637731022,0.9343951981241447,0.961973769283932,-0.0010855721672260068,-0.0014661235234365876,-0.0025516956906625945,0.0003805513562105808,1.3091431171406445,1.1387998487239033,2.4479429658645477,0.12575242052462454
1451085,2025-11-05,2025,Manchester City,Borussia Dortmund,4,1,5,1,0.0023335376962057984,-0.0009742220970510009,0.003265986663076112,-4.4532388653215506e-05,1.720485923041425,1.6033943443952658,1.0206683843373732,1.1158684723672823,0.002289005307552583,0.0022917645660251113,0.004580769873577695,-2.7592584725282844e-06,1.3855814659101242,1.2792708528492305,2.6648523187593547,0.15041893345245405
1451096,2025-11-25,2025,Chelsea,Barcelona,3,0,3,1,0.0010733934076738482,-0.001286859772867664,0.006474363956712265,-0.0010429873517758806,1.8222714521072803,2.0778398577124517,1.2192439392189593,1.4198346214876145,3.0406055897967644e-05,0.005187504183844602,0.00521791023974257,-0.005157098127946634,1.608516116627504,1.5916638002993884,3.200179916926892,0.2166647581868143
1451094,2025-11-25,2025,Manchester City,Bayer Leverkusen,0,2,2,0,0.0023709537040145583,-0.0010219839197604529,0.0023479537813570553,-0.0003755892056885286,1.7964088871906805,1.6355221412855008,1.076445999371571,1.4561205377485875,0.0019953644983260297,0.0013259698615966024,0.003321334359922632,0.0006693946367294272,1.6173397524430158,1.326857666017875,2.944197418460891,0.18418262569109745
1451095,2025-11-25,2025,Marseille,Newcastle,2,1,3,1,0.0023532310795024857,-0.000674593706190402,0.001000233362171345,-0.0008445425544752985,1.5702615566552995,1.6555622528229013,1.2766456328449167,1.0706169721477756,0.0015086885250271873,0.0003256396559809429,0.0018343281810081302,0.0011830488690462444,1.2965911742975693,1.4538109643173176,2.750402138614887,0.16054158981426658
1451098,2025-11-25,2025,Borussia Dortmund,Villarreal,4,0,4,1,0.0030411803880103323,-4.749404218863741e-07,0.0011523401550499622,-0.0009179170396871796,1.583281898365124,1.6319854765820312,1.2293157583279832,1.1294588367917702,0.0021232633483231527,0.001151865214628076,0.0032751285629512286,0.0009713981336950768,1.337255297705318,1.41641288603454,2.753668183739858,0.16093208283084293
1451104,2025-11-26,2025,Atletico Madrid,Inter,2,1,3,1,0.00222415759957395,-0.0019028131968470373,0.0029826650691252656,-0.0025509934975313188,1.9263176364249628,2.301428079386836,1.2062720235159203,0.8252720384961334,-0.00032683589795736876,0.0010798518722782283,0.0007530159743208596,-0.001406687770235597,1.26084736689398,1.6661777535120064,2.927025120405986,0.18205132573048044
1451108,2025-11-26,2025,Eintracht Frankfurt,Atalanta,0,3,3,1,0.0022354227947369233,0.0004652612465232892,0.0017063253164872707,-0.00189807276094238,1.108203840350759,1.5421457793163071,1.7867682541922099,1.1645489976126695,0.00033735003379454327,0.0021715865630105597,0.002508936596805103,-0.0018342365292160164,1.136027143791462,1.6599569638454135,2.795984107636875,0.16601722057746016
1451107,2025-11-26,2025,Arsenal,Bayern München,3,1,4,1,0.0024642322935597154,-0.0032920192140407064,0.006494471253182493,-0.0022760365365759785,1.9082470818883455,2.7424999440361573,0.5791951395552858,0.8172006795498915,0.00018819575698373692,0.0032024520391417868,0.0033906477961255237,-0.00301425628215805,1.2487677174191578,1.260334335728574,2.509102053147732,0.13255238687351734
1451109,2025-11-26,2025,Liverpool,PSV Eindhoven,1,4,5,1,0.0029988772697811766,-0.0014371250564988722,0.00541727984083108,-4.10483836134206e-05,2.080335890465418,1.8394214728561344,1.0369733859945443,1.306499502426169,0.002957828886167756,0.003980154784332207,0.006937983670499963,-0.0010223258981644514,1.648623002924674,1.3810977926919938,3.029720795616668,0.19489258006338672
1451105,2025-11-26,2025,Paris Saint Germain,Tottenham,5,3,8,1,0.0047797833789676005,-0.0020064621987965258,0.0008523447311564228,0.00018902544223980652,2.200533352206069,1.251544350966986,1.220510274335942,1.4980634199457132,0.004968808821207407,-0.001154117467640103,0.0038146913535673037,0.006122926288847509,1.8156372212835987,1.2359299086688995,3.051567129952498,0.19765265347485228
1451116,2025-12-09,2025,Monaco,Galatasaray,1,0,1,0,0.0015078044193657428,0.00011050199146654633,0.0033950288629642665,-0.0022870537506881417,1.7385379912698207,2.0400400250681403,1.6463166131958362,1.2270544093380287,-0.0007792493313223989,0.0035055308544308128,0.002726281523108414,-0.004284780185753212,1.4605754715143318,1.8326352023395516,3.293210673853883,0.22875266497433877
1451118,2025-12-09,2025,PSV Eindhoven,Atletico Madrid,2,3,5,1,0.00541727984083108,-4.10483836134206e-05,0.00222415759957395,-0.0019028131968470373,1.8102227276445646,1.695601621304802,1.3901968489644125,1.3431498389631178,0.0035144666439840423,0.0021831092159605293,0.005697575859944572,0.001331357428023513,1.5592948294415565,1.535324080133209,3.0946189095747654,0.2031190675715564
1451114,2025-12-09,2025,Atalanta,Chelsea,2,1,3,1,0.0017063253164872707,-0.00189807276094238,0.0010733934076738482,-0.001286859772867664,1.7115872365390976,1.6767696478824718,1.149728676516238,1.2642006941958042,0.00041946554361960674,-0.0008246793532685319,-0.00040521380964892513,0.0012441448968881386,1.4709825874596223,1.3884632325281476,2.85944581998777,0.1737301163716818
1451113,2025-12-09,2025,Inter,Liverpool,0,1,1,0,0.0029826650691252656,-0.0025509934975313188,0.0029988772697811766,-0.0014371250564988722,2.1227197718658104,2.0408198581594514,0.9044933129813588,1.1339936215596265,0.0015455400126263934,0.00044788377224985786,0.001993423784876251,0.0010976562403765355,1.5514994945710858,1.3586419376365464,2.910141432207632,0.1799623750829249
1451112,2025-12-09,2025,Barcelona,Eintracht Frankfurt,2,1,3,1,0.006474363956712265,-0.0010429873517758806,0.0022354227947369233,0.0004652612465232892,2.052088960330887,1.0860394944127172,1.524173534824532,2.0536487296839057,0.006939625203235555,0.0011924354429610428,0.008132060646196598,0.0057471897602745115,2.0528686968683343,1.2865895441663122,3.3394582410346465,0.2348081098004664
1451122,2025-12-10,2025,Athletic Club,Paris Saint Germain,0,0,0,0,-0.00047442337223865745,-0.0018735123782202,0.0047797833789676005,-0.0020064621987965258,1.301854453497005,2.1092291774018,1.0431053093481533,1.202294320533216,-0.002480885571035183,0.0029062710007474006,0.00042538542971221754,-0.005387156571782584,1.2510844158570287,1.4832896391399273,2.734374054996956,0.15862946407964085
1451124,2025-12-10,2025,Bayer Leverkusen,Newcastle,2,2,4,1,0.0023479537813570553,-0.0003755892056885286,0.001000233362171345,-0.0008445425544752985,1.4396466712401468,1.6683713711514332,1.4643657158302263,1.1974009304535576,0.001503411226881757,0.0006246441564828162,0.002128055383364573,0.0008787670703989407,1.312948690416849,1.5630437732791826,2.875992463696032,0.17575754162657886
1451121,2025-12-10,2025,Real Madrid,Manchester City,1,2,3,1,0.003200289927882117,-0.00173824223671663,0.0023709537040145583,-0.0010219839197604529,2.260121124702104,1.9153967873800204,1.2314023174445583,0.9991418969676024,0.002178306008121664,0.0006327114672979282,0.0028110174754195924,0.0015455945408237358,1.5027247611959453,1.5357812483572062,3.0385060095531515,0.19600136254295086
1451135,2026-01-20,2025,Tottenham,Borussia Dortmund,2,0,2,0,0.0007249653004720723,0.0005008265760417748,0.0027716490055158436,-0.00032338580082840753,1.369291992329946,2.0411202164995617,1.3745664651932181,1.097375161106903,0.00040157949964366477,0.0032724755815576184,0.0036740550812012834,-0.0028708960819139534,1.2258168789364368,1.6750090749092132,2.90082595384565,0.1788126235971359
1451136,2026-01-20,2025,Inter,Arsenal,1,3,4,1,0.002578523131407393,-0.002653684966570709,0.0029154337916679563,-0.0034084776434381695,1.8856478076604952,2.0597665486812033,0.8470544170595399,0.7705486020226675,-0.0008299545120307767,0.0002617488250972475,-0.0005682056869335292,-0.0010917033371280241,1.2053975618441837,1.3208839287279928,2.5262814905721767,0.13448516958517698
1451133,2026-01-20,2025,Villarreal,Ajax,1,2,3,1,0.0011750174336949736,-0.0008035849166527524,0.0013213793857177177,-0.00037051907538516413,1.5030001335673338,1.4997597477619313,1.4099128377123247,1.5974109563537757,0.0008044983583098094,0.0005177944690649653,0.0013222928273747747,0.0002867038892448441,1.5494866507206984,1.4541425383550763,3.0036291890757747,0.19160880914223632
1451130,2026-01-20,2025,Real Madrid,Monaco,6,1,7,1,0.0031221151394200393,-0.0012980524179031273,0.000915993778389887,0.0003202118175768505,2.254601709655965,1.8787087587486868,1.3551066314057847,1.5775492396619724,0.0034423269569968896,-0.00038205863951324033,0.0030602683174836493,0.00382438559651013,1.8859335122979153,1.595572216310022,3.4815057286079374,0.25357136923557577
1451143,2026-01-21,2025,Newcastle,PSV Eindhoven,3,0,3,1,0.0013871108975433725,-0.0007496503484621862,0.005736586285887108,0.0001388901510864186,1.700014989813962,2.059895411753529,1.121071155755898,1.4046566378722551,0.001526001048629791,0.004986935937424922,0.006512936986054713,-0.003460934888795131,1.5452952274321292,1.519634604104158,3.064929831536287,0.19934554445256736
1451145,2026-01-21,2025,Marseille,Liverpool,0,3,3,1,0.002564970772440989,-0.0005991707348670821,0.0027068317876002613,-0.0009719687778362672,1.610129632441461,1.8531308996649973,1.3243491432465129,0.9901081045799623,0.0015930019946047216,0.002107661052733179,0.003700663047337901,-0.0005146590581284576,1.2626172810890268,1.5665861991269356,2.8292034802159627,0.17004192814317587
1451137,2026-01-21,2025,Galatasaray,Atletico Madrid,1,1,2,0,0.002871801309412632,-0.0022092291426281324,0.002657781918872297,-0.0017571551020451606,1.9285599686425121,1.6667278824707985,1.4314152303312087,1.449937168076833,0.0011146462073674715,0.0004485527762441645,0.001563198983611636,0.000666093431123307,1.6722113441188795,1.5445969298773017,3.216808273996181,0.2188156338792362
1451140,2026-01-21,2025,Atalanta,Athletic Club,2,3,5,1,0.0014893839563965131,-0.002107976683072296,-0.0010923991078632955,-0.0017545973537013274,1.6873219593865882,1.3043555265648759,1.0944967390318974,1.260697523105204,-0.0002652133973048143,-0.0032003757909355914,-0.0034655891882404057,0.002935162393630777,1.4584932687125063,1.1948275483782127,2.653320817090719,0.14907053887707555
1451149,2026-01-28,2025,Paris Saint Germain,Newcastle,1,1,2,0,0.004985534524536128,-0.0019986799529993203,0.0017533337712004663,-0.0009354988223816166,1.9571746991261108,1.8104621512138621,1.0211641275112437,1.0288694486585785,0.004050035702154511,-0.000245346181798854,0.003804689520355657,0.004295381883953365,1.4190409626287752,1.3596981293788828,2.7787390920076582,0.1639391455500332
1451154,2026-01-28,2025,PSV Eindhoven,Bayern München,1,2,3,1,0.005540347177451423,0.00036706750145158604,0.006784940042798126,-0.0022936647553599707,1.8084584594074777,2.7263296104405996,1.5478377715437261,1.0566775579087804,0.003246682422091452,0.007152007544249712,0.010398689966341164,-0.0039053251221582604,1.3823738526412341,2.0542434005536085,3.436617253194843,0.2476174915739907
1451146,2026-01-28,2025,Napoli,Chelsea,2,3,5,1,-6.57950623081946e-05,-0.0021121287037532987,0.0008838621601029604,-0.001375380099718578,1.3778170917489623,1.7729047793018962,1.1947294929280512,1.282432355579269,-0.0014411751620267727,-0.0012282665436503383,-0.002669441705677111,-0.0002129086183764344,1.3292694303748205,1.4553836703718621,2.7846531007466826,0.1646509219359984
1451150,2026-01-28,2025,Eintracht Frankfurt,Tottenham,0,2,2,0,0.0019757928219607352,0.0013882413219057324,0.0006622658186653962,0.0005919845835791487,1.074439386984004,1.4749287962656026,1.8635222998158252,1.2572499417485505,0.002567777405539884,0.0020505071405711285,0.004618284546111013,0.0005172702649687555,1.162255934249418,1.6578789770310325,2.8201349112804506,0.16894042806443998
1451153,2026-01-28,2025,Manchester City,Galatasaray,2,0,2,0,0.0021241753080951807,-0.0005805620620594845,0.002629206869031108,-0.0021003257710407496,1.7310724513544817,1.6904471795615124,1.1686115774920534,1.3771865990074892,2.384953705443114e-05,0.0020486448069716237,0.002072494344026055,-0.0020247952699171926,1.5440238929227863,1.4055163268971198,2.949540219819906,0.18484708152083862
1451147,2026-01-28,2025,Borussia Dortmund,Inter,0,2,2,0,0.002937554285939019,-0.00048356755526645994,0.0024221536788909793,-0.0026680861428194443,1.8089912213879593,1.978759369151984,1.221758919973018,0.9732585424217465,0.0002694681431195749,0.0019385861236245194,0.0022080542667440944,-0.0016691179805049445,1.32688211962547,1.5548526971200902,2.8817348167455603,0.17646268053475356
1451148,2026-01-28,2025,Monaco,Juventus,0,0,0,0,0.0006987547556845385,0.0009822934115427551,0.00029593392594369294,-0.002108655426622594,1.7357914933772705,1.8555414938055856,1.8183085212330212,1.0257387701574967,-0.0014099006709380555,0.0012782273374864481,-0.00013167333345160737,-0.002688128008424504,1.3343420219968514,1.8368306698463377,3.1711726918431893,0.21292342901156214
1451155,2026-01-28,2025,Bayer Leverkusen,Villarreal,3,0,3,1,0.001711621615003565,-0.0002541685357356371,0.0012550723554660846,-0.0007023842317159382,1.7133674246944914,1.4328093109806586,1.4711458446490668,1.3534102938631634,0.0010092373832876267,0.0010009038197304476,0.0020101412030180746,8.33356355717913e-06,1.5227899099190745,1.4518510474644732,2.9746409573835475,0.18797713044095132
1515514,2026-02-17,2025,Galatasaray,Juventus,5,2,7,1,0.002998678573022456,-0.0023422364404877727,0.0004066756640486639,-0.002087808162960002,1.6715575858218044,1.785436203426001,1.3265203955959681,1.0785960939546464,0.0009108704100624543,-0.0019355607764391088,-0.0010246903663766545,0.0028464311865015633,1.3427343307176058,1.5389663865335144,2.88170071725112,0.1764584909229595
1515517,2026-02-17,2025,Monaco,Paris Saint Germain,2,3,5,1,0.0005573444548481995,0.0006949967690807634,0.004963366082603344,-0.0020126631888592126,1.619875038825438,2.200571489788449,1.4625565333132788,1.089533760592797,-0.0014553187340110131,0.005658362851684107,0.004203044117673094,-0.00711368158569512,1.3284986047195844,1.794006747315358,3.1225053520349424,0.20667844401577362
1515516,2026-02-17,2025,Borussia Dortmund,Atalanta,2,0,2,0,0.0032126758923999347,-0.0006303578163293013,0.001011368656745015,-0.0019718472970607108,1.7708026861038066,1.6796460787600425,1.2722344302492783,1.3110729800725145,0.001240828595339224,0.0003810108404157138,0.0016218394357549377,0.0008598177549235101,1.5236966741417175,1.4618151634292609,2.9855118375709786,0.18933695767789815
1515526,2026-02-25,2025,Atalanta,Borussia Dortmund,4,1,5,1,0.001011368656745015,-0.0019718472970607108,0.0032126758923999347,-0.0006303578163293013,1.511894049313453,1.796411066253169,1.3859650601915634,1.2090078047655757,0.0003810108404157138,0.001240828595339224,0.0016218394357549377,-0.0008598177549235101,1.3519954532462728,1.5778982766859098,2.9298937299321826,0.18240689397018484
1515528,2026-02-25,2025,Paris Saint Germain,Monaco,2,2,4,1,0.004963366082603344,-0.0020126631888592126,0.0005573444548481995,0.0006949967690807634,2.31668923425273,1.5713736537825111,1.0489726689657732,1.6752594994173164,0.005658362851684107,-0.0014553187340110131,0.004203044117673094,0.00711368158569512,1.970039503888111,1.283872273846094,3.253911777734205,0.2236305226129457
1528321,2026-03-10,2025,Galatasaray,Liverpool,1,0,1,0,0.0032023324150563946,-0.002239967004943926,0.0027892775128200657,-0.0007295613173846551,1.771842786766083,2.1561074246667635,1.300704627601583,1.0107863827060877,0.0024727710976717395,0.0005493105078761395,0.003022081605547879,0.0019234605897956,1.3382655047333332,1.6746518757252775,3.0129173804586107,0.19277617557253313
1528319,2026-03-10,2025,Newcastle,Barcelona,1,1,2,0,0.002056344079703519,-0.0006621629392805745,0.005529571027107573,-0.0010431100825076668,2.1317846377685425,2.3758923059055825,1.2725558927579692,1.2365280133454188,0.001013233997195852,0.004867408087826998,0.00588064208502285,-0.0038541740906311464,1.6235798172619107,1.7388087170354503,3.362388534297361,0.23782093024691509
1528324,2026-03-10,2025,Atalanta,Bayern München,1,6,7,1,0.0006378495395880775,-0.0019353100189307068,0.006993095547899271,-0.001736978008877749,1.7225060484752788,2.7253932123200713,1.3178021349132605,1.1629026499830806,-0.0010991284692896714,0.005057785528968564,0.003958657059678893,-0.006156913998258235,1.415311572899687,1.89513297519554,3.310444548095227,0.23100580428593853
1528323,2026-03-10,2025,Atletico Madrid,Tottenham,5,2,7,1,0.0018063629017100946,-0.0015655581505238808,0.000259127600263268,0.0009704763361037469,1.7571118329979372,1.3374653647682888,1.3780920284325255,1.4374285711026478,0.0027768392378138412,-0.0013064305502606128,0.0014704086875532284,0.004083269788074454,1.589252261717371,1.357626737174758,2.946878998892129,0.18451604031568647
1528322,2026-03-11,2025,Bayer Leverkusen,Arsenal,1,1,2,0,0.0015052361249639037,-0.0007928066108572185,0.0032464540951526602,-0.003340320244344737,1.5871061423515453,1.9880549815060669,1.1102082949139196,0.8143305229311655,-0.0018350841193808334,0.0024536474842954416,0.0006185633649146082,-0.004288731603676275,1.1368504628351077,1.4856497336899348,2.6225001965250425,0.14548608721207834
1528320,2026-03-11,2025,Paris Saint Germain,Chelsea,5,2,7,1,0.005290441752121825,-0.0017284619576034778,0.0009753659356229572,-0.001177063987068958,2.3426904335090737,2.0182835970486157,1.0718254331528803,1.1970716500330811,0.004113377765052867,-0.0007530960219805206,0.0033602817430723464,0.004866473787033388,1.6746248244778354,1.470798317456199,3.1454231419340344,0.20961411501712557
1528318,2026-03-11,2025,Real Madrid,Manchester City,3,0,3,1,0.003327793158896258,-0.0016102597877281513,0.002468242483520292,-0.0014707212702116674,1.9250210874434845,1.7888338503222905,1.3659641146218469,1.077187443460491,0.0018570718886845906,0.0008579826957921409,0.0027150545844767315,0.0009990891928924497,1.4400029665909655,1.563164369655692,3.0031673362466575,0.19155080889710396
1528326,2026-03-17,2025,Manchester City,Real Madrid,1,2,3,1,0.002468242483520292,-0.0014707212702116674,0.003327793158896258,-0.0016102597877281513,1.6602112225188903,1.9731149382350053,1.2345947846539769,1.2656760191873795,0.0008579826957921409,0.0018570718886845906,0.0027150545844767315,-0.0009990891928924497,1.4495825368456676,1.5607682122172375,3.010350749062905,0.1924534154509695
1528328,2026-03-17,2025,Chelsea,Paris Saint Germain,0,3,3,1,0.0009753659356229572,-0.001177063987068958,0.005290441752121825,-0.0017284619576034778,1.9386912460292487,2.1846067202102346,1.1733571174159954,1.1270761488494419,-0.0007530960219805206,0.004113377765052867,0.0033602817430723464,-0.004866473787033388,1.4781923634570608,1.601038364285345,3.079230727742406,0.2011611183756462
1528330,2026-03-17,2025,Arsenal,Bayer Leverkusen,2,0,2,0,0.0032464540951526602,-0.003340320244344737,0.0015052361249639037,-0.0007928066108572185,1.982425303673588,1.5828518613892568,0.8279625907113891,1.1713130201979947,0.0024536474842954416,-0.0018350841193808334,0.0006185633649146082,0.004288731603676275,1.5238243237863205,1.1447891193875812,2.6686134431739017,0.15085957252580517
1528327,2026-03-18,2025,Barcelona,Newcastle,7,2,9,1,0.005529571027107573,-0.0010431100825076668,0.002056344079703519,-0.0006621629392805745,2.321832165544409,2.0223906882470004,1.2223806466283855,1.2964642598000982,0.004867408087826998,0.001013233997195852,0.00588064208502285,0.0038541740906311464,1.7349848471622429,1.57230125524169,3.307286102403933,0.23059256594771882
1528329,2026-03-18,2025,Liverpool,Galatasaray,4,0,4,1,0.0027892775128200657,-0.0007295613173846551,0.0032023324150563946,-0.002239967004943926,2.0329353539905135,1.7682551894993719,1.0543875475492157,1.2629834243695344,0.0005493105078761395,0.0024727710976717395,0.003022081605547879,-0.0019234605897956,1.6023618988558204,1.3654399484039628,2.967801847259783,0.1871229355934083
1528331,2026-03-18,2025,Tottenham,Atletico Madrid,3,2,5,1,0.000259127600263268,0.0009704763361037469,0.0018063629017100946,-0.0015655581505238808,1.340289305044014,1.8808280517631142,1.6429998789218294,1.374518315170205,-0.0013064305502606128,0.0027768392378138412,0.0014704086875532284,-0.004083269788074454,1.357295913723217,1.757896544543955,3.115192458267172,0.20574366632573682
1528332,2026-03-18,2025,Bayern München,Atalanta,4,1,5,1,0.006993095547899271,-0.001736978008877749,0.0006378495395880775,-0.0019353100189307068,2.9134281474928643,1.6937601401750226,1.3308168242378233,1.6697808484053722,0.005057785528968564,-0.0010991284692896714,0.003958657059678893,0.006156913998258235,2.205626107001984,1.5013608795916904,3.706986986593674,0.28374210875936323
1534909,2026-04-07,2025,Real Madrid,Bayern München,1,2,3,1,0.0034818509312000015,-0.001880768306016285,0.0074369060835969706,-0.0019377293774120827,2.044195737317149,3.0921462050921154,1.3191045936913308,1.414210117629409,0.0015441215537879188,0.005556137777580686,0.007100259331368605,-0.004012016223792767,1.7002712413402814,2.0196198314292286,3.71989107276951,0.2854790950676871
1534908,2026-04-08,2025,Paris Saint Germain,Liverpool,2,0,2,0,0.005519698858005435,-0.0017859632417442962,0.0020380833842893876,-0.0009138808508374394,2.1461579108827804,2.300090160273397,1.0560817932304254,1.004356953653903,0.004605818007167996,0.0002521201425450914,0.0048579381497130866,0.004353697864622905,1.468165052517752,1.5585516805846338,3.026716733102386,0.19451379391010004
1534907,2026-04-08,2025,Barcelona,Atletico Madrid,0,2,2,0,0.006115486399938711,-0.0012433451523998905,0.0022174234005823837,-0.0012224040492099842,2.502259467633996,1.727704665545431,1.2526492706466055,1.573470971902795,0.004893082350728727,0.0009740782481824932,0.005867160598911221,0.003919004102546234,1.9842461128829343,1.4711247361077922,3.4553708489907264,0.2501023662154851
1534912,2026-04-14,2025,Liverpool,Paris Saint Germain,0,2,2,0,0.0020380833842893876,-0.0009138808508374394,0.005519698858005435,-0.0017859632417442962,2.031035674129484,2.1657528611511356,1.164035229449937,0.959881845721845,0.0002521201425450914,0.004605818007167996,0.0048579381497130866,-0.004353697864622905,1.3962643988909553,1.587769702652724,2.9840341015436795,0.18915196085837516
1534910,2026-04-14,2025,Atletico Madrid,Barcelona,1,2,3,1,0.0022174234005823837,-0.0012224040492099842,0.006115486399938711,-0.0012433451523998905,1.5640213238923715,2.359078985015837,1.5410513414500258,1.1557261076984147,0.0009740782481824932,0.004893082350728727,0.005867160598911221,-0.003919004102546234,1.344462820988164,1.9066887093716218,3.2511515303597855,0.22327160663902035
1534911,2026-04-15,2025,Bayern München,Real Madrid,4,3,7,1,0.0074369060835969706,-0.0019377293774120827,0.0034818509312000015,-0.001880768306016285,3.110400125676072,2.069814158773536,1.4602611292459526,1.4452401714185945,0.005556137777580686,0.0015441215537879188,0.007100259331368605,0.004012016223792767,2.120206407596323,1.738524995742053,3.8587314033383757,0.3042130474872915
1540841,2026-04-28,2025,Paris Saint Germain,Bayern München,5,4,9,1,0.005640242301066303,-0.0020091197560745755,0.00803815257762848,-0.0017744011582033815,2.148916555033345,3.036896243975037,1.0240377962947056,1.6001861384945972,0.0038658411428629216,0.006029032821553904,0.009894873964416826,-0.0021631916786909824,1.8543641724715025,1.7634898744409806,3.617854046912483,0.2717705962786241
1540842,2026-04-29,2025,Atletico Madrid,Arsenal,1,1,2,0,0.002389482858895248,-0.0008724905664538967,0.0026864722315890896,-0.003095718051026,1.580607853905729,1.7013983305285985,1.6166670136925625,0.7905676572997018,-0.0007062351921307522,0.001813981665135193,0.0011077464730044407,-0.0025202168572659453,1.1178450018548016,1.6584916515066275,2.776336653361429,0.16365026547124528
1540843,2026-05-05,2025,Arsenal,Atletico Madrid,1,0,1,0,0.0026864722315890896,-0.003095718051026,0.002389482858895248,-0.0008724905664538967,1.735779362460422,1.6326388439451833,0.9260472862987982,1.5972792790423334,0.001813981665135193,-0.0007062351921307522,0.0011077464730044407,0.0025202168572659453,1.6650899100791356,1.2295937422341756,2.8946836523133115,0.17805562544334796
1540844,2026-05-06,2025,Bayern München,Paris Saint Germain,1,1,2,0,0.00803815257762848,-0.0017744011582033815,0.005640242301066303,-0.0020091197560745755,3.0156297148088305,2.1306920854062157,1.6824345795978908,1.2209606010146654,0.006029032821553904,0.0038658411428629216,0.009894873964416826,0.0021631916786909824,1.9188447224907683,1.893343614604322,3.8121883370950904,0.29792515576182343
1622621,2026-08-18,2026,Fenerbahçe,Lyon,1,1,2,0,0.0026053406756382795,-0.0012701119375476287,0.0005154541426306112,-0.0008362979748258337,2.0982333641308513,1.570274997317721,1.0190554187615581,1.4149254266769637,0.0017690427008124458,-0.0007546577949170175,0.0010143849058954282,0.0025237004957294634,1.723033295676751,1.2649890295818438,2.9880223252585947,0.1896513504636992
1622630,2026-08-26,2026,Lyon,Fenerbahçe,1,2,3,1,0.0005154541426306112,-0.0008362979748258337,0.0026053406756382795,-0.0012701119375476287,1.3808619531883783,2.1470117002539704,1.7086652398480537,1.224575705590222,-0.0007546577949170175,0.0017690427008124458,0.0010143849058954282,-0.0025237004957294634,1.3003730236545015,1.9153392027969949,3.2157122264514966,0.21867372494641535
1635652,2026-09-08,2026,Borussia Dortmund,Villarreal,3,2,5,1,0.0026066437879784647,-0.0007614312935490019,0.0009520293303404991,1.648618501489619e-05,1.8279113357935786,1.5490162603697173,1.2370733225089712,1.1747345628193913,0.002623129972993361,0.0001905980367914972,0.002813728009784858,0.002432531936201864,1.4653704732681354,1.3842856250918694,2.849656098360005,0.17253374023988133
1635683,2026-09-08,2026,Lille,Real Betis,2,3,5,1,0.0003311607110927989,-0.0011899724980958502,0.00031481543704151515,-0.0006119034646261114,1.407329050825837,1.2928295859764785,1.1140072884466279,1.75359869604065,-0.00028074275353331247,-0.0008751570610543351,-0.0011558998145876475,0.0005944143075210227,1.5709520643317902,1.200092322072445,2.7710443864042356,0.16301443927919324
1635714,2026-09-08,2026,Real Madrid,Inter,2,1,3,1,0.0033348526460760747,-0.001881860604906622,0.0034349313568151213,-0.001946063177474943,2.2971975861936333,2.2044928128838377,1.1871883141709692,1.2387491375090638,0.0013887894686011317,0.0015530707519084994,0.002941860220509631,-0.00016428128330736765,1.6869059038918757,1.6177602128033626,3.3046661166952385,0.2302498812205156
1635686,2026-09-09,2026,Liverpool,Atletico Madrid,2,1,3,1,0.001429131516443583,-0.0005147934204802103,0.0017480433259090928,-0.00044255848464595565,1.8125432560281107,1.367107677259527,1.3674932263390511,1.5996968107240495,0.0009865730317976272,0.0012332499054288825,0.0022198229372265097,-0.00024667687363125537,1.7027975998243459,1.367300438209729,3.0700980380340748,0.2000012225620892
1635628,2026-09-09,2026,Barcelona,Feyenoord,5,1,6,1,0.005594185251912529,-0.0016387713767937464,0.002371654035123235,-0.0001595028483042388,2.749026470868294,2.270387739872481,0.9577219766820099,0.9758680897388962,0.00543468240360829,0.0007328826583294886,0.0061675650619377785,0.004701799745278801,1.6378910863570573,1.4745847666598462,3.112475853016903,0.20539666032206327
1635698,2026-09-09,2026,Napoli,Arsenal,0,1,1,0,0.0001466951802988595,-0.0012053148145666896,0.0022754362996025004,-0.0037780013403169665,1.4065706363186872,1.6921999160914867,1.4113455947762275,0.7411160070379508,-0.0036313061600181068,0.0010701214850358108,-0.002561184674982296,-0.004701427645053918,1.020995599209583,1.5454057386513165,2.566401337860899,0.1390364640184355
