fixture_id,mkt_over25_prob
1570400,0.7446386020651311
1570399,0.5
1570397,0.5487326887901751
1570386,0.47368421052631576
1570388,0.7446386020651311
1570391,0.5
1570382,0.6556986170720076
1570376,0.78001800180018
1570379,0.7446386020651311
1570373,0.5689164727178692
1570377,0.43108352728213084
1570381,0.4125159642401021
1570366,0.5263157894736842
1570368,0.27083333333333337
1570367,0.45126731120982494
1570371,0.7011393514461
1570365,0.6818181818181818
1570392,0.5263157894736842
1570354,0.7894736842105263
1570358,0.29886064855390015
1570355,0.4125159642401021
1570361,0.5487326887901751
1570357,0.512987012987013
1570335,0.7011393514461
1570336,0.4125159642401021
1570340,0.7183604479188676
1570350,0.43108352728213084
1570346,0.6363636363636365
1570347,0.6198859409868585
1570343,0.43108352728213084
1570345,0.5263157894736842
1570338,0.43108352728213084
1570341,0.38011405901314155
1391194,0.5483028720626633
1391197,0.6563245823389022
1391196,0.6563245823389022
1391195,0.5
1391193,0.28118393234672306
1391192,0.5483028720626633
1391191,0.43152454780361754
1391190,0.586734693877551
1391181,0.7291666666666667
1391188,0.5684754521963824
1391184,0.413265306122449
1391186,0.5
1391185,0.5483028720626633
1391183,0.5
1391182,0.3436754176610979
1391179,0.43152454780361754
1391176,0.6563245823389022
1391174,0.5263157894736842
1391177,0.413265306122449
1391173,0.2982456140350877
1391178,0.5263157894736842
1391172,0.3796526054590571
1391170,0.6025316455696202
1391171,0.5263157894736842
1391165,0.47368421052631576
1391161,0.7017543859649122
1391167,0.28118393234672306
1391159,0.4516971279373368
1391164,0.5483028720626633
1391166,0.5684754521963824
1391168,0.39746835443037976
1391163,0.5
1391156,0.4516971279373368
1391152,0.586734693877551
1391150,0.5
1391153,0.3436754176610979
1391151,0.5483028720626633
1391155,0.6203473945409429
1391158,0.6368038740920097
1391154,0.5
1391132,0.5
1391138,0.5483028720626633
1391134,0.43152454780361754
1391136,0.47368421052631576
1391135,0.5483028720626633
1391137,0.47368421052631576
1391133,0.5
1391131,0.6368038740920097
1391148,0.47368421052631576
1391145,0.5
1391143,0.43152454780361754
1391140,0.7619047619047619
1391147,0.39746835443037976
1391142,0.5
1391144,0.4516971279373368
1391139,0.47368421052631576
1391123,0.36319612590799033
1391119,0.5
1391121,0.5
1391124,0.4516971279373368
1391125,0.5
1391120,0.7291666666666667
1391122,0.5483028720626633
1391126,0.7291666666666667
1391113,0.586734693877551
1391117,0.3796526054590571
1391118,0.43152454780361754
1391112,0.3181818181818181
1391111,0.5263157894736842
1391114,0.6025316455696202
1391116,0.586734693877551
1391115,0.5263157894736842
1391099,0.5
1391100,0.7291666666666667
1391107,0.413265306122449
1391104,0.43152454780361754
1391105,0.5263157894736842
1391103,0.2982456140350877
1391102,0.5
1391108,0.5483028720626633
1391095,0.5
1391097,0.5
1391092,0.5
1391091,0.6818181818181818
1391094,0.413265306122449
1391096,0.6563245823389022
1391098,0.43152454780361754
1391093,0.47368421052631576
1391082,0.43152454780361754
1391086,0.39746835443037976
1391083,0.3436754176610979
1391088,0.6025316455696202
1391079,0.6368038740920097
1391084,0.5263157894736842
1391085,0.43152454780361754
1391081,0.5263157894736842
1391044,0.43152454780361754
1391076,0.5
1391072,0.47368421052631576
1391070,0.47368421052631576
1391078,0.413265306122449
1391071,0.5
1391074,0.43152454780361754
1391069,0.744047619047619
1391075,0.413265306122449
1391068,0.5263157894736842
1391064,0.4516971279373368
1391062,0.7894736842105263
1391065,0.27083333333333337
1391066,0.5684754521963824
1391063,0.5
1391067,0.5
1391060,0.5263157894736842
1390974,0.5263157894736842
1391052,0.7291666666666667
1391054,0.4516971279373368
1391053,0.4516971279373368
1391057,0.39746835443037976
1391056,0.6025316455696202
1391051,0.3436754176610979
1391050,0.39746835443037976
1391049,0.4516971279373368
1391048,0.5263157894736842
1391047,0.5684754521963824
1391046,0.47368421052631576
1391040,0.5
1391045,0.5263157894736842
1391042,0.744047619047619
1391043,0.43152454780361754
1391035,0.39746835443037976
1391029,0.43152454780361754
1391033,0.2982456140350877
1391030,0.5
1391037,0.7017543859649122
1391031,0.7291666666666667
1391036,0.5
1391038,0.413265306122449
1391022,0.3436754176610979
1391025,0.4516971279373368
1391021,0.7619047619047619
1391028,0.6818181818181818
1391026,0.3796526054590571
1391027,0.413265306122449
1391024,0.39746835443037976
1391023,0.5
1391012,0.3796526054590571
1391018,0.6563245823389022
1391011,0.4516971279373368
1391014,0.28118393234672306
1391010,0.5483028720626633
1391016,0.43152454780361754
1391015,0.413265306122449
1391017,0.744047619047619
1391013,0.4516971279373368
1391006,0.413265306122449
1391003,0.47368421052631576
1391004,0.36319612590799033
1391007,0.413265306122449
1391002,0.43152454780361754
1391005,0.47368421052631576
1391001,0.3436754176610979
1390993,0.413265306122449
1390996,0.6203473945409429
1390998,0.5
1390992,0.6368038740920097
1390991,0.5263157894736842
1390994,0.3796526054590571
1390990,0.43152454780361754
1390995,0.28118393234672306
1390979,0.43152454780361754
1390980,0.36319612590799033
1390981,0.36319612590799033
1390988,0.7017543859649122
1390985,0.6818181818181818
1390983,0.47368421052631576
1390986,0.39746835443037976
1390987,0.39746835443037976
1390976,0.43152454780361754
1390972,0.43152454780361754
1390978,0.39746835443037976
1390973,0.28118393234672306
1390971,0.7188160676532769
1390975,0.3796526054590571
1390977,0.5
1390964,0.5263157894736842
1390965,0.6818181818181818
1390963,0.43152454780361754
1390967,0.43152454780361754
1390962,0.47368421052631576
1390961,0.7017543859649122
1390968,0.43152454780361754
1390966,0.3796526054590571
1390999,0.5
1390956,0.43152454780361754
1390953,0.7017543859649122
1390951,0.5263157894736842
1390958,0.47368421052631576
1390957,0.5
1390954,0.4516971279373368
1390955,0.413265306122449
1390952,0.3436754176610979
1390943,0.5
1390942,0.6368038740920097
1390941,0.6203473945409429
1390946,0.43152454780361754
1390948,0.5684754521963824
1390945,0.39746835443037976
1390940,0.6563245823389022
1390947,0.5
1390931,0.6818181818181818
1390935,0.2982456140350877
1390938,0.5
1390936,0.6203473945409429
1390929,0.413265306122449
1390933,0.5263157894736842
1390937,0.47368421052631576
1390932,0.43152454780361754
1390927,0.43152454780361754
1390922,0.5483028720626633
1390921,0.7188160676532769
1390924,0.5
1390925,0.7188160676532769
1390926,0.3796526054590571
1390928,0.5684754521963824
1390923,0.36319612590799033
1390914,0.4516971279373368
1390916,0.744047619047619
1390913,0.4516971279373368
1390918,0.5
1390909,0.36319612590799033
1390911,0.4516971279373368
1390912,0.47368421052631576
1390917,0.5
1390904,0.5
1390905,0.47368421052631576
1390902,0.5
1390903,0.4516971279373368
1390908,0.6025316455696202
1390901,0.7188160676532769
1390907,0.43152454780361754
1390906,0.413265306122449
1390896,0.5
1390892,0.5
1390898,0.6818181818181818
1390895,0.6563245823389022
1390890,0.43152454780361754
1390893,0.47368421052631576
1390897,0.4516971279373368
1390894,0.28118393234672306
1390887,0.413265306122449
1390881,0.5
1390880,0.6818181818181818
1390882,0.43152454780361754
1390886,0.47368421052631576
1390888,0.47368421052631576
1390883,0.36319612590799033
1390884,0.4516971279373368
1390877,0.6368038740920097
1390875,0.43152454780361754
1390876,0.4516971279373368
1390878,0.47368421052631576
1390874,0.6818181818181818
1390872,0.413265306122449
1390869,0.5263157894736842
1390860,0.6563245823389022
1390865,0.4805194805194806
1390866,0.6818181818181818
1390863,0.5483028720626633
1390861,0.5483028720626633
1390853,0.3796526054590571
1390851,0.6563245823389022
1390856,0.3436754176610979
1390855,0.5263157894736842
1390852,0.5263157894736842
1390857,0.586734693877551
1390858,0.413265306122449
1390845,0.6563245823389022
1390843,0.3796526054590571
1390840,0.4516971279373368
1390841,0.5
1390846,0.6563245823389022
1390844,0.43152454780361754
1390848,0.3181818181818181
1390842,0.43152454780361754
1390871,0.5483028720626633
1390837,0.3436754176610979
1390829,0.4516971279373368
1390838,0.586734693877551
1390835,0.4516971279373368
1390834,0.413265306122449
1390832,0.7291666666666667
1390833,0.43152454780361754
1390826,0.6563245823389022
1390822,0.43152454780361754
1390820,0.43152454780361754
1390821,0.39746835443037976
1390827,0.36319612590799033
1390825,0.6368038740920097
1390824,0.43152454780361754
1208827,0.6563245823389022
1208835,0.6203473945409429
1208833,0.47368421052631576
1208834,0.5
1212947,0.5483028720626633
1208829,0.7188160676532769
1208828,0.6025316455696202
1208823,0.5483028720626633
1212946,0.4516971279373368
1208824,0.6025316455696202
1208821,0.39746835443037976
1208822,0.2982456140350877
1208819,0.7619047619047619
1208820,0.5
1212945,0.7291666666666667
1208810,0.28118393234672306
1208812,0.5
1208815,0.6025316455696202
1208816,0.5
1208813,0.5
1208814,0.5483028720626633
1208802,0.5684754521963824
1208801,0.744047619047619
1208805,0.5263157894736842
1208804,0.6203473945409429
1208803,0.5
1208807,0.3796526054590571
1208806,0.43152454780361754
1208791,0.43152454780361754
1208794,0.36319612590799033
1212943,0.47368421052631576
1208796,0.7017543859649122
1208795,0.6563245823389022
1208792,0.4516971279373368
1208798,0.586734693877551
1208797,0.3436754176610979
1212935,0.6025316455696202
1208785,0.6563245823389022
1208788,0.3796526054590571
1208787,0.4516971279373368
1208786,0.586734693877551
1208782,0.5
1208784,0.6025316455696202
1212942,0.43152454780361754
1208777,0.5263157894736842
1208775,0.5684754521963824
1208779,0.5483028720626633
1208778,0.4516971279373368
1208773,0.6461916461916463
1208774,0.43152454780361754
1212941,0.2982456140350877
1208764,0.3796526054590571
1208766,0.5263157894736842
1208770,0.43152454780361754
1212940,0.47368421052631576
1208767,0.43152454780361754
1208771,0.3796526054590571
1208772,0.413265306122449
1208759,0.5
1208762,0.3436754176610979
1208757,0.4516971279373368
1208755,0.7017543859649122
1208761,0.43152454780361754
1208756,0.6818181818181818
1212939,0.39746835443037976
1208749,0.5
1208748,0.43152454780361754
1208753,0.3796526054590571
1208746,0.5
1208747,0.6818181818181818
1208750,0.413265306122449
1208751,0.5
1208729,0.7291666666666667
1208743,0.3181818181818181
1208739,0.3181818181818181
1208740,0.3796526054590571
1208738,0.47368421052631576
1208744,0.6025316455696202
1212937,0.3796526054590571
1208742,0.5
1212936,0.43152454780361754
1208732,0.36319612590799033
1208730,0.5684754521963824
1208728,0.43152454780361754
1208736,0.6203473945409429
1208733,0.5
1208721,0.4516971279373368
1208719,0.6203473945409429
1208720,0.6025316455696202
1208722,0.3796526054590571
1208724,0.47368421052631576
1208726,0.413265306122449
1208717,0.3796526054590571
1208715,0.2982456140350877
1208716,0.7017543859649122
1208710,0.5684754521963824
1208714,0.7291666666666667
1208712,0.5263157894736842
1208711,0.5
1208702,0.7188160676532769
1208703,0.39746835443037976
1208708,0.413265306122449
1208706,0.413265306122449
1212933,0.43152454780361754
1208707,0.5263157894736842
1208704,0.6368038740920097
1208705,0.3436754176610979
1208693,0.36319612590799033
1208698,0.6563245823389022
1212932,0.39746835443037976
1208695,0.586734693877551
1208692,0.47368421052631576
1208699,0.47368421052631576
1208694,0.4516971279373368
1208685,0.5483028720626633
1208689,0.43152454780361754
1208686,0.3796526054590571
1208690,0.413265306122449
1212931,0.6203473945409429
1208687,0.6563245823389022
1208684,0.3181818181818181
1208676,0.6563245823389022
1208680,0.28118393234672306
1208681,0.43152454780361754
1208682,0.6368038740920097
1212930,0.43152454780361754
1208679,0.3436754176610979
1208677,0.4516971279373368
1208670,0.5263157894736842
1208671,0.2982456140350877
1208666,0.413265306122449
1208672,0.6818181818181818
1208667,0.4516971279373368
1208669,0.5483028720626633
1208665,0.47368421052631576
1212929,0.39746835443037976
1208658,0.5
1208664,0.2982456140350877
1208659,0.413265306122449
1208662,0.4516971279373368
1208663,0.43152454780361754
1208600,0.586734693877551
1208647,0.5
1212927,0.39746835443037976
1208651,0.6563245823389022
1208653,0.3796526054590571
1208648,0.3436754176610979
1208649,0.23809523809523808
1208650,0.5263157894736842
1212922,0.3436754176610979
1208599,0.5263157894736842
1208646,0.47368421052631576
1208642,0.5684754521963824
1208640,0.5263157894736842
1208643,0.43152454780361754
1208644,0.36319612590799033
1212926,0.43152454780361754
1208645,0.39746835443037976
1212925,0.2982456140350877
1208629,0.5
1208632,0.6025316455696202
1208636,0.36319612590799033
1208635,0.6818181818181818
1208633,0.4516971279373368
1208631,0.39746835443037976
1208656,0.5
1208661,0.5263157894736842
1208625,0.43152454780361754
1208623,0.36319612590799033
1208626,0.5263157894736842
1212924,0.43152454780361754
1208620,0.7619047619047619
1208621,0.28118393234672306
1208611,0.36319612590799033
1208618,0.43152454780361754
1208613,0.5
1208616,0.6368038740920097
1212923,0.4516971279373368
1208614,0.36319612590799033
1208617,0.36319612590799033
1208612,0.36319612590799033
1208607,0.5483028720626633
1208605,0.413265306122449
1208603,0.2982456140350877
1208602,0.47368421052631576
1208608,0.6521739130434782
1208609,0.413265306122449
1208595,0.3436754176610979
1208593,0.4516971279373368
1208601,0.39746835443037976
1212921,0.7619047619047619
1208597,0.4516971279373368
1208585,0.36319612590799033
1208590,0.4516971279373368
1208584,0.28118393234672306
1208587,0.6818181818181818
1208589,0.47368421052631576
1208591,0.5263157894736842
1212920,0.43152454780361754
1208583,0.413265306122449
1208576,0.6818181818181818
1208582,0.43152454780361754
1208579,0.3436754176610979
1208577,0.6025316455696202
1208578,0.413265306122449
1208581,0.413265306122449
1212919,0.5
1208572,0.43152454780361754
1208570,0.47368421052631576
1208567,0.7188160676532769
1208574,0.36319612590799033
1208573,0.5263157894736842
1208566,0.3436754176610979
1212918,0.3436754176610979
1208563,0.6368038740920097
1212917,0.5
1208557,0.4516971279373368
1208559,0.5263157894736842
1208561,0.586734693877551
1208560,0.3436754176610979
1208562,0.3181818181818181
1208554,0.47368421052631576
1212916,0.5483028720626633
1208548,0.586734693877551
1208549,0.5
1208555,0.3436754176610979
1208551,0.47368421052631576
1208540,0.36319612590799033
1208544,0.6818181818181818
1208539,0.5
1212915,0.7017543859649122
1208545,0.413265306122449
1208547,0.47368421052631576
1208546,0.36319612590799033
1208513,0.3436754176610979
1208550,0.27083333333333337
1208537,0.3796526054590571
1208534,0.43152454780361754
1208535,0.6563245823389022
1208532,0.5263157894736842
1208538,0.47368421052631576
1208536,0.3436754176610979
1208533,0.43152454780361754
1208527,0.6203473945409429
1208523,0.2982456140350877
1208529,0.5483028720626633
1208528,0.4516971279373368
1208524,0.4516971279373368
1212913,0.3436754176610979
1208522,0.7017543859649122
1208516,0.6025316455696202
1208514,0.5263157894736842
1208512,0.4516971279373368
1208517,0.5263157894736842
1208515,0.413265306122449
1208518,0.586734693877551
1208506,0.7017543859649122
1212911,0.36319612590799033
1208505,0.3436754176610979
1208510,0.586734693877551
1208511,0.3796526054590571
1208507,0.5483028720626633
1208504,0.4516971279373368
1212910,0.36319612590799033
1208496,0.5263157894736842
1208500,0.36319612590799033
1208499,0.5
1208495,0.5
1208494,0.3796526054590571
1038329,0.6563245823389022
1038323,0.5
1038324,0.43152454780361754
1038330,0.7017543859649122
1038327,0.4516971279373368
1038326,0.6368038740920097
1038325,0.744047619047619
1038314,0.6368038740920097
1038320,0.5483028720626633
1038315,0.36319612590799033
1038319,0.5
1038312,0.5483028720626633
1038321,0.6563245823389022
1038304,0.43152454780361754
1038307,0.4516971279373368
1038305,0.47368421052631576
1038303,0.7188160676532769
1038309,0.3181818181818181
1038294,0.5483028720626633
1038299,0.36319612590799033
1038292,0.5
1038296,0.586734693877551
1038300,0.586734693877551
1038301,0.3796526054590571
1038289,0.5
1038282,0.586734693877551
1038287,0.413265306122449
1038286,0.6368038740920097
1038290,0.5
1038284,0.3796526054590571
1038273,0.6368038740920097
1038274,0.4516971279373368
1038280,0.5
1038276,0.3796526054590571
1038279,0.5483028720626633
1038281,0.413265306122449
1038270,0.3796526054590571
1038267,0.6563245823389022
1038265,0.3436754176610979
1038268,0.36319612590799033
1038271,0.3436754176610979
1038264,0.5
1038263,0.5483028720626633
1038256,0.3627450980392157
1038252,0.5628272251308901
1038257,0.47368421052631576
1038255,0.43717277486910994
1038260,0.3627450980392157
1038254,0.47368421052631576
1038208,0.4285714285714286
1038248,0.5459317585301837
1038250,0.5813953488372093
1038245,0.47368421052631576
1038243,0.6728971962616822
1038251,0.32710280373831774
1038246,0.4005102040816326
1038236,0.4005102040816326
1038239,0.47368421052631576
1038238,0.48684210526315796
1038233,0.47368421052631576
1038234,0.5526315789473685
1038240,0.375
1038224,0.5394736842105263
1038230,0.5994897959183673
1038228,0.4473684210526316
1038225,0.5526315789473685
1038226,0.375
1038231,0.3478260869565217
1038223,0.513157894736842
1038212,0.5263157894736842
1038217,0.43717277486910994
1038220,0.5628272251308901
1038218,0.48684210526315796
1038214,0.4005102040816326
1038219,0.32710280373831774
1038205,0.5459317585301837
1038206,0.6372549019607844
1038209,0.375
1038211,0.4473684210526316
1038203,0.5813953488372093
1038207,0.513157894736842
1038192,0.5263157894736842
1038194,0.2638036809815951
1038195,0.5459317585301837
1038200,0.4005102040816326
1038197,0.5459317585301837
1038199,0.513157894736842
1038183,0.6728971962616822
1038184,0.28118393234672306
1038189,0.3478260869565217
1038185,0.3478260869565217
1038190,0.7188160676532769
1038191,0.3627450980392157
1038175,0.4186046511627907
1038173,0.41025641025641024
1038181,0.375
1038174,0.47368421052631576
1038176,0.43717277486910994
1038172,0.41025641025641024
1038148,0.47368421052631576
1038145,0.625
1038165,0.41025641025641024
1038169,0.3893129770992367
1038164,0.5526315789473685
1038168,0.375
1038166,0.5714285714285715
1038170,0.3627450980392157
1038153,0.5714285714285715
1038158,0.6106870229007634
1038159,0.30493273542600896
1038152,0.32710280373831774
1038156,0.4005102040816326
1038160,0.4473684210526316
1038161,0.4473684210526316
1038146,0.48684210526315796
1038143,0.3627450980392157
1038150,0.3627450980392157
1038149,0.5263157894736842
1038137,0.5994897959183673
1038135,0.4540682414698162
1038140,0.5813953488372093
1038138,0.46052631578947373
1038133,0.47368421052631576
1038132,0.3478260869565217
1038126,0.30493273542600896
1038124,0.5526315789473685
1038131,0.48684210526315796
1038122,0.5628272251308901
1038128,0.4186046511627907
1038127,0.4186046511627907
1038116,0.7188160676532769
1038118,0.47368421052631576
1038117,0.5994897959183673
1038120,0.3893129770992367
1038114,0.48684210526315796
1038115,0.3893129770992367
1038110,0.4473684210526316
1038109,0.5394736842105263
1038102,0.695067264573991
1038106,0.3478260869565217
1038111,0.47368421052631576
1038103,0.5526315789473685
1038105,0.32710280373831774
1038096,0.5628272251308901
1038095,0.375
1038100,0.7188160676532769
1038093,0.5526315789473685
1038094,0.513157894736842
1038099,0.30493273542600896
1038088,0.5628272251308901
1038083,0.4473684210526316
1038085,0.47368421052631576
1038091,0.48684210526315796
1038090,0.46052631578947373
1038089,0.5813953488372093
1038076,0.513157894736842
1038075,0.5813953488372093
1038080,0.4005102040816326
1038078,0.4186046511627907
1038079,0.513157894736842
1038073,0.5526315789473685
1038070,0.625
1038065,0.5813953488372093
1038071,0.5263157894736842
1038067,0.46052631578947373
1038063,0.47368421052631576
1038058,0.5628272251308901
1038053,0.46052631578947373
1038057,0.41025641025641024
1038055,0.43717277486910994
1038060,0.30493273542600896
1038054,0.5628272251308901
1038059,0.5714285714285715
1038044,0.5526315789473685
1038042,0.375
1038049,0.5994897959183673
1038046,0.4186046511627907
1038048,0.375
1038050,0.513157894736842
1038038,0.6521739130434782
1038034,0.41025641025641024
1038041,0.5459317585301837
1038040,0.47368421052631576
1038035,0.3478260869565217
1038039,0.6106870229007634
1038030,0.4005102040816326
1038025,0.4186046511627907
1038029,0.375
1038027,0.6106870229007634
1038031,0.375
1038026,0.4285714285714286
1038024,0.6521739130434782
1038017,0.5
1038019,0.36319612590799033
1038020,0.6563245823389022
1038018,0.6025316455696202
1038012,0.4516971279373368
1038016,0.5
1038011,0.5
1038008,0.5263157894736842
1038010,0.3181818181818181
1038004,0.6563245823389022
1038007,0.43152454780361754
1038006,0.413265306122449
1037999,0.5684754521963824
1037996,0.5
1037995,0.28118393234672306
1037993,0.6368038740920097
1037989,0.5684754521963824
1037988,0.3436754176610979
1037984,0.4516971279373368
1037990,0.5
1037991,0.5
1037972,0.43152454780361754
1037980,0.36319612590799033
1037978,0.586734693877551
1037979,0.47368421052631576
1037974,0.36319612590799033
1037973,0.5263157894736842
1037965,0.39746835443037976
1037970,0.3436754176610979
1037967,0.36319612590799033
1037969,0.3796526054590571
1037964,0.43152454780361754
1037958,0.43152454780361754
1037959,0.5483028720626633
1037955,0.3796526054590571
1037953,0.5
1037960,0.43152454780361754
1037956,0.39746835443037976
878318,0.39746835443037976
878312,0.4516971279373368
878317,0.5
878321,0.5483028720626633
878314,0.5
878313,0.3796526054590571
878315,0.6025316455696202
878309,0.47368421052631576
878304,0.586734693877551
878305,0.2982456140350877
878310,0.47368421052631576
878307,0.586734693877551
878302,0.5684754521963824
878311,0.5483028720626633
878296,0.47368421052631576
878295,0.36319612590799033
878292,0.3436754176610979
878300,0.6368038740920097
878294,0.5
878298,0.586734693877551
878293,0.47368421052631576
878288,0.5
878291,0.5483028720626633
878290,0.5
878284,0.5
878289,0.39746835443037976
878282,0.4516971279373368
878287,0.6203473945409429
878272,0.47368421052631576
878276,0.5684754521963824
878279,0.47368421052631576
878273,0.4516971279373368
878277,0.4516971279373368
878274,0.5483028720626633
878281,0.4516971279373368
878266,0.47368421052631576
878262,0.47368421052631576
878268,0.3796526054590571
878270,0.5
878269,0.3436754176610979
878265,0.5
878271,0.43152454780361754
878264,0.6563245823389022
878261,0.5
878257,0.2982456140350877
878255,0.3436754176610979
878259,0.5263157894736842
878252,0.6025316455696202
878253,0.413265306122449
878256,0.3436754176610979
878242,0.4516971279373368
878247,0.5
878250,0.5483028720626633
878249,0.5
878245,0.5483028720626633
878244,0.39746835443037976
878248,0.6025316455696202
878233,0.47368421052631576
878238,0.23809523809523808
878232,0.47368421052631576
878237,0.6368038740920097
878240,0.43152454780361754
878241,0.47368421052631576
878236,0.3796526054590571
878224,0.36319612590799033
878230,0.43152454780361754
878227,0.39746835443037976
878228,0.5483028720626633
878223,0.43152454780361754
878222,0.3436754176610979
878226,0.5684754521963824
878229,0.3796526054590571
878220,0.3436754176610979
878214,0.6368038740920097
878218,0.4516971279373368
878210,0.413265306122449
878209,0.413265306122449
878206,0.6818181818181818
878207,0.5483028720626633
878202,0.36319612590799033
878208,0.47368421052631576
878204,0.28118393234672306
878200,0.47368421052631576
878196,0.43152454780361754
878194,0.3436754176610979
878198,0.47368421052631576
878185,0.25595238095238093
878184,0.5
878189,0.5483028720626633
878173,0.5263157894736842
878181,0.43152454780361754
878175,0.3436754176610979
878169,0.36319612590799033
878170,0.43152454780361754
878163,0.5
878162,0.47368421052631576
878171,0.3796526054590571
878165,0.2982456140350877
878168,0.47368421052631576
878156,0.2982456140350877
878158,0.39746835443037976
878154,0.36319612590799033
878157,0.47368421052631576
878155,0.3181818181818181
878153,0.5
878160,0.39746835443037976
878149,0.6203473945409429
878144,0.36319612590799033
878148,0.5
878151,0.413265306122449
878142,0.2982456140350877
878146,0.413265306122449
878150,0.3181818181818181
878134,0.5483028720626633
878139,0.47368421052631576
878140,0.47368421052631576
878137,0.3796526054590571
878135,0.413265306122449
878136,0.5
878138,0.3796526054590571
878104,0.5684754521963824
878108,0.47368421052631576
878131,0.5
878123,0.5
878125,0.3436754176610979
878130,0.4516971279373368
878128,0.3181818181818181
878129,0.47368421052631576
878127,0.5483028720626633
878112,0.5
878114,0.5263157894736842
878115,0.3796526054590571
878121,0.5684754521963824
878117,0.3796526054590571
878116,0.36319612590799033
878118,0.28118393234672306
878110,0.3181818181818181
878107,0.3436754176610979
878109,0.3181818181818181
878106,0.43152454780361754
878111,0.413265306122449
878102,0.47368421052631576
878092,0.47368421052631576
878099,0.36319612590799033
878097,0.43152454780361754
878095,0.47368421052631576
878094,0.3436754176610979
878101,0.5263157894736842
878098,0.39746835443037976
878090,0.5
878088,0.39746835443037976
878083,0.6563245823389022
878089,0.6203473945409429
878084,0.39746835443037976
878085,0.25595238095238093
878087,0.47368421052631576
878086,0.47368421052631576
878078,0.4516971279373368
878079,0.3436754176610979
878074,0.5
878081,0.43152454780361754
878077,0.5483028720626633
878072,0.5483028720626633
878073,0.4516971279373368
878066,0.5
878063,0.43152454780361754
878069,0.43152454780361754
878065,0.413265306122449
878064,0.43152454780361754
878068,0.47368421052631576
878067,0.47368421052631576
878053,0.3181818181818181
878058,0.43152454780361754
878052,0.5
878061,0.6563245823389022
878054,0.5
878057,0.6025316455696202
878060,0.4516971279373368
878059,0.3436754176610979
878042,0.3796526054590571
878045,0.6203473945409429
878044,0.4516971279373368
878047,0.47368421052631576
878043,0.6025316455696202
878048,0.43152454780361754
878050,0.4516971279373368
878033,0.6203473945409429
878041,0.39746835443037976
878034,0.6368038740920097
878040,0.39746835443037976
878039,0.43152454780361754
878037,0.36319612590799033
878035,0.47368421052631576
878030,0.47368421052631576
878025,0.5
878026,0.6368038740920097
878023,0.3796526054590571
878024,0.36319612590799033
878027,0.5483028720626633
878028,0.36319612590799033
878014,0.36319612590799033
878013,0.6368038740920097
878018,0.47368421052631576
878021,0.5263157894736842
878015,0.5263157894736842
878020,0.5
878017,0.43152454780361754
878009,0.5
878010,0.586734693877551
878005,0.43152454780361754
878008,0.43152454780361754
878004,0.4516971279373368
878007,0.5483028720626633
878002,0.3796526054590571
877995,0.47368421052631576
877999,0.47368421052631576
878000,0.47368421052631576
877997,0.36319612590799033
877992,0.4516971279373368
877996,0.413265306122449
877994,0.7619047619047619
877983,0.5
877984,0.3436754176610979
877989,0.47368421052631576
877991,0.586734693877551
877985,0.43152454780361754
877986,0.413265306122449
877978,0.36319612590799033
877977,0.5684754521963824
877972,0.5263157894736842
877973,0.39746835443037976
877975,0.5263157894736842
877976,0.6563245823389022
877966,0.5684754521963824
877962,0.7291666666666667
877965,0.4516971279373368
877971,0.413265306122449
877964,0.43152454780361754
877963,0.47368421052631576
877957,0.5
877952,0.4516971279373368
877954,0.5483028720626633
877958,0.43152454780361754
877956,0.5
877955,0.3796526054590571
877944,0.47368421052631576
877942,0.43152454780361754
877943,0.6368038740920097
877950,0.47368421052631576
877945,0.43152454780361754
877947,0.36319612590799033
721110,0.6203473945409429
721115,0.43152454780361754
721111,0.586734693877551
721112,0.4516971279373368
721118,0.3796526054590571
721116,0.5263157894736842
721113,0.7017543859649122
721117,0.6025316455696202
721108,0.413265306122449
721103,0.39746835443037976
721102,0.5684754521963824
721101,0.6563245823389022
721104,0.47368421052631576
721099,0.5483028720626633
721106,0.5263157894736842
721093,0.7291666666666667
721097,0.5
721095,0.4516971279373368
721092,0.3181818181818181
721090,0.6203473945409429
721091,0.47368421052631576
721096,0.47368421052631576
721086,0.4516971279373368
721088,0.4516971279373368
721084,0.3436754176610979
721081,0.586734693877551
721079,0.5
721083,0.4516971279373368
721087,0.5
721072,0.413265306122449
721071,0.6368038740920097
721077,0.413265306122449
721073,0.47368421052631576
721078,0.39746835443037976
721076,0.47368421052631576
721074,0.6203473945409429
720941,0.6368038740920097
721067,0.5263157894736842
721065,0.47368421052631576
721064,0.43152454780361754
721066,0.5483028720626633
721061,0.3181818181818181
721068,0.6025316455696202
721060,0.5263157894736842
721056,0.5
721050,0.4516971279373368
721054,0.5
721053,0.39746835443037976
721057,0.43152454780361754
721058,0.3436754176610979
721055,0.5
721046,0.43152454780361754
721042,0.6025316455696202
721048,0.413265306122449
721041,0.47368421052631576
721044,0.5
721047,0.47368421052631576
721045,0.5
721037,0.47368421052631576
721031,0.5
721035,0.43152454780361754
721032,0.4516971279373368
721029,0.5263157894736842
721033,0.5263157894736842
721036,0.586734693877551
721034,0.3436754176610979
721025,0.5483028720626633
721026,0.39746835443037976
721021,0.47368421052631576
721023,0.4516971279373368
721024,0.47368421052631576
721028,0.43152454780361754
721020,0.3796526054590571
721012,0.5483028720626633
721010,0.5684754521963824
721011,0.47368421052631576
721017,0.39746835443037976
721013,0.3181818181818181
721018,0.5483028720626633
721015,0.47368421052631576
721000,0.5263157894736842
721002,0.413265306122449
721008,0.5483028720626633
721006,0.5684754521963824
721007,0.5263157894736842
721004,0.36319612590799033
721005,0.4516971279373368
720944,0.413265306122449
720990,0.5
720995,0.36319612590799033
720996,0.4516971279373368
720998,0.5483028720626633
720997,0.5263157894736842
720991,0.4516971279373368
720994,0.43152454780361754
720981,0.5
720979,0.3796526054590571
720980,0.5483028720626633
720987,0.5483028720626633
720984,0.36319612590799033
720983,0.47368421052631576
720988,0.36319612590799033
720971,0.36319612590799033
720973,0.5483028720626633
720975,0.5263157894736842
720974,0.5263157894736842
720978,0.5
720976,0.4516971279373368
720959,0.4516971279373368
720966,0.586734693877551
720961,0.5263157894736842
720967,0.43152454780361754
720965,0.3436754176610979
720962,0.43152454780361754
720964,0.3436754176610979
720955,0.36319612590799033
720957,0.3796526054590571
720954,0.6818181818181818
720951,0.413265306122449
720956,0.36319612590799033
720958,0.5
720952,0.5483028720626633
720945,0.3436754176610979
720947,0.39746835443037976
720943,0.4516971279373368
720948,0.5
720931,0.5
720936,0.3436754176610979
720937,0.5
720934,0.6025316455696202
720930,0.5483028720626633
720935,0.43152454780361754
720932,0.4516971279373368
720925,0.3436754176610979
720927,0.6025316455696202
720922,0.43152454780361754
720921,0.5263157894736842
720928,0.43152454780361754
720923,0.5
720926,0.5
720939,0.5
720777,0.413265306122449
720914,0.5
720912,0.2982456140350877
720909,0.5
720913,0.413265306122449
720910,0.5483028720626633
720916,0.4516971279373368
720911,0.4516971279373368
720901,0.47368421052631576
720905,0.43152454780361754
720908,0.5263157894736842
720900,0.3181818181818181
720907,0.4516971279373368
720904,0.5
720902,0.3436754176610979
720892,0.3181818181818181
720891,0.5
720894,0.413265306122449
720897,0.4516971279373368
720895,0.5263157894736842
720890,0.6025316455696202
720896,0.413265306122449
720825,0.5483028720626633
720885,0.413265306122449
720886,0.5263157894736842
720884,0.43152454780361754
720881,0.5483028720626633
720888,0.5
720882,0.3181818181818181
720887,0.413265306122449
720880,0.5
720877,0.39746835443037976
720875,0.5
720878,0.4516971279373368
720873,0.6025316455696202
720870,0.5483028720626633
720871,0.43152454780361754
720874,0.43152454780361754
720861,0.43152454780361754
720865,0.413265306122449
720863,0.3796526054590571
720868,0.47368421052631576
720866,0.5684754521963824
720862,0.5
720864,0.47368421052631576
720853,0.43152454780361754
720857,0.3796526054590571
720854,0.413265306122449
720851,0.3181818181818181
720856,0.47368421052631576
720855,0.47368421052631576
720858,0.5263157894736842
720843,0.2982456140350877
720841,0.4516971279373368
720846,0.6203473945409429
720840,0.5263157894736842
720847,0.5483028720626633
720842,0.3796526054590571
720844,0.43152454780361754
720833,0.3436754176610979
720832,0.5263157894736842
720831,0.6203473945409429
720836,0.47368421052631576
720829,0.4516971279373368
720838,0.3796526054590571
720837,0.43152454780361754
720835,0.43152454780361754
720820,0.586734693877551
720828,0.5263157894736842
720821,0.43152454780361754
720827,0.3796526054590571
720826,0.47368421052631576
720824,0.3436754176610979
720814,0.413265306122449
720812,0.3436754176610979
720817,0.5
720815,0.5483028720626633
720818,0.3796526054590571
720811,0.4516971279373368
720816,0.43152454780361754
720802,0.5
720801,0.413265306122449
720805,0.43152454780361754
720800,0.5483028720626633
720803,0.3796526054590571
720804,0.6203473945409429
720806,0.47368421052631576
720807,0.43152454780361754
720792,0.43152454780361754
720795,0.47368421052631576
720796,0.6563245823389022
720798,0.47368421052631576
720797,0.47368421052631576
720794,0.47368421052631576
720789,0.43152454780361754
720781,0.6203473945409429
720786,0.5483028720626633
720782,0.47368421052631576
720785,0.43152454780361754
720784,0.4516971279373368
720788,0.3796526054590571
720772,0.43152454780361754
720770,0.3181818181818181
720776,0.6203473945409429
720775,0.413265306122449
720769,0.39746835443037976
720760,0.5483028720626633
720761,0.5483028720626633
720765,0.5483028720626633
720768,0.39746835443037976
720762,0.43152454780361754
720763,0.3181818181818181
720757,0.43152454780361754
720753,0.3436754176610979
720756,0.586734693877551
720750,0.5684754521963824
720754,0.43152454780361754
720755,0.413265306122449
720748,0.3436754176610979
720747,0.5263157894736842
720740,0.5483028720626633
720744,0.39746835443037976
720742,0.39746835443037976
720746,0.3436754176610979
605437,0.47368421052631576
605436,0.6563245823389022
605444,0.47368421052631576
605435,0.5483028720626633
605438,0.5263157894736842
605441,0.6203473945409429
605440,0.6025316455696202
605430,0.4516971279373368
605429,0.47368421052631576
605428,0.7291666666666667
605433,0.5
605434,0.5483028720626633
605432,0.5
605426,0.5684754521963824
605418,0.6025316455696202
605417,0.43152454780361754
605423,0.5
605419,0.43152454780361754
605416,0.39746835443037976
605422,0.5483028720626633
605420,0.744047619047619
605408,0.5
605411,0.5684754521963824
605414,0.586734693877551
605413,0.47368421052631576
605409,0.36319612590799033
605406,0.47368421052631576
605412,0.47368421052631576
605400,0.47368421052631576
605401,0.7017543859649122
605403,0.413265306122449
605402,0.47368421052631576
605399,0.5263157894736842
605398,0.43152454780361754
605395,0.5263157894736842
605388,0.744047619047619
605386,0.39746835443037976
605377,0.4516971279373368
605380,0.5263157894736842
605376,0.47368421052631576
605383,0.6203473945409429
605378,0.2982456140350877
605379,0.5483028720626633
605384,0.4516971279373368
605367,0.6025316455696202
605370,0.413265306122449
605373,0.5263157894736842
605374,0.3436754176610979
605368,0.5
605372,0.43152454780361754
605371,0.5684754521963824
605390,0.5
605392,0.586734693877551
605389,0.586734693877551
605394,0.43152454780361754
605393,0.3796526054590571
605357,0.47368421052631576
605363,0.3796526054590571
605362,0.5
605364,0.43152454780361754
605361,0.6203473945409429
605358,0.5
605360,0.3796526054590571
605352,0.3796526054590571
605346,0.7188160676532769
605354,0.47368421052631576
605350,0.28118393234672306
605351,0.5684754521963824
605348,0.4516971279373368
605349,0.5
605341,0.6203473945409429
605342,0.43152454780361754
605339,0.2982456140350877
605343,0.413265306122449
605340,0.39746835443037976
605338,0.5483028720626633
605335,0.413265306122449
605337,0.5483028720626633
605082,0.4516971279373368
605326,0.7291666666666667
605334,0.4516971279373368
605328,0.43152454780361754
605330,0.5
605327,0.43152454780361754
605332,0.3796526054590571
605333,0.5684754521963824
605331,0.47368421052631576
605315,0.39746835443037976
605321,0.6025316455696202
605319,0.43152454780361754
605320,0.6025316455696202
605324,0.4516971279373368
605323,0.2982456140350877
605322,0.47368421052631576
605312,0.47368421052631576
605310,0.3796526054590571
605306,0.413265306122449
605308,0.3436754176610979
605313,0.5263157894736842
605307,0.3796526054590571
605311,0.47368421052631576
605066,0.7188160676532769
605300,0.39746835443037976
605295,0.413265306122449
605299,0.3796526054590571
605303,0.5263157894736842
605302,0.47368421052631576
605304,0.413265306122449
605298,0.3436754176610979
605294,0.47368421052631576
605291,0.43152454780361754
605292,0.6203473945409429
605288,0.3796526054590571
605287,0.4516971279373368
605293,0.43152454780361754
605286,0.47368421052631576
605070,0.47368421052631576
605278,0.6203473945409429
605281,0.3796526054590571
605276,0.413265306122449
605283,0.3796526054590571
605284,0.4516971279373368
605279,0.47368421052631576
605280,0.47368421052631576
605266,0.5
605265,0.6203473945409429
605270,0.43152454780361754
605274,0.3796526054590571
605272,0.4516971279373368
605271,0.6818181818181818
605267,0.413265306122449
605273,0.3436754176610979
605256,0.2982456140350877
605258,0.413265306122449
605264,0.6203473945409429
605261,0.3436754176610979
605262,0.5263157894736842
605259,0.413265306122449
605260,0.5
605252,0.4516971279373368
605254,0.47368421052631576
605247,0.5
605249,0.3436754176610979
605253,0.413265306122449
605099,0.3796526054590571
605239,0.43152454780361754
605244,0.2982456140350877
605243,0.4516971279373368
605240,0.47368421052631576
605241,0.5483028720626633
605238,0.6563245823389022
605242,0.3796526054590571
605236,0.43152454780361754
605084,0.586734693877551
605230,0.6818181818181818
605232,0.5
605228,0.413265306122449
605226,0.413265306122449
605231,0.5483028720626633
605229,0.28118393234672306
605227,0.5
605234,0.6025316455696202
605215,0.3436754176610979
605224,0.6025316455696202
605218,0.4516971279373368
605220,0.43152454780361754
605221,0.5483028720626633
605217,0.6203473945409429
605223,0.43152454780361754
605209,0.6203473945409429
605207,0.3436754176610979
605213,0.413265306122449
605212,0.6563245823389022
605208,0.5
605214,0.3796526054590571
605211,0.5
605199,0.5483028720626633
605201,0.47368421052631576
605204,0.47368421052631576
605202,0.5
605203,0.43152454780361754
605197,0.744047619047619
605195,0.39746835443037976
605246,0.6025316455696202
605251,0.47368421052631576
605185,0.744047619047619
605194,0.3796526054590571
605186,0.5
605191,0.413265306122449
605188,0.36319612590799033
605192,0.39746835443037976
605193,0.36319612590799033
605178,0.413265306122449
605184,0.5263157894736842
605182,0.47368421052631576
605180,0.39746835443037976
605183,0.5263157894736842
605181,0.39746835443037976
605176,0.43152454780361754
605166,0.47368421052631576
605171,0.43152454780361754
605167,0.39746835443037976
605168,0.2982456140350877
605165,0.6818181818181818
605169,0.4516971279373368
605173,0.5
605156,0.43152454780361754
605160,0.36319612590799033
605158,0.2982456140350877
605163,0.43152454780361754
605164,0.6025316455696202
605161,0.5263157894736842
605162,0.39746835443037976
605152,0.6368038740920097
605153,0.3181818181818181
605150,0.6203473945409429
605147,0.39746835443037976
605151,0.47368421052631576
605146,0.7188160676532769
605148,0.3796526054590571
605154,0.43152454780361754
605144,0.47368421052631576
605143,0.3181818181818181
605140,0.4516971279373368
605138,0.43152454780361754
605137,0.5263157894736842
605136,0.3436754176610979
605142,0.6025316455696202
605129,0.5
605131,0.43152454780361754
605127,0.2982456140350877
605132,0.413265306122449
605130,0.36319612590799033
605126,0.6563245823389022
605117,0.5
605122,0.3181818181818181
605124,0.5483028720626633
605116,0.5
605119,0.3436754176610979
605120,0.47368421052631576
605121,0.413265306122449
605107,0.6203473945409429
605109,0.6203473945409429
605110,0.3796526054590571
605112,0.5
605111,0.3436754176610979
605113,0.2982456140350877
605096,0.6025316455696202
605103,0.6025316455696202
605101,0.6203473945409429
605098,0.3796526054590571
605102,0.5483028720626633
605087,0.6818181818181818
605093,0.3436754176610979
605089,0.3181818181818181
605091,0.47368421052631576
605088,0.5263157894736842
605081,0.5
605075,0.413265306122449
605076,0.4516971279373368
605077,0.2982456140350877
605083,0.43152454780361754
605071,0.47368421052631576
605072,0.3436754176610979
605069,0.2982456140350877
605067,0.3796526054590571
1550134,0.3636363636363637
1550131,0.7011393514461
1550130,0.5
1550136,0.5487326887901751
1550128,0.5874840357598977
1550135,0.45126731120982494
1550129,0.43108352728213084
1550133,0.5487326887901751
1550120,0.6818181818181818
1550125,0.5487326887901751
1550118,0.6198859409868585
1550124,0.5263157894736842
1550123,0.5
1550122,0.4125159642401021
1550117,0.5
1550121,0.43108352728213084
1550119,0.5263157894736842
1550126,0.5874840357598977
1550116,0.45126731120982494
1550109,0.4125159642401021
1550114,0.4125159642401021
1550108,0.5263157894736842
1550115,0.4125159642401021
1550111,0.6198859409868585
1550107,0.5487326887901751
1550113,0.5263157894736842
1550110,0.47368421052631576
1550112,0.47368421052631576
1550098,0.5
1550103,0.5
1550099,0.5487326887901751
1550102,0.3636363636363637
1550105,0.4125159642401021
1550101,0.5487326887901751
1550104,0.39812468322351746
1550106,0.47368421052631576
1550100,0.5689164727178692
1550087,0.5
1550089,0.39812468322351746
1550094,0.43108352728213084
1550088,0.5689164727178692
1550090,0.5874840357598977
1550096,0.47368421052631576
1550093,0.34430138292799234
1550091,0.38011405901314155
1550092,0.6198859409868585
1550095,0.45126731120982494
1378242,0.586734693877551
1378239,0.5
1378235,0.5263157894736842
1378238,0.36319612590799033
1378243,0.5263157894736842
1378240,0.5
1378241,0.5
1378237,0.5
1378234,0.5483028720626633
1378236,0.586734693877551
1378232,0.4516971279373368
1378233,0.43152454780361754
1378225,0.413265306122449
1378224,0.586734693877551
1378228,0.5684754521963824
1378229,0.6025316455696202
1378226,0.586734693877551
1378227,0.43152454780361754
1378230,0.47368421052631576
1378231,0.47368421052631576
1378220,0.5
1378219,0.5
1378221,0.5
1378215,0.47368421052631576
1378216,0.47368421052631576
1378223,0.5
1378218,0.5
1378217,0.5263157894736842
1378214,0.43152454780361754
1378222,0.5
1378211,0.5263157894736842
1378207,0.413265306122449
1378208,0.6368038740920097
1378209,0.6025316455696202
1378212,0.5483028720626633
1378205,0.43152454780361754
1378204,0.5684754521963824
1378206,0.43152454780361754
1378213,0.4516971279373368
1378210,0.36319612590799033
1378198,0.413265306122449
1378195,0.5
1378199,0.47368421052631576
1378202,0.586734693877551
1378197,0.5
1378196,0.5263157894736842
1378203,0.3436754176610979
1378194,0.4516971279373368
1378201,0.3796526054590571
1378200,0.5
1378187,0.413265306122449
1378186,0.5684754521963824
1378189,0.3796526054590571
1378193,0.47368421052631576
1378184,0.4516971279373368
1378190,0.5
1378188,0.4516971279373368
1378192,0.3796526054590571
1378185,0.6203473945409429
1378191,0.586734693877551
1378178,0.4516971279373368
1378177,0.5
1378175,0.4516971279373368
1378181,0.39746835443037976
1378179,0.47368421052631576
1378174,0.5483028720626633
1378180,0.5
1378183,0.3796526054590571
1378176,0.3796526054590571
1378182,0.5263157894736842
1378169,0.413265306122449
1378166,0.5483028720626633
1378168,0.5
1378172,0.47368421052631576
1378165,0.5263157894736842
1378170,0.413265306122449
1378164,0.47368421052631576
1378167,0.413265306122449
1378173,0.413265306122449
1378171,0.4516971279373368
1378158,0.5684754521963824
1378163,0.47368421052631576
1378155,0.47368421052631576
1378154,0.5
1378157,0.5684754521963824
1378160,0.6203473945409429
1378161,0.5263157894736842
1378162,0.4516971279373368
1378159,0.39746835443037976
1378156,0.3796526054590571
1378145,0.5
1378147,0.4516971279373368
1378144,0.413265306122449
1378150,0.47368421052631576
1378149,0.36319612590799033
1378153,0.36319612590799033
1378152,0.5263157894736842
1378148,0.4516971279373368
1378146,0.6025316455696202
1378151,0.413265306122449
1378140,0.4516971279373368
1378142,0.5
1378138,0.3796526054590571
1378137,0.5
1378135,0.4516971279373368
1378141,0.39746835443037976
1378139,0.6025316455696202
1378134,0.5263157894736842
1378136,0.47368421052631576
1378143,0.4516971279373368
1378132,0.4516971279373368
1378128,0.43152454780361754
1378129,0.413265306122449
1378131,0.36319612590799033
1378130,0.5
1378125,0.5684754521963824
1378126,0.5684754521963824
1378133,0.3796526054590571
1378124,0.5
1378127,0.39746835443037976
1378115,0.43152454780361754
1378117,0.5263157894736842
1378122,0.5483028720626633
1378121,0.5263157894736842
1378114,0.43152454780361754
1378118,0.39746835443037976
1378116,0.36319612590799033
1378120,0.47368421052631576
1378119,0.47368421052631576
1378123,0.43152454780361754
1378100,0.39746835443037976
1378104,0.3181818181818181
1378109,0.3181818181818181
1378112,0.4516971279373368
1378110,0.36319612590799033
1378106,0.36319612590799033
1378113,0.43152454780361754
1378107,0.47368421052631576
1378108,0.47368421052631576
1378105,0.5483028720626633
1378111,0.4516971279373368
1378101,0.43152454780361754
1378094,0.5684754521963824
1378098,0.4516971279373368
1378102,0.5483028720626633
1378099,0.3181818181818181
1378095,0.5
1378096,0.5
1378097,0.3436754176610979
1378103,0.413265306122449
1378084,0.4516971279373368
1378093,0.3796526054590571
1378090,0.47368421052631576
1378087,0.586734693877551
1378086,0.47368421052631576
1378092,0.36319612590799033
1378085,0.3796526054590571
1378089,0.43152454780361754
1378091,0.413265306122449
1378088,0.3436754176610979
1378083,0.36319612590799033
1378081,0.43152454780361754
1378079,0.39746835443037976
1378077,0.39746835443037976
1378074,0.5483028720626633
1378082,0.413265306122449
1378080,0.3181818181818181
1378076,0.5
1378075,0.5263157894736842
1378078,0.6368038740920097
1378067,0.36319612590799033
1378066,0.413265306122449
1378068,0.5
1378072,0.4516971279373368
1378064,0.5
1378070,0.36319612590799033
1378065,0.43152454780361754
1378069,0.4516971279373368
1378073,0.5263157894736842
1378071,0.5263157894736842
1378015,0.4516971279373368
1378023,0.3796526054590571
1378018,0.6203473945409429
1378021,0.5263157894736842
1378059,0.586734693877551
1378057,0.36319612590799033
1378058,0.43152454780361754
1378063,0.3181818181818181
1378056,0.5
1378060,0.36319612590799033
1378054,0.47368421052631576
1378061,0.4516971279373368
1378062,0.43152454780361754
1378055,0.4516971279373368
1378048,0.43152454780361754
1378045,0.36319612590799033
1378053,0.413265306122449
1378050,0.5684754521963824
1378046,0.413265306122449
1378049,0.4516971279373368
1378044,0.47368421052631576
1378052,0.47368421052631576
1378047,0.43152454780361754
1378051,0.4516971279373368
1378039,0.5684754521963824
1378043,0.36319612590799033
1378037,0.5
1378041,0.36319612590799033
1378034,0.43152454780361754
1378040,0.5263157894736842
1378038,0.3796526054590571
1378042,0.4516971279373368
1378036,0.4516971279373368
1378035,0.4516971279373368
1378031,0.43152454780361754
1378024,0.5483028720626633
1378025,0.4516971279373368
1378026,0.43152454780361754
1378028,0.5
1378030,0.4516971279373368
1378033,0.3436754176610979
1378027,0.43152454780361754
1378032,0.43152454780361754
1378029,0.47368421052631576
1378017,0.43152454780361754
1378016,0.43152454780361754
1378022,0.43152454780361754
1378014,0.413265306122449
1378019,0.43152454780361754
1378020,0.47368421052631576
1378011,0.413265306122449
1378005,0.4516971279373368
1378007,0.5
1378006,0.39746835443037976
1378013,0.413265306122449
1378009,0.5
1378004,0.5483028720626633
1378010,0.413265306122449
1378012,0.47368421052631576
1378008,0.3181818181818181
1378001,0.47368421052631576
1378002,0.3436754176610979
1377999,0.43152454780361754
1377998,0.3436754176610979
1377997,0.4516971279373368
1377994,0.43152454780361754
1377995,0.43152454780361754
1378003,0.5
1377996,0.5684754521963824
1378000,0.4516971279373368
1377985,0.5
1377993,0.3436754176610979
1377984,0.5
1377992,0.6025316455696202
1377989,0.36319612590799033
1377990,0.4516971279373368
1377988,0.6025316455696202
1377987,0.3181818181818181
1377991,0.43152454780361754
1377986,0.5
1377980,0.43152454780361754
1377981,0.3796526054590571
1377977,0.4516971279373368
1377978,0.3796526054590571
1377975,0.43152454780361754
1377983,0.36319612590799033
1377979,0.43152454780361754
1377976,0.4516971279373368
1377974,0.2982456140350877
1377982,0.3796526054590571
1377968,0.5483028720626633
1377973,0.4516971279373368
1377967,0.3181818181818181
1377965,0.36319612590799033
1377964,0.5684754521963824
1377971,0.47368421052631576
1377969,0.5
1377966,0.47368421052631576
1377970,0.3436754176610979
1377972,0.3796526054590571
1377956,0.4516971279373368
1377960,0.3436754176610979
1377957,0.3796526054590571
1377959,0.36319612590799033
1377961,0.39746835443037976
1377955,0.43152454780361754
1377963,0.5263157894736842
1377954,0.5263157894736842
1377958,0.4516971279373368
1377962,0.5263157894736842
1377946,0.413265306122449
1377948,0.43152454780361754
1377945,0.43152454780361754
1377953,0.4516971279373368
1377950,0.5263157894736842
1377947,0.47368421052631576
1377944,0.5
1377951,0.413265306122449
1377936,0.43152454780361754
1377935,0.3796526054590571
1377940,0.43152454780361754
1377943,0.39746835443037976
1377941,0.3436754176610979
1377934,0.6025316455696202
1377938,0.5
1377939,0.4186046511627907
1377942,0.413265306122449
1377937,0.5263157894736842
1377927,0.413265306122449
1377930,0.4516971279373368
1377924,0.5
1377925,0.4516971279373368
1377928,0.3436754176610979
1377926,0.4516971279373368
1377932,0.4516971279373368
1377933,0.413265306122449
1377929,0.413265306122449
1377931,0.36319612590799033
1377918,0.4516971279373368
1377920,0.43152454780361754
1377916,0.43152454780361754
1377915,0.43152454780361754
1377922,0.43152454780361754
1377914,0.5263157894736842
1377917,0.586734693877551
1377921,0.43152454780361754
1377919,0.4516971279373368
1377923,0.413265306122449
1377906,0.36319612590799033
1377910,0.3796526054590571
1377909,0.47368421052631576
1377908,0.413265306122449
1377912,0.47368421052631576
1377913,0.43152454780361754
1377904,0.5
1377907,0.47368421052631576
1377905,0.5263157894736842
1377897,0.6368038740920097
1377896,0.47368421052631576
1377895,0.43152454780361754
1377901,0.4516971279373368
1377898,0.413265306122449
1377902,0.5483028720626633
1377903,0.5
1377894,0.36319612590799033
1377899,0.36319612590799033
1377886,0.43152454780361754
1377893,0.3796526054590571
1377889,0.4516971279373368
1377892,0.5
1377884,0.5263157894736842
1377891,0.5
1377887,0.413265306122449
1377888,0.43152454780361754
1377885,0.43152454780361754
1377878,0.4516971279373368
1377877,0.6025316455696202
1377876,0.3436754176610979
1377883,0.43152454780361754
1377880,0.4516971279373368
1377874,0.4516971279373368
1377881,0.5483028720626633
1377879,0.4516971279373368
1377875,0.4516971279373368
1377868,0.5684754521963824
1377873,0.36319612590799033
1377869,0.47368421052631576
1377865,0.43152454780361754
1377866,0.5
1377870,0.5483028720626633
1377871,0.43152454780361754
1377872,0.5
1377867,0.3796526054590571
1223965,0.5684754521963824
1223973,0.5
1223968,0.2982456140350877
1223969,0.586734693877551
1223972,0.5483028720626633
1223974,0.6025316455696202
1223970,0.7017543859649122
1223966,0.47368421052631576
1223971,0.6203473945409429
1223967,0.6025316455696202
1223964,0.5483028720626633
1223961,0.39746835443037976
1223960,0.5263157894736842
1223962,0.4516971279373368
1223956,0.413265306122449
1223963,0.5
1223958,0.413265306122449
1223955,0.43152454780361754
1223957,0.47368421052631576
1223945,0.5483028720626633
1223954,0.43152454780361754
1223951,0.5263157894736842
1223952,0.4516971279373368
1223948,0.36319612590799033
1223953,0.5263157894736842
1223947,0.39746835443037976
1223949,0.4516971279373368
1223946,0.5684754521963824
1223950,0.5
1223938,0.5263157894736842
1223935,0.3796526054590571
1223943,0.47368421052631576
1223941,0.6563245823389022
1223937,0.5
1223939,0.5
1223940,0.4516971279373368
1223942,0.5263157894736842
1223936,0.413265306122449
1223944,0.43152454780361754
1223928,0.3796526054590571
1223931,0.586734693877551
1223933,0.413265306122449
1223925,0.586734693877551
1223932,0.47368421052631576
1223930,0.6025316455696202
1223927,0.413265306122449
1223929,0.5483028720626633
1223926,0.47368421052631576
1223934,0.5684754521963824
1223916,0.413265306122449
1223918,0.413265306122449
1223924,0.36319612590799033
1223922,0.5
1223920,0.6025316455696202
1223915,0.4516971279373368
1223917,0.3796526054590571
1223923,0.4516971279373368
1223921,0.5263157894736842
1223919,0.5
1223912,0.5
1223911,0.4516971279373368
1223906,0.4516971279373368
1223908,0.3181818181818181
1223907,0.5
1223905,0.5
1223910,0.5
1223909,0.5684754521963824
1223914,0.47368421052631576
1223913,0.5
1223896,0.3796526054590571
1223903,0.413265306122449
1223895,0.5483028720626633
1223904,0.36319612590799033
1223897,0.413265306122449
1223899,0.43152454780361754
1223900,0.5
1223902,0.5483028720626633
1223901,0.5
1223898,0.3436754176610979
1223891,0.43152454780361754
1223888,0.43152454780361754
1223893,0.5
1223889,0.5
1223887,0.5
1223885,0.47368421052631576
1223892,0.4516971279373368
1223890,0.413265306122449
1223886,0.47368421052631576
1223894,0.4516971279373368
1223875,0.5263157894736842
1223877,0.413265306122449
1223881,0.5
1223876,0.413265306122449
1223884,0.47368421052631576
1223882,0.43152454780361754
1223879,0.5483028720626633
1223880,0.5
1223883,0.43152454780361754
1223878,0.36319612590799033
1223871,0.47368421052631576
1223870,0.4516971279373368
1223867,0.4516971279373368
1223873,0.43152454780361754
1223868,0.413265306122449
1223869,0.6368038740920097
1223872,0.5
1223874,0.43152454780361754
1223866,0.5
1223865,0.3796526054590571
1223859,0.5
1223860,0.5483028720626633
1223863,0.4516971279373368
1223858,0.413265306122449
1223856,0.4516971279373368
1223861,0.413265306122449
1223864,0.5263157894736842
1223862,0.4516971279373368
1223855,0.6368038740920097
1223857,0.39746835443037976
1223676,0.47368421052631576
1223852,0.5483028720626633
1223845,0.4516971279373368
1223847,0.5684754521963824
1223848,0.47368421052631576
1223846,0.39746835443037976
1223849,0.5483028720626633
1223853,0.5263157894736842
1223851,0.5
1223854,0.5263157894736842
1223850,0.413265306122449
1223838,0.413265306122449
1223843,0.5263157894736842
1223842,0.39746835443037976
1223844,0.4516971279373368
1223837,0.4516971279373368
1223841,0.586734693877551
1223840,0.43152454780361754
1223836,0.3796526054590571
1223829,0.5483028720626633
1223832,0.47368421052631576
1223831,0.413265306122449
1223825,0.5483028720626633
1223830,0.586734693877551
1223834,0.5
1223833,0.3436754176610979
1223828,0.5483028720626633
1223826,0.47368421052631576
1223817,0.5263157894736842
1223823,0.4516971279373368
1223820,0.5263157894736842
1223818,0.5
1223819,0.5483028720626633
1223816,0.47368421052631576
1223815,0.5
1223821,0.43152454780361754
1223824,0.5
1223822,0.47368421052631576
1223807,0.3796526054590571
1223814,0.5
1223808,0.5263157894736842
1223809,0.5483028720626633
1223813,0.4516971279373368
1223810,0.7017543859649122
1223806,0.39746835443037976
1223811,0.3796526054590571
1223805,0.5263157894736842
1223812,0.413265306122449
1223798,0.47368421052631576
1223801,0.5684754521963824
1223800,0.5
1223797,0.47368421052631576
1223803,0.5263157894736842
1223799,0.4516971279373368
1223795,0.4516971279373368
1223802,0.43152454780361754
1223796,0.4516971279373368
1223804,0.5
1223779,0.5263157894736842
1223775,0.413265306122449
1223776,0.5
1223790,0.47368421052631576
1223791,0.5263157894736842
1223785,0.4516971279373368
1223794,0.5483028720626633
1223787,0.5
1223789,0.6203473945409429
1223792,0.3181818181818181
1223786,0.3796526054590571
1223793,0.5
1223788,0.47368421052631576
1223782,0.4516971279373368
1223783,0.5
1223780,0.3796526054590571
1223781,0.47368421052631576
1223778,0.4516971279373368
1223777,0.413265306122449
1223784,0.43152454780361754
1223765,0.47368421052631576
1223767,0.47368421052631576
1223771,0.4516971279373368
1223769,0.43152454780361754
1223772,0.5483028720626633
1223774,0.413265306122449
1223770,0.47368421052631576
1223766,0.5684754521963824
1223773,0.5
1223768,0.3796526054590571
1223759,0.5684754521963824
1223756,0.5263157894736842
1223761,0.43152454780361754
1223755,0.586734693877551
1223764,0.5
1223762,0.6368038740920097
1223760,0.5263157894736842
1223757,0.413265306122449
1223763,0.36319612590799033
1223758,0.5263157894736842
1223750,0.47368421052631576
1223752,0.5
1223747,0.5
1223745,0.43152454780361754
1223753,0.5263157894736842
1223751,0.43152454780361754
1223749,0.5
1223754,0.43152454780361754
1223746,0.5483028720626633
1223748,0.3181818181818181
1223741,0.36319612590799033
1223742,0.5
1223744,0.5
1223738,0.3796526054590571
1223736,0.5483028720626633
1223743,0.47368421052631576
1223740,0.36319612590799033
1223737,0.36319612590799033
1223735,0.5263157894736842
1223739,0.7188160676532769
1223732,0.5
1223729,0.36319612590799033
1223733,0.39746835443037976
1223731,0.5483028720626633
1223734,0.4516971279373368
1223725,0.43152454780361754
1223730,0.5263157894736842
1223727,0.4516971279373368
1223726,0.5263157894736842
1223724,0.43152454780361754
1223716,0.3436754176610979
1223719,0.47368421052631576
1223721,0.47368421052631576
1223715,0.5
1223723,0.3436754176610979
1223717,0.47368421052631576
1223722,0.6203473945409429
1223720,0.4516971279373368
1223718,0.5263157894736842
1223709,0.5
1223712,0.43152454780361754
1223707,0.5483028720626633
1223713,0.413265306122449
1223705,0.5
1223710,0.36319612590799033
1223706,0.586734693877551
1223714,0.586734693877551
1223711,0.3181818181818181
1223708,0.413265306122449
1223699,0.5483028720626633
1223702,0.5483028720626633
1223696,0.39746835443037976
1223698,0.7017543859649122
1223697,0.47368421052631576
1223703,0.43152454780361754
1223701,0.47368421052631576
1223700,0.5
1223704,0.413265306122449
1223695,0.47368421052631576
1223693,0.43152454780361754
1223687,0.47368421052631576
1223689,0.47368421052631576
1223690,0.6025316455696202
1223685,0.5684754521963824
1223694,0.43152454780361754
1223688,0.5
1223692,0.5
1223691,0.43152454780361754
1223686,0.4516971279373368
1223677,0.47368421052631576
1223678,0.4516971279373368
1223680,0.4516971279373368
1223679,0.5263157894736842
1223682,0.5
1223675,0.6203473945409429
1223681,0.5263157894736842
1223683,0.43152454780361754
1223684,0.4516971279373368
1223669,0.413265306122449
1223673,0.5263157894736842
1223665,0.43152454780361754
1223674,0.6025316455696202
1223671,0.4516971279373368
1223667,0.4516971279373368
1223670,0.43152454780361754
1223672,0.6025316455696202
1223668,0.43152454780361754
1223666,0.6025316455696202
1223657,0.5684754521963824
1223662,0.413265306122449
1223661,0.47368421052631576
1223656,0.5263157894736842
1223660,0.5
1223659,0.5684754521963824
1223655,0.5684754521963824
1223664,0.39746835443037976
1223658,0.4516971279373368
1223663,0.5263157894736842
1223651,0.5483028720626633
1223650,0.5483028720626633
1223647,0.4516971279373368
1223652,0.5483028720626633
1223646,0.4516971279373368
1223653,0.43152454780361754
1223645,0.4516971279373368
1223648,0.36319612590799033
1223654,0.5483028720626633
1223649,0.6563245823389022
1223639,0.5483028720626633
1223642,0.3796526054590571
1223637,0.47368421052631576
1223640,0.413265306122449
1223644,0.43152454780361754
1223638,0.3436754176610979
1223636,0.43152454780361754
1223630,0.5
1223633,0.5
1223632,0.5263157894736842
1223626,0.5263157894736842
1223634,0.39746835443037976
1223625,0.5
1223628,0.413265306122449
1223619,0.47368421052631576
1223617,0.413265306122449
1223616,0.4516971279373368
1223622,0.6025316455696202
1223620,0.5
1223621,0.413265306122449
1223615,0.43152454780361754
1223618,0.586734693877551
1223624,0.4473684210526316
1223607,0.413265306122449
1223612,0.5
1223610,0.4516971279373368
1223613,0.4516971279373368
1223606,0.5483028720626633
1223609,0.413265306122449
1223608,0.586734693877551
1223614,0.4516971279373368
1223611,0.6025316455696202
1223602,0.47368421052631576
1223601,0.5
1223596,0.5
1223599,0.5
1223595,0.413265306122449
1223603,0.5483028720626633
1223597,0.43152454780361754
1223604,0.5
1223598,0.5
1052533,0.6203473945409429
1052630,0.6025316455696202
1052626,0.47368421052631576
1052625,0.5263157894736842
1052628,0.6563245823389022
1052632,0.6368038740920097
1052623,0.5483028720626633
1052631,0.7801801801801801
1052629,0.6025316455696202
1052627,0.5
1052624,0.5483028720626633
1052613,0.413265306122449
1052619,0.5263157894736842
1052618,0.5483028720626633
1052615,0.586734693877551
1052617,0.5483028720626633
1052622,0.39746835443037976
1052620,0.47368421052631576
1052621,0.43152454780361754
1052616,0.5
1052614,0.5483028720626633
1052604,0.586734693877551
1052610,0.39746835443037976
1052603,0.5684754521963824
1052608,0.7017543859649122
1052606,0.5
1052607,0.36319612590799033
1052609,0.47368421052631576
1052611,0.586734693877551
1052612,0.5
1052605,0.5483028720626633
1052602,0.5263157894736842
1052599,0.6368038740920097
1052598,0.43152454780361754
1052596,0.6025316455696202
1052594,0.4516971279373368
1052595,0.43152454780361754
1052593,0.413265306122449
1052600,0.6203473945409429
1052597,0.5
1052601,0.3436754176610979
1052587,0.43152454780361754
1052585,0.5483028720626633
1052592,0.5263157894736842
1052583,0.5483028720626633
1052584,0.4516971279373368
1052588,0.47368421052631576
1052590,0.5
1052589,0.47368421052631576
1052591,0.43152454780361754
1052586,0.6025316455696202
1052572,0.413265306122449
1052577,0.5263157894736842
1052579,0.36319612590799033
1052578,0.5263157894736842
1052580,0.5483028720626633
1052582,0.47368421052631576
1052581,0.47368421052631576
1052576,0.36319612590799033
1052574,0.5483028720626633
1052573,0.413265306122449
1052575,0.413265306122449
1052563,0.5684754521963824
1052565,0.4516971279373368
1052566,0.6203473945409429
1052570,0.5684754521963824
1052569,0.6563245823389022
1052564,0.4516971279373368
1052571,0.3181818181818181
1052568,0.39746835443037976
1052567,0.5483028720626633
1052562,0.5459317585301837
1052557,0.4540682414698162
1052553,0.5263157894736842
1052556,0.3478260869565217
1052559,0.5263157894736842
1052555,0.48684210526315796
1052554,0.3893129770992367
1052560,0.4473684210526316
1052558,0.5526315789473685
1052561,0.5263157894736842
1052547,0.6521739130434782
1052549,0.3893129770992367
1052551,0.47368421052631576
1052544,0.4285714285714286
1052543,0.5459317585301837
1052545,0.5
1052548,0.4005102040816326
1052546,0.47368421052631576
1052552,0.41025641025641024
1052550,0.513157894736842
1052537,0.5459317585301837
1052540,0.5263157894736842
1052536,0.5
1052538,0.46052631578947373
1052535,0.48684210526315796
1052541,0.4473684210526316
1052539,0.48684210526315796
1052542,0.3893129770992367
1052534,0.4005102040816326
1052528,0.4285714285714286
1052525,0.46052631578947373
1052527,0.41025641025641024
1052530,0.5263157894736842
1052529,0.3893129770992367
1052526,0.41025641025641024
1052523,0.4285714285714286
1052524,0.47368421052631576
1052532,0.5526315789473685
1052531,0.43717277486910994
1052517,0.5526315789473685
1052520,0.4005102040816326
1052513,0.48684210526315796
1052514,0.4473684210526316
1052515,0.48684210526315796
1052516,0.513157894736842
1052521,0.3893129770992367
1052519,0.47368421052631576
1052522,0.46052631578947373
1052518,0.4473684210526316
1052456,0.5459317585301837
1052460,0.5628272251308901
1052505,0.4473684210526316
1052510,0.4005102040816326
1052509,0.5263157894736842
1052508,0.513157894736842
1052504,0.5459317585301837
1052507,0.5813953488372093
1052506,0.3627450980392157
1052511,0.4473684210526316
1052512,0.47368421052631576
1052503,0.43717277486910994
1052461,0.3478260869565217
1052499,0.47368421052631576
1052495,0.5459317585301837
1052494,0.4540682414698162
1052502,0.4540682414698162
1052498,0.3627450980392157
1052493,0.6372549019607844
1052496,0.41025641025641024
1052500,0.46052631578947373
1052497,0.6728971962616822
1052501,0.3893129770992367
1052453,0.41025641025641024
1052487,0.4473684210526316
1052488,0.48684210526315796
1052486,0.43717277486910994
1052489,0.4186046511627907
1052483,0.43717277486910994
1052485,0.5714285714285715
1052492,0.43717277486910994
1052490,0.48684210526315796
1052484,0.4473684210526316
1052491,0.41025641025641024
1052480,0.5263157894736842
1052477,0.4005102040816326
1052473,0.43717277486910994
1052479,0.5
1052481,0.46052631578947373
1052474,0.47368421052631576
1052476,0.5628272251308901
1052482,0.43717277486910994
1052475,0.3478260869565217
1052478,0.4186046511627907
1052472,0.47368421052631576
1052465,0.43717277486910994
1052469,0.3893129770992367
1052471,0.48684210526315796
1052467,0.4473684210526316
1052466,0.3627450980392157
1052470,0.4473684210526316
1052468,0.513157894736842
1052463,0.5714285714285715
1052464,0.3627450980392157
1052457,0.3893129770992367
1052459,0.3627450980392157
1052454,0.4540682414698162
1052455,0.48684210526315796
1052462,0.5
1052458,0.513157894736842
1052448,0.5526315789473685
1052443,0.5994897959183673
1052450,0.4285714285714286
1052445,0.47368421052631576
1052444,0.3627450980392157
1052449,0.43717277486910994
1052451,0.5714285714285715
1052447,0.4473684210526316
1052452,0.5628272251308901
1052446,0.32710280373831774
1052438,0.41025641025641024
1052439,0.47368421052631576
1052441,0.41025641025641024
1052442,0.41025641025641024
1052434,0.5526315789473685
1052440,0.5459317585301837
1052437,0.43717277486910994
1052435,0.513157894736842
1052436,0.6521739130434782
1052433,0.3478260869565217
1052428,0.32710280373831774
1052430,0.6521739130434782
1052427,0.4540682414698162
1052432,0.3893129770992367
1052424,0.513157894736842
1052423,0.5526315789473685
1052429,0.5
1052426,0.41025641025641024
1052431,0.5526315789473685
1052425,0.3893129770992367
1052419,0.4186046511627907
1052417,0.513157894736842
1052416,0.43717277486910994
1052422,0.4473684210526316
1052413,0.3893129770992367
1052415,0.4473684210526316
1052420,0.5628272251308901
1052418,0.47368421052631576
1052421,0.4285714285714286
1052414,0.4473684210526316
1052403,0.5994897959183673
1052407,0.4473684210526316
1052404,0.32710280373831774
1052412,0.5263157894736842
1052405,0.5263157894736842
1052409,0.5526315789473685
1052411,0.47368421052631576
1052410,0.6106870229007634
1052408,0.4540682414698162
1052406,0.30493273542600896
1052394,0.5394736842105263
1052395,0.4186046511627907
1052401,0.4473684210526316
1052402,0.43717277486910994
1052400,0.4186046511627907
1052396,0.43717277486910994
1052398,0.5994897959183673
1052393,0.46052631578947373
1052397,0.43717277486910994
1052399,0.43717277486910994
1052391,0.4186046511627907
1052389,0.5394736842105263
1052390,0.513157894736842
1052392,0.47368421052631576
1052383,0.513157894736842
1052386,0.375
1052387,0.5813953488372093
1052385,0.48684210526315796
1052384,0.41025641025641024
1052388,0.4285714285714286
1052374,0.375
1052378,0.375
1052379,0.41025641025641024
1052381,0.4473684210526316
1052377,0.43717277486910994
1052376,0.5628272251308901
1052375,0.47368421052631576
1052380,0.4473684210526316
1052373,0.5263157894736842
1052382,0.46052631578947373
1052365,0.695067264573991
1052367,0.3627450980392157
1052372,0.48684210526315796
1052363,0.4473684210526316
1052370,0.6521739130434782
1052369,0.4186046511627907
1052366,0.47368421052631576
1052368,0.4473684210526316
1052364,0.3627450980392157
1052371,0.5526315789473685
1052362,0.4540682414698162
1052357,0.5394736842105263
1052356,0.4285714285714286
1052360,0.43717277486910994
1052355,0.4186046511627907
1052358,0.4285714285714286
1052359,0.513157894736842
1052353,0.513157894736842
1052348,0.47368421052631576
1052344,0.5526315789473685
1052351,0.48684210526315796
1052346,0.513157894736842
1052350,0.47368421052631576
1052343,0.513157894736842
1052347,0.5263157894736842
1052349,0.3627450980392157
1052352,0.5459317585301837
1052345,0.4473684210526316
1052335,0.5897435897435896
1052342,0.43717277486910994
1052337,0.4285714285714286
1052333,0.5263157894736842
1052339,0.46052631578947373
1052334,0.513157894736842
1052338,0.48684210526315796
1052340,0.5526315789473685
1052341,0.47368421052631576
1052336,0.5263157894736842
1052332,0.5813953488372093
1052323,0.4473684210526316
1052329,0.4540682414698162
1052325,0.47368421052631576
1052331,0.5263157894736842
1052326,0.41025641025641024
1052328,0.3627450980392157
1052327,0.5897435897435896
1052330,0.513157894736842
1052324,0.513157894736842
1052315,0.5
1052321,0.4005102040816326
1052320,0.5994897959183673
1052318,0.5459317585301837
1052313,0.4540682414698162
1052322,0.43717277486910994
1052314,0.5263157894736842
1052319,0.5628272251308901
1052317,0.5
1052316,0.46052631578947373
1052306,0.3796526054590571
1052311,0.5
1052305,0.5
1052312,0.6025316455696202
1052310,0.413265306122449
1052308,0.744047619047619
1052307,0.5
1052304,0.4516971279373368
1052303,0.43152454780361754
1052309,0.5
1052301,0.3796526054590571
1052294,0.5
1052302,0.47368421052631576
1052293,0.5684754521963824
1052295,0.6025316455696202
1052296,0.5483028720626633
1052300,0.6025316455696202
1052298,0.5263157894736842
1052297,0.413265306122449
1052287,0.47368421052631576
1052292,0.3796526054590571
1052291,0.5263157894736842
1052284,0.5
1052290,0.4516971279373368
1052283,0.43152454780361754
1052286,0.5
1052288,0.5263157894736842
1052289,0.4516971279373368
1052277,0.413265306122449
1052275,0.5
1052281,0.413265306122449
1052276,0.5483028720626633
1052278,0.5483028720626633
1052273,0.5684754521963824
1052274,0.5263157894736842
1052279,0.3796526054590571
1052280,0.5263157894736842
1052263,0.5483028720626633
1052272,0.4516971279373368
1052271,0.6563245823389022
1052268,0.5
1052267,0.5
1052264,0.47368421052631576
1052269,0.43152454780361754
1052266,0.413265306122449
1052270,0.5263157894736842
1052253,0.47368421052631576
1052261,0.4516971279373368
1052262,0.4516971279373368
1052258,0.413265306122449
1052260,0.5483028720626633
1052259,0.43152454780361754
1052257,0.6025316455696202
1052256,0.4516971279373368
1052254,0.47368421052631576
1030674,0.32710280373831774
882159,0.5483028720626633
882154,0.47368421052631576
882157,0.47368421052631576
882150,0.6203473945409429
882155,0.5
882153,0.7801801801801801
882151,0.5483028720626633
882152,0.5684754521963824
882158,0.5
882156,0.6368038740920097
882142,0.47368421052631576
882147,0.6368038740920097
882149,0.43152454780361754
882140,0.5
882148,0.5
882146,0.5263157894736842
882141,0.413265306122449
882145,0.39746835443037976
882143,0.47368421052631576
882144,0.6025316455696202
882131,0.43152454780361754
882134,0.4516971279373368
882138,0.47368421052631576
882137,0.5
882136,0.43152454780361754
882132,0.43152454780361754
882133,0.6563245823389022
882130,0.5483028720626633
882135,0.47368421052631576
882139,0.5483028720626633
882128,0.47368421052631576
882127,0.5263157894736842
882120,0.39746835443037976
882125,0.5
882121,0.5263157894736842
882122,0.36319612590799033
882123,0.6025316455696202
882129,0.4516971279373368
882126,0.5684754521963824
882124,0.43152454780361754
882113,0.5263157894736842
882119,0.5263157894736842
882112,0.47368421052631576
882115,0.36319612590799033
882114,0.5
882118,0.39746835443037976
882110,0.5
882111,0.47368421052631576
882116,0.413265306122449
882117,0.43152454780361754
882109,0.5
882106,0.43152454780361754
882101,0.5
882103,0.5483028720626633
882104,0.39746835443037976
882107,0.5263157894736842
882105,0.39746835443037976
882102,0.413265306122449
882108,0.5263157894736842
882100,0.6025316455696202
882090,0.36319612590799033
882092,0.586734693877551
882095,0.6368038740920097
882097,0.5
882091,0.39746835443037976
882093,0.4516971279373368
882096,0.43152454780361754
882098,0.3436754176610979
882099,0.4516971279373368
882094,0.36319612590799033
882080,0.43152454780361754
882082,0.39746835443037976
882089,0.43152454780361754
882088,0.4516971279373368
882087,0.5
882081,0.5
882085,0.4516971279373368
882083,0.36319612590799033
882084,0.5
882086,0.36319612590799033
882075,0.5263157894736842
882074,0.36319612590799033
882077,0.5
882079,0.47368421052631576
882073,0.39746835443037976
882072,0.5263157894736842
882076,0.47368421052631576
882070,0.36319612590799033
882078,0.4516971279373368
882071,0.47368421052631576
882064,0.43152454780361754
882061,0.5483028720626633
882053,0.4516971279373368
882058,0.43152454780361754
882052,0.47368421052631576
882057,0.39746835443037976
882059,0.43152454780361754
882050,0.4516971279373368
882056,0.413265306122449
882055,0.47368421052631576
882054,0.5263157894736842
882042,0.413265306122449
882041,0.4516971279373368
882049,0.39746835443037976
882047,0.3796526054590571
882048,0.4516971279373368
882046,0.4516971279373368
882044,0.5483028720626633
882037,0.4516971279373368
882031,0.4516971279373368
882038,0.5
882022,0.5483028720626633
882020,0.5483028720626633
882013,0.3796526054590571
882011,0.413265306122449
882014,0.47368421052631576
882017,0.413265306122449
882016,0.47368421052631576
882019,0.5
882018,0.47368421052631576
882010,0.5
882015,0.43152454780361754
882012,0.5483028720626633
882009,0.413265306122449
882004,0.3796526054590571
882008,0.47368421052631576
882005,0.47368421052631576
882001,0.5
882000,0.5263157894736842
882002,0.5684754521963824
882003,0.4516971279373368
882006,0.43152454780361754
882007,0.5483028720626633
881998,0.5263157894736842
881992,0.47368421052631576
881997,0.6203473945409429
881993,0.4516971279373368
881990,0.43152454780361754
881999,0.5263157894736842
881994,0.47368421052631576
881995,0.36319612590799033
881991,0.47368421052631576
881996,0.4516971279373368
881986,0.5
881984,0.43152454780361754
881982,0.43152454780361754
881983,0.4516971279373368
881981,0.5
881989,0.413265306122449
881988,0.5483028720626633
881987,0.586734693877551
881985,0.5
881980,0.3796526054590571
881979,0.43152454780361754
881977,0.4516971279373368
881978,0.47368421052631576
881974,0.47368421052631576
881976,0.6025316455696202
881970,0.586734693877551
881972,0.5263157894736842
881973,0.43152454780361754
881975,0.4516971279373368
881971,0.43152454780361754
881965,0.47368421052631576
881963,0.6203473945409429
881960,0.43152454780361754
881964,0.5
881969,0.43152454780361754
881966,0.5483028720626633
881968,0.47368421052631576
881961,0.413265306122449
881967,0.6368038740920097
881962,0.3796526054590571
881952,0.4516971279373368
881956,0.43152454780361754
881950,0.6203473945409429
881959,0.47368421052631576
881958,0.4516971279373368
881957,0.586734693877551
881953,0.5684754521963824
881954,0.5
881951,0.43152454780361754
881955,0.47368421052631576
881940,0.47368421052631576
881942,0.4516971279373368
881945,0.5
881948,0.5483028720626633
881949,0.43152454780361754
881944,0.5483028720626633
881947,0.4516971279373368
881946,0.5483028720626633
881943,0.47368421052631576
881941,0.5684754521963824
881932,0.5684754521963824
881935,0.5483028720626633
881930,0.4516971279373368
881931,0.5
881937,0.43152454780361754
881934,0.4516971279373368
881936,0.4516971279373368
881933,0.5483028720626633
881938,0.5684754521963824
881939,0.5
881924,0.413265306122449
881925,0.5263157894736842
881926,0.5
881928,0.413265306122449
881923,0.5483028720626633
881920,0.586734693877551
881921,0.5
881929,0.3181818181818181
881927,0.6203473945409429
881922,0.4516971279373368
881914,0.5
881912,0.5
881919,0.3796526054590571
881913,0.6025316455696202
881911,0.5483028720626633
881917,0.5263157894736842
881915,0.43152454780361754
881910,0.5
881918,0.5
881916,0.6818181818181818
881907,0.47368421052631576
881908,0.4516971279373368
881905,0.47368421052631576
881906,0.5
881901,0.413265306122449
881903,0.6368038740920097
881900,0.5483028720626633
881902,0.586734693877551
881904,0.5
881909,0.47368421052631576
881896,0.4516971279373368
881891,0.47368421052631576
881899,0.4516971279373368
881893,0.5483028720626633
881897,0.5
881890,0.5483028720626633
881895,0.5684754521963824
881892,0.6563245823389022
881898,0.43152454780361754
881894,0.7017543859649122
881888,0.5684754521963824
881882,0.47368421052631576
881886,0.5263157894736842
881880,0.5483028720626633
881881,0.43152454780361754
881889,0.4516971279373368
881883,0.5
881885,0.5483028720626633
881887,0.47368421052631576
881884,0.5483028720626633
881875,0.43152454780361754
881877,0.47368421052631576
881872,0.5483028720626633
881876,0.6025316455696202
881878,0.47368421052631576
881874,0.586734693877551
881873,0.7017543859649122
881870,0.5684754521963824
881879,0.36319612590799033
881871,0.5
881862,0.5483028720626633
881865,0.5
881861,0.586734693877551
881869,0.5263157894736842
881866,0.5
881864,0.5
881868,0.5483028720626633
881860,0.4516971279373368
881863,0.43152454780361754
881867,0.5684754521963824
881852,0.5263157894736842
881854,0.5
881850,0.5
881858,0.47368421052631576
881859,0.5483028720626633
881856,0.47368421052631576
881855,0.6025316455696202
881851,0.5483028720626633
881853,0.5263157894736842
881857,0.5
881843,0.47368421052631576
881845,0.5
881844,0.47368421052631576
881842,0.5
881841,0.5483028720626633
881849,0.5483028720626633
881848,0.5
881847,0.4516971279373368
881840,0.5263157894736842
881846,0.47368421052631576
881832,0.5
881834,0.5
881835,0.586734693877551
881836,0.47368421052631576
881839,0.5684754521963824
881831,0.5
881830,0.6025316455696202
881838,0.5
881833,0.5483028720626633
881837,0.6025316455696202
881829,0.47368421052631576
881828,0.5
881826,0.47368421052631576
881825,0.5
881824,0.5
881822,0.5684754521963824
881821,0.5
881820,0.43152454780361754
881819,0.5
881818,0.5483028720626633
881817,0.6203473945409429
881816,0.5684754521963824
881813,0.5
881815,0.5263157894736842
881814,0.5263157894736842
881810,0.6025316455696202
881809,0.5
881808,0.5483028720626633
881807,0.4516971279373368
881806,0.586734693877551
881804,0.6025316455696202
881805,0.5684754521963824
881803,0.43152454780361754
881801,0.5684754521963824
881799,0.5
881796,0.5483028720626633
881797,0.5483028720626633
881794,0.5684754521963824
881793,0.6563245823389022
881792,0.7291666666666667
881790,0.5263157894736842
881791,0.586734693877551
881789,0.6203473945409429
881788,0.5483028720626633
881786,0.5483028720626633
881787,0.5263157894736842
881785,0.5684754521963824
881782,0.6203473945409429
881781,0.5684754521963824
881780,0.5684754521963824
731959,0.6025316455696202
731963,0.5483028720626633
731957,0.744047619047619
731960,0.6368038740920097
731961,0.6025316455696202
731955,0.5263157894736842
731958,0.5684754521963824
731954,0.744047619047619
731956,0.6203473945409429
731962,0.5483028720626633
731948,0.5483028720626633
731952,0.5483028720626633
731945,0.6203473945409429
731949,0.5263157894736842
731950,0.6203473945409429
731944,0.7188160676532769
731951,0.6025316455696202
731953,0.586734693877551
731947,0.5263157894736842
731946,0.6025316455696202
731934,0.47368421052631576
731936,0.5263157894736842
731939,0.3796526054590571
731943,0.5263157894736842
731941,0.6563245823389022
731938,0.5684754521963824
731940,0.6563245823389022
731942,0.5
731935,0.4516971279373368
731937,0.7619047619047619
731780,0.4516971279373368
731924,0.6563245823389022
731930,0.5263157894736842
731933,0.6203473945409429
731926,0.5483028720626633
731928,0.586734693877551
731927,0.6025316455696202
731932,0.586734693877551
731931,0.36319612590799033
731925,0.4516971279373368
731929,0.7188160676532769
731775,0.6368038740920097
731774,0.5483028720626633
731776,0.5483028720626633
731921,0.6025316455696202
731919,0.5
731916,0.4516971279373368
731914,0.5263157894736842
731915,0.6368038740920097
731920,0.5
731917,0.5263157894736842
731918,0.5684754521963824
731922,0.47368421052631576
731923,0.6203473945409429
731772,0.5
731904,0.5483028720626633
731910,0.5
731908,0.5263157894736842
731907,0.5483028720626633
731906,0.6025316455696202
731911,0.5
731913,0.586734693877551
731905,0.6025316455696202
731909,0.5263157894736842
731912,0.6025316455696202
731894,0.47368421052631576
731902,0.5
731900,0.586734693877551
731901,0.6818181818181818
731903,0.5
731899,0.5483028720626633
731897,0.4516971279373368
731895,0.5
731898,0.586734693877551
731896,0.5263157894736842
731889,0.5684754521963824
731886,0.5
731887,0.4516971279373368
731891,0.5263157894736842
731893,0.4516971279373368
731884,0.5
731885,0.586734693877551
731890,0.4516971279373368
731888,0.6818181818181818
731892,0.4516971279373368
731874,0.47368421052631576
731881,0.4516971279373368
731876,0.5684754521963824
731879,0.586734693877551
731883,0.5
731875,0.5
731878,0.586734693877551
731880,0.5263157894736842
731877,0.3796526054590571
731882,0.5684754521963824
731867,0.6203473945409429
731872,0.5263157894736842
731864,0.5684754521963824
731873,0.47368421052631576
731866,0.5
731865,0.5483028720626633
731868,0.6563245823389022
731870,0.5
731869,0.6368038740920097
731871,0.43152454780361754
731860,0.4516971279373368
731859,0.586734693877551
731854,0.43152454780361754
731856,0.5263157894736842
731863,0.6203473945409429
731857,0.5
731855,0.5
731861,0.5263157894736842
731862,0.5
731858,0.7017543859649122
731844,0.586734693877551
731848,0.5
731852,0.5
731847,0.5483028720626633
731853,0.47368421052631576
731851,0.6203473945409429
731845,0.5684754521963824
731850,0.5
731846,0.586734693877551
731849,0.5
731834,0.47368421052631576
731835,0.4516971279373368
731842,0.39746835443037976
731837,0.7188160676532769
731843,0.43152454780361754
731836,0.5684754521963824
731840,0.5684754521963824
731839,0.47368421052631576
731841,0.5684754521963824
731838,0.4516971279373368
731832,0.5263157894736842
731824,0.47368421052631576
731831,0.5684754521963824
731827,0.47368421052631576
731825,0.5483028720626633
731826,0.4516971279373368
731829,0.586734693877551
731833,0.5
731830,0.5263157894736842
731828,0.5263157894736842
731820,0.47368421052631576
731818,0.47368421052631576
731822,0.43152454780361754
731815,0.5483028720626633
731821,0.6025316455696202
731823,0.5483028720626633
731814,0.6368038740920097
731816,0.5263157894736842
731817,0.5
731819,0.5483028720626633
731810,0.4516971279373368
731805,0.586734693877551
731813,0.5684754521963824
731811,0.6203473945409429
731812,0.5
731804,0.5684754521963824
731809,0.5483028720626633
731808,0.7017543859649122
731806,0.4516971279373368
731807,0.5263157894736842
731796,0.5684754521963824
731798,0.6203473945409429
731795,0.5
731794,0.5483028720626633
731799,0.6368038740920097
731803,0.5684754521963824
731802,0.5263157894736842
731797,0.5483028720626633
731800,0.6025316455696202
731801,0.5
731784,0.5
731791,0.5
731788,0.6025316455696202
731787,0.6025316455696202
731790,0.43152454780361754
731786,0.413265306122449
731789,0.5483028720626633
731792,0.5
731785,0.6563245823389022
731793,0.5483028720626633
731777,0.47368421052631576
731779,0.5483028720626633
731782,0.5263157894736842
731778,0.6203473945409429
731783,0.5263157894736842
731781,0.5263157894736842
731769,0.6025316455696202
731764,0.586734693877551
731767,0.6025316455696202
731770,0.586734693877551
731766,0.5483028720626633
731773,0.4516971279373368
731771,0.6025316455696202
731768,0.5483028720626633
731765,0.5684754521963824
731759,0.5
731761,0.5
731763,0.5
731762,0.5684754521963824
731757,0.6025316455696202
731756,0.47368421052631576
731755,0.47368421052631576
731754,0.6025316455696202
731760,0.6563245823389022
731758,0.47368421052631576
731749,0.586734693877551
731747,0.6818181818181818
731748,0.6563245823389022
731750,0.5483028720626633
731746,0.586734693877551
731751,0.5
731752,0.5
731753,0.5263157894736842
731744,0.6025316455696202
731745,0.47368421052631576
731735,0.4516971279373368
731736,0.5263157894736842
731737,0.586734693877551
731741,0.5684754521963824
731742,0.5483028720626633
731743,0.47368421052631576
731734,0.5263157894736842
731739,0.5483028720626633
731740,0.5684754521963824
731738,0.6025316455696202
731730,0.5
731733,0.5263157894736842
731727,0.5263157894736842
731732,0.6025316455696202
731725,0.5
731729,0.7188160676532769
731728,0.5483028720626633
731731,0.5
731726,0.5483028720626633
731724,0.6025316455696202
731718,0.5684754521963824
731719,0.5483028720626633
731717,0.6563245823389022
731721,0.5
731722,0.5
731723,0.6025316455696202
731716,0.5483028720626633
731715,0.5483028720626633
731720,0.5
731714,0.4516971279373368
731713,0.43152454780361754
731708,0.5483028720626633
731707,0.6025316455696202
731709,0.5263157894736842
731711,0.5483028720626633
731705,0.5
731712,0.6203473945409429
731706,0.5483028720626633
731710,0.5
731704,0.6563245823389022
731698,0.5483028720626633
731697,0.6203473945409429
731699,0.586734693877551
731702,0.5483028720626633
731700,0.5263157894736842
731703,0.5263157894736842
731694,0.586734693877551
731696,0.5
731701,0.5
731695,0.5483028720626633
731685,0.5483028720626633
731690,0.5483028720626633
731691,0.6025316455696202
731686,0.5684754521963824
731692,0.6818181818181818
731687,0.5
731689,0.6025316455696202
731693,0.5
731688,0.5
731684,0.6203473945409429
731679,0.6368038740920097
731674,0.6203473945409429
731677,0.5483028720626633
731675,0.6563245823389022
731676,0.6368038740920097
731680,0.6025316455696202
731682,0.43152454780361754
731678,0.5263157894736842
731681,0.5684754521963824
731683,0.5
731668,0.5263157894736842
731669,0.5684754521963824
731667,0.5483028720626633
731666,0.5483028720626633
731664,0.6203473945409429
731665,0.5483028720626633
731672,0.5684754521963824
731670,0.5483028720626633
731671,0.6025316455696202
731673,0.5263157894736842
731663,0.5
731657,0.5483028720626633
731660,0.6025316455696202
731655,0.6203473945409429
731662,0.47368421052631576
731656,0.5483028720626633
731654,0.5
731659,0.5684754521963824
731658,0.5483028720626633
731661,0.5
731644,0.5483028720626633
731649,0.6818181818181818
731647,0.586734693877551
731651,0.5
731648,0.6025316455696202
731645,0.5483028720626633
731652,0.6563245823389022
731653,0.4516971279373368
731650,0.4516971279373368
731646,0.47368421052631576
731643,0.47368421052631576
731639,0.6818181818181818
731638,0.5684754521963824
731640,0.6025316455696202
731634,0.6025316455696202
731642,0.4516971279373368
731637,0.6368038740920097
731635,0.5
731636,0.586734693877551
731641,0.5684754521963824
731629,0.6025316455696202
731631,0.586734693877551
731633,0.5263157894736842
731632,0.6025316455696202
731624,0.6563245823389022
731627,0.5483028720626633
731625,0.5
731622,0.5
731618,0.5
731619,0.5684754521963824
731616,0.5483028720626633
731617,0.6203473945409429
731615,0.5
731621,0.6203473945409429
731605,0.5483028720626633
731610,0.6563245823389022
731608,0.5483028720626633
731612,0.5483028720626633
731606,0.5263157894736842
731611,0.5684754521963824
731604,0.5684754521963824
731609,0.5
731600,0.5483028720626633
731596,0.5
731602,0.586734693877551
731595,0.5684754521963824
731594,0.7017543859649122
731599,0.6025316455696202
731597,0.5483028720626633
731591,0.5263157894736842
731585,0.47368421052631576
731590,0.586734693877551
731593,0.5
731592,0.6025316455696202
731588,0.586734693877551
731587,0.5263157894736842
608905,0.6563245823389022
608909,0.6563245823389022
608908,0.7188160676532769
608914,0.7017543859649122
608910,0.6563245823389022
608912,0.7188160676532769
608913,0.6563245823389022
608907,0.6203473945409429
608906,0.7017543859649122
608911,0.6563245823389022
608782,0.5483028720626633
608896,0.6025316455696202
608897,0.6203473945409429
608903,0.6818181818181818
608902,0.5483028720626633
608898,0.6818181818181818
608901,0.6203473945409429
608900,0.6818181818181818
608899,0.5483028720626633
608904,0.47368421052631576
608895,0.7188160676532769
608894,0.6025316455696202
608885,0.744047619047619
608888,0.6563245823389022
608890,0.6563245823389022
608889,0.5483028720626633
608891,0.6818181818181818
608892,0.5483028720626633
608887,0.5483028720626633
608886,0.5263157894736842
608893,0.6025316455696202
608880,0.586734693877551
608878,0.7291666666666667
608875,0.7188160676532769
608884,0.5263157894736842
608877,0.5
608883,0.5684754521963824
608879,0.586734693877551
608882,0.6025316455696202
608881,0.6025316455696202
608876,0.5263157894736842
608872,0.5684754521963824
608873,0.586734693877551
608871,0.5483028720626633
608868,0.5483028720626633
608865,0.7017543859649122
608867,0.6563245823389022
608869,0.6025316455696202
608866,0.6025316455696202
608870,0.6818181818181818
608874,0.5
608858,0.5684754521963824
608859,0.5684754521963824
608855,0.7017543859649122
608860,0.5684754521963824
608864,0.6025316455696202
608857,0.5263157894736842
608863,0.47368421052631576
608861,0.6025316455696202
608856,0.586734693877551
608862,0.47368421052631576
608850,0.5684754521963824
608845,0.6563245823389022
608846,0.4516971279373368
608852,0.5684754521963824
608849,0.6025316455696202
608854,0.5483028720626633
608851,0.6563245823389022
608847,0.4516971279373368
608853,0.5483028720626633
608848,0.5
608838,0.5
608841,0.586734693877551
608839,0.5483028720626633
608842,0.5684754521963824
608835,0.6368038740920097
608837,0.5483028720626633
608840,0.5263157894736842
608836,0.5263157894736842
608843,0.5483028720626633
608844,0.5
608833,0.5483028720626633
608825,0.6025316455696202
608826,0.6203473945409429
608832,0.5483028720626633
608829,0.6203473945409429
608830,0.5
608827,0.586734693877551
608834,0.47368421052631576
608831,0.5684754521963824
608828,0.5684754521963824
608813,0.6818181818181818
608504,0.5483028720626633
608817,0.6368038740920097
608818,0.5684754521963824
608822,0.5684754521963824
608824,0.47368421052631576
608823,0.5483028720626633
608816,0.413265306122449
608819,0.47368421052631576
608820,0.6203473945409429
608815,0.6563245823389022
608821,0.586734693877551
608812,0.5263157894736842
608811,0.5
608810,0.47368421052631576
608806,0.7188160676532769
608814,0.5
608805,0.5483028720626633
608808,0.47368421052631576
608807,0.5684754521963824
608809,0.43152454780361754
608774,0.5263157894736842
608799,0.5
608798,0.5483028720626633
608797,0.586734693877551
608800,0.5684754521963824
608801,0.5263157894736842
608803,0.3796526054590571
608796,0.4516971279373368
608804,0.5263157894736842
608802,0.6203473945409429
608795,0.6203473945409429
608785,0.5263157894736842
608787,0.5684754521963824
608788,0.4516971279373368
608792,0.413265306122449
608791,0.47368421052631576
608789,0.5684754521963824
608790,0.5483028720626633
608793,0.4516971279373368
608786,0.47368421052631576
608777,0.6368038740920097
608779,0.5263157894736842
608783,0.4516971279373368
608780,0.4516971279373368
608776,0.6818181818181818
608784,0.47368421052631576
608775,0.5
608778,0.5684754521963824
608781,0.586734693877551
608772,0.6025316455696202
608766,0.5684754521963824
608767,0.5263157894736842
608769,0.6203473945409429
608768,0.413265306122449
608765,0.6203473945409429
608770,0.5483028720626633
608771,0.5483028720626633
608773,0.5
608756,0.7017543859649122
608759,0.6563245823389022
608758,0.5263157894736842
608757,0.5684754521963824
608763,0.413265306122449
608755,0.5684754521963824
608764,0.413265306122449
608760,0.5483028720626633
608762,0.4516971279373368
608761,0.47368421052631576
608752,0.43152454780361754
608750,0.5483028720626633
608753,0.5684754521963824
608745,0.6203473945409429
608747,0.5
608754,0.5263157894736842
608751,0.5684754521963824
608749,0.5263157894736842
608748,0.47368421052631576
608746,0.5263157894736842
608736,0.6025316455696202
608735,0.47368421052631576
608737,0.6563245823389022
608744,0.43152454780361754
608741,0.5684754521963824
608739,0.5263157894736842
608740,0.586734693877551
608743,0.6025316455696202
608742,0.5
608738,0.5483028720626633
608734,0.5684754521963824
608731,0.6025316455696202
608729,0.5684754521963824
608732,0.6025316455696202
608727,0.4516971279373368
608733,0.47368421052631576
608725,0.7017543859649122
608728,0.6563245823389022
608730,0.5684754521963824
608726,0.4516971279373368
608721,0.5263157894736842
608719,0.6025316455696202
608717,0.5263157894736842
608724,0.5263157894736842
608718,0.6025316455696202
608716,0.5
608723,0.5263157894736842
608720,0.5684754521963824
608722,0.6563245823389022
608715,0.5
608633,0.5
608707,0.5483028720626633
608709,0.5
608705,0.6818181818181818
608708,0.5
608713,0.5684754521963824
608711,0.5
608712,0.5
608714,0.47368421052631576
608706,0.5
608710,0.586734693877551
608702,0.5483028720626633
608698,0.6818181818181818
608696,0.5263157894736842
608704,0.5
608703,0.4516971279373368
608700,0.5483028720626633
608701,0.6025316455696202
608699,0.5263157894736842
608697,0.5
608695,0.6368038740920097
608690,0.5
608691,0.6368038740920097
608688,0.5684754521963824
608685,0.7017543859649122
608686,0.47368421052631576
608692,0.586734693877551
608693,0.586734693877551
608689,0.47368421052631576
608694,0.43152454780361754
608687,0.6025316455696202
608681,0.5483028720626633
608676,0.5684754521963824
608682,0.47368421052631576
608675,0.6818181818181818
608679,0.5263157894736842
608678,0.5
608684,0.5
608677,0.6025316455696202
608683,0.6203473945409429
608680,0.6818181818181818
608665,0.6563245823389022
608668,0.586734693877551
608670,0.6818181818181818
608673,0.4516971279373368
608672,0.47368421052631576
608671,0.5684754521963824
608669,0.586734693877551
608674,0.5
608667,0.586734693877551
608666,0.47368421052631576
608660,0.5
608655,0.6025316455696202
608656,0.5263157894736842
608659,0.6563245823389022
608663,0.6025316455696202
608657,0.5
608664,0.5684754521963824
608661,0.6025316455696202
608662,0.5
608658,0.47368421052631576
608651,0.7017543859649122
608650,0.5684754521963824
608646,0.5263157894736842
608648,0.47368421052631576
608647,0.5684754521963824
608652,0.5684754521963824
608654,0.5
608649,0.5483028720626633
608645,0.5483028720626633
608653,0.47368421052631576
608641,0.6025316455696202
608639,0.6025316455696202
608635,0.5263157894736842
608642,0.6203473945409429
608636,0.6563245823389022
608637,0.6563245823389022
608640,0.5483028720626633
608644,0.43152454780361754
608638,0.47368421052631576
608643,0.6025316455696202
608626,0.5
608631,0.5684754521963824
608625,0.586734693877551
608630,0.7017543859649122
608629,0.586734693877551
608634,0.5483028720626633
608627,0.6203473945409429
608628,0.6025316455696202
608632,0.5684754521963824
608619,0.5
608624,0.5
608622,0.6203473945409429
608618,0.5483028720626633
608617,0.6025316455696202
608621,0.5263157894736842
608620,0.5
608615,0.6563245823389022
608616,0.6025316455696202
608623,0.6203473945409429
608609,0.5263157894736842
608613,0.47368421052631576
608611,0.5483028720626633
608614,0.6203473945409429
608610,0.6563245823389022
608607,0.6818181818181818
608606,0.6203473945409429
608608,0.7017543859649122
608612,0.6818181818181818
608605,0.5483028720626633
608601,0.6368038740920097
608597,0.6203473945409429
608604,0.5684754521963824
608595,0.7017543859649122
608599,0.5684754521963824
608600,0.5483028720626633
608602,0.5684754521963824
608596,0.5684754521963824
608598,0.5483028720626633
608603,0.6025316455696202
608503,0.5
608539,0.6025316455696202
608535,0.5
608533,0.6203473945409429
608534,0.6818181818181818
608536,0.6025316455696202
608537,0.5483028720626633
608538,0.5263157894736842
608530,0.6025316455696202
608532,0.6818181818181818
608531,0.6818181818181818
608527,0.6203473945409429
608525,0.5684754521963824
608523,0.5263157894736842
608526,0.6563245823389022
608520,0.6818181818181818
608529,0.6563245823389022
608519,0.5483028720626633
608518,0.5
608517,0.5263157894736842
608510,0.6563245823389022
608512,0.5684754521963824
608515,0.5684754521963824
608513,0.6203473945409429
608507,0.5
608505,0.6368038740920097
608500,0.7188160676532769
608509,0.5483028720626633
608502,0.5684754521963824
608484,0.6563245823389022
608490,0.5263157894736842
608495,0.5684754521963824
608494,0.6203473945409429
608499,0.413265306122449
608493,0.586734693877551
608491,0.5483028720626633
608498,0.6203473945409429
608485,0.6203473945409429
608483,0.5
608487,0.6025316455696202
608486,0.5483028720626633
608489,0.5483028720626633
608481,0.5483028720626633
1557413,0.5874840357598977
1557412,0.5487326887901751
1557407,0.6198859409868585
1557415,0.5263157894736842
1557414,0.6018753167764826
1557410,0.5487326887901751
1557409,0.5263157894736842
1557416,0.5874840357598977
1557408,0.6198859409868585
1557402,0.5487326887901751
1557404,0.6363636363636365
1557400,0.5689164727178692
1557405,0.43108352728213084
1557406,0.5487326887901751
1557401,0.5487326887901751
1557399,0.7011393514461
1557398,0.5689164727178692
1557397,0.5
1557403,0.6556986170720076
1557387,0.5263157894736842
1557390,0.5874840357598977
1557392,0.5263157894736842
1557396,0.5487326887901751
1557391,0.5
1557394,0.6818181818181818
1557388,0.5263157894736842
1557389,0.5263157894736842
1557395,0.5689164727178692
1557393,0.6818181818181818
1557377,0.5487326887901751
1557384,0.6556986170720076
1557382,0.5263157894736842
1557379,0.5874840357598977
1557386,0.5689164727178692
1557380,0.5263157894736842
1557378,0.5263157894736842
1557376,0.5689164727178692
1557375,0.6556986170720076
1557374,0.6198859409868585
1557373,0.5
1557372,0.5487326887901751
1557370,0.43108352728213084
1557369,0.47368421052631576
1557371,0.43108352728213084
1557368,0.5874840357598977
1557367,0.6018753167764826
1379348,0.586734693877551
1379347,0.47368421052631576
1379346,0.5483028720626633
1379342,0.6368038740920097
1379345,0.586734693877551
1379341,0.5483028720626633
1379343,0.6203473945409429
1379344,0.6818181818181818
1379339,0.6563245823389022
1379333,0.5
1379331,0.6203473945409429
1379329,0.6818181818181818
1379337,0.6025316455696202
1379334,0.5263157894736842
1379335,0.5263157894736842
1379332,0.5483028720626633
1379336,0.6368038740920097
1379330,0.5263157894736842
1379275,0.6563245823389022
1379327,0.5263157894736842
1379328,0.5
1379325,0.5263157894736842
1379321,0.47368421052631576
1379320,0.5483028720626633
1379324,0.7017543859649122
1379322,0.586734693877551
1379326,0.5483028720626633
1379323,0.586734693877551
1379314,0.6025316455696202
1379313,0.586734693877551
1379310,0.5684754521963824
1379316,0.6203473945409429
1379311,0.5684754521963824
1379309,0.5
1379317,0.5684754521963824
1379312,0.6025316455696202
1379315,0.5483028720626633
1379305,0.6025316455696202
1379299,0.5684754521963824
1379304,0.6203473945409429
1379307,0.5263157894736842
1379303,0.5483028720626633
1379306,0.43152454780361754
1379300,0.586734693877551
1379302,0.7017543859649122
1379301,0.5
1379292,0.5
1379295,0.5
1379297,0.5483028720626633
1379293,0.5483028720626633
1379289,0.5
1379291,0.6203473945409429
1379298,0.586734693877551
1379296,0.6203473945409429
1379290,0.586734693877551
1379285,0.5684754521963824
1379282,0.6368038740920097
1379287,0.5263157894736842
1379286,0.5
1379283,0.5
1379284,0.6368038740920097
1379280,0.5
1379281,0.5684754521963824
1379279,0.6025316455696202
1379277,0.5
1379269,0.5483028720626633
1379276,0.5483028720626633
1379274,0.5
1379272,0.5263157894736842
1379273,0.5684754521963824
1379271,0.586734693877551
1379270,0.6203473945409429
1379264,0.7188160676532769
1379266,0.5
1379265,0.586734693877551
1379263,0.47368421052631576
1379268,0.6368038740920097
1379262,0.6368038740920097
1379259,0.5
1379267,0.47368421052631576
1379261,0.586734693877551
1379257,0.5
1379256,0.6203473945409429
1379249,0.5483028720626633
1379255,0.586734693877551
1379253,0.5684754521963824
1379251,0.5
1379254,0.4516971279373368
1379250,0.586734693877551
1379252,0.5
1379239,0.5483028720626633
1379246,0.5684754521963824
1379243,0.5684754521963824
1379241,0.5
1379244,0.5263157894736842
1379247,0.5263157894736842
1379245,0.6563245823389022
1379242,0.5684754521963824
1379240,0.5
1379233,0.5263157894736842
1379237,0.5263157894736842
1379235,0.586734693877551
1379236,0.47368421052631576
1379234,0.6563245823389022
1379238,0.6025316455696202
1379229,0.5483028720626633
1379231,0.6563245823389022
1379230,0.5263157894736842
1379220,0.5
1379226,0.5483028720626633
1379224,0.6563245823389022
1379222,0.5483028720626633
1379219,0.5684754521963824
1379228,0.6368038740920097
1379227,0.6025316455696202
1379223,0.5483028720626633
1379221,0.586734693877551
1379215,0.6368038740920097
1379211,0.5
1379217,0.5684754521963824
1379213,0.5
1379212,0.5483028720626633
1379209,0.5263157894736842
1379210,0.586734693877551
1379216,0.6203473945409429
1379214,0.5
1379206,0.3796526054590571
1379207,0.586734693877551
1379205,0.43152454780361754
1379204,0.6563245823389022
1379199,0.5
1379203,0.6563245823389022
1379201,0.6368038740920097
1379202,0.5
1379200,0.47368421052631576
1379194,0.413265306122449
1379189,0.5684754521963824
1379197,0.5684754521963824
1379193,0.5263157894736842
1379191,0.5
1379190,0.6025316455696202
1379195,0.5263157894736842
1379192,0.4516971279373368
1379198,0.47368421052631576
1379180,0.6368038740920097
1379179,0.5263157894736842
1379185,0.4516971279373368
1379187,0.5483028720626633
1379186,0.43152454780361754
1379183,0.6203473945409429
1379182,0.5
1379181,0.586734693877551
1379184,0.6368038740920097
1379169,0.5263157894736842
1379177,0.5263157894736842
1379172,0.5263157894736842
1379176,0.6818181818181818
1379173,0.5
1379175,0.5
1379171,0.39746835443037976
1379170,0.5483028720626633
1379178,0.5263157894736842
1379165,0.7017543859649122
1379163,0.5
1379167,0.4516971279373368
1379166,0.5483028720626633
1379162,0.43152454780361754
1379164,0.47368421052631576
1379160,0.586734693877551
1379161,0.5483028720626633
1379159,0.5
1379157,0.586734693877551
1379150,0.47368421052631576
1379154,0.5483028720626633
1379153,0.4516971279373368
1379149,0.5483028720626633
1379158,0.5684754521963824
1379156,0.413265306122449
1379152,0.6563245823389022
1379151,0.5263157894736842
1379143,0.5
1379147,0.413265306122449
1379142,0.5263157894736842
1379148,0.5
1379141,0.3796526054590571
1379140,0.5263157894736842
1379139,0.6203473945409429
1379146,0.586734693877551
1379145,0.586734693877551
1379133,0.5
1379129,0.5684754521963824
1379134,0.413265306122449
1379132,0.5
1379137,0.5263157894736842
1379135,0.7188160676532769
1379131,0.5263157894736842
1379130,0.6025316455696202
1379136,0.5684754521963824
1379125,0.6368038740920097
1379120,0.4516971279373368
1379128,0.5483028720626633
1379127,0.5
1379126,0.5
1379123,0.5483028720626633
1379121,0.4516971279373368
1379124,0.586734693877551
1379122,0.5
1379113,0.5
1379111,0.6025316455696202
1379114,0.5263157894736842
1379117,0.5
1379116,0.6025316455696202
1379115,0.6563245823389022
1379112,0.4516971279373368
1379110,0.586734693877551
1379109,0.4516971279373368
1379106,0.6368038740920097
1379105,0.586734693877551
1379104,0.47368421052631576
1379102,0.43152454780361754
1379101,0.5
1379099,0.5
1379107,0.5684754521963824
1379103,0.5684754521963824
1379100,0.5263157894736842
1379091,0.43152454780361754
1379098,0.6203473945409429
1379095,0.5
1379092,0.5483028720626633
1379097,0.5263157894736842
1379093,0.5263157894736842
1379096,0.47368421052631576
1379094,0.6818181818181818
1379090,0.5263157894736842
1379086,0.5263157894736842
1379079,0.5
1379084,0.4516971279373368
1379087,0.6025316455696202
1379085,0.586734693877551
1379083,0.4516971279373368
1379081,0.5483028720626633
1379080,0.5684754521963824
1379082,0.5684754521963824
1379074,0.6368038740920097
1379075,0.413265306122449
1379072,0.5263157894736842
1379070,0.5263157894736842
1379069,0.5
1379076,0.4516971279373368
1379078,0.5
1379073,0.4516971279373368
1379077,0.5483028720626633
1379066,0.3796526054590571
1379064,0.6368038740920097
1379068,0.5684754521963824
1379063,0.6203473945409429
1379067,0.5263157894736842
1379065,0.5483028720626633
1379061,0.5
1379060,0.5
1379059,0.5
1379054,0.5
1379050,0.5483028720626633
1379049,0.5684754521963824
1379051,0.5263157894736842
1379052,0.6203473945409429
1379056,0.6203473945409429
1379057,0.5263157894736842
1379053,0.5483028720626633
1379055,0.47368421052631576
1379048,0.5
1379043,0.6368038740920097
1379047,0.5
1379042,0.5
1379044,0.5684754521963824
1379041,0.5263157894736842
1379040,0.413265306122449
1379039,0.5483028720626633
1379045,0.5263157894736842
1379032,0.586734693877551
1379037,0.5684754521963824
1379034,0.43152454780361754
1379030,0.5
1379033,0.6025316455696202
1379036,0.5684754521963824
1379029,0.6563245823389022
1379035,0.5
1379031,0.4516971279373368
1379023,0.5
1379026,0.43152454780361754
1379019,0.47368421052631576
1379027,0.47368421052631576
1379025,0.6368038740920097
1379024,0.47368421052631576
1379022,0.5483028720626633
1379021,0.5684754521963824
1379020,0.586734693877551
1379009,0.5263157894736842
1379016,0.4516971279373368
1379010,0.5
1379013,0.4516971279373368
1379015,0.586734693877551
1379017,0.5
1379012,0.4516971279373368
1379011,0.5684754521963824
1379014,0.5684754521963824
1379006,0.6203473945409429
1379002,0.6368038740920097
1379001,0.5
1379008,0.5263157894736842
1379005,0.4516971279373368
1379004,0.43152454780361754
1379003,0.43152454780361754
1379000,0.5684754521963824
1378999,0.5684754521963824
1378989,0.5
1378993,0.5483028720626633
1378995,0.5483028720626633
1378990,0.6025316455696202
1378992,0.4516971279373368
1378997,0.5684754521963824
1378996,0.4516971279373368
1378994,0.6025316455696202
1378991,0.5263157894736842
1378987,0.586734693877551
1378985,0.5263157894736842
1378984,0.5
1378983,0.47368421052631576
1378979,0.588235294117647
1378982,0.413265306122449
1378981,0.5
1378986,0.6203473945409429
1378988,0.5483028720626633
1378978,0.4516971279373368
1378977,0.5684754521963824
1378976,0.5483028720626633
1378972,0.47368421052631576
1378974,0.5
1378973,0.4516971279373368
1378971,0.5
1378970,0.5483028720626633
1378969,0.7017543859649122
1208394,0.6025316455696202
1208401,0.6368038740920097
1208399,0.5483028720626633
1208400,0.6818181818181818
1208396,0.7291666666666667
1208398,0.6203473945409429
1208397,0.6203473945409429
1208395,0.5684754521963824
1208393,0.6563245823389022
1208391,0.6368038740920097
1208386,0.6368038740920097
1208383,0.5483028720626633
1208385,0.586734693877551
1208390,0.5483028720626633
1208392,0.47368421052631576
1208389,0.5483028720626633
1208387,0.6203473945409429
1208384,0.6818181818181818
1208376,0.5684754521963824
1208381,0.5684754521963824
1208379,0.5684754521963824
1208377,0.5483028720626633
1208378,0.6025316455696202
1208373,0.5684754521963824
1208380,0.6818181818181818
1208374,0.47368421052631576
1208375,0.6563245823389022
1208368,0.5
1208367,0.6368038740920097
1208366,0.6025316455696202
1208372,0.6025316455696202
1208365,0.6203473945409429
1208363,0.5483028720626633
1208369,0.5483028720626633
1208370,0.5263157894736842
1208364,0.5483028720626633
1208360,0.5483028720626633
1208357,0.7188160676532769
1208353,0.5684754521963824
1208355,0.5483028720626633
1208359,0.7188160676532769
1208361,0.5684754521963824
1208356,0.5684754521963824
1208354,0.5483028720626633
1208358,0.586734693877551
1208351,0.5684754521963824
1208349,0.6818181818181818
1208348,0.5684754521963824
1208347,0.5263157894736842
1208343,0.586734693877551
1208346,0.5
1208344,0.586734693877551
1208345,0.5483028720626633
1208352,0.586734693877551
1208311,0.5684754521963824
1208333,0.5263157894736842
1208339,0.586734693877551
1208337,0.6025316455696202
1208336,0.6563245823389022
1208334,0.5483028720626633
1208341,0.6025316455696202
1208340,0.43152454780361754
1208335,0.6203473945409429
1208338,0.586734693877551
1208329,0.5684754521963824
1208330,0.5684754521963824
1208331,0.6563245823389022
1208327,0.5263157894736842
1208324,0.5684754521963824
1208323,0.5
1208332,0.5263157894736842
1208325,0.5263157894736842
1208326,0.3796526054590571
1208318,0.6563245823389022
1208322,0.5263157894736842
1208320,0.6563245823389022
1208319,0.7017543859649122
1208321,0.5263157894736842
1208315,0.5483028720626633
1208313,0.586734693877551
1208316,0.47368421052631576
1208314,0.47368421052631576
1208309,0.5
1208307,0.5684754521963824
1208304,0.4516971279373368
1208303,0.6368038740920097
1208310,0.6368038740920097
1208308,0.5
1208306,0.39746835443037976
1208301,0.5
1208298,0.4516971279373368
1208300,0.6563245823389022
1208295,0.6563245823389022
1208293,0.6563245823389022
1208297,0.7619047619047619
1208296,0.5263157894736842
1208294,0.5263157894736842
1208299,0.586734693877551
1208287,0.5
1208291,0.6563245823389022
1208292,0.586734693877551
1208286,0.7188160676532769
1208285,0.47368421052631576
1208283,0.5263157894736842
1208290,0.744047619047619
1208289,0.5263157894736842
1208284,0.6025316455696202
1208280,0.6368038740920097
1208281,0.6025316455696202
1208275,0.586734693877551
1208282,0.6203473945409429
1208274,0.5263157894736842
1208278,0.6368038740920097
1208277,0.5
1208276,0.43152454780361754
1208279,0.6025316455696202
1208305,0.6025316455696202
1208271,0.6368038740920097
1208265,0.3796526054590571
1208272,0.6025316455696202
1208270,0.6563245823389022
1208269,0.6818181818181818
1208266,0.5
1208263,0.6368038740920097
1208267,0.5483028720626633
1208264,0.6025316455696202
1208166,0.5483028720626633
1208256,0.7188160676532769
1208254,0.6025316455696202
1208259,0.5
1208255,0.7291666666666667
1208260,0.5684754521963824
1208258,0.5263157894736842
1208257,0.43152454780361754
1208253,0.6563245823389022
1208261,0.5263157894736842
1208247,0.5263157894736842
1208244,0.6025316455696202
1208251,0.7188160676532769
1208246,0.586734693877551
1208249,0.6563245823389022
1208250,0.6368038740920097
1208248,0.744047619047619
1208245,0.47368421052631576
1208243,0.5263157894736842
1208237,0.6368038740920097
1208241,0.5483028720626633
1208239,0.5263157894736842
1208236,0.5
1208233,0.5483028720626633
1208242,0.47368421052631576
1208238,0.5263157894736842
1208234,0.7188160676532769
1208240,0.6368038740920097
1208232,0.6203473945409429
1208226,0.5483028720626633
1208223,0.6203473945409429
1208227,0.5
1208225,0.43152454780361754
1208228,0.6025316455696202
1208230,0.6563245823389022
1208229,0.5
1208224,0.6563245823389022
1208218,0.6203473945409429
1208217,0.5263157894736842
1208215,0.47368421052631576
1208214,0.6818181818181818
1208220,0.5483028720626633
1208213,0.5263157894736842
1208219,0.744047619047619
1208216,0.6203473945409429
1208221,0.7619047619047619
1208204,0.5684754521963824
1208210,0.5684754521963824
1208203,0.5684754521963824
1208208,0.6368038740920097
1208212,0.6818181818181818
1208205,0.5483028720626633
1208206,0.413265306122449
1208207,0.5263157894736842
1208209,0.7188160676532769
1208194,0.7017543859649122
1208195,0.6563245823389022
1208197,0.7894736842105263
1208201,0.5483028720626633
1208200,0.6818181818181818
1208199,0.586734693877551
1208193,0.5684754521963824
1208196,0.6368038740920097
1208198,0.6368038740920097
1208191,0.744047619047619
1208190,0.5684754521963824
1208187,0.5684754521963824
1208186,0.586734693877551
1208185,0.5263157894736842
1208192,0.6368038740920097
1208188,0.6025316455696202
1208184,0.586734693877551
1208183,0.586734693877551
1208173,0.6368038740920097
1208176,0.7017543859649122
1208181,0.744047619047619
1208178,0.6563245823389022
1208175,0.5263157894736842
1208180,0.4516971279373368
1208179,0.7017543859649122
1208177,0.6818181818181818
1208174,0.586734693877551
1208171,0.7188160676532769
1208168,0.5684754521963824
1208167,0.5483028720626633
1208169,0.6025316455696202
1208170,0.5
1208163,0.6563245823389022
1208164,0.6025316455696202
1208165,0.586734693877551
1208153,0.6563245823389022
1208157,0.5483028720626633
1208155,0.6025316455696202
1208154,0.6025316455696202
1208162,0.7017543859649122
1208161,0.586734693877551
1208160,0.6563245823389022
1208159,0.5263157894736842
1208158,0.47368421052631576
1208147,0.6203473945409429
1208150,0.6818181818181818
1208148,0.5263157894736842
1208145,0.6025316455696202
1208151,0.586734693877551
1208149,0.5483028720626633
1208146,0.5
1208143,0.6025316455696202
1208144,0.7017543859649122
1208141,0.6368038740920097
1208138,0.5684754521963824
1208142,0.6818181818181818
1208140,0.7188160676532769
1208135,0.5263157894736842
1208133,0.6025316455696202
1208134,0.5263157894736842
1208136,0.5
1208139,0.6025316455696202
1208125,0.5263157894736842
1208128,0.6563245823389022
1208130,0.7188160676532769
1208129,0.5
1208127,0.6025316455696202
1208124,0.6563245823389022
1208123,0.586734693877551
1208131,0.5
1208126,0.47368421052631576
1208114,0.5483028720626633
1208117,0.6368038740920097
1208121,0.6563245823389022
1208120,0.5
1208119,0.47368421052631576
1208116,0.7017543859649122
1208115,0.5684754521963824
1208113,0.6203473945409429
1208118,0.5
1208103,0.5
1208112,0.5684754521963824
1208108,0.6203473945409429
1208107,0.6368038740920097
1208109,0.5263157894736842
1208111,0.7619047619047619
1208105,0.5684754521963824
1208104,0.586734693877551
1208110,0.47368421052631576
1208097,0.413265306122449
1208094,0.6818181818181818
1208091,0.5
1208093,0.5263157894736842
1208098,0.5263157894736842
1208096,0.6203473945409429
1208095,0.6368038740920097
1208092,0.5263157894736842
1208099,0.7188160676532769
1208084,0.6818181818181818
1208085,0.6025316455696202
1208082,0.6368038740920097
1208087,0.5684754521963824
1208090,0.5483028720626633
1208089,0.6368038740920097
1208088,0.586734693877551
1208081,0.6818181818181818
1208086,0.5684754521963824
1208071,0.6025316455696202
1208077,0.6563245823389022
1208076,0.5263157894736842
1208079,0.43152454780361754
1208075,0.5
1208074,0.6563245823389022
1208073,0.586734693877551
1208072,0.6025316455696202
1208078,0.6203473945409429
1208067,0.47368421052631576
1208062,0.5263157894736842
1208063,0.5684754521963824
1208069,0.6818181818181818
1208068,0.5263157894736842
1208066,0.7291666666666667
1208065,0.5263157894736842
1208064,0.5684754521963824
1208070,0.6368038740920097
1208059,0.586734693877551
1208051,0.6368038740920097
1208052,0.5263157894736842
1208057,0.6818181818181818
1208056,0.6818181818181818
1208055,0.5263157894736842
1208054,0.5263157894736842
1208053,0.586734693877551
1208058,0.6025316455696202
1208047,0.6563245823389022
1208048,0.6818181818181818
1208043,0.6203473945409429
1208050,0.6203473945409429
1208046,0.5263157894736842
1208045,0.5
1208044,0.5263157894736842
1208042,0.5263157894736842
1208041,0.6203473945409429
1208036,0.7291666666666667
1208031,0.6025316455696202
1208032,0.5483028720626633
1208039,0.6563245823389022
1208038,0.5263157894736842
1208037,0.7291666666666667
1208035,0.5
1208034,0.5684754521963824
1208033,0.6203473945409429
1208030,0.6025316455696202
1208029,0.6025316455696202
1208028,0.5
1208027,0.5684754521963824
1208026,0.5
1208025,0.6563245823389022
1208024,0.5
1208022,0.7017543859649122
1208021,0.586734693877551
1035552,0.8103727714748785
1035551,0.6368038740920097
1035549,0.6563245823389022
1035548,0.744047619047619
1035547,0.6025316455696202
1035546,0.7291666666666667
1035545,0.7017543859649122
1035544,0.7017543859649122
1035510,0.6818181818181818
1035505,0.7017543859649122
1035512,0.744047619047619
1035535,0.7188160676532769
1035538,0.6818181818181818
1035540,0.586734693877551
1035541,0.7801801801801801
1035539,0.7017543859649122
1035534,0.6563245823389022
1035542,0.6818181818181818
1035537,0.7188160676532769
1035529,0.6203473945409429
1035530,0.7619047619047619
1035528,0.7188160676532769
1035526,0.6563245823389022
1035527,0.6818181818181818
1035525,0.6203473945409429
1035524,0.7017543859649122
1035531,0.5483028720626633
1035428,0.7291666666666667
1035520,0.6368038740920097
1035521,0.6368038740920097
1035514,0.6818181818181818
1035515,0.6818181818181818
1035516,0.5
1035518,0.7291666666666667
1035517,0.5
1035522,0.7017543859649122
1035455,0.6818181818181818
1035457,0.5684754521963824
1035458,0.6368038740920097
1035454,0.6025316455696202
1035508,0.6563245823389022
1035506,0.5263157894736842
1035504,0.6368038740920097
1035507,0.4516971279373368
1035509,0.5684754521963824
1035498,0.586734693877551
1035495,0.6818181818181818
1035503,0.5684754521963824
1035499,0.7291666666666667
1035494,0.7017543859649122
1035500,0.7801801801801801
1035497,0.6025316455696202
1035501,0.7188160676532769
1035492,0.7017543859649122
1035490,0.7291666666666667
1035485,0.586734693877551
1035489,0.6203473945409429
1035488,0.586734693877551
1035487,0.5263157894736842
1035484,0.586734693877551
1035486,0.5684754521963824
1035480,0.6818181818181818
1035483,0.6563245823389022
1035476,0.6203473945409429
1035475,0.7291666666666667
1035479,0.6818181818181818
1035474,0.5483028720626633
1035481,0.5684754521963824
1035478,0.5263157894736842
1035469,0.5263157894736842
1035468,0.7361963190184049
1035466,0.6728971962616822
1035473,0.783001808318264
1035471,0.46052631578947373
1035467,0.6728971962616822
1035464,0.5714285714285715
1035470,0.6372549019607844
1035462,0.5994897959183673
1035459,0.6521739130434782
1035460,0.5714285714285715
1035456,0.5459317585301837
1035334,0.6728971962616822
1035448,0.6521739130434782
1035450,0.6372549019607844
1035452,0.5459317585301837
1035447,0.5994897959183673
1035446,0.695067264573991
1035445,0.6521739130434782
1035449,0.513157894736842
1035451,0.5459317585301837
1035439,0.695067264573991
1035435,0.5714285714285715
1035438,0.6521739130434782
1035443,0.625
1035441,0.6106870229007634
1035437,0.5394736842105263
1035436,0.513157894736842
1035434,0.5714285714285715
1035432,0.5263157894736842
1035425,0.6521739130434782
1035424,0.625
1035431,0.6106870229007634
1035429,0.4473684210526316
1035427,0.5714285714285715
1035426,0.625
1035430,0.695067264573991
1035349,0.695067264573991
1035416,0.4005102040816326
1035418,0.625
1035419,0.7188160676532769
1035421,0.513157894736842
1035420,0.625
1035417,0.5897435897435896
1035415,0.5994897959183673
1035414,0.6372549019607844
1035405,0.5394736842105263
1035404,0.625
1035412,0.5394736842105263
1035410,0.5714285714285715
1035411,0.7188160676532769
1035407,0.7291666666666667
1035406,0.5526315789473685
1035409,0.6372549019607844
1035396,0.6372549019607844
1035395,0.5628272251308901
1035401,0.5897435897435896
1035394,0.5994897959183673
1035402,0.5813953488372093
1035398,0.46052631578947373
1035397,0.47368421052631576
1035400,0.5813953488372093
1035389,0.5628272251308901
1035392,0.6521739130434782
1035393,0.7291666666666667
1035388,0.6521739130434782
1035384,0.5994897959183673
1035386,0.5628272251308901
1035385,0.43717277486910994
1035387,0.5628272251308901
1035374,0.6521739130434782
1035376,0.5
1035375,0.5526315789473685
1035381,0.6521739130434782
1035380,0.5526315789473685
1035382,0.5714285714285715
1035379,0.5526315789473685
1035378,0.47368421052631576
1035372,0.5526315789473685
1035367,0.6728971962616822
1035371,0.7188160676532769
1035366,0.5263157894736842
1035370,0.5394736842105263
1035365,0.4186046511627907
1035364,0.625
1035368,0.5994897959183673
1035355,0.6106870229007634
1035357,0.6521739130434782
1035360,0.48684210526315796
1035359,0.48684210526315796
1035361,0.6106870229007634
1035358,0.6521739130434782
1035354,0.5813953488372093
1035362,0.5897435897435896
1035347,0.5897435897435896
1035351,0.5897435897435896
1035350,0.5
1035348,0.5263157894736842
1035346,0.48684210526315796
1035352,0.5813953488372093
1035345,0.46052631578947373
1035339,0.695067264573991
1035336,0.5
1035335,0.5714285714285715
1035337,0.48684210526315796
1035341,0.5394736842105263
1035340,0.5714285714285715
1035342,0.5714285714285715
1035332,0.625
1035329,0.6106870229007634
1035328,0.5263157894736842
1035327,0.513157894736842
1035324,0.5459317585301837
1035330,0.6372549019607844
1035325,0.5526315789473685
1035326,0.5628272251308901
1035320,0.5994897959183673
1035316,0.513157894736842
1035323,0.5714285714285715
1035314,0.5628272251308901
1035322,0.47368421052631576
1035317,0.4473684210526316
1035315,0.5526315789473685
1035318,0.5994897959183673
1035310,0.7291666666666667
1035313,0.4540682414698162
1035309,0.6728971962616822
1035308,0.5994897959183673
1035304,0.6106870229007634
1035311,0.5526315789473685
1035312,0.4186046511627907
1035306,0.5263157894736842
1035296,0.5
1035303,0.625
1035294,0.48684210526315796
1035301,0.5
1035300,0.5459317585301837
1035298,0.41025641025641024
1035295,0.48684210526315796
1035299,0.6372549019607844
1035151,0.5263157894736842
1035155,0.513157894736842
1035153,0.6521739130434782
1035149,0.5714285714285715
1035147,0.5263157894736842
1035148,0.5813953488372093
1035154,0.625
1035152,0.4005102040816326
1035146,0.5628272251308901
1035141,0.7188160676532769
1035144,0.5394736842105263
1035143,0.4473684210526316
1035134,0.5628272251308901
1035133,0.6521739130434782
1035130,0.5714285714285715
1035129,0.6521739130434782
1035135,0.5459317585301837
1035127,0.5263157894736842
1035131,0.5394736842105263
1035132,0.513157894736842
1035126,0.625
1035118,0.5897435897435896
1035120,0.4473684210526316
1035124,0.46052631578947373
1035123,0.46052631578947373
1035122,0.695067264573991
1035119,0.5
1035121,0.6728971962616822
1035107,0.46052631578947373
1035115,0.5394736842105263
1035108,0.7291666666666667
1035110,0.4005102040816326
1035114,0.5628272251308901
1035111,0.5263157894736842
1035109,0.5
1035113,0.6372549019607844
1035051,0.4285714285714286
1035100,0.47368421052631576
1035103,0.4516971279373368
1035104,0.6818181818181818
1035102,0.5684754521963824
1035101,0.5263157894736842
1035099,0.47368421052631576
1035097,0.586734693877551
1035098,0.6368038740920097
1035093,0.7017543859649122
1035091,0.5483028720626633
1035089,0.6563245823389022
1035087,0.6368038740920097
1035090,0.5483028720626633
1035088,0.4516971279373368
1035095,0.6368038740920097
1035092,0.4516971279373368
1035083,0.5
1035079,0.5483028720626633
1035077,0.5483028720626633
1035082,0.5483028720626633
1035085,0.5483028720626633
1035081,0.6818181818181818
1035080,0.4516971279373368
1035078,0.5
1035067,0.6563245823389022
1035073,0.6818181818181818
1035069,0.6368038740920097
1035075,0.6818181818181818
1035071,0.5483028720626633
1035070,0.5684754521963824
1035068,0.5263157894736842
1035074,0.5483028720626633
1035065,0.6203473945409429
1035061,0.5263157894736842
1035060,0.6563245823389022
1035064,0.6025316455696202
1035059,0.43152454780361754
1035058,0.6203473945409429
1035057,0.6025316455696202
1035062,0.586734693877551
1035048,0.4516971279373368
1035055,0.5483028720626633
1035047,0.5483028720626633
1035052,0.5263157894736842
1035054,0.6203473945409429
1035050,0.744047619047619
1035049,0.4516971279373368
1035045,0.6203473945409429
1035044,0.5483028720626633
1035043,0.5684754521963824
1035041,0.43152454780361754
1035040,0.6025316455696202
1035039,0.5483028720626633
1035038,0.6368038740920097
1035037,0.5684754521963824
868323,0.6203473945409429
868325,0.7017543859649122
868320,0.5263157894736842
868322,0.6203473945409429
868321,0.5684754521963824
868324,0.6818181818181818
868318,0.5263157894736842
868317,0.6368038740920097
868319,0.6203473945409429
868264,0.586734693877551
868259,0.6563245823389022
868311,0.6368038740920097
868310,0.5
868307,0.7188160676532769
868314,0.5263157894736842
868312,0.5483028720626633
868306,0.6563245823389022
868308,0.43152454780361754
868309,0.6368038740920097
868313,0.5483028720626633
868193,0.6203473945409429
868303,0.6368038740920097
868296,0.6563245823389022
868298,0.47368421052631576
868301,0.5684754521963824
868305,0.5
868299,0.5263157894736842
868297,0.5483028720626633
868300,0.5
868302,0.6203473945409429
868292,0.4516971279373368
868287,0.6368038740920097
868288,0.47368421052631576
868294,0.5483028720626633
868291,0.5684754521963824
868289,0.6563245823389022
868290,0.7188160676532769
868293,0.5263157894736842
868286,0.5263157894736842
868219,0.6203473945409429
868222,0.6818181818181818
868221,0.6563245823389022
868277,0.5684754521963824
868282,0.5
868283,0.6818181818181818
868285,0.6025316455696202
868281,0.6025316455696202
868284,0.6025316455696202
868276,0.5
868278,0.5
868280,0.4516971279373368
868269,0.6025316455696202
868274,0.4516971279373368
868266,0.47368421052631576
868275,0.5483028720626633
868273,0.4516971279373368
868270,0.586734693877551
868268,0.5483028720626633
868267,0.5684754521963824
868272,0.5
868265,0.5263157894736842
868256,0.4516971279373368
868258,0.4516971279373368
868263,0.6563245823389022
868260,0.413265306122449
868261,0.5
868257,0.6368038740920097
868249,0.6368038740920097
868251,0.5263157894736842
868254,0.5483028720626633
868250,0.7017543859649122
868253,0.5483028720626633
868248,0.43152454780361754
868252,0.39746835443037976
868247,0.5
868246,0.47368421052631576
868241,0.5684754521963824
868239,0.47368421052631576
868243,0.586734693877551
868240,0.5
868244,0.5
868238,0.43152454780361754
868236,0.5
868237,0.4516971279373368
868192,0.586734693877551
868015,0.413265306122449
868019,0.5263157894736842
868231,0.43152454780361754
868233,0.5263157894736842
868235,0.47368421052631576
868229,0.5
868227,0.6563245823389022
868230,0.4516971279373368
868226,0.47368421052631576
868228,0.5263157894736842
868232,0.586734693877551
868224,0.47368421052631576
868217,0.5
868218,0.5483028720626633
868208,0.3796526054590571
868210,0.5
868211,0.5
868214,0.5
868206,0.6203473945409429
868201,0.5483028720626633
868200,0.5
868196,0.6025316455696202
868199,0.5
868197,0.43152454780361754
868202,0.5483028720626633
868007,0.5
868194,0.47368421052631576
868187,0.5263157894736842
868186,0.6025316455696202
868195,0.4516971279373368
868191,0.5684754521963824
868190,0.5
868188,0.39746835443037976
868184,0.4516971279373368
868181,0.6025316455696202
868182,0.5263157894736842
868178,0.5684754521963824
868177,0.4516971279373368
868179,0.5483028720626633
868183,0.586734693877551
868180,0.43152454780361754
868176,0.5
868057,0.5
868172,0.5483028720626633
868173,0.6368038740920097
868170,0.5684754521963824
868166,0.5
868168,0.4516971279373368
868171,0.5483028720626633
868169,0.47368421052631576
868167,0.5483028720626633
868175,0.4516971279373368
868021,0.5684754521963824
868164,0.5483028720626633
868163,0.5
868162,0.5
868161,0.5263157894736842
868156,0.5
868157,0.47368421052631576
868158,0.586734693877551
868160,0.47368421052631576
868159,0.5
868149,0.5684754521963824
868147,0.5263157894736842
868150,0.5263157894736842
868148,0.4516971279373368
868154,0.43152454780361754
868155,0.4516971279373368
868151,0.5483028720626633
868146,0.43152454780361754
868152,0.5263157894736842
868013,0.6203473945409429
868008,0.5
868144,0.5
868139,0.413265306122449
868142,0.5684754521963824
868137,0.5
868138,0.586734693877551
868143,0.413265306122449
868140,0.413265306122449
868141,0.5483028720626633
868136,0.5263157894736842
868009,0.43152454780361754
868129,0.5483028720626633
868130,0.5
868132,0.5
868135,0.4516971279373368
868134,0.6203473945409429
868131,0.4516971279373368
868133,0.5684754521963824
868126,0.5263157894736842
868128,0.586734693877551
868122,0.5
868123,0.586734693877551
868117,0.5
868120,0.7017543859649122
868121,0.5684754521963824
868116,0.413265306122449
868118,0.5483028720626633
868119,0.6563245823389022
868124,0.5
868112,0.6818181818181818
868114,0.6368038740920097
868109,0.586734693877551
868106,0.5263157894736842
868107,0.5684754521963824
868113,0.5
868115,0.5
868110,0.5
868108,0.5483028720626633
868098,0.5483028720626633
868097,0.47368421052631576
868101,0.4516971279373368
868099,0.7017543859649122
868104,0.5
868103,0.6025316455696202
868096,0.43152454780361754
868102,0.413265306122449
868100,0.6818181818181818
868093,0.5684754521963824
868086,0.5
868094,0.4516971279373368
868092,0.5
868087,0.5
868088,0.47368421052631576
868091,0.43152454780361754
868090,0.7017543859649122
868089,0.5483028720626633
868084,0.5263157894736842
868077,0.6203473945409429
868083,0.7017543859649122
868081,0.5
868080,0.4516971279373368
868076,0.47368421052631576
868079,0.47368421052631576
868085,0.5
868082,0.6025316455696202
868074,0.5
868073,0.5
868069,0.586734693877551
868066,0.5
868072,0.5684754521963824
868067,0.5263157894736842
868070,0.6368038740920097
868068,0.413265306122449
868071,0.6025316455696202
868061,0.5684754521963824
868060,0.5
868065,0.5263157894736842
868056,0.4516971279373368
868064,0.6025316455696202
868058,0.5
868063,0.5
868059,0.5483028720626633
868051,0.6563245823389022
868049,0.586734693877551
868052,0.5483028720626633
868053,0.5
868046,0.47368421052631576
868054,0.5684754521963824
868048,0.5
868050,0.5
868047,0.5
868044,0.5
868041,0.5263157894736842
868037,0.6203473945409429
868045,0.5
868040,0.5
868038,0.47368421052631576
868042,0.7619047619047619
868043,0.5263157894736842
868036,0.5
868031,0.5684754521963824
868030,0.5
868033,0.6563245823389022
868026,0.5
868032,0.6025316455696202
868034,0.4516971279373368
868028,0.4516971279373368
868027,0.5483028720626633
868020,0.47368421052631576
868024,0.6025316455696202
868022,0.5483028720626633
868023,0.5
868001,0.5483028720626633
867998,0.5
867996,0.6563245823389022
867999,0.5
868004,0.586734693877551
868002,0.4516971279373368
868003,0.4516971279373368
867997,0.5263157894736842
868000,0.6368038740920097
867990,0.5684754521963824
867994,0.6818181818181818
867991,0.5
867995,0.7619047619047619
867987,0.5684754521963824
867989,0.5263157894736842
867993,0.5263157894736842
867992,0.5
867988,0.43152454780361754
867983,0.586734693877551
867977,0.5
867976,0.6203473945409429
867979,0.5263157894736842
867978,0.47368421052631576
867982,0.6368038740920097
867980,0.586734693877551
867981,0.7291666666666667
867984,0.6025316455696202
867972,0.6368038740920097
867973,0.586734693877551
867970,0.586734693877551
867975,0.5
867966,0.5483028720626633
867971,0.586734693877551
867969,0.5
867968,0.4516971279373368
867967,0.43152454780361754
867961,0.586734693877551
867960,0.5
867963,0.5
867958,0.5483028720626633
867959,0.4516971279373368
867964,0.586734693877551
867962,0.744047619047619
867956,0.5684754521963824
867957,0.4516971279373368
867955,0.6368038740920097
867954,0.5
867950,0.5263157894736842
867953,0.4516971279373368
867952,0.586734693877551
867951,0.5
867948,0.4516971279373368
867947,0.6368038740920097
867946,0.4516971279373368
710932,0.6368038740920097
710928,0.5263157894736842
710929,0.43152454780361754
710931,0.5263157894736842
710927,0.6203473945409429
710926,0.6203473945409429
710930,0.6563245823389022
710934,0.7188160676532769
710935,0.6025316455696202
710726,0.47368421052631576
710819,0.6203473945409429
710877,0.43152454780361754
710921,0.586734693877551
710920,0.5263157894736842
710917,0.5
710918,0.5
710923,0.5263157894736842
710916,0.4516971279373368
710924,0.6025316455696202
710922,0.586734693877551
710773,0.5
710762,0.6203473945409429
710854,0.4516971279373368
710878,0.5483028720626633
710876,0.5684754521963824
710914,0.6563245823389022
710906,0.5684754521963824
710915,0.5263157894736842
710912,0.4516971279373368
710913,0.6368038740920097
710908,0.47368421052631576
710911,0.47368421052631576
710907,0.5
710909,0.43152454780361754
710899,0.5483028720626633
710904,0.5483028720626633
710902,0.6025316455696202
710897,0.47368421052631576
710898,0.6203473945409429
710903,0.43152454780361754
710901,0.43152454780361754
710896,0.5684754521963824
710900,0.5263157894736842
710919,0.5263157894736842
710891,0.5
710893,0.6563245823389022
710890,0.5483028720626633
710888,0.47368421052631576
710887,0.5684754521963824
710894,0.7017543859649122
710895,0.4516971279373368
710892,0.5263157894736842
710886,0.5263157894736842
710847,0.47368421052631576
710850,0.6203473945409429
710851,0.413265306122449
710798,0.4516971279373368
710727,0.47368421052631576
710849,0.6563245823389022
710884,0.5
710880,0.5
710881,0.5263157894736842
710883,0.47368421052631576
710879,0.6563245823389022
710882,0.5483028720626633
710871,0.5263157894736842
710870,0.4516971279373368
710873,0.47368421052631576
710868,0.4516971279373368
710867,0.5
710875,0.5263157894736842
710874,0.5
710866,0.4516971279373368
710869,0.5483028720626633
710738,0.413265306122449
710859,0.4516971279373368
710863,0.5263157894736842
710864,0.5
710862,0.586734693877551
710856,0.47368421052631576
710857,0.6025316455696202
710858,0.5
710860,0.6025316455696202
710861,0.6818181818181818
710853,0.5
710848,0.47368421052631576
710846,0.5
710750,0.43152454780361754
710816,0.5263157894736842
710708,0.4516971279373368
710840,0.5483028720626633
710836,0.586734693877551
710845,0.47368421052631576
710844,0.5263157894736842
710839,0.5483028720626633
710842,0.5483028720626633
710843,0.5263157894736842
710837,0.413265306122449
710838,0.5483028720626633
710751,0.5684754521963824
710764,0.5
710852,0.5
710833,0.5483028720626633
710830,0.6025316455696202
710834,0.5
710829,0.7017543859649122
710827,0.4516971279373368
710832,0.43152454780361754
710826,0.5483028720626633
710828,0.6025316455696202
710768,0.47368421052631576
710821,0.6025316455696202
710818,0.43152454780361754
710817,0.3796526054590571
710820,0.413265306122449
710823,0.5483028720626633
710822,0.5684754521963824
710824,0.5483028720626633
710739,0.744047619047619
710733,0.39746835443037976
710679,0.4516971279373368
710810,0.586734693877551
710812,0.6025316455696202
710811,0.7017543859649122
710807,0.5263157894736842
710806,0.43152454780361754
710813,0.5263157894736842
710809,0.4516971279373368
710808,0.4516971279373368
710814,0.5
710729,0.47368421052631576
710800,0.5483028720626633
710802,0.5263157894736842
710797,0.6818181818181818
710803,0.6025316455696202
710805,0.43152454780361754
710799,0.5684754521963824
710796,0.3796526054590571
710801,0.6025316455696202
710794,0.7017543859649122
710786,0.5684754521963824
710789,0.4516971279373368
710795,0.6818181818181818
710793,0.5684754521963824
710788,0.5483028720626633
710790,0.5
710792,0.47368421052631576
710719,0.43152454780361754
710778,0.5
710782,0.5483028720626633
710779,0.5483028720626633
710776,0.586734693877551
710784,0.6025316455696202
710781,0.5684754521963824
710783,0.5483028720626633
710780,0.5
710785,0.5
710717,0.5
710720,0.5
710787,0.47368421052631576
710774,0.586734693877551
710769,0.6025316455696202
710766,0.5
710772,0.43152454780361754
710771,0.5483028720626633
710770,0.5483028720626633
710767,0.4516971279373368
710734,0.5483028720626633
710731,0.47368421052631576
710758,0.5483028720626633
710760,0.413265306122449
710761,0.5
710757,0.43152454780361754
710759,0.4516971279373368
710765,0.5483028720626633
710756,0.5483028720626633
710753,0.5483028720626633
710747,0.6563245823389022
710748,0.5483028720626633
710752,0.7291666666666667
710755,0.5483028720626633
710749,0.413265306122449
710754,0.5
710741,0.586734693877551
710737,0.4516971279373368
710736,0.47368421052631576
710743,0.5
710740,0.744047619047619
710742,0.5483028720626633
710744,0.5483028720626633
710732,0.6025316455696202
710728,0.5483028720626633
710723,0.5684754521963824
710716,0.5263157894736842
710722,0.47368421052631576
710725,0.7017543859649122
710721,0.4516971279373368
710711,0.43152454780361754
710712,0.5684754521963824
710709,0.5
710715,0.5684754521963824
710710,0.6563245823389022
710713,0.6563245823389022
710706,0.5483028720626633
710707,0.5
710697,0.47368421052631576
710696,0.5
710699,0.5483028720626633
710702,0.5263157894736842
710698,0.47368421052631576
710703,0.6563245823389022
710700,0.5483028720626633
710701,0.4516971279373368
710704,0.4516971279373368
710692,0.5483028720626633
710695,0.47368421052631576
710686,0.5263157894736842
710687,0.586734693877551
710694,0.5263157894736842
710690,0.43152454780361754
710689,0.5483028720626633
710688,0.5
710693,0.5
710680,0.5
710684,0.6203473945409429
710682,0.5263157894736842
710678,0.47368421052631576
710683,0.6563245823389022
710681,0.43152454780361754
710676,0.5684754521963824
710673,0.5
710670,0.6203473945409429
710669,0.6563245823389022
710667,0.413265306122449
710674,0.6025316455696202
710671,0.5
710666,0.47368421052631576
710672,0.5
710668,0.47368421052631576
710665,0.6203473945409429
710656,0.586734693877551
710661,0.4516971279373368
710662,0.5263157894736842
710658,0.5
710657,0.5
710659,0.5263157894736842
710663,0.5684754521963824
710664,0.5684754521963824
710646,0.5483028720626633
710652,0.5263157894736842
710653,0.5263157894736842
710650,0.6563245823389022
710649,0.6563245823389022
710654,0.5263157894736842
710647,0.413265306122449
710651,0.5
710648,0.5483028720626633
710643,0.6368038740920097
710637,0.5
710645,0.5483028720626633
710638,0.5483028720626633
710640,0.4516971279373368
710641,0.5
710644,0.5
710639,0.5483028720626633
710636,0.5263157894736842
710626,0.5
710632,0.5483028720626633
710629,0.5
710628,0.47368421052631576
710630,0.5684754521963824
710631,0.6818181818181818
710633,0.43152454780361754
710634,0.5483028720626633
710635,0.6368038740920097
710621,0.5483028720626633
710623,0.47368421052631576
710624,0.5
710619,0.4516971279373368
710616,0.47368421052631576
710617,0.5
710620,0.586734693877551
710618,0.5483028720626633
710622,0.5263157894736842
710609,0.39746835443037976
710606,0.5
710607,0.5483028720626633
710610,0.47368421052631576
710612,0.5
710615,0.5
710611,0.586734693877551
710608,0.4516971279373368
710613,0.586734693877551
710603,0.43152454780361754
710597,0.47368421052631576
710604,0.5
710596,0.47368421052631576
710598,0.5263157894736842
710602,0.47368421052631576
710599,0.6203473945409429
710600,0.6818181818181818
710601,0.6025316455696202
710590,0.43152454780361754
710591,0.6203473945409429
710588,0.5483028720626633
710586,0.6025316455696202
710594,0.5684754521963824
710592,0.5263157894736842
710593,0.6563245823389022
710587,0.3796526054590571
710589,0.413265306122449
710578,0.5483028720626633
710583,0.5263157894736842
710579,0.47368421052631576
710584,0.5263157894736842
710581,0.5483028720626633
710582,0.5263157894736842
710576,0.43152454780361754
710577,0.43152454780361754
710580,0.5684754521963824
710574,0.5263157894736842
710566,0.43152454780361754
710573,0.5684754521963824
710568,0.4516971279373368
710567,0.5483028720626633
710572,0.7188160676532769
710570,0.5263157894736842
710569,0.413265306122449
710571,0.6563245823389022
710564,0.5
710562,0.5
710563,0.6203473945409429
710558,0.47368421052631576
710557,0.413265306122449
710565,0.47368421052631576
710559,0.43152454780361754
710561,0.5684754521963824
710556,0.39746835443037976
592866,0.5684754521963824
592870,0.6025316455696202
592871,0.7017543859649122
592874,0.5684754521963824
592872,0.6563245823389022
592868,0.5263157894736842
592869,0.6563245823389022
592867,0.586734693877551
592865,0.5684754521963824
592857,0.7017543859649122
592859,0.47368421052631576
592864,0.6025316455696202
592858,0.4516971279373368
592856,0.5483028720626633
592861,0.6203473945409429
592863,0.6025316455696202
592850,0.6818181818181818
592855,0.5263157894736842
592846,0.5
592853,0.5263157894736842
592847,0.586734693877551
592852,0.6818181818181818
592831,0.586734693877551
592322,0.4516971279373368
592851,0.43152454780361754
592814,0.5
592849,0.5
592838,0.47368421052631576
592836,0.5483028720626633
592844,0.5
592837,0.5483028720626633
592841,0.7017543859649122
592842,0.413265306122449
592839,0.5684754521963824
592840,0.5483028720626633
592827,0.5483028720626633
592832,0.5483028720626633
592830,0.5263157894736842
592828,0.47368421052631576
592826,0.47368421052631576
592829,0.5483028720626633
592833,0.47368421052631576
592820,0.5483028720626633
592817,0.5
592819,0.5483028720626633
592824,0.5
592821,0.6818181818181818
592816,0.5
592811,0.5263157894736842
592807,0.5483028720626633
592783,0.5483028720626633
592808,0.43152454780361754
592810,0.6203473945409429
592812,0.586734693877551
592806,0.5
592813,0.5
592809,0.5
592796,0.4516971279373368
592804,0.5263157894736842
592803,0.5
592805,0.47368421052631576
592797,0.5
592798,0.47368421052631576
592800,0.5684754521963824
592801,0.6203473945409429
592789,0.4516971279373368
592792,0.5
592787,0.43152454780361754
592793,0.5
592794,0.43152454780361754
592786,0.5483028720626633
592791,0.5
592788,0.5
592312,0.5
592785,0.5
592776,0.43152454780361754
592779,0.4516971279373368
592772,0.47368421052631576
592766,0.5
592774,0.43152454780361754
592769,0.5
592768,0.39746835443037976
592767,0.3796526054590571
592770,0.5263157894736842
592773,0.43152454780361754
592822,0.6025316455696202
592765,0.5483028720626633
592759,0.47368421052631576
592763,0.5
592761,0.5
592760,0.5
592764,0.39746835443037976
592757,0.3796526054590571
592758,0.47368421052631576
592780,0.5
592784,0.47368421052631576
592818,0.47368421052631576
592778,0.5263157894736842
592777,0.3796526054590571
592748,0.5
592746,0.5
592754,0.5
592747,0.39746835443037976
592750,0.47368421052631576
592749,0.586734693877551
592755,0.4516971279373368
592751,0.586734693877551
592314,0.5483028720626633
592738,0.43152454780361754
592742,0.586734693877551
592736,0.5684754521963824
592737,0.5
592744,0.5263157894736842
592741,0.6203473945409429
592739,0.413265306122449
592743,0.5263157894736842
592295,0.586734693877551
592302,0.413265306122449
592728,0.5483028720626633
592730,0.4516971279373368
592726,0.5684754521963824
592734,0.6203473945409429
592727,0.5
592732,0.6203473945409429
592729,0.43152454780361754
592731,0.5684754521963824
592364,0.5263157894736842
592365,0.5483028720626633
592369,0.5483028720626633
592366,0.5483028720626633
592363,0.5
592367,0.5263157894736842
592362,0.3796526054590571
592361,0.5483028720626633
592359,0.47368421052631576
592360,0.6025316455696202
592351,0.5263157894736842
592354,0.5483028720626633
592352,0.6203473945409429
592353,0.4516971279373368
592358,0.4516971279373368
592357,0.6368038740920097
592342,0.4516971279373368
592350,0.586734693877551
592346,0.5483028720626633
592343,0.5483028720626633
592348,0.586734693877551
592341,0.5263157894736842
592349,0.43152454780361754
592345,0.5263157894736842
592339,0.586734693877551
592333,0.47368421052631576
592331,0.413265306122449
592332,0.5263157894736842
592338,0.5263157894736842
592335,0.6368038740920097
592337,0.6025316455696202
592340,0.47368421052631576
592241,0.6203473945409429
592319,0.586734693877551
592313,0.5684754521963824
592145,0.6203473945409429
592315,0.5263157894736842
592317,0.5263157894736842
592321,0.5263157894736842
592327,0.6025316455696202
592326,0.6025316455696202
592325,0.5
592323,0.5263157894736842
592324,0.5684754521963824
592329,0.47368421052631576
592311,0.5
592299,0.4516971279373368
592320,0.586734693877551
592141,0.5684754521963824
592308,0.6563245823389022
592303,0.5263157894736842
592307,0.5
592310,0.5
592309,0.6203473945409429
592306,0.6025316455696202
592305,0.5
592297,0.6563245823389022
592298,0.5483028720626633
592291,0.47368421052631576
592300,0.586734693877551
592293,0.5684754521963824
592294,0.4516971279373368
592286,0.6818181818181818
592289,0.47368421052631576
592284,0.6203473945409429
592287,0.744047619047619
592281,0.5263157894736842
592282,0.5263157894736842
592283,0.47368421052631576
592285,0.5483028720626633
592273,0.5684754521963824
592280,0.5483028720626633
592276,0.7017543859649122
592279,0.5
592277,0.5
592275,0.5
592278,0.6025316455696202
592274,0.5483028720626633
592262,0.5483028720626633
592269,0.5684754521963824
592267,0.5
592263,0.47368421052631576
592261,0.5483028720626633
592265,0.5483028720626633
592264,0.6203473945409429
592270,0.7291666666666667
592251,0.5483028720626633
592256,0.5263157894736842
592254,0.6368038740920097
592252,0.5
592253,0.586734693877551
592257,0.586734693877551
592258,0.47368421052631576
592255,0.6203473945409429
592242,0.5
592248,0.5
592249,0.4516971279373368
592244,0.6818181818181818
592250,0.5263157894736842
592246,0.7291666666666667
592243,0.47368421052631576
592240,0.5483028720626633
592236,0.5483028720626633
592233,0.5483028720626633
592238,0.5483028720626633
592235,0.6025316455696202
592237,0.6563245823389022
592232,0.6025316455696202
592234,0.39746835443037976
592222,0.413265306122449
592225,0.6203473945409429
592224,0.5684754521963824
592223,0.5263157894736842
592226,0.6025316455696202
592229,0.6025316455696202
592221,0.5684754521963824
592227,0.5684754521963824
592211,0.6025316455696202
592217,0.6563245823389022
592219,0.586734693877551
592220,0.5263157894736842
592214,0.5263157894736842
592215,0.5684754521963824
592218,0.5
592212,0.43152454780361754
592204,0.586734693877551
592203,0.5
592209,0.5684754521963824
592206,0.5263157894736842
592207,0.4516971279373368
592201,0.5684754521963824
592205,0.6818181818181818
592202,0.5483028720626633
592194,0.5483028720626633
592193,0.5
592191,0.5
592198,0.5483028720626633
592197,0.5483028720626633
592195,0.413265306122449
592199,0.6818181818181818
592192,0.6203473945409429
592190,0.5
592185,0.586734693877551
592189,0.6025316455696202
592182,0.43152454780361754
592187,0.5684754521963824
592186,0.6563245823389022
592183,0.6563245823389022
592172,0.6563245823389022
592177,0.5483028720626633
592179,0.5263157894736842
592176,0.6025316455696202
592178,0.4516971279373368
592175,0.7188160676532769
592174,0.5483028720626633
592173,0.5483028720626633
592165,0.6818181818181818
592164,0.5
592166,0.6818181818181818
592168,0.5483028720626633
592162,0.5
592169,0.586734693877551
592163,0.47368421052631576
592161,0.5684754521963824
592156,0.5
592153,0.6025316455696202
592158,0.43152454780361754
592159,0.47368421052631576
592151,0.5684754521963824
592157,0.5684754521963824
592155,0.5
592154,0.5
592149,0.5483028720626633
592146,0.47368421052631576
592147,0.47368421052631576
592148,0.5
592144,0.6203473945409429
592142,0.43152454780361754
592143,0.5
157394,0.5483028720626633
157390,0.5263157894736842
157385,0.5684754521963824
157392,0.6025316455696202
157389,0.5483028720626633
157391,0.8283132530120482
157386,0.47368421052631576
157388,0.5263157894736842
157378,0.5483028720626633
157379,0.6563245823389022
157376,0.5483028720626633
157383,0.6563245823389022
157377,0.5
157382,0.5
157375,0.5684754521963824
157380,0.4516971279373368
157374,0.43152454780361754
157368,0.5684754521963824
157373,0.47368421052631576
157369,0.5
157365,0.6025316455696202
157372,0.5
157371,0.744047619047619
157367,0.7017543859649122
157359,0.6368038740920097
157355,0.47368421052631576
157362,0.5
157356,0.4516971279373368
157357,0.6563245823389022
157358,0.6203473945409429
157360,0.5
157363,0.4516971279373368
157347,0.6203473945409429
157350,0.47368421052631576
157345,0.5263157894736842
157348,0.5
157354,0.47368421052631576
157351,0.7017543859649122
157346,0.5
157353,0.47368421052631576
157349,0.5
157343,0.5
157342,0.6203473945409429
157338,0.6818181818181818
157340,0.5
157336,0.5483028720626633
157339,0.6025316455696202
157337,0.43152454780361754
157341,0.43152454780361754
157331,0.5684754521963824
157334,0.5483028720626633
157325,0.3796526054590571
157326,0.6025316455696202
157330,0.43152454780361754
157328,0.47368421052631576
157329,0.3436754176610979
157333,0.413265306122449
157316,0.5483028720626633
157322,0.5483028720626633
157315,0.3796526054590571
157318,0.5483028720626633
157321,0.5
157320,0.5
157323,0.5263157894736842
157317,0.47368421052631576
157309,0.6368038740920097
157308,0.5263157894736842
157306,0.586734693877551
157305,0.413265306122449
157307,0.47368421052631576
157313,0.43152454780361754
157312,0.5
157311,0.5
157289,0.6818181818181818
157299,0.6025316455696202
157301,0.5483028720626633
157297,0.5483028720626633
157296,0.4516971279373368
157295,0.6203473945409429
157298,0.413265306122449
157303,0.47368421052631576
157300,0.6818181818181818
157288,0.5
157293,0.5684754521963824
157290,0.47368421052631576
157285,0.5263157894736842
157294,0.5263157894736842
157287,0.413265306122449
157291,0.5684754521963824
157280,0.7017543859649122
157275,0.5483028720626633
157281,0.5
157279,0.6203473945409429
157278,0.413265306122449
157283,0.6025316455696202
157276,0.43152454780361754
157277,0.4516971279373368
157270,0.7801801801801801
157268,0.47368421052631576
157265,0.5483028720626633
157266,0.5263157894736842
157271,0.6563245823389022
157273,0.5483028720626633
157267,0.5
157269,0.43152454780361754
157262,0.6203473945409429
157256,0.5263157894736842
157259,0.6203473945409429
157264,0.5
157263,0.47368421052631576
157261,0.47368421052631576
157255,0.47368421052631576
157258,0.5263157894736842
157194,0.6025316455696202
157251,0.5
157248,0.6025316455696202
157253,0.586734693877551
157252,0.5483028720626633
157254,0.413265306122449
157246,0.5
157247,0.47368421052631576
157245,0.4516971279373368
157238,0.5483028720626633
157237,0.5
157240,0.5263157894736842
157244,0.5
157241,0.5263157894736842
157236,0.5684754521963824
157239,0.7291666666666667
157243,0.5
157226,0.744047619047619
157225,0.47368421052631576
157233,0.5684754521963824
157231,0.586734693877551
157227,0.5684754521963824
157230,0.5684754521963824
157229,0.5263157894736842
157228,0.5
157215,0.586734693877551
157221,0.4516971279373368
157224,0.5
157219,0.6563245823389022
157222,0.5684754521963824
157220,0.5263157894736842
157217,0.4516971279373368
157216,0.5483028720626633
157205,0.586734693877551
157207,0.5
157214,0.5483028720626633
157211,0.6203473945409429
157212,0.4516971279373368
157213,0.586734693877551
157210,0.4516971279373368
157206,0.5263157894736842
157200,0.6203473945409429
157201,0.5684754521963824
157196,0.6203473945409429
157198,0.47368421052631576
157199,0.47368421052631576
157197,0.6203473945409429
157195,0.6025316455696202
157203,0.5684754521963824
157192,0.5684754521963824
157193,0.5263157894736842
157189,0.7017543859649122
157186,0.6025316455696202
157185,0.47368421052631576
157190,0.3796526054590571
157188,0.6203473945409429
157178,0.47368421052631576
157175,0.7291666666666667
157181,0.5684754521963824
157183,0.6025316455696202
157176,0.43152454780361754
157179,0.7017543859649122
157177,0.6818181818181818
157180,0.7291666666666667
157174,0.6818181818181818
157170,0.47368421052631576
157166,0.6025316455696202
157169,0.6203473945409429
157173,0.4516971279373368
157172,0.5684754521963824
157165,0.6025316455696202
157168,0.586734693877551
157155,0.6368038740920097
157164,0.5483028720626633
157161,0.7017543859649122
157162,0.5684754521963824
157160,0.5
157157,0.6203473945409429
157156,0.6818181818181818
157163,0.5
157149,0.6203473945409429
157147,0.5483028720626633
157151,0.6818181818181818
157152,0.5
157153,0.6203473945409429
157148,0.6818181818181818
157145,0.47368421052631576
157146,0.7017543859649122
157150,0.6563245823389022
157137,0.5483028720626633
157141,0.6818181818181818
157143,0.4516971279373368
157138,0.5
157136,0.6203473945409429
157139,0.5483028720626633
157140,0.6368038740920097
157144,0.6203473945409429
157128,0.6203473945409429
157129,0.5
157127,0.6203473945409429
157132,0.47368421052631576
157130,0.43152454780361754
157125,0.5684754521963824
157126,0.6025316455696202
157131,0.5684754521963824
157120,0.5684754521963824
157119,0.47368421052631576
157123,0.586734693877551
157124,0.5263157894736842
157121,0.7801801801801801
157118,0.6025316455696202
157117,0.6818181818181818
157115,0.5
157111,0.5
157108,0.6563245823389022
157105,0.6203473945409429
157107,0.5483028720626633
157113,0.5684754521963824
157106,0.47368421052631576
157109,0.7894736842105263
157112,0.47368421052631576
157101,0.5
157098,0.6563245823389022
157103,0.6025316455696202
157097,0.6025316455696202
157100,0.5483028720626633
157096,0.5263157894736842
157095,0.6818181818181818
157099,0.586734693877551
157090,0.43152454780361754
157092,0.586734693877551
157085,0.7291666666666667
157094,0.5483028720626633
157091,0.6203473945409429
157088,0.586734693877551
157087,0.47368421052631576
157086,0.5483028720626633
157081,0.5684754521963824
157080,0.5
157079,0.6025316455696202
157083,0.6025316455696202
157075,0.6025316455696202
157076,0.5
157077,0.586734693877551
157078,0.5483028720626633
157065,0.6818181818181818
157067,0.6203473945409429
157074,0.5263157894736842
157072,0.413265306122449
157071,0.7801801801801801
157066,0.5684754521963824
157070,0.5263157894736842
157073,0.586734693877551
157056,0.6025316455696202
157063,0.6203473945409429
157055,0.5483028720626633
157060,0.7894736842105263
157062,0.586734693877551
157057,0.4516971279373368
157059,0.47368421052631576
157058,0.6563245823389022
157045,0.6025316455696202
157046,0.586734693877551
157051,0.7291666666666667
157054,0.6563245823389022
157052,0.47368421052631576
157048,0.5263157894736842
157050,0.5684754521963824
157053,0.5
157042,0.6025316455696202
157035,0.7017543859649122
157038,0.7017543859649122
157043,0.5684754521963824
157037,0.47368421052631576
157039,0.5483028720626633
157040,0.6025316455696202
157036,0.5
157028,0.5263157894736842
157030,0.6025316455696202
157033,0.586734693877551
157031,0.5
157029,0.5483028720626633
157026,0.5483028720626633
157027,0.5
157025,0.6025316455696202
157024,0.47368421052631576
157023,0.5263157894736842
157022,0.6025316455696202
157021,0.4516971279373368
157018,0.4516971279373368
157019,0.43152454780361754
157016,0.6563245823389022
157015,0.7017543859649122
