date,competition,matchday,home_team,away_team,home_games_played,away_games_played,home_competition_games,away_competition_games,home_gf_last5,home_ga_last5,away_gf_last5,away_ga_last5,home_gf_last10,home_ga_last10,away_gf_last10,away_ga_last10,home_gf_season,home_ga_season,away_gf_season,away_ga_season,home_rest_days,away_rest_days,h2h_games,h2h_avg_goals,total_goals,over_2_5
2023-09-15,ELC,6,Hull City AFC,Coventry City FC,5,5,5,5,1.8,1.2,1.6,1.2,1.8,1.2,1.6,1.2,1.8,1.2,1.6,1.2,13,13,0,,2,0
2023-09-15,ELC,6,Southampton FC,Leicester City FC,5,5,5,5,2.0,2.4,1.4,0.8,2.0,2.4,1.4,0.8,2.0,2.4,1.4,0.8,13,13,0,,5,1
2023-09-16,ELC,6,Bristol City FC,West Bromwich Albion FC,5,5,5,5,1.0,1.0,2.0,1.8,1.0,1.0,2.0,1.8,1.0,1.0,2.0,1.8,14,14,0,,0,0
2023-09-16,ELC,6,Watford FC,Birmingham City FC,5,5,5,5,1.4,1.0,1.4,0.6,1.4,1.0,1.4,0.6,1.4,1.0,1.4,0.6,14,14,0,,2,0
2023-09-16,ELC,6,Huddersfield Town AFC,Rotherham United FC,5,5,5,5,0.8,2.0,1.4,2.2,0.8,2.0,1.4,2.2,0.8,2.0,1.4,2.2,14,14,0,,2,0
2023-09-16,ELC,6,Norwich City FC,Stoke City FC,5,5,5,5,2.8,1.6,1.0,1.2,2.8,1.6,1.0,1.2,2.8,1.6,1.0,1.2,14,14,0,,1,0
2023-09-16,ELC,6,Preston North End FC,Plymouth Argyle FC,5,5,5,5,1.6,0.6,1.6,1.0,1.6,0.6,1.6,1.0,1.6,0.6,1.6,1.0,14,14,0,,3,1
2023-09-16,ELC,6,Queens Park Rangers FC,Sunderland AFC,5,5,5,5,1.0,1.6,1.8,1.0,1.0,1.6,1.8,1.0,1.0,1.6,1.8,1.0,14,14,0,,4,1
2023-09-16,ELC,6,Sheffield Wednesday FC,Ipswich Town FC,5,5,5,5,0.8,1.8,2.2,1.4,0.8,1.8,2.2,1.4,0.8,1.8,2.2,1.4,14,14,0,,1,0
2023-09-16,ELC,6,Blackburn Rovers FC,Middlesbrough FC,5,5,5,5,1.2,1.6,0.6,2.2,1.2,1.6,0.6,2.2,1.2,1.6,0.6,2.2,14,14,0,,3,1
2023-09-16,ELC,6,Cardiff City FC,Swansea City AFC,5,5,5,5,1.6,2.0,1.2,1.8,1.6,2.0,1.2,1.8,1.6,2.0,1.2,1.8,14,14,0,,2,0
2023-09-17,ELC,6,Millwall FC,Leeds United FC,5,5,5,5,0.8,1.0,1.4,1.4,0.8,1.0,1.4,1.4,0.8,1.0,1.4,1.4,14,14,0,,3,1
2023-09-19,ELC,7,Bristol City FC,Plymouth Argyle FC,6,6,6,6,0.8,0.8,1.2,1.2,0.8333333333333334,0.8333333333333334,1.5,1.1666666666666667,0.8333333333333334,0.8333333333333334,1.5,1.1666666666666667,3,3,0,,5,1
2023-09-19,ELC,7,Cardiff City FC,Coventry City FC,6,6,6,6,1.6,1.6,1.6,1.0,1.6666666666666667,1.6666666666666667,1.5,1.1666666666666667,1.6666666666666667,1.6666666666666667,1.5,1.1666666666666667,3,4,0,,5,1
2023-09-19,ELC,7,Southampton FC,Ipswich Town FC,6,6,6,6,1.8,3.0,2.0,1.2,1.8333333333333333,2.6666666666666665,2.0,1.1666666666666667,1.8333333333333333,2.6666666666666665,2.0,1.1666666666666667,3,3,0,,1,0
2023-09-19,ELC,7,Preston North End FC,Birmingham City FC,6,6,6,6,1.8,0.6,1.2,0.8,1.6666666666666667,0.6666666666666666,1.1666666666666667,0.8333333333333334,1.6666666666666667,0.6666666666666666,1.1666666666666667,0.8333333333333334,3,3,0,,3,1
2023-09-19,ELC,7,Queens Park Rangers FC,Swansea City AFC,6,6,6,6,1.2,1.4,1.0,2.0,1.0,1.8333333333333333,1.0,1.8333333333333333,1.0,1.8333333333333333,1.0,1.8333333333333333,3,3,0,,2,0
2023-09-19,ELC,7,Sheffield Wednesday FC,Middlesbrough FC,6,6,6,6,0.6,1.6,0.8,2.4,0.6666666666666666,1.6666666666666667,0.6666666666666666,2.1666666666666665,0.6666666666666666,1.6666666666666667,0.6666666666666666,2.1666666666666665,3,3,0,,2,0
2023-09-20,ELC,7,Blackburn Rovers FC,Sunderland AFC,6,6,6,6,1.2,1.6,2.2,0.8,1.3333333333333333,1.5,2.0,1.0,1.3333333333333333,1.5,2.0,1.0,4,4,0,,4,1
2023-09-20,ELC,7,Millwall FC,Rotherham United FC,6,6,6,6,0.6,1.6,1.2,1.8,0.6666666666666666,1.3333333333333333,1.1666666666666667,2.1666666666666665,0.6666666666666666,1.3333333333333333,1.1666666666666667,2.1666666666666665,3,4,0,,3,1
2023-09-20,ELC,7,Watford FC,West Bromwich Albion FC,6,6,6,6,1.0,1.0,1.8,1.4,1.5,0.8333333333333334,1.6666666666666667,1.5,1.5,0.8333333333333334,1.6666666666666667,1.5,4,4,0,,4,1
2023-09-20,ELC,7,Huddersfield Town AFC,Stoke City FC,6,6,6,6,1.0,1.4,0.2,1.2,1.0,1.6666666666666667,0.8333333333333334,1.1666666666666667,1.0,1.6666666666666667,0.8333333333333334,1.1666666666666667,4,4,0,,4,1
2023-09-20,ELC,7,Hull City AFC,Leeds United FC,6,6,6,6,1.8,1.0,1.6,1.0,1.6666666666666667,1.1666666666666667,1.6666666666666667,1.1666666666666667,1.6666666666666667,1.1666666666666667,1.6666666666666667,1.1666666666666667,5,3,0,,0,0
2023-09-20,ELC,7,Norwich City FC,Leicester City FC,6,6,6,6,2.6,1.4,1.8,0.8,2.5,1.3333333333333333,1.8333333333333333,0.8333333333333334,2.5,1.3333333333333333,1.8333333333333333,0.8333333333333334,4,5,0,,2,0
2023-09-22,ELC,8,Birmingham City FC,Queens Park Rangers FC,7,7,7,7,1.2,1.2,1.0,1.4,1.1428571428571428,1.0,1.0,1.7142857142857142,1.1428571428571428,1.0,1.0,1.7142857142857142,3,3,0,,0,0
2023-09-23,PL,6,Crystal Palace FC,Fulham FC,5,5,5,5,1.2,1.4,1.0,2.0,1.2,1.4,1.0,2.0,1.2,1.4,1.0,2.0,7,7,0,,0,0
2023-09-23,PL,6,Manchester City FC,Nottingham Forest FC,5,5,5,5,2.8,0.6,1.4,1.4,2.8,0.6,1.4,1.4,2.8,0.6,1.4,1.4,7,4,0,,2,0
2023-09-23,ELC,8,Middlesbrough FC,Southampton FC,7,7,7,7,1.0,2.0,1.0,2.4,0.7142857142857143,2.0,1.5714285714285714,2.4285714285714284,0.7142857142857143,2.0,1.5714285714285714,2.4285714285714284,3,3,0,,3,1
2023-09-23,ELC,8,Ipswich Town FC,Blackburn Rovers FC,7,7,7,7,1.8,1.2,1.0,1.8,1.8571428571428572,1.0,1.2857142857142858,1.7142857142857142,1.8571428571428572,1.0,1.2857142857142858,1.7142857142857142,3,2,0,,7,1
2023-09-23,ELC,8,Leeds United FC,Watford FC,7,7,7,7,1.6,0.8,1.4,1.4,1.4285714285714286,1.0,1.5714285714285714,1.0,1.4285714285714286,1.0,1.5714285714285714,1.0,2,2,0,,3,1
2023-09-23,ELC,8,Leicester City FC,Bristol City FC,7,7,7,7,2.0,0.8,1.4,1.0,1.8571428571428572,0.7142857142857143,1.2857142857142858,0.8571428571428571,1.8571428571428572,0.7142857142857143,1.2857142857142858,0.8571428571428571,2,3,0,,1,0
2023-09-23,ELC,8,Plymouth Argyle FC,Norwich City FC,7,7,7,7,1.4,2.0,1.8,1.0,1.4285714285714286,1.5714285714285714,2.142857142857143,1.4285714285714286,1.4285714285714286,1.5714285714285714,2.142857142857143,1.4285714285714286,3,2,0,,8,1
2023-09-23,ELC,8,Rotherham United FC,Preston North End FC,7,7,7,7,0.8,2.0,1.8,0.6,1.0,2.2857142857142856,1.7142857142857142,0.7142857142857143,1.0,2.2857142857142856,1.7142857142857142,0.7142857142857143,2,3,0,,2,0
2023-09-23,ELC,8,Swansea City AFC,Sheffield Wednesday FC,7,7,7,7,0.8,1.6,0.4,1.0,1.0,1.7142857142857142,0.7142857142857143,1.5714285714285714,1.0,1.7142857142857142,0.7142857142857143,1.5714285714285714,3,3,0,,3,1
2023-09-23,ELC,8,West Bromwich Albion FC,Millwall FC,7,7,7,7,1.6,1.4,1.2,1.4,1.7142857142857142,1.5714285714285714,1.0,1.1428571428571428,1.7142857142857142,1.5714285714285714,1.0,1.1428571428571428,2,2,0,,0,0
2023-09-23,PL,6,Brentford FC,Everton FC,5,5,5,5,1.6,1.2,0.4,1.8,1.6,1.2,0.4,1.8,1.6,1.2,0.4,1.8,7,6,0,,4,1
2023-09-24,ELC,8,Stoke City FC,Hull City AFC,7,7,7,7,0.6,1.2,1.0,0.6,1.0,1.2857142857142858,1.4285714285714286,1.0,1.0,1.2857142857142858,1.4285714285714286,1.0,3,3,0,,4,1
2023-09-24,PL,6,Arsenal FC,Tottenham Hotspur FC,5,5,5,5,1.8,0.8,2.6,1.0,1.8,0.8,2.6,1.0,1.8,0.8,2.6,1.0,6,7,0,,4,1
2023-09-24,PL,6,Brighton & Hove Albion FC,AFC Bournemouth,5,5,5,5,3.0,1.4,0.8,1.6,3.0,1.4,0.8,1.6,3.0,1.4,0.8,1.6,7,7,0,,4,1
2023-09-24,PL,6,Chelsea FC,Aston Villa FC,5,5,5,5,1.0,1.0,2.2,2.0,1.0,1.0,2.2,2.0,1.0,1.0,2.2,2.0,7,7,0,,1,0
2023-09-24,PL,6,Liverpool FC,West Ham United FC,5,5,5,5,2.4,0.8,2.0,1.4,2.4,0.8,2.0,1.4,2.4,0.8,2.0,1.4,8,7,0,,4,1
2023-09-24,ELC,8,Sunderland AFC,Cardiff City FC,7,7,7,7,2.6,0.6,2.0,1.6,2.142857142857143,1.0,1.8571428571428572,1.7142857142857142,2.142857142857143,1.0,1.8571428571428572,1.7142857142857142,3,4,0,,1,0
2023-09-24,PL,6,Sheffield United FC,Newcastle United FC,5,5,5,5,1.0,1.8,1.6,1.4,1.0,1.8,1.6,1.4,1.0,1.8,1.6,1.4,8,7,0,,8,1
2023-09-25,ELC,8,Coventry City FC,Huddersfield Town AFC,7,7,7,7,1.4,1.6,1.4,1.6,1.5714285714285714,1.4285714285714286,1.1428571428571428,1.7142857142857142,1.5714285714285714,1.4285714285714286,1.1428571428571428,1.7142857142857142,6,5,0,,2,0
2023-09-29,ELC,9,Sheffield Wednesday FC,Sunderland AFC,8,8,8,8,0.4,1.4,2.2,0.6,0.625,1.75,1.875,1.0,0.625,1.75,1.875,1.0,6,5,0,,3,1
2023-09-30,PL,7,Aston Villa FC,Brighton & Hove Albion FC,6,6,6,6,2.2,1.0,2.8,1.4,2.0,1.6666666666666667,3.0,1.3333333333333333,2.0,1.6666666666666667,3.0,1.3333333333333333,5,5,0,,7,1
2023-09-30,ELC,9,Southampton FC,Leeds United FC,8,8,8,8,0.8,2.6,2.0,0.6,1.5,2.375,1.625,0.875,1.5,2.375,1.625,0.875,6,6,0,,4,1
2023-09-30,PL,7,AFC Bournemouth,Arsenal FC,6,6,6,6,0.8,2.0,1.8,1.0,0.8333333333333334,1.8333333333333333,1.8333333333333333,1.0,0.8333333333333334,1.8333333333333333,1.8333333333333333,1.0,6,6,0,,4,1
2023-09-30,PL,7,Everton FC,Luton Town FC,6,5,6,5,1.0,1.8,0.6,2.2,0.8333333333333334,1.6666666666666667,0.6,2.2,0.8333333333333334,1.6666666666666667,0.6,2.2,6,7,0,,3,1
2023-09-30,PL,7,Manchester United FC,Crystal Palace FC,6,6,6,6,1.2,2.0,1.0,1.4,1.1666666666666667,1.6666666666666667,1.0,1.1666666666666667,1.1666666666666667,1.6666666666666667,1.0,1.1666666666666667,6,7,0,,1,0
2023-09-30,PL,7,Newcastle United FC,Burnley FC,6,5,6,5,2.2,1.2,0.8,2.6,2.6666666666666665,1.1666666666666667,0.8,2.6,2.6666666666666665,1.1666666666666667,0.8,2.6,5,6,0,,2,0
2023-09-30,PL,7,West Ham United FC,Sheffield United FC,6,6,6,6,2.0,1.8,1.0,3.2,1.8333333333333333,1.6666666666666667,0.8333333333333334,2.8333333333333335,1.8333333333333333,1.6666666666666667,0.8333333333333334,2.8333333333333335,6,5,0,,2,0
2023-09-30,PL,7,Wolverhampton Wanderers FC,Manchester City FC,6,6,6,6,1.2,2.2,2.6,0.6,1.0,2.0,2.6666666666666665,0.5,1.0,2.0,2.6666666666666665,0.5,7,7,0,,3,1
2023-09-30,ELC,9,Millwall FC,Swansea City AFC,8,8,8,8,1.0,0.8,1.2,1.4,0.875,1.0,1.25,1.5,0.875,1.0,1.25,1.5,7,7,0,,3,1
2023-09-30,ELC,9,Bristol City FC,Stoke City FC,8,8,8,8,1.4,0.8,0.6,1.8,1.125,0.875,1.0,1.5,1.125,0.875,1.0,1.5,7,6,0,,5,1
2023-09-30,ELC,9,Cardiff City FC,Rotherham United FC,8,8,8,8,2.0,1.2,0.8,1.8,1.75,1.5,1.0,2.125,1.75,1.5,1.0,2.125,6,7,0,,2,0
2023-09-30,ELC,9,Watford FC,Middlesbrough FC,8,8,8,8,1.4,1.8,1.2,2.0,1.375,1.25,0.875,1.875,1.375,1.25,0.875,1.875,7,7,0,,5,1
2023-09-30,ELC,9,Huddersfield Town AFC,Ipswich Town FC,8,8,8,8,1.4,1.6,2.4,1.8,1.125,1.625,2.125,1.25,1.125,1.625,2.125,1.25,4,7,0,,2,0
2023-09-30,ELC,9,Hull City AFC,Plymouth Argyle FC,8,8,8,8,1.2,0.6,2.4,2.0,1.625,1.0,2.0,1.625,1.625,1.0,2.0,1.625,6,7,0,,2,0
2023-09-30,ELC,9,Norwich City FC,Birmingham City FC,8,8,8,8,1.6,2.0,0.8,1.2,2.125,2.0,1.0,0.875,2.125,2.0,1.0,0.875,7,7,0,,2,0
2023-09-30,ELC,9,Preston North End FC,West Bromwich Albion FC,8,8,8,8,1.8,0.8,1.4,1.2,1.625,0.75,1.5,1.375,1.625,0.75,1.5,1.375,7,7,0,,4,1
2023-09-30,ELC,9,Queens Park Rangers FC,Coventry City FC,8,8,8,8,1.0,1.2,1.4,1.6,0.875,1.5,1.5,1.375,0.875,1.5,1.5,1.375,7,4,0,,4,1
2023-09-30,PL,7,Tottenham Hotspur FC,Liverpool FC,6,6,6,6,2.6,1.0,2.8,0.8,2.5,1.1666666666666667,2.5,0.8333333333333334,2.5,1.1666666666666667,2.5,0.8333333333333334,6,6,0,,3,1
2023-10-01,ELC,9,Blackburn Rovers FC,Leicester City FC,8,8,8,8,1.4,2.2,1.8,0.6,1.5,2.0,1.75,0.625,1.5,2.0,1.75,0.625,7,7,0,,5,1
2023-10-01,PL,7,Nottingham Forest FC,Brentford FC,6,6,6,6,1.2,1.4,1.4,1.4,1.1666666666666667,1.5,1.5,1.5,1.1666666666666667,1.5,1.5,1.5,7,7,0,,2,0
2023-10-02,PL,7,Fulham FC,Chelsea FC,6,6,6,6,0.8,2.0,0.8,1.0,0.8333333333333334,1.6666666666666667,0.8333333333333334,1.0,0.8333333333333334,1.6666666666666667,0.8333333333333334,1.0,9,8,0,,2,0
2023-10-03,PL,2,Luton Town FC,Burnley FC,6,6,6,6,0.8,1.6,0.8,2.4,0.8333333333333334,2.0,0.6666666666666666,2.5,0.8333333333333334,2.0,0.6666666666666666,2.5,3,3,0,,3,1
2023-10-03,ELC,10,Birmingham City FC,Huddersfield Town AFC,9,9,9,9,0.4,1.4,1.6,1.0,0.8888888888888888,1.0,1.1111111111111112,1.5555555555555556,0.8888888888888888,1.0,1.1111111111111112,1.5555555555555556,3,3,0,,5,1
2023-10-03,ELC,10,Middlesbrough FC,Cardiff City FC,9,9,9,9,1.4,1.6,2.0,1.0,1.1111111111111112,1.8888888888888888,1.7777777777777777,1.3333333333333333,1.1111111111111112,1.8888888888888888,1.7777777777777777,1.3333333333333333,3,3,0,,2,0
2023-10-03,ELC,10,Ipswich Town FC,Hull City AFC,9,9,9,9,2.0,1.2,1.2,0.6,2.0,1.2222222222222223,1.5555555555555556,1.0,2.0,1.2222222222222223,1.5555555555555556,1.0,3,3,0,,3,1
2023-10-03,ELC,10,Plymouth Argyle FC,Millwall FC,9,9,9,9,2.4,1.8,0.8,1.4,1.8888888888888888,1.5555555555555556,0.7777777777777778,1.2222222222222223,1.8888888888888888,1.5555555555555556,0.7777777777777778,1.2222222222222223,3,3,0,,2,0
2023-10-03,ELC,10,Stoke City FC,Southampton FC,9,9,9,9,1.2,2.0,1.0,2.6,1.2222222222222223,1.5555555555555556,1.6666666666666667,2.2222222222222223,1.2222222222222223,1.5555555555555556,1.6666666666666667,2.2222222222222223,3,3,0,,1,0
2023-10-03,ELC,10,West Bromwich Albion FC,Sheffield Wednesday FC,9,9,9,9,1.4,0.8,0.2,1.6,1.7777777777777777,1.2222222222222223,0.5555555555555556,1.8888888888888888,1.7777777777777777,1.2222222222222223,0.5555555555555556,1.8888888888888888,3,4,0,,1,0
2023-10-04,ELC,10,Sunderland AFC,Watford FC,9,9,9,9,2.8,0.6,1.8,2.2,2.0,0.8888888888888888,1.4444444444444444,1.4444444444444444,2.0,0.8888888888888888,1.4444444444444444,1.4444444444444444,4,4,0,,2,0
2023-10-04,ELC,10,Coventry City FC,Blackburn Rovers FC,9,9,9,9,2.0,1.8,1.4,3.0,1.6666666666666667,1.3333333333333333,1.4444444444444444,2.2222222222222223,1.6666666666666667,1.3333333333333333,1.4444444444444444,2.2222222222222223,4,3,0,,1,0
2023-10-04,ELC,10,Leeds United FC,Queens Park Rangers FC,9,9,9,9,1.4,0.6,1.0,1.4,1.5555555555555556,1.1111111111111112,0.8888888888888888,1.6666666666666667,1.5555555555555556,1.1111111111111112,0.8888888888888888,1.6666666666666667,4,4,0,,1,0
2023-10-04,ELC,10,Leicester City FC,Preston North End FC,9,9,9,9,2.2,0.6,1.4,1.4,2.0,0.6666666666666666,1.4444444444444444,1.1111111111111112,2.0,0.6666666666666666,1.4444444444444444,1.1111111111111112,3,4,0,,3,1
2023-10-04,ELC,10,Swansea City AFC,Norwich City FC,9,9,9,9,1.6,1.0,1.2,2.0,1.4444444444444444,1.3333333333333333,2.111111111111111,1.7777777777777777,1.4444444444444444,1.3333333333333333,2.111111111111111,1.7777777777777777,4,4,0,,3,1
2023-10-04,ELC,10,Rotherham United FC,Bristol City FC,9,9,9,9,0.6,1.8,1.6,1.2,0.8888888888888888,2.111111111111111,1.2222222222222223,1.1111111111111112,0.8888888888888888,2.111111111111111,1.2222222222222223,1.1111111111111112,4,4,0,,3,1
2023-10-06,ELC,11,Birmingham City FC,West Bromwich Albion FC,10,10,10,10,1.0,1.4,1.4,0.4,1.2,1.0,1.7,1.1,1.2,1.0,1.7,1.1,3,3,0,,4,1
2023-10-07,PL,8,Luton Town FC,Tottenham Hotspur FC,7,7,7,7,1.0,1.4,2.6,1.2,0.8571428571428571,2.0,2.4285714285714284,1.1428571428571428,0.8571428571428571,2.0,2.4285714285714284,1.1428571428571428,3,6,0,,1,0
2023-10-07,ELC,11,Sunderland AFC,Middlesbrough FC,10,10,10,10,2.2,0.6,1.8,1.2,2.0,0.8,1.2,1.7,2.0,0.8,1.2,1.7,2,3,0,,4,1
2023-10-07,PL,8,Burnley FC,Chelsea FC,7,7,7,7,1.0,2.0,1.0,0.4,0.8571428571428571,2.2857142857142856,1.0,0.8571428571428571,0.8571428571428571,2.2857142857142856,1.0,0.8571428571428571,3,4,0,,5,1
2023-10-07,PL,8,Everton FC,AFC Bournemouth,7,7,7,7,1.2,1.4,0.6,2.2,0.8571428571428571,1.7142857142857142,0.7142857142857143,2.142857142857143,0.8571428571428571,1.7142857142857142,0.7142857142857143,2.142857142857143,7,7,0,,3,1
2023-10-07,PL,8,Fulham FC,Sheffield United FC,7,7,7,7,0.8,1.8,0.8,3.2,0.7142857142857143,1.7142857142857142,0.7142857142857143,2.7142857142857144,0.7142857142857143,1.7142857142857142,0.7142857142857143,2.7142857142857144,4,7,0,,4,1
2023-10-07,PL,8,Manchester United FC,Brentford FC,7,7,7,7,1.2,1.8,1.0,1.6,1.0,1.5714285714285714,1.4285714285714286,1.4285714285714286,1.0,1.5714285714285714,1.4285714285714286,1.4285714285714286,7,6,0,,3,1
2023-10-07,ELC,11,Cardiff City FC,Watford FC,10,10,10,10,1.6,0.8,1.2,2.0,1.6,1.4,1.3,1.5,1.6,1.4,1.3,1.5,3,2,0,,2,0
2023-10-07,ELC,11,Coventry City FC,Norwich City FC,10,10,10,10,1.6,1.2,1.2,2.0,1.6,1.2,2.0,1.8,1.6,1.2,2.0,1.8,2,2,0,,2,0
2023-10-07,ELC,11,Millwall FC,Hull City AFC,10,10,10,10,1.0,1.2,1.0,1.2,0.9,1.1,1.4,1.2,0.9,1.1,1.4,1.2,3,3,0,,4,1
2023-10-07,ELC,11,Southampton FC,Rotherham United FC,10,10,10,10,1.2,1.6,0.4,2.0,1.6,2.0,0.9,2.1,1.6,2.0,0.9,2.1,3,2,0,,2,0
2023-10-07,ELC,11,Ipswich Town FC,Preston North End FC,10,10,10,10,2.0,0.8,1.0,2.0,2.1,1.1,1.3,1.3,2.1,1.1,1.3,1.3,3,2,0,,6,1
2023-10-07,ELC,11,Leeds United FC,Bristol City FC,10,10,10,10,1.6,0.6,1.6,1.2,1.5,1.0,1.3,1.1,1.5,1.0,1.3,1.1,2,2,0,,3,1
2023-10-07,ELC,11,Leicester City FC,Stoke City FC,10,10,10,10,2.8,0.4,1.2,1.8,2.1,0.6,1.1,1.5,2.1,0.6,1.1,1.5,2,3,0,,2,0
2023-10-07,ELC,11,Plymouth Argyle FC,Swansea City AFC,10,10,10,10,1.8,2.2,1.8,0.8,1.7,1.6,1.5,1.3,1.7,1.6,1.5,1.3,3,2,0,,4,1
2023-10-07,ELC,11,Queens Park Rangers FC,Blackburn Rovers FC,10,10,10,10,0.6,1.6,1.4,2.6,0.8,1.6,1.3,2.1,0.8,1.6,1.3,2.1,2,2,0,,4,1
2023-10-07,ELC,11,Sheffield Wednesday FC,Huddersfield Town AFC,10,10,10,10,0.2,1.8,1.4,1.6,0.5,1.8,1.1,1.8,0.5,1.8,1.1,1.8,3,3,0,,0,0
2023-10-07,PL,8,Crystal Palace FC,Nottingham Forest FC,7,7,7,7,1.2,1.2,1.0,1.4,1.0,1.0,1.1428571428571428,1.4285714285714286,1.0,1.0,1.1428571428571428,1.4285714285714286,7,6,0,,0,0
2023-10-08,PL,8,Brighton & Hove Albion FC,Liverpool FC,7,7,7,7,2.2,2.4,2.4,1.0,2.7142857142857144,2.0,2.2857142857142856,1.0,2.7142857142857144,2.0,2.2857142857142856,1.0,8,7,0,,4,1
2023-10-08,PL,8,West Ham United FC,Newcastle United FC,7,7,7,7,1.8,1.6,2.6,1.0,1.8571428571428572,1.4285714285714286,2.5714285714285716,1.0,1.8571428571428572,1.4285714285714286,2.5714285714285716,1.0,7,7,0,,4,1
2023-10-08,PL,8,Wolverhampton Wanderers FC,Aston Villa FC,7,7,7,7,1.4,1.6,2.6,1.2,1.1428571428571428,1.8571428571428572,2.5714285714285716,1.5714285714285714,1.1428571428571428,1.8571428571428572,2.5714285714285716,1.5714285714285714,7,8,0,,2,0
2023-10-08,PL,8,Arsenal FC,Manchester City FC,7,7,7,7,2.4,1.0,2.6,1.0,2.142857142857143,0.8571428571428571,2.4285714285714284,0.7142857142857143,2.142857142857143,0.8571428571428571,2.4285714285714284,0.7142857142857143,8,8,0,,1,0
2023-10-21,PL,9,Liverpool FC,Everton FC,8,8,8,8,2.4,1.2,1.8,1.2,2.25,1.125,1.125,1.5,2.25,1.125,1.125,1.5,12,13,0,,2,0
2023-10-21,ELC,12,Preston North End FC,Millwall FC,11,11,11,11,1.0,2.6,1.4,1.0,1.4,1.6,1.0,1.3,1.3636363636363635,1.5454545454545454,1.0,1.1818181818181819,13,13,0,,2,0
2023-10-21,PL,9,AFC Bournemouth,Wolverhampton Wanderers FC,8,8,8,8,0.6,2.4,1.4,1.8,0.625,2.25,1.125,1.75,0.625,2.25,1.125,1.75,14,13,0,,3,1
2023-10-21,PL,9,Brentford FC,Burnley FC,8,8,8,8,1.0,1.8,0.8,1.8,1.375,1.5,0.875,2.5,1.375,1.5,0.875,2.5,14,14,0,,3,1
2023-10-21,PL,9,Manchester City FC,Brighton & Hove Albion FC,8,8,8,8,2.2,1.0,2.4,2.2,2.125,0.75,2.625,2.0,2.125,0.75,2.625,2.0,12,13,0,,3,1
2023-10-21,PL,9,Newcastle United FC,Crystal Palace FC,8,8,8,8,2.8,1.0,1.0,1.0,2.5,1.125,0.875,0.875,2.5,1.125,0.875,0.875,13,13,0,,4,1
2023-10-21,PL,9,Nottingham Forest FC,Luton Town FC,8,8,8,8,0.6,0.8,0.8,1.2,1.0,1.25,0.75,1.875,1.0,1.25,0.75,1.875,13,14,0,,4,1
2023-10-21,ELC,12,Blackburn Rovers FC,Cardiff City FC,11,11,11,11,1.8,2.4,1.4,1.0,1.5,2.0,1.5,1.3,1.5454545454545454,1.9090909090909092,1.5454545454545454,1.3636363636363635,14,14,0,,1,0
2023-10-21,ELC,12,Bristol City FC,Coventry City FC,11,11,11,11,1.8,1.6,1.6,1.2,1.3,1.2,1.6,1.1,1.2727272727272727,1.1818181818181819,1.5454545454545454,1.1818181818181819,14,14,0,,1,0
2023-10-21,ELC,12,Middlesbrough FC,Birmingham City FC,11,11,11,11,2.4,0.8,1.6,1.2,1.6,1.6,1.4,1.0,1.4545454545454546,1.5454545454545454,1.3636363636363635,1.0,14,14,0,,1,0
2023-10-21,ELC,12,Watford FC,Sheffield Wednesday FC,11,11,11,11,1.0,2.2,0.2,1.6,1.0,1.6,0.4,1.6,1.2727272727272727,1.4545454545454546,0.45454545454545453,1.6363636363636365,14,14,0,,1,0
2023-10-21,ELC,12,Huddersfield Town AFC,Queens Park Rangers FC,11,11,11,11,1.0,1.6,0.4,1.8,1.0,1.5,0.8,1.6,1.0,1.6363636363636365,0.7272727272727273,1.8181818181818181,14,14,0,,3,1
2023-10-21,ELC,12,Hull City AFC,Southampton FC,11,11,11,11,1.2,1.4,1.2,1.0,1.5,1.2,1.5,2.0,1.4545454545454546,1.2727272727272727,1.5454545454545454,1.9090909090909092,14,14,0,,3,1
2023-10-21,ELC,12,Norwich City FC,Leeds United FC,11,11,11,11,1.2,2.2,1.4,0.8,1.9,1.8,1.5,0.9,1.9090909090909092,1.7272727272727273,1.5454545454545454,1.0,14,14,0,,5,1
2023-10-21,ELC,12,Stoke City FC,Sunderland AFC,11,11,11,11,1.2,2.0,1.6,1.2,0.7,1.6,1.9,1.0,1.0,1.5454545454545454,1.8181818181818181,1.0909090909090908,14,14,0,,3,1
2023-10-21,ELC,12,Swansea City AFC,Leicester City FC,11,11,11,11,2.4,0.6,2.4,0.2,1.7,1.3,2.1,0.5,1.6363636363636365,1.2727272727272727,2.090909090909091,0.5454545454545454,14,14,0,,4,1
2023-10-21,ELC,12,West Bromwich Albion FC,Plymouth Argyle FC,11,11,11,11,1.6,1.0,1.8,2.4,1.7,1.2,1.5,1.8,1.6363636363636365,1.2727272727272727,1.6363636363636365,1.7272727272727273,14,14,0,,0,0
2023-10-21,PL,9,Chelsea FC,Arsenal FC,8,8,8,8,1.2,0.6,2.2,0.6,1.375,0.875,2.0,0.75,1.375,0.875,2.0,0.75,14,13,0,,4,1
2023-10-21,PL,9,Sheffield United FC,Manchester United FC,8,8,8,8,0.8,3.4,1.0,1.6,0.75,2.75,1.125,1.5,0.75,2.75,1.125,1.5,14,14,0,,3,1
2023-10-22,PL,9,Aston Villa FC,West Ham United FC,8,8,8,8,2.2,1.2,1.6,1.8,2.375,1.5,1.875,1.5,2.375,1.5,1.875,1.5,14,14,0,,5,1
2023-10-23,PL,9,Tottenham Hotspur FC,Fulham FC,8,8,8,8,2.4,1.2,1.0,1.6,2.25,1.0,1.0,1.625,2.25,1.0,1.0,1.625,16,16,0,,2,0
2023-10-24,ELC,13,Millwall FC,Blackburn Rovers FC,12,12,12,12,1.0,1.2,1.8,1.8,1.1,1.3,1.4,1.8,1.0,1.1666666666666667,1.5,1.75,3,3,0,,3,1
2023-10-24,ELC,13,Huddersfield Town AFC,Cardiff City FC,12,12,12,12,1.0,1.4,0.8,0.8,1.2,1.5,1.4,1.2,1.0833333333333333,1.5833333333333333,1.4166666666666667,1.3333333333333333,3,3,0,,4,1
2023-10-24,ELC,13,Norwich City FC,Middlesbrough FC,12,12,12,12,1.6,2.4,2.4,0.6,1.7,1.7,1.7,1.3,1.9166666666666667,1.8333333333333333,1.4166666666666667,1.4166666666666667,3,3,0,,3,1
2023-10-24,ELC,13,Swansea City AFC,Watford FC,12,12,12,12,2.4,1.0,0.8,1.8,1.6,1.3,1.1,1.6,1.5833333333333333,1.4166666666666667,1.25,1.3333333333333333,3,3,0,,1,0
2023-10-24,ELC,13,Leicester City FC,Sunderland AFC,12,12,12,12,2.6,0.4,1.2,1.4,2.3,0.6,1.9,1.0,2.1666666666666665,0.5833333333333334,1.75,1.1666666666666667,3,3,0,,1,0
2023-10-24,ELC,13,West Bromwich Albion FC,Queens Park Rangers FC,12,12,12,12,1.2,0.6,0.4,2.0,1.4,1.0,0.7,1.7,1.5,1.1666666666666667,0.75,1.8333333333333333,3,3,0,,2,0
2023-10-25,ELC,13,Birmingham City FC,Hull City AFC,12,12,12,12,1.4,1.0,1.4,1.8,1.3,1.1,1.2,1.2,1.25,1.0,1.4166666666666667,1.3333333333333333,4,4,0,,2,0
2023-10-25,ELC,13,Bristol City FC,Ipswich Town FC,12,11,12,11,1.2,1.4,2.6,1.2,1.3,1.2,2.3,1.2,1.25,1.0833333333333333,2.272727272727273,1.1818181818181819,4,18,0,,1,0
2023-10-25,ELC,13,Plymouth Argyle FC,Sheffield Wednesday FC,12,12,12,12,1.6,1.6,0.0,1.6,1.5,1.8,0.2,1.3,1.5,1.5833333333333333,0.4166666666666667,1.5833333333333333,4,4,0,,3,1
2023-10-25,ELC,13,Preston North End FC,Southampton FC,12,12,12,12,0.8,2.6,1.6,1.0,1.3,1.6,1.3,1.7,1.3333333333333333,1.5,1.5833333333333333,1.8333333333333333,4,4,0,,4,1
2023-10-25,ELC,13,Rotherham United FC,Coventry City FC,11,12,11,12,0.6,1.8,1.2,0.8,0.9,1.8,1.3,1.2,0.9090909090909091,2.0,1.4166666666666667,1.1666666666666667,18,4,0,,2,0
2023-10-25,ELC,13,Stoke City FC,Leeds United FC,12,12,12,12,1.2,1.8,2.0,1.2,0.9,1.5,1.8,1.0,1.0833333333333333,1.5,1.6666666666666667,1.0833333333333333,4,4,0,,1,0
2023-10-27,PL,10,Crystal Palace FC,Tottenham Hotspur FC,9,9,9,9,0.4,1.4,1.8,0.8,0.7777777777777778,1.2222222222222223,2.2222222222222223,0.8888888888888888,0.7777777777777778,1.2222222222222223,2.2222222222222223,0.8888888888888888,6,4,0,,3,1
2023-10-28,PL,10,Chelsea FC,Brentford FC,9,9,9,9,1.6,0.8,1.2,1.4,1.4444444444444444,1.0,1.5555555555555556,1.3333333333333333,1.4444444444444444,1.0,1.5555555555555556,1.3333333333333333,6,6,0,,2,0
2023-10-28,ELC,14,Southampton FC,Birmingham City FC,13,13,13,13,1.8,1.0,1.4,1.4,1.3,1.8,1.1,1.3,1.6153846153846154,1.8461538461538463,1.1538461538461537,1.0769230769230769,2,2,0,,4,1
2023-10-28,ELC,14,Leeds United FC,Huddersfield Town AFC,13,13,13,13,1.4,1.4,0.8,2.0,1.7,1.0,1.1,1.8,1.5384615384615385,1.0769230769230769,1.0,1.7692307692307692,2,3,0,,5,1
2023-10-28,PL,10,AFC Bournemouth,Burnley FC,9,9,9,9,0.4,2.4,0.6,2.2,0.6666666666666666,2.2222222222222223,0.7777777777777778,2.5555555555555554,0.6666666666666666,2.2222222222222223,0.7777777777777778,2.5555555555555554,7,7,0,,3,1
2023-10-28,PL,10,Arsenal FC,Sheffield United FC,9,9,9,9,2.0,0.8,0.6,3.4,2.0,0.8888888888888888,0.7777777777777778,2.6666666666666665,2.0,0.8888888888888888,0.7777777777777778,2.6666666666666665,6,6,0,,5,1
2023-10-28,ELC,14,Sunderland AFC,Norwich City FC,13,13,13,13,1.2,1.4,1.4,1.6,1.7,1.0,1.5,1.8,1.6153846153846154,1.1538461538461537,1.8461538461538463,1.8461538461538463,3,3,0,,4,1
2023-10-28,ELC,14,Blackburn Rovers FC,Swansea City AFC,13,13,13,13,1.6,1.2,1.8,1.2,1.5,1.7,1.5,1.3,1.5384615384615385,1.6923076923076923,1.4615384615384615,1.3846153846153846,3,3,0,,1,0
2023-10-28,ELC,14,Cardiff City FC,Bristol City FC,13,13,13,13,1.4,0.8,1.2,1.4,1.7,1.0,1.3,1.1,1.6153846153846154,1.2307692307692308,1.1538461538461537,1.0769230769230769,3,2,0,,2,0
2023-10-28,ELC,14,Middlesbrough FC,Stoke City FC,13,13,13,13,2.4,0.6,1.2,1.2,1.8,1.3,0.9,1.5,1.4615384615384615,1.3846153846153846,1.0769230769230769,1.3846153846153846,3,2,0,,2,0
2023-10-28,ELC,14,Watford FC,Millwall FC,13,13,13,13,1.0,1.2,1.2,1.6,1.2,1.5,1.1,1.2,1.2307692307692308,1.2307692307692308,1.0,1.2307692307692308,3,3,0,,4,1
2023-10-28,ELC,14,Hull City AFC,Preston North End FC,13,13,13,13,1.2,1.6,1.0,2.8,1.2,1.1,1.4,1.8,1.4615384615384615,1.2307692307692308,1.3846153846153846,1.5384615384615385,2,2,0,,1,0
2023-10-28,ELC,14,Ipswich Town FC,Plymouth Argyle FC,12,13,12,13,2.6,1.2,1.0,1.2,2.2,1.2,1.7,1.6,2.1666666666666665,1.0833333333333333,1.6153846153846154,1.4615384615384615,2,2,0,,5,1
2023-10-28,ELC,14,Queens Park Rangers FC,Leicester City FC,13,13,13,13,0.4,2.4,2.6,0.4,0.7,1.8,2.2,0.5,0.6923076923076923,1.8461538461538463,2.076923076923077,0.5384615384615384,3,3,0,,3,1
2023-10-28,PL,10,Wolverhampton Wanderers FC,Newcastle United FC,9,9,9,9,1.4,1.4,3.4,0.4,1.2222222222222223,1.6666666666666667,2.6666666666666665,1.0,1.2222222222222223,1.6666666666666667,2.6666666666666665,1.0,7,7,0,,4,1
2023-10-29,PL,10,West Ham United FC,Everton FC,9,9,9,9,1.4,2.4,1.4,1.2,1.7777777777777777,1.7777777777777777,1.0,1.5555555555555556,1.7777777777777777,1.7777777777777777,1.0,1.5555555555555556,6,8,0,,1,0
2023-10-29,ELC,14,Sheffield Wednesday FC,Rotherham United FC,13,12,13,12,0.0,1.6,1.0,1.2,0.2,1.5,0.9,1.6,0.38461538461538464,1.6923076923076923,1.0,1.8333333333333333,3,3,0,,2,0
2023-10-29,PL,10,Aston Villa FC,Luton Town FC,9,9,9,9,3.0,0.8,1.2,1.4,2.5555555555555554,1.4444444444444444,0.8888888888888888,1.8888888888888888,2.5555555555555554,1.4444444444444444,0.8888888888888888,1.8888888888888888,6,8,0,,4,1
2023-10-29,PL,10,Brighton & Hove Albion FC,Fulham FC,9,9,9,9,2.0,2.4,0.8,1.0,2.4444444444444446,2.0,0.8888888888888888,1.6666666666666667,2.4444444444444446,2.0,0.8888888888888888,1.6666666666666667,8,5,0,,2,0
2023-10-29,PL,10,Liverpool FC,Nottingham Forest FC,9,9,9,9,2.2,1.2,0.8,1.2,2.2222222222222223,1.0,1.1111111111111112,1.3333333333333333,2.2222222222222223,1.0,1.1111111111111112,1.3333333333333333,8,8,0,,3,1
2023-10-29,PL,10,Manchester United FC,Manchester City FC,9,9,9,9,1.2,1.2,1.6,1.0,1.2222222222222223,1.4444444444444444,2.111111111111111,0.7777777777777778,1.2222222222222223,1.4444444444444444,2.111111111111111,0.7777777777777778,7,8,0,,3,1
2023-10-30,ELC,14,Coventry City FC,West Bromwich Albion FC,13,13,13,13,1.0,1.0,1.6,0.6,1.2,1.3,1.5,0.9,1.3076923076923077,1.2307692307692308,1.5384615384615385,1.0769230769230769,5,6,0,,2,0
2023-11-03,ELC,15,Leicester City FC,Leeds United FC,14,14,14,14,2.2,0.4,2.0,1.0,2.2,0.5,1.7,0.8,2.0714285714285716,0.5714285714285714,1.7142857142857142,1.0714285714285714,6,6,0,,1,0
2023-11-04,PL,11,Fulham FC,Manchester United FC,10,10,10,10,0.8,1.2,1.0,1.2,0.9,1.6,1.1,1.6,0.9,1.6,1.1,1.6,5,5,0,,1,0
2023-11-04,PL,11,Brentford FC,West Ham United FC,10,10,10,10,1.6,1.2,1.2,2.0,1.6,1.2,1.6,1.7,1.6,1.2,1.6,1.7,7,6,0,,5,1
2023-11-04,PL,11,Burnley FC,Crystal Palace FC,10,10,10,10,0.8,2.4,0.4,1.2,0.8,2.5,0.8,1.3,0.8,2.5,0.8,1.3,7,7,0,,2,0
2023-11-04,PL,11,Everton FC,Brighton & Hove Albion FC,10,10,10,10,1.6,1.0,1.6,2.4,1.0,1.4,2.3,1.9,1.0,1.4,2.3,1.9,6,6,0,,2,0
2023-11-04,PL,11,Manchester City FC,AFC Bournemouth,10,10,10,10,1.6,0.8,0.8,2.6,2.2,0.7,0.8,2.1,2.2,0.7,0.8,2.1,5,7,0,,7,1
2023-11-04,PL,11,Sheffield United FC,Wolverhampton Wanderers FC,10,10,10,10,0.4,4.0,1.6,1.2,0.7,2.9,1.3,1.7,0.7,2.9,1.3,1.7,7,6,0,,3,1
2023-11-04,ELC,15,Birmingham City FC,Ipswich Town FC,14,13,14,13,1.6,1.6,2.4,1.0,1.0,1.5,2.4,1.4,1.1428571428571428,1.2142857142857142,2.230769230769231,1.1538461538461537,7,7,0,,4,1
2023-11-04,ELC,15,Bristol City FC,Sheffield Wednesday FC,14,14,14,14,0.8,1.2,0.4,1.0,1.2,1.2,0.3,1.3,1.0714285714285714,1.1428571428571428,0.5,1.5714285714285714,7,6,0,,1,0
2023-11-04,ELC,15,Millwall FC,Southampton FC,14,14,14,14,1.6,1.4,1.8,1.0,1.2,1.4,1.4,1.8,1.0714285714285714,1.2857142857142858,1.7142857142857142,1.7857142857142858,7,7,0,,1,0
2023-11-04,ELC,15,Huddersfield Town AFC,Watford FC,14,14,14,14,0.8,2.6,1.0,1.0,1.2,1.8,1.4,1.6,1.0,1.9285714285714286,1.2857142857142858,1.2857142857142858,7,7,0,,0,0
2023-11-04,ELC,15,Plymouth Argyle FC,Middlesbrough FC,14,14,14,14,1.2,1.6,1.8,0.6,1.8,1.7,1.6,1.1,1.6428571428571428,1.5714285714285714,1.3571428571428572,1.4285714285714286,7,7,0,,6,1
2023-11-04,ELC,15,Preston North End FC,Coventry City FC,14,14,14,14,1.0,2.2,0.4,1.2,1.2,1.8,1.2,1.5,1.2857142857142858,1.5,1.2142857142857142,1.2857142857142858,7,4,0,,5,1
2023-11-04,ELC,15,Rotherham United FC,Queens Park Rangers FC,13,14,13,14,0.8,1.4,0.4,2.2,0.8,1.6,0.7,1.8,0.9230769230769231,1.8461538461538463,0.7142857142857143,1.8571428571428572,6,7,0,,2,0
2023-11-04,ELC,15,Stoke City FC,Cardiff City FC,14,14,14,14,1.0,0.8,1.4,0.8,1.1,1.4,1.7,0.9,1.1428571428571428,1.2857142857142858,1.6428571428571428,1.1428571428571428,7,7,0,,0,0
2023-11-04,ELC,15,Swansea City AFC,Sunderland AFC,14,14,14,14,1.4,1.2,1.2,1.6,1.5,1.1,2.0,1.1,1.4285714285714286,1.2857142857142858,1.7142857142857142,1.1428571428571428,7,7,0,,0,0
2023-11-04,ELC,15,West Bromwich Albion FC,Hull City AFC,14,14,14,14,1.2,0.6,1.2,1.4,1.3,0.7,1.2,1.0,1.5714285714285714,1.0,1.4285714285714286,1.1428571428571428,4,7,0,,4,1
2023-11-04,PL,11,Newcastle United FC,Arsenal FC,10,10,10,10,3.6,0.8,2.8,0.8,2.6,1.1,2.3,0.8,2.6,1.1,2.3,0.8,7,7,0,,1,0
2023-11-05,ELC,15,Norwich City FC,Blackburn Rovers FC,14,14,14,14,1.2,2.2,1.4,0.6,1.2,2.1,1.4,1.8,1.7857142857142858,1.9285714285714286,1.4285714285714286,1.6428571428571428,7,7,0,,4,1
2023-11-05,PL,11,Nottingham Forest FC,Aston Villa FC,10,10,10,10,0.6,1.6,3.0,0.8,1.0,1.5,2.6,1.4,1.0,1.5,2.6,1.4,7,7,0,,2,0
2023-11-05,PL,11,Luton Town FC,Liverpool FC,10,10,10,10,1.2,1.8,2.2,1.0,0.9,2.0,2.3,0.9,0.9,2.0,2.3,0.9,7,7,0,,2,0
2023-11-06,PL,11,Tottenham Hotspur FC,Chelsea FC,10,10,10,10,1.8,0.8,1.6,1.2,2.2,0.9,1.3,1.1,2.2,0.9,1.3,1.1,10,9,0,,5,1
2023-11-07,ELC,12,Rotherham United FC,Ipswich Town FC,14,14,14,14,1.0,1.2,2.6,1.2,0.8,1.5,2.3,1.2,0.9285714285714286,1.7857142857142858,2.2142857142857144,1.2142857142857142,3,3,0,,4,1
2023-11-10,ELC,16,Blackburn Rovers FC,Preston North End FC,15,15,15,15,2.0,0.6,1.6,2.0,1.7,1.6,1.3,2.0,1.5333333333333334,1.6,1.4,1.5333333333333334,5,6,0,,3,1
2023-11-11,PL,12,Wolverhampton Wanderers FC,Tottenham Hotspur FC,11,11,11,11,1.6,1.4,1.6,1.2,1.4,1.8,2.1,1.1,1.2727272727272727,1.7272727272727273,2.090909090909091,1.1818181818181819,6,4,0,,3,1
2023-11-11,ELC,16,Sunderland AFC,Birmingham City FC,15,15,15,15,0.8,1.6,1.2,1.8,1.5,1.1,1.1,1.6,1.6,1.0666666666666667,1.2,1.2666666666666666,6,6,0,,4,1
2023-11-11,PL,12,Arsenal FC,Burnley FC,11,11,11,11,2.4,0.6,0.8,2.4,2.1,0.8,0.8,2.4,2.090909090909091,0.8181818181818182,0.7272727272727273,2.4545454545454546,6,7,0,,4,1
2023-11-11,PL,12,Crystal Palace FC,Everton FC,11,11,11,11,0.8,1.2,1.2,1.0,0.9,1.3,1.1,1.4,0.9090909090909091,1.1818181818181819,1.0,1.3636363636363635,7,7,0,,5,1
2023-11-11,PL,12,Manchester United FC,Luton Town FC,11,11,11,11,1.0,1.2,1.0,1.8,1.1,1.6,0.9,1.7,1.0909090909090908,1.4545454545454546,0.9090909090909091,1.9090909090909092,7,5,0,,1,0
2023-11-11,ELC,16,Cardiff City FC,Norwich City FC,15,15,15,15,1.4,0.4,1.2,2.4,1.5,0.6,1.2,2.2,1.5333333333333334,1.0666666666666667,1.7333333333333334,2.0,7,6,0,,5,1
2023-11-11,ELC,16,Coventry City FC,Stoke City FC,15,15,15,15,0.6,1.8,1.0,0.6,1.1,1.5,1.1,1.2,1.2666666666666666,1.4,1.0666666666666667,1.2,7,7,0,,0,0
2023-11-11,ELC,16,Middlesbrough FC,Leicester City FC,15,15,15,15,2.0,1.2,1.6,0.6,1.9,1.2,2.2,0.5,1.4666666666666666,1.5333333333333334,1.9333333333333333,0.6,7,7,0,,1,0
2023-11-11,ELC,16,Southampton FC,West Bromwich Albion FC,15,15,15,15,1.8,1.0,1.6,0.8,1.5,1.3,1.5,0.6,1.6666666666666667,1.6666666666666667,1.6666666666666667,1.0,7,7,0,,3,1
2023-11-11,ELC,16,Watford FC,Rotherham United FC,15,15,15,15,1.0,0.6,1.2,1.2,1.1,1.3,0.8,1.6,1.2,1.2,1.0,1.8,7,3,0,,5,1
2023-11-11,ELC,16,Hull City AFC,Huddersfield Town AFC,15,15,15,15,1.4,1.4,0.6,1.8,1.2,1.3,1.0,1.7,1.4,1.2666666666666666,0.9333333333333333,1.8,7,7,0,,1,0
2023-11-11,ELC,16,Ipswich Town FC,Swansea City AFC,15,15,15,15,2.4,1.6,1.0,1.0,2.2,1.2,1.4,0.9,2.2,1.2666666666666666,1.3333333333333333,1.2,3,7,0,,5,1
2023-11-11,ELC,16,Leeds United FC,Plymouth Argyle FC,15,15,15,15,2.0,1.0,1.8,1.8,1.8,0.8,1.8,2.0,1.6666666666666667,1.0,1.7333333333333334,1.6666666666666667,7,7,0,,3,1
2023-11-11,ELC,16,Queens Park Rangers FC,Bristol City FC,15,15,15,15,0.6,2.2,0.6,1.0,0.6,1.9,1.1,1.1,0.7333333333333333,1.8,1.0666666666666667,1.0666666666666667,7,7,0,,0,0
2023-11-11,ELC,16,Sheffield Wednesday FC,Millwall FC,15,15,15,15,0.4,1.0,1.2,1.6,0.3,1.4,1.1,1.4,0.4666666666666667,1.5333333333333334,1.0,1.2666666666666666,7,7,0,,4,1
2023-11-11,PL,12,AFC Bournemouth,Newcastle United FC,11,11,11,11,0.8,3.2,2.2,0.8,0.8,2.6,2.2,1.0,0.8181818181818182,2.4545454545454546,2.4545454545454546,1.0,7,7,0,,2,0
2023-11-12,PL,12,Aston Villa FC,Fulham FC,11,11,11,11,2.8,1.2,0.8,1.4,2.5,1.1,0.8,1.7,2.3636363636363638,1.4545454545454546,0.8181818181818182,1.5454545454545454,7,8,0,,4,1
2023-11-12,PL,12,Brighton & Hove Albion FC,Sheffield United FC,11,11,11,11,1.2,2.4,0.8,2.6,2.0,1.9,0.9,2.9,2.1818181818181817,1.8181818181818181,0.8181818181818182,2.727272727272727,7,7,0,,2,0
2023-11-12,PL,12,Liverpool FC,Brentford FC,11,11,11,11,1.8,1.0,2.0,1.0,2.3,0.9,1.7,1.2,2.1818181818181817,0.9090909090909091,1.7272727272727273,1.2727272727272727,6,7,0,,3,1
2023-11-12,PL,12,West Ham United FC,Nottingham Forest FC,11,11,11,11,1.4,2.0,1.0,1.2,1.7,1.9,1.1,1.3,1.6363636363636365,1.8181818181818181,1.0909090909090908,1.3636363636363635,7,7,0,,5,1
2023-11-12,PL,12,Chelsea FC,Manchester City FC,11,11,11,11,2.4,1.2,2.4,1.0,1.6,1.1,2.5,0.8,1.5454545454545454,1.0909090909090908,2.5454545454545454,0.7272727272727273,5,8,0,,8,1
2023-11-24,ELC,17,Rotherham United FC,Leeds United FC,16,16,16,16,1.0,2.0,2.0,1.0,0.8,1.9,1.7,0.9,0.9375,2.0,1.6875,1.0,13,13,0,,2,0
2023-11-25,PL,13,Manchester City FC,Liverpool FC,12,12,12,12,3.0,1.4,2.2,0.6,2.8,1.2,2.3,0.8,2.6666666666666665,1.0,2.25,0.8333333333333334,12,12,0,,2,0
2023-11-25,PL,13,Burnley FC,West Ham United FC,12,12,12,12,0.6,2.8,1.6,2.4,0.8,2.4,1.7,2.0,0.75,2.5,1.75,1.8333333333333333,14,13,0,,3,1
2023-11-25,PL,13,Luton Town FC,Crystal Palace FC,12,12,12,12,0.8,1.6,1.0,1.8,0.9,1.5,1.1,1.5,0.8333333333333334,1.8333333333333333,1.0,1.3333333333333333,14,14,0,,3,1
2023-11-25,PL,13,Newcastle United FC,Chelsea FC,12,12,12,12,1.8,1.2,2.8,2.0,2.2,1.1,1.9,1.2,2.25,1.0833333333333333,1.75,1.3333333333333333,13,12,0,,5,1
2023-11-25,PL,13,Nottingham Forest FC,Brighton & Hove Albion FC,12,12,12,12,1.2,1.6,1.2,1.4,1.1,1.5,1.7,1.9,1.1666666666666667,1.5,2.0833333333333335,1.75,13,13,0,,5,1
2023-11-25,PL,13,Sheffield United FC,AFC Bournemouth,12,12,12,12,1.0,2.4,1.2,2.4,0.9,2.8,0.9,2.3,0.8333333333333334,2.5833333333333335,0.9166666666666666,2.25,13,13,0,,4,1
2023-11-25,ELC,17,Birmingham City FC,Sheffield Wednesday FC,16,16,16,16,0.8,2.2,0.4,1.8,1.2,1.7,0.3,1.7,1.1875,1.375,0.4375,1.6875,14,14,0,,3,1
2023-11-25,ELC,17,Bristol City FC,Middlesbrough FC,16,16,16,16,0.4,0.6,1.4,1.2,1.1,1.1,1.9,1.0,1.0,1.0,1.4375,1.4375,14,14,0,,5,1
2023-11-25,ELC,17,Millwall FC,Coventry City FC,16,16,16,16,1.6,1.2,0.4,1.6,1.5,1.1,1.0,1.4,1.1875,1.1875,1.1875,1.3125,14,14,0,,3,1
2023-11-25,ELC,17,Huddersfield Town AFC,Southampton FC,16,16,16,16,0.6,2.0,2.0,1.0,0.8,1.8,1.6,1.0,0.875,1.75,1.6875,1.625,14,14,0,,2,0
2023-11-25,ELC,17,Leicester City FC,Watford FC,16,16,16,16,1.2,0.8,1.8,0.4,1.8,0.5,1.4,1.3,1.8125,0.625,1.4375,1.125,14,14,0,,2,0
2023-11-25,ELC,17,Norwich City FC,Queens Park Rangers FC,16,16,16,16,1.6,2.6,0.6,1.4,1.4,2.4,0.5,1.6,1.8125,2.0,0.6875,1.6875,14,14,0,,1,0
2023-11-25,ELC,17,Plymouth Argyle FC,Sunderland AFC,16,16,16,16,1.8,1.6,1.4,1.0,1.8,2.0,1.5,1.1,1.6875,1.6875,1.6875,1.0625,14,14,0,,2,0
2023-11-25,ELC,17,Preston North End FC,Cardiff City FC,16,16,16,16,1.6,1.4,1.6,0.8,1.3,2.0,1.5,0.9,1.4375,1.5,1.5625,1.1875,14,14,0,,3,1
2023-11-25,ELC,17,Stoke City FC,Blackburn Rovers FC,16,16,16,16,1.0,0.2,1.4,1.0,1.1,1.1,1.6,1.7,1.0,1.125,1.5,1.625,14,14,0,,3,1
2023-11-25,ELC,17,Swansea City AFC,Hull City AFC,16,16,16,16,0.8,1.4,1.2,1.0,1.6,1.0,1.2,1.2,1.375,1.3125,1.375,1.1875,14,14,0,,4,1
2023-11-25,PL,13,Brentford FC,Arsenal FC,12,12,12,12,1.8,1.4,2.2,0.8,1.4,1.5,2.3,0.9,1.5833333333333333,1.4166666666666667,2.1666666666666665,0.8333333333333334,13,14,0,,1,0
2023-11-25,ELC,17,West Bromwich Albion FC,Ipswich Town FC,16,16,16,16,1.6,0.6,2.2,1.6,1.6,0.8,2.4,1.4,1.625,1.0625,2.25,1.3125,14,14,0,,2,0
2023-11-26,PL,13,Tottenham Hotspur FC,Aston Villa FC,12,12,12,12,1.4,1.4,2.2,1.2,2.0,1.3,2.4,1.2,2.0,1.25,2.4166666666666665,1.4166666666666667,15,14,0,,3,1
2023-11-26,PL,13,Everton FC,Manchester United FC,12,12,12,12,1.6,1.0,1.2,1.0,1.4,1.2,1.2,1.4,1.1666666666666667,1.4166666666666667,1.0833333333333333,1.3333333333333333,15,15,0,,3,1
2023-11-27,PL,13,Fulham FC,Wolverhampton Wanderers FC,12,12,12,12,1.0,1.6,1.6,1.4,0.9,1.7,1.5,1.5,0.8333333333333334,1.6666666666666667,1.3333333333333333,1.6666666666666667,15,16,0,,5,1
2023-11-28,ELC,18,Cardiff City FC,West Bromwich Albion FC,17,17,17,17,2.0,0.8,2.0,0.6,1.4,0.8,1.6,0.6,1.588235294117647,1.1764705882352942,1.6470588235294117,1.0,3,3,0,,1,0
2023-11-28,ELC,18,Coventry City FC,Plymouth Argyle FC,17,17,17,17,1.0,1.4,2.2,1.6,1.1,1.1,1.9,1.6,1.2941176470588236,1.2352941176470589,1.7058823529411764,1.588235294117647,3,3,0,,1,0
2023-11-28,ELC,18,Middlesbrough FC,Preston North End FC,17,17,17,17,1.6,1.8,1.6,1.6,2.0,1.2,1.2,2.1,1.4705882352941178,1.5294117647058822,1.411764705882353,1.5294117647058822,3,3,0,,4,1
2023-11-28,ELC,18,Hull City AFC,Rotherham United FC,17,17,17,17,1.4,1.0,0.8,2.2,1.4,1.4,0.9,1.7,1.411764705882353,1.2352941176470589,0.9411764705882353,1.9411764705882353,3,3,0,,5,1
2023-11-28,ELC,18,Queens Park Rangers FC,Stoke City FC,17,17,17,17,0.4,1.2,0.6,0.6,0.4,1.6,0.9,1.2,0.6470588235294118,1.6470588235294117,0.9411764705882353,1.2352941176470589,3,3,0,,6,1
2023-11-28,ELC,18,Watford FC,Norwich City FC,17,17,17,17,1.6,0.8,1.4,2.0,1.2,1.3,1.5,2.2,1.3529411764705883,1.1764705882352942,1.7647058823529411,1.8823529411764706,3,3,0,,5,1
2023-11-29,ELC,18,Sunderland AFC,Huddersfield Town AFC,17,17,17,17,1.2,1.0,0.4,2.0,1.2,1.2,0.7,1.7,1.588235294117647,1.1176470588235294,0.8823529411764706,1.7058823529411764,4,4,0,,3,1
2023-11-29,ELC,18,Blackburn Rovers FC,Birmingham City FC,17,17,17,17,1.8,1.0,1.2,2.2,1.8,1.4,1.3,1.6,1.588235294117647,1.5294117647058822,1.2352941176470589,1.3529411764705883,4,4,0,,6,1
2023-11-29,ELC,18,Southampton FC,Bristol City FC,17,17,17,17,1.8,1.0,0.8,1.0,1.7,1.0,1.0,1.2,1.6470588235294117,1.588235294117647,1.1176470588235294,1.0588235294117647,4,4,0,,1,0
2023-11-29,ELC,18,Leeds United FC,Swansea City AFC,17,17,17,17,1.6,0.8,1.0,1.2,1.8,1.0,1.7,1.1,1.6470588235294117,1.0,1.411764705882353,1.3529411764705883,4,4,0,,4,1
2023-11-29,ELC,18,Sheffield Wednesday FC,Leicester City FC,17,17,17,17,0.6,2.0,1.0,0.6,0.3,1.8,1.8,0.5,0.47058823529411764,1.7058823529411764,1.8235294117647058,0.5882352941176471,4,4,0,,2,0
2023-11-29,ELC,18,Ipswich Town FC,Millwall FC,17,17,17,17,2.0,2.0,1.4,1.6,2.3,1.6,1.2,1.4,2.1176470588235294,1.3529411764705883,1.1176470588235294,1.2941176470588236,4,4,0,,4,1
2023-12-01,ELC,19,Preston North End FC,Queens Park Rangers FC,18,18,18,18,1.2,2.0,1.2,1.2,1.1,2.4,0.8,1.8,1.3333333333333333,1.6666666666666667,0.8333333333333334,1.6666666666666667,3,3,0,,2,0
2023-12-02,ELC,19,West Bromwich Albion FC,Leicester City FC,18,18,18,18,1.8,0.6,1.0,0.8,1.7,0.6,1.8,0.6,1.6111111111111112,0.9444444444444444,1.7777777777777777,0.6111111111111112,3,2,0,,3,1
2023-12-02,PL,14,Arsenal FC,Wolverhampton Wanderers FC,13,13,13,13,2.2,0.8,1.8,1.8,2.2,0.7,1.6,1.8,2.076923076923077,0.7692307692307693,1.3846153846153846,1.7692307692307692,6,4,0,,3,1
2023-12-02,PL,14,Brentford FC,Luton Town FC,13,13,13,13,1.6,1.2,1.2,1.6,1.3,1.5,1.0,1.4,1.4615384615384615,1.3846153846153846,0.9230769230769231,1.7692307692307692,6,7,0,,4,1
2023-12-02,PL,14,Burnley FC,Sheffield United FC,13,13,13,13,0.6,2.4,1.0,2.4,0.7,2.1,0.9,2.9,0.7692307692307693,2.4615384615384617,0.8461538461538461,2.6153846153846154,7,7,0,,5,1
2023-12-02,ELC,19,Birmingham City FC,Rotherham United FC,18,18,18,18,1.6,2.6,1.0,2.6,1.5,2.0,0.9,2.0,1.2777777777777777,1.5,0.9444444444444444,2.0555555555555554,2,3,0,,0,0
2023-12-02,ELC,19,Millwall FC,Sunderland AFC,18,18,18,18,1.4,1.8,1.4,1.2,1.3,1.7,1.3,1.3,1.1111111111111112,1.3888888888888888,1.5555555555555556,1.1666666666666667,2,2,0,,2,0
2023-12-02,ELC,19,Southampton FC,Cardiff City FC,18,18,18,18,1.6,0.6,1.2,1.0,1.7,0.8,1.3,0.9,1.6111111111111112,1.5,1.5,1.1666666666666667,2,3,0,,2,0
2023-12-02,ELC,19,Hull City AFC,Watford FC,18,18,18,18,1.8,1.2,2.0,1.2,1.5,1.4,1.5,1.2,1.5555555555555556,1.2222222222222223,1.4444444444444444,1.2222222222222223,3,3,0,,3,1
2023-12-02,ELC,19,Ipswich Town FC,Coventry City FC,18,18,18,18,2.0,1.8,1.2,1.0,2.2,1.4,1.1,1.0,2.1666666666666665,1.3333333333333333,1.2777777777777777,1.1666666666666667,2,3,0,,3,1
2023-12-02,ELC,19,Leeds United FC,Middlesbrough FC,18,18,18,18,2.2,0.8,2.0,1.6,1.8,1.1,2.2,1.1,1.7222222222222223,1.0,1.6111111111111112,1.4444444444444444,2,3,0,,5,1
2023-12-02,ELC,19,Plymouth Argyle FC,Stoke City FC,18,18,18,18,1.6,1.8,0.8,1.4,1.3,1.5,1.0,1.3,1.6111111111111112,1.5555555555555556,1.0,1.3888888888888888,3,3,0,,3,1
2023-12-02,ELC,19,Sheffield Wednesday FC,Blackburn Rovers FC,18,18,18,18,0.8,1.6,2.2,1.2,0.4,1.6,1.9,1.2,0.5,1.6666666666666667,1.7222222222222223,1.5555555555555556,2,2,0,,4,1
2023-12-02,ELC,19,Swansea City AFC,Huddersfield Town AFC,18,18,18,18,1.2,1.6,0.8,1.4,1.5,1.4,0.8,1.7,1.3888888888888888,1.4444444444444444,0.9444444444444444,1.6666666666666667,2,2,0,,2,0
2023-12-02,PL,14,Nottingham Forest FC,Everton FC,13,13,13,13,1.6,2.2,1.0,1.6,1.1,1.5,1.4,1.4,1.2307692307692308,1.6153846153846154,1.0769230769230769,1.5384615384615385,7,6,0,,1,0
2023-12-02,PL,14,Newcastle United FC,Manchester United FC,13,13,13,13,2.2,1.0,1.4,0.8,2.5,1.0,1.2,1.2,2.3846153846153846,1.0769230769230769,1.2307692307692308,1.2307692307692308,7,6,0,,1,0
2023-12-03,ELC,19,Bristol City FC,Norwich City FC,18,18,18,18,0.8,1.0,1.6,2.2,1.0,1.2,1.5,1.9,1.0555555555555556,1.0555555555555556,1.7777777777777777,1.9444444444444444,3,4,0,,3,1
2023-12-03,PL,14,AFC Bournemouth,Aston Villa FC,13,13,13,13,1.8,2.0,2.4,1.2,1.2,2.2,2.3,1.2,1.0769230769230769,2.1538461538461537,2.3846153846153846,1.3846153846153846,7,7,0,,4,1
2023-12-03,PL,14,Chelsea FC,Brighton & Hove Albion FC,13,13,13,13,2.2,2.6,1.4,1.4,1.7,1.6,1.9,1.8,1.6923076923076923,1.5384615384615385,2.1538461538461537,1.7692307692307692,7,7,0,,5,1
2023-12-03,PL,14,Liverpool FC,Fulham FC,13,13,13,13,2.0,0.4,1.0,1.8,2.2,0.8,1.0,1.7,2.1538461538461537,0.8461538461538461,1.0,1.6923076923076923,8,5,0,,7,1
2023-12-03,PL,14,West Ham United FC,Crystal Palace FC,13,13,13,13,1.6,2.2,1.2,2.2,1.6,2.0,1.1,1.6,1.7692307692307692,1.7692307692307692,1.0,1.3846153846153846,7,7,0,,2,0
2023-12-03,PL,14,Manchester City FC,Tottenham Hotspur FC,13,13,13,13,3.2,1.4,1.4,1.8,2.7,1.2,1.9,1.5,2.5384615384615383,1.0,1.9230769230769231,1.3076923076923077,8,7,0,,6,1
2023-12-05,PL,15,Wolverhampton Wanderers FC,Burnley FC,14,14,14,14,1.6,2.0,1.6,1.8,1.5,1.7,1.1,2.0,1.3571428571428572,1.7857142857142858,1.0714285714285714,2.2857142857142856,3,3,0,,1,0
2023-12-05,PL,15,Luton Town FC,Arsenal FC,14,14,14,14,1.0,1.8,2.2,0.6,1.1,1.6,2.1,0.7,0.9285714285714286,1.8571428571428572,2.0714285714285716,0.7857142857142857,3,3,0,,7,1
2023-12-06,PL,15,Brighton & Hove Albion FC,Brentford FC,14,14,14,14,1.6,1.6,1.6,1.4,1.8,2.0,1.4,1.4,2.142857142857143,1.8571428571428572,1.5714285714285714,1.3571428571428572,3,4,0,,3,1
2023-12-06,PL,15,Fulham FC,Nottingham Forest FC,14,14,14,14,1.6,2.2,1.2,2.0,1.2,1.6,1.0,1.6,1.1428571428571428,1.8571428571428572,1.1428571428571428,1.5714285714285714,3,4,0,,5,1
2023-12-06,PL,15,Sheffield United FC,Liverpool FC,14,14,14,14,0.8,3.0,2.4,1.0,0.7,3.2,2.3,1.1,0.7857142857142857,2.7857142857142856,2.2857142857142856,1.0,4,3,0,,2,0
2023-12-06,PL,15,Crystal Palace FC,AFC Bournemouth,14,14,14,14,1.4,1.6,2.0,2.0,0.9,1.5,1.2,2.2,1.0,1.3571428571428572,1.1428571428571428,2.142857142857143,3,3,0,,2,0
2023-12-06,PL,15,Aston Villa FC,Manchester City FC,14,14,14,14,2.0,1.4,3.4,1.8,2.5,1.1,2.5,1.4,2.357142857142857,1.4285714285714286,2.5714285714285716,1.1428571428571428,3,3,0,,1,0
2023-12-06,PL,15,Manchester United FC,Chelsea FC,14,14,14,14,1.0,0.8,2.4,2.6,1.1,1.0,2.0,1.7,1.1428571428571428,1.2142857142857142,1.7857142857142858,1.5714285714285714,4,3,0,,3,1
2023-12-07,PL,15,Everton FC,Newcastle United FC,14,14,14,14,1.2,1.2,1.6,1.0,1.3,1.2,2.5,0.7,1.0714285714285714,1.4285714285714286,2.2857142857142856,1.0,5,4,0,,3,1
2023-12-07,PL,15,Tottenham Hotspur FC,West Ham United FC,14,14,14,14,1.6,2.4,1.6,1.6,1.7,1.6,1.5,2.0,2.0,1.4285714285714286,1.7142857142857142,1.7142857142857142,4,4,0,,3,1
2023-12-08,ELC,20,Coventry City FC,Birmingham City FC,19,19,19,19,1.4,1.0,1.4,2.0,0.9,1.1,1.5,1.8,1.263157894736842,1.2105263157894737,1.2105263157894737,1.4210526315789473,6,6,0,,2,0
2023-12-09,PL,16,Crystal Palace FC,Liverpool FC,15,15,15,15,1.2,1.6,2.2,1.0,0.8,1.4,2.2,1.0,0.9333333333333333,1.4,2.2666666666666666,0.9333333333333333,2,2,0,,3,1
2023-12-09,ELC,20,Sunderland AFC,West Bromwich Albion FC,19,19,19,19,1.0,1.2,1.6,1.0,1.1,1.4,1.4,0.8,1.5263157894736843,1.1578947368421053,1.5789473684210527,1.0,6,7,0,,3,1
2023-12-09,ELC,20,Blackburn Rovers FC,Leeds United FC,19,19,19,19,2.4,1.6,2.0,1.0,1.9,1.1,2.0,1.0,1.6842105263157894,1.631578947368421,1.7894736842105263,1.0526315789473684,6,6,0,,2,0
2023-12-09,PL,16,Brighton & Hove Albion FC,Burnley FC,15,15,15,15,1.8,1.6,1.4,1.6,1.7,2.0,1.1,2.0,2.1333333333333333,1.8,1.0,2.2,2,3,0,,2,0
2023-12-09,PL,16,Manchester United FC,AFC Bournemouth,15,15,15,15,1.4,0.4,2.0,1.8,1.2,0.8,1.4,2.2,1.2,1.2,1.2,2.0,2,2,0,,3,1
2023-12-09,PL,16,Sheffield United FC,Brentford FC,15,15,15,15,0.8,2.4,1.4,1.8,0.6,3.2,1.5,1.5,0.7333333333333333,2.7333333333333334,1.5333333333333334,1.4,2,2,0,,1,0
2023-12-09,PL,16,Wolverhampton Wanderers FC,Nottingham Forest FC,15,15,15,15,1.4,1.6,1.2,2.4,1.5,1.4,0.9,2.0,1.3333333333333333,1.6666666666666667,1.0666666666666667,1.8,3,2,0,,2,0
2023-12-09,ELC,20,Cardiff City FC,Millwall FC,19,19,19,19,0.8,1.4,1.2,1.6,1.1,1.1,1.4,1.5,1.4210526315789473,1.2105263157894737,1.105263157894737,1.368421052631579,7,7,0,,1,0
2023-12-09,ELC,20,Middlesbrough FC,Ipswich Town FC,19,19,19,19,2.4,1.8,2.0,1.6,2.1,1.2,2.3,1.4,1.631578947368421,1.5263157894736843,2.1578947368421053,1.3157894736842106,7,7,0,,2,0
2023-12-09,ELC,20,Watford FC,Southampton FC,19,19,19,19,2.0,1.0,1.4,0.4,1.5,1.0,1.6,0.7,1.4736842105263157,1.2105263157894737,1.631578947368421,1.4210526315789473,7,7,0,,2,0
2023-12-09,ELC,20,Huddersfield Town AFC,Bristol City FC,19,19,19,19,0.8,0.8,1.0,1.0,0.8,1.7,0.9,1.1,0.9473684210526315,1.631578947368421,1.0526315789473684,1.105263157894737,7,6,0,,2,0
2023-12-09,ELC,20,Leicester City FC,Plymouth Argyle FC,19,19,19,19,1.0,0.8,1.6,1.4,1.6,0.6,1.4,1.5,1.7894736842105263,0.631578947368421,1.631578947368421,1.5263157894736843,7,7,0,,4,1
2023-12-09,ELC,20,Norwich City FC,Preston North End FC,19,19,19,19,1.8,1.8,1.2,2.2,1.5,2.0,1.1,2.2,1.7894736842105263,1.894736842105263,1.263157894736842,1.6842105263157894,6,7,0,,0,0
2023-12-09,ELC,20,Queens Park Rangers FC,Hull City AFC,19,19,19,19,1.4,0.8,1.8,1.6,0.9,1.5,1.5,1.5,0.8947368421052632,1.5789473684210527,1.5263157894736843,1.263157894736842,7,7,0,,2,0
2023-12-09,ELC,20,Rotherham United FC,Swansea City AFC,19,19,19,19,0.8,2.4,1.2,1.8,0.9,1.8,1.3,1.5,0.8947368421052632,1.9473684210526316,1.368421052631579,1.4210526315789473,7,7,0,,3,1
2023-12-09,ELC,20,Stoke City FC,Sheffield Wednesday FC,19,19,19,19,0.6,1.8,1.0,1.8,0.8,1.3,0.7,1.4,1.0,1.4210526315789473,0.631578947368421,1.631578947368421,7,7,0,,1,0
2023-12-09,PL,16,Aston Villa FC,Arsenal FC,15,15,15,15,1.6,1.2,2.0,1.2,2.3,1.0,2.4,1.0,2.2666666666666666,1.3333333333333333,2.2,0.9333333333333333,2,3,0,,1,0
2023-12-10,PL,16,Everton FC,Chelsea FC,15,15,15,15,1.6,1.2,2.6,2.6,1.6,1.1,2.1,1.9,1.2,1.3333333333333333,1.7333333333333334,1.6,2,3,0,,2,0
2023-12-10,PL,16,Fulham FC,West Ham United FC,15,15,15,15,2.4,2.0,2.0,1.6,1.6,1.6,1.6,1.8,1.4,1.7333333333333334,1.7333333333333334,1.6666666666666667,3,2,0,,5,1
2023-12-10,PL,16,Luton Town FC,Manchester City FC,15,15,15,15,1.4,2.0,2.8,2.0,1.3,1.9,2.2,1.4,1.0666666666666667,2.0,2.4,1.1333333333333333,4,3,0,,3,1
2023-12-10,PL,16,Tottenham Hotspur FC,Newcastle United FC,15,15,15,15,1.4,2.6,1.2,1.2,1.6,1.7,2.4,1.0,1.9333333333333333,1.4666666666666666,2.1333333333333333,1.1333333333333333,2,2,0,,5,1
2023-12-12,ELC,21,Blackburn Rovers FC,Bristol City FC,20,20,20,20,1.8,1.8,1.0,1.2,1.9,1.2,0.8,1.1,1.6,1.65,1.05,1.1,3,3,0,,3,1
2023-12-12,ELC,21,Watford FC,Ipswich Town FC,20,20,20,20,2.2,1.2,2.0,1.2,1.6,0.9,2.2,1.4,1.45,1.2,2.15,1.25,3,3,0,,3,1
2023-12-12,ELC,21,Huddersfield Town AFC,Preston North End FC,20,20,20,20,1.0,1.0,0.6,1.8,0.8,1.4,1.1,1.9,0.95,1.6,1.2,1.6,3,3,0,,4,1
2023-12-12,ELC,21,Rotherham United FC,West Bromwich Albion FC,20,20,20,20,0.6,2.4,1.2,1.2,0.9,1.8,1.4,1.0,0.9,1.95,1.55,1.05,3,3,0,,2,0
2023-12-12,ELC,21,Stoke City FC,Swansea City AFC,20,20,20,20,0.6,2.0,1.6,2.0,0.8,1.3,1.3,1.5,0.95,1.4,1.4,1.4,3,3,0,,2,0
2023-12-12,ELC,21,Sunderland AFC,Leeds United FC,20,20,20,20,1.4,1.4,2.2,1.0,1.1,1.5,2.1,1.0,1.55,1.15,1.8,1.0,3,3,0,,1,0
2023-12-13,ELC,21,Cardiff City FC,Birmingham City FC,20,20,20,20,1.0,1.4,1.0,2.0,1.2,0.9,1.1,1.9,1.4,1.15,1.15,1.45,4,4,0,,1,0
2023-12-13,ELC,21,Coventry City FC,Southampton FC,20,20,20,20,1.4,0.4,1.4,0.6,1.0,1.1,1.6,0.8,1.3,1.15,1.6,1.4,4,4,0,,2,0
2023-12-13,ELC,21,Leicester City FC,Millwall FC,20,20,20,20,1.8,0.6,1.2,1.6,1.7,0.6,1.2,1.6,1.9,0.6,1.05,1.35,4,4,0,,5,1
2023-12-13,ELC,21,Norwich City FC,Sheffield Wednesday FC,20,20,20,20,1.6,1.2,1.2,1.6,1.4,1.8,0.8,1.3,1.7,1.8,0.65,1.55,4,4,0,,4,1
2023-12-13,ELC,21,Queens Park Rangers FC,Plymouth Argyle FC,20,20,20,20,1.6,0.6,1.0,1.6,1.1,1.4,1.4,1.7,0.95,1.5,1.55,1.65,4,4,0,,0,0
2023-12-13,ELC,21,Middlesbrough FC,Hull City AFC,20,20,20,20,1.8,1.6,1.6,1.4,1.9,1.4,1.5,1.4,1.55,1.55,1.45,1.3,4,4,0,,3,1
2023-12-15,PL,17,Nottingham Forest FC,Tottenham Hotspur FC,16,16,16,16,1.0,2.6,2.0,2.0,1.0,1.9,1.8,1.6,1.0625,1.75,2.0625,1.4375,6,5,0,,2,0
2023-12-16,ELC,22,Ipswich Town FC,Norwich City FC,21,21,21,21,1.8,1.0,1.6,1.0,2.0,1.3,1.6,1.8,2.142857142857143,1.2380952380952381,1.7619047619047619,1.7619047619047619,3,2,0,,4,1
2023-12-16,PL,17,Chelsea FC,Sheffield United FC,16,16,16,16,1.8,2.8,0.6,2.2,2.1,2.0,0.7,2.4,1.625,1.625,0.75,2.5625,6,7,0,,2,0
2023-12-16,PL,17,Manchester City FC,Crystal Palace FC,16,16,16,16,2.0,2.0,1.0,2.0,2.2,1.5,0.9,1.6,2.375,1.125,0.9375,1.4375,6,7,0,,4,1
2023-12-16,PL,17,Newcastle United FC,Fulham FC,16,16,16,16,1.2,2.0,3.4,1.8,1.7,1.4,2.1,1.6,2.0625,1.3125,1.625,1.625,5,6,0,,3,1
2023-12-16,ELC,22,Bristol City FC,Sunderland AFC,21,21,21,21,1.2,1.6,1.0,1.2,0.8,1.1,1.2,1.1,1.0476190476190477,1.1428571428571428,1.5238095238095237,1.0952380952380953,3,3,0,,1,0
2023-12-16,ELC,22,Millwall FC,Huddersfield Town AFC,21,21,21,21,0.8,2.2,1.2,1.4,1.2,1.7,0.9,1.7,1.0952380952380953,1.4285714285714286,0.9523809523809523,1.6666666666666667,2,3,0,,2,0
2023-12-16,ELC,22,Southampton FC,Blackburn Rovers FC,21,21,21,21,1.2,0.6,2.0,1.6,1.6,0.8,1.7,1.3,1.5714285714285714,1.380952380952381,1.619047619047619,1.619047619047619,2,3,0,,4,1
2023-12-16,ELC,22,Hull City AFC,Cardiff City FC,21,21,21,21,1.8,1.6,0.6,1.0,1.5,1.3,1.1,0.9,1.4761904761904763,1.2857142857142858,1.3333333333333333,1.1428571428571428,2,2,0,,3,1
2023-12-16,ELC,22,Leeds United FC,Coventry City FC,21,21,21,21,1.8,1.0,1.6,0.6,1.9,1.0,1.0,1.1,1.7142857142857142,1.0,1.2857142857142858,1.1428571428571428,3,2,0,,2,0
2023-12-16,ELC,22,Plymouth Argyle FC,Rotherham United FC,21,21,21,21,0.8,1.2,0.6,1.8,1.3,1.4,0.8,1.9,1.4761904761904763,1.5714285714285714,0.8571428571428571,1.9523809523809523,2,3,0,,5,1
2023-12-16,ELC,22,Preston North End FC,Watford FC,21,21,21,21,0.8,1.8,1.4,1.6,1.2,1.6,1.6,1.0,1.2857142857142858,1.5714285714285714,1.4285714285714286,1.2380952380952381,3,3,0,,6,1
2023-12-16,ELC,22,Sheffield Wednesday FC,Queens Park Rangers FC,21,21,21,21,1.4,1.4,1.6,0.6,0.9,1.6,1.1,1.0,0.6666666666666666,1.619047619047619,0.9047619047619048,1.4285714285714286,2,2,0,,3,1
2023-12-16,ELC,22,Swansea City AFC,Middlesbrough FC,21,21,21,21,1.4,1.6,1.8,2.0,1.1,1.5,1.6,1.6,1.380952380952381,1.380952380952381,1.5238095238095237,1.5714285714285714,3,2,0,,3,1
2023-12-16,PL,17,Burnley FC,Everton FC,16,16,16,16,1.6,1.4,1.8,1.0,1.2,1.9,1.5,1.0,1.0,2.125,1.25,1.25,7,6,0,,2,0
2023-12-17,ELC,22,West Bromwich Albion FC,Stoke City FC,21,21,21,21,1.4,0.8,0.8,2.2,1.5,0.7,0.9,1.2,1.5714285714285714,1.0,0.9523809523809523,1.380952380952381,4,4,0,,2,0
2023-12-17,PL,17,Arsenal FC,Brighton & Hove Albion FC,16,16,16,16,2.0,1.2,1.8,1.6,2.2,0.9,1.5,2.0,2.0625,0.9375,2.0625,1.75,7,7,0,,2,0
2023-12-17,PL,17,Brentford FC,Aston Villa FC,16,16,16,16,0.8,1.6,1.8,0.8,1.4,1.3,2.3,1.0,1.4375,1.375,2.1875,1.25,7,7,0,,3,1
2023-12-17,PL,17,West Ham United FC,Wolverhampton Wanderers FC,16,16,16,16,1.6,2.0,1.4,1.4,1.5,2.0,1.5,1.4,1.625,1.875,1.3125,1.625,7,7,0,,3,1
2023-12-17,PL,17,Liverpool FC,Manchester United FC,16,16,16,16,2.4,1.0,1.2,1.0,2.1,1.0,1.1,1.1,2.25,0.9375,1.125,1.3125,8,8,0,,0,0
2023-12-18,ELC,22,Birmingham City FC,Leicester City FC,21,21,21,21,1.0,1.4,2.4,0.8,0.9,1.8,1.8,0.8,1.1428571428571428,1.380952380952381,1.9523809523809523,0.6666666666666666,5,5,0,,5,1
2023-12-21,PL,18,Crystal Palace FC,Brighton & Hove Albion FC,17,17,17,17,1.0,1.8,1.6,1.8,1.0,1.8,1.4,1.6,1.0,1.4705882352941178,1.9411764705882353,1.7647058823529411,5,4,0,,2,0
2023-12-22,ELC,23,Bristol City FC,Hull City AFC,22,22,22,22,0.8,1.2,2.0,1.2,0.8,1.1,1.7,1.1,1.0454545454545454,1.0909090909090908,1.5454545454545454,1.2272727272727273,6,6,1,2.0,5,1
2023-12-22,ELC,23,Swansea City AFC,Preston North End FC,22,22,22,22,1.2,1.6,0.8,2.4,1.1,1.4,1.2,2.0,1.3636363636363635,1.4090909090909092,1.2727272727272727,1.7272727272727273,6,6,1,3.0,3,1
2023-12-22,PL,18,Aston Villa FC,Sheffield United FC,17,17,17,17,1.6,0.8,0.4,2.4,1.9,1.0,0.7,2.4,2.176470588235294,1.2352941176470589,0.7058823529411765,2.5294117647058822,5,6,0,,2,0
2023-12-23,PL,18,West Ham United FC,Manchester United FC,17,17,17,17,1.6,1.6,1.0,1.0,1.6,2.0,1.1,1.0,1.7058823529411764,1.7647058823529411,1.0588235294117647,1.2352941176470589,5,5,0,,2,0
2023-12-23,ELC,23,Leeds United FC,Ipswich Town FC,22,22,22,22,1.8,1.0,2.2,1.0,1.7,0.9,2.1,1.5,1.6818181818181819,1.0,2.1363636363636362,1.2727272727272727,6,7,1,7.0,4,1
2023-12-23,PL,18,Fulham FC,Burnley FC,17,17,17,17,3.2,1.8,1.4,1.2,2.1,1.7,1.0,2.0,1.5294117647058822,1.7058823529411764,0.9411764705882353,2.1176470588235294,7,6,0,,2,0
2023-12-23,PL,18,Luton Town FC,Newcastle United FC,16,17,16,17,1.4,2.2,1.8,1.6,1.2,2.0,1.8,1.4,1.0625,2.0,2.1176470588235294,1.2352941176470589,13,7,0,,1,0
2023-12-23,PL,18,Nottingham Forest FC,AFC Bournemouth,17,16,17,16,0.6,2.4,2.4,0.6,0.9,2.0,1.6,1.9,1.0,1.7647058823529411,1.3125,1.875,7,14,0,,5,1
2023-12-23,PL,18,Tottenham Hotspur FC,Everton FC,17,17,17,17,2.2,1.6,1.6,0.6,1.8,1.5,1.6,0.8,2.0588235294117645,1.3529411764705883,1.2941176470588236,1.1764705882352942,7,6,0,,3,1
2023-12-23,ELC,23,Sunderland AFC,Coventry City FC,22,22,22,22,1.0,1.0,1.2,0.8,1.1,1.0,1.1,1.1,1.4545454545454546,1.0909090909090908,1.2727272727272727,1.1363636363636365,7,7,1,0.0,3,1
2023-12-23,ELC,23,Blackburn Rovers FC,Watford FC,22,22,22,22,1.4,2.4,2.4,1.4,1.6,1.7,2.0,1.1,1.5454545454545454,1.7272727272727273,1.5909090909090908,1.2272727272727273,7,7,1,1.0,3,1
2023-12-23,ELC,23,Middlesbrough FC,West Bromwich Albion FC,22,22,22,22,1.8,1.6,1.2,1.0,1.7,1.7,1.6,0.8,1.5454545454545454,1.5454545454545454,1.5454545454545454,1.0,7,6,1,6.0,1,0
2023-12-23,ELC,23,Leicester City FC,Rotherham United FC,22,22,22,22,2.6,1.2,0.8,2.2,1.8,0.9,0.8,2.2,2.0,0.7272727272727273,0.9090909090909091,2.0,4,7,1,3.0,3,1
2023-12-23,ELC,23,Norwich City FC,Huddersfield Town AFC,22,22,22,22,1.8,1.4,1.2,1.4,1.6,1.7,0.8,1.7,1.7727272727272727,1.7727272727272727,0.9545454545454546,1.6363636363636365,7,7,1,4.0,2,0
2023-12-23,ELC,23,Plymouth Argyle FC,Birmingham City FC,22,22,22,22,1.0,1.6,1.0,1.8,1.6,1.6,1.1,2.0,1.5454545454545454,1.5909090909090908,1.1818181818181819,1.4545454545454546,7,4,1,3.0,6,1
2023-12-23,ELC,23,Queens Park Rangers FC,Southampton FC,22,22,22,22,1.8,0.8,1.8,0.4,1.1,1.0,1.8,0.7,0.9090909090909091,1.4545454545454546,1.6818181818181819,1.3181818181818181,7,7,1,3.0,1,0
2023-12-23,ELC,23,Sheffield Wednesday FC,Cardiff City FC,22,22,22,22,1.6,1.2,0.2,1.4,1.1,1.6,1.1,1.1,0.7272727272727273,1.5909090909090908,1.2727272727272727,1.2272727272727273,7,7,1,3.0,3,1
2023-12-23,ELC,23,Stoke City FC,Millwall FC,22,22,22,22,1.0,1.8,1.0,1.8,0.8,1.2,1.2,1.7,0.9545454545454546,1.3636363636363635,1.0909090909090908,1.4090909090909092,6,7,1,1.0,0,0
2023-12-23,PL,18,Liverpool FC,Arsenal FC,17,17,17,17,1.8,1.0,1.8,1.0,2.0,0.8,2.0,0.9,2.1176470588235294,0.8823529411764706,2.0588235294117645,0.8823529411764706,6,6,0,,2,0
2023-12-24,PL,18,Wolverhampton Wanderers FC,Chelsea FC,17,17,17,17,1.0,1.8,1.4,2.0,1.3,1.6,2.1,2.0,1.2352941176470589,1.7058823529411764,1.6470588235294117,1.5294117647058822,6,7,0,,3,1
2023-12-26,PL,19,Newcastle United FC,Nottingham Forest FC,18,18,18,18,1.0,1.6,0.6,2.4,1.6,1.3,1.1,2.3,2.0,1.2222222222222223,1.0555555555555556,1.8333333333333333,2,2,0,,4,1
2023-12-26,ELC,24,Preston North End FC,Leeds United FC,23,23,23,23,1.0,2.0,2.0,0.8,1.1,2.0,2.1,0.8,1.2608695652173914,1.7391304347826086,1.7826086956521738,0.9565217391304348,3,3,0,,3,1
2023-12-26,ELC,24,Millwall FC,Queens Park Rangers FC,23,23,23,23,0.8,1.2,1.0,0.6,1.1,1.5,1.1,0.9,1.0434782608695652,1.3478260869565217,0.8695652173913043,1.434782608695652,2,2,0,,2,0
2023-12-26,PL,19,AFC Bournemouth,Fulham FC,17,18,17,18,2.6,1.0,2.6,1.8,1.9,1.7,1.8,1.8,1.411764705882353,1.8823529411764706,1.4444444444444444,1.7222222222222223,3,3,0,,3,1
2023-12-26,PL,19,Sheffield United FC,Luton Town FC,18,17,18,17,0.4,2.0,1.6,2.0,0.7,2.2,1.2,1.8,0.7222222222222222,2.4444444444444446,1.0588235294117647,1.8823529411764706,3,3,0,,5,1
2023-12-26,ELC,24,Cardiff City FC,Plymouth Argyle FC,23,23,23,23,0.6,1.4,1.6,2.0,0.9,1.2,1.6,1.9,1.3043478260869565,1.2173913043478262,1.608695652173913,1.6521739130434783,3,3,0,,4,1
2023-12-26,ELC,24,Coventry City FC,Sheffield Wednesday FC,23,23,23,23,1.6,0.8,1.6,1.4,1.4,0.9,1.2,1.5,1.3478260869565217,1.0869565217391304,0.7391304347826086,1.608695652173913,3,3,0,,2,0
2023-12-26,ELC,24,Southampton FC,Swansea City AFC,23,23,23,23,1.8,0.4,1.4,1.2,1.7,0.5,1.3,1.4,1.6521739130434783,1.2608695652173914,1.391304347826087,1.391304347826087,3,3,0,,5,1
2023-12-26,ELC,24,Watford FC,Bristol City FC,23,23,23,23,2.2,1.2,1.4,1.4,2.1,1.2,1.1,1.2,1.608695652173913,1.2173913043478262,1.1304347826086956,1.1304347826086956,3,3,0,,5,1
2023-12-26,ELC,24,Huddersfield Town AFC,Blackburn Rovers FC,23,23,23,23,0.8,1.6,0.8,2.4,0.8,1.5,1.5,1.8,0.9130434782608695,1.6521739130434783,1.5217391304347827,1.7391304347826086,3,3,0,,3,1
2023-12-26,ELC,24,Hull City AFC,Sunderland AFC,23,23,23,23,1.6,1.6,0.8,1.2,1.7,1.4,1.1,1.2,1.565217391304348,1.3043478260869565,1.391304347826087,1.173913043478261,3,3,0,,1,0
2023-12-26,ELC,24,Rotherham United FC,Middlesbrough FC,23,23,23,23,0.6,2.0,1.2,1.6,0.8,2.3,1.6,1.6,0.8695652173913043,2.0434782608695654,1.5217391304347827,1.4782608695652173,3,3,0,,1,0
2023-12-26,ELC,24,West Bromwich Albion FC,Norwich City FC,23,23,23,23,1.0,1.2,1.8,0.8,1.4,0.9,1.7,1.5,1.4782608695652173,1.0,1.7826086956521738,1.6956521739130435,3,3,0,,1,0
2023-12-26,ELC,24,Birmingham City FC,Stoke City FC,23,23,23,23,1.2,1.6,0.6,1.0,1.4,2.1,0.7,1.2,1.2608695652173914,1.5217391304347827,0.9130434782608695,1.3043478260869565,3,3,0,,4,1
2023-12-26,PL,19,Burnley FC,Liverpool FC,18,18,18,18,1.6,0.8,1.8,1.0,1.1,1.6,1.9,0.7,1.0,2.0,2.0555555555555554,0.8888888888888888,3,3,0,,2,0
2023-12-26,ELC,24,Ipswich Town FC,Leicester City FC,23,23,23,23,1.6,1.6,3.0,1.0,1.8,1.7,2.0,0.9,2.0434782608695654,1.391304347826087,2.0434782608695654,0.6956521739130435,3,3,0,,2,0
2023-12-26,PL,19,Manchester United FC,Aston Villa FC,18,18,18,18,0.4,1.4,1.4,0.8,0.9,1.1,1.9,1.0,1.0,1.2777777777777777,2.111111111111111,1.2222222222222223,3,4,0,,5,1
2023-12-27,PL,19,Brentford FC,Wolverhampton Wanderers FC,17,18,17,18,1.0,1.4,1.0,1.4,1.4,1.4,1.4,1.6,1.411764705882353,1.411764705882353,1.2777777777777777,1.6666666666666667,10,3,0,,5,1
2023-12-27,PL,19,Chelsea FC,Crystal Palace FC,18,18,18,18,1.4,1.6,1.0,1.6,1.8,2.1,1.1,1.9,1.6111111111111112,1.5555555555555556,1.0,1.4444444444444444,3,5,0,,3,1
2023-12-27,PL,19,Everton FC,Manchester City FC,18,17,18,17,1.8,0.4,1.6,1.6,1.4,1.0,2.3,1.5,1.2777777777777777,1.2222222222222223,2.3529411764705883,1.1764705882352942,4,11,0,,4,1
2023-12-28,PL,19,Brighton & Hove Albion FC,Tottenham Hotspur FC,18,18,18,18,1.2,1.6,2.4,1.4,1.3,1.5,1.9,1.6,1.8888888888888888,1.7222222222222223,2.0555555555555554,1.3333333333333333,6,5,0,,6,1
2023-12-28,PL,19,Arsenal FC,West Ham United FC,18,18,18,18,1.8,1.2,1.6,1.4,2.0,1.0,1.6,1.8,2.0,0.8888888888888888,1.7222222222222223,1.6666666666666667,5,5,0,,2,0
2023-12-29,ELC,25,Southampton FC,Plymouth Argyle FC,24,24,24,24,2.4,0.4,1.6,2.2,1.9,0.4,1.6,1.8,1.7916666666666667,1.2083333333333333,1.625,1.6666666666666667,3,3,1,3.0,3,1
2023-12-29,ELC,25,Birmingham City FC,Bristol City FC,24,24,24,24,1.4,2.2,2.0,1.2,1.4,2.1,1.5,1.1,1.25,1.5833333333333333,1.25,1.125,3,3,1,2.0,0,0
2023-12-29,ELC,25,Cardiff City FC,Leicester City FC,24,24,24,24,1.0,1.4,2.8,1.0,0.9,1.4,1.9,0.9,1.3333333333333333,1.25,2.0,0.7083333333333334,3,3,1,3.0,2,0
2023-12-29,ELC,25,Coventry City FC,Swansea City AFC,24,24,24,24,1.8,0.4,1.2,2.0,1.6,0.7,1.2,1.9,1.375,1.0416666666666667,1.3333333333333333,1.5416666666666667,3,3,1,2.0,4,1
2023-12-29,ELC,25,Millwall FC,Norwich City FC,24,24,24,24,1.0,1.0,1.4,0.8,1.1,1.3,1.6,1.3,1.0833333333333333,1.2916666666666667,1.7083333333333333,1.6666666666666667,3,3,1,4.0,1,0
2023-12-29,ELC,25,Watford FC,Stoke City FC,24,24,24,24,2.0,1.8,1.0,0.8,2.0,1.4,0.8,1.3,1.5833333333333333,1.3333333333333333,1.0,1.2916666666666667,3,3,1,1.0,2,0
2023-12-29,ELC,25,Huddersfield Town AFC,Middlesbrough FC,24,24,24,24,1.2,1.4,0.8,1.2,1.0,1.1,1.6,1.5,1.0,1.5833333333333333,1.4583333333333333,1.4583333333333333,3,3,1,2.0,3,1
2023-12-29,ELC,25,Hull City AFC,Blackburn Rovers FC,24,24,24,24,1.4,1.4,0.6,2.4,1.6,1.5,1.5,2.0,1.5,1.2916666666666667,1.4583333333333333,1.7916666666666667,3,3,1,3.0,5,1
2023-12-29,ELC,25,Ipswich Town FC,Queens Park Rangers FC,24,24,24,24,1.4,1.6,0.6,1.0,1.7,1.6,1.0,0.9,2.0,1.375,0.8333333333333334,1.4583333333333333,3,3,1,1.0,0,0
2023-12-29,ELC,25,Preston North End FC,Sheffield Wednesday FC,24,24,24,24,1.4,1.8,1.0,1.6,1.3,2.0,1.0,1.7,1.2916666666666667,1.7083333333333333,0.7083333333333334,1.625,3,3,1,1.0,1,0
2023-12-29,ELC,25,Rotherham United FC,Sunderland AFC,24,24,24,24,0.8,2.0,0.8,1.0,0.8,2.2,0.9,1.1,0.875,1.9583333333333333,1.375,1.125,3,3,1,3.0,2,0
2023-12-29,ELC,25,West Bromwich Albion FC,Leeds United FC,24,24,24,24,1.0,0.8,1.6,0.8,1.3,0.9,1.8,0.9,1.4583333333333333,0.9583333333333334,1.75,1.0,3,3,1,2.0,1,0
2023-12-30,PL,20,Luton Town FC,Chelsea FC,18,19,18,19,1.8,2.2,1.2,1.4,1.5,1.9,1.8,2.0,1.1666666666666667,1.8888888888888888,1.631578947368421,1.5263157894736843,3,2,1,3.0,5,1
2023-12-30,PL,20,Aston Villa FC,Burnley FC,19,19,19,19,1.4,1.0,0.6,1.2,1.7,1.2,1.1,1.5,2.1052631578947367,1.3157894736842106,0.9473684210526315,2.0,3,3,1,4.0,5,1
2023-12-30,PL,20,Crystal Palace FC,Brentford FC,19,18,19,18,1.0,1.8,1.2,2.0,1.2,1.7,1.4,1.6,1.0,1.4736842105263157,1.3888888888888888,1.5555555555555556,2,2,1,2.0,4,1
2023-12-30,PL,20,Manchester City FC,Sheffield United FC,18,19,18,19,2.0,1.6,0.8,1.6,2.6,1.5,0.8,2.3,2.388888888888889,1.1666666666666667,0.7894736842105263,2.473684210526316,2,4,1,3.0,2,0
2023-12-30,PL,20,Wolverhampton Wanderers FC,Everton FC,19,19,19,19,1.6,1.2,1.8,1.0,1.6,1.6,1.5,1.1,1.4210526315789473,1.631578947368421,1.263157894736842,1.3157894736842106,2,2,1,1.0,3,1
2023-12-30,PL,20,Nottingham Forest FC,Manchester United FC,19,19,19,19,1.2,2.4,1.0,1.6,1.2,2.2,1.0,1.2,1.1578947368421053,1.7894736842105263,1.105263157894737,1.3157894736842106,4,3,1,5.0,3,1
2023-12-31,PL,20,Fulham FC,Arsenal FC,19,19,19,19,2.0,1.6,1.4,1.4,1.8,1.9,1.8,1.0,1.368421052631579,1.7894736842105263,1.894736842105263,0.9473684210526315,4,2,1,4.0,3,1
2023-12-31,PL,20,Tottenham Hotspur FC,AFC Bournemouth,19,18,19,18,2.2,1.6,2.6,0.8,1.9,2.0,2.2,1.4,2.0526315789473686,1.4736842105263157,1.5,1.7777777777777777,2,4,1,2.0,4,1
2024-01-01,ELC,26,Sunderland AFC,Preston North End FC,25,25,25,25,0.6,1.0,1.4,2.0,1.0,1.2,1.0,1.9,1.36,1.12,1.24,1.68,2,2,1,3.0,2,0
2024-01-01,ELC,26,Blackburn Rovers FC,Rotherham United FC,25,25,25,25,1.0,2.6,0.8,1.8,1.4,2.2,0.7,2.1,1.48,1.84,0.88,1.92,2,2,1,4.0,4,1
2024-01-01,ELC,26,Bristol City FC,Millwall FC,25,25,25,25,1.8,1.0,1.2,0.8,1.4,1.1,1.2,1.2,1.2,1.08,1.08,1.24,2,2,1,1.0,1,0
2024-01-01,ELC,26,Middlesbrough FC,Coventry City FC,25,25,25,25,1.2,1.0,1.8,0.8,1.5,1.3,1.6,0.6,1.48,1.44,1.4,1.08,2,2,1,3.0,4,1
2024-01-01,ELC,26,Leeds United FC,Birmingham City FC,25,25,25,25,1.2,1.0,1.4,1.8,1.7,1.0,1.2,1.9,1.68,1.0,1.2,1.52,2,2,1,1.0,3,1
2024-01-01,ELC,26,Leicester City FC,Huddersfield Town AFC,25,25,25,25,2.4,1.0,1.2,1.6,2.1,0.8,1.1,1.3,2.0,0.68,1.0,1.6,2,2,1,1.0,5,1
2024-01-01,ELC,26,Norwich City FC,Southampton FC,25,25,25,25,1.4,1.0,2.6,0.4,1.5,1.1,2.0,0.5,1.64,1.64,1.8,1.2,2,2,1,8.0,2,0
2024-01-01,ELC,26,Plymouth Argyle FC,Watford FC,25,25,25,25,1.8,1.8,2.0,1.8,1.4,1.7,2.1,1.5,1.6,1.68,1.56,1.32,2,2,1,0.0,6,1
2024-01-01,ELC,26,Queens Park Rangers FC,Cardiff City FC,25,25,25,25,0.2,1.0,0.8,1.8,0.9,0.8,0.9,1.6,0.8,1.4,1.28,1.28,2,2,1,3.0,3,1
2024-01-01,ELC,26,Stoke City FC,Ipswich Town FC,25,25,25,25,1.2,0.8,1.0,1.6,0.9,1.4,1.5,1.4,1.0,1.28,1.92,1.32,2,2,1,2.0,0,0
2024-01-01,ELC,26,Swansea City AFC,West Bromwich Albion FC,25,25,25,25,1.2,2.2,1.0,0.4,1.4,2.1,1.1,0.8,1.36,1.56,1.44,0.92,2,2,1,5.0,1,0
2024-01-01,ELC,26,Sheffield Wednesday FC,Hull City AFC,25,25,25,25,1.0,1.6,2.0,1.4,1.1,1.6,1.8,1.4,0.72,1.56,1.56,1.32,2,2,1,6.0,4,1
2024-01-01,PL,20,Liverpool FC,Newcastle United FC,19,19,19,19,1.4,0.4,1.0,2.2,1.9,0.7,1.3,1.6,2.0526315789473686,0.8421052631578947,1.9473684210526316,1.3157894736842106,6,6,1,3.0,6,1
2024-01-02,PL,20,West Ham United FC,Brighton & Hove Albion FC,19,19,19,19,1.8,1.2,1.6,1.4,1.7,1.4,1.6,1.5,1.736842105263158,1.5789473684210527,2.0,1.736842105263158,4,5,1,4.0,0,0
2024-01-12,PL,21,Burnley FC,Luton Town FC,20,19,20,19,1.0,1.6,2.0,2.2,1.2,1.6,1.5,2.0,1.0,2.05,1.2105263157894737,1.9473684210526316,13,13,1,3.0,2,0
2024-01-12,ELC,27,Hull City AFC,Norwich City FC,26,26,26,26,1.8,1.8,1.0,1.0,1.8,1.7,1.3,1.0,1.5384615384615385,1.3846153846153846,1.6153846153846154,1.6153846153846154,11,11,1,3.0,3,1
2024-01-13,PL,21,Chelsea FC,Fulham FC,20,20,20,20,1.6,1.4,1.4,1.8,2.1,2.0,1.9,1.9,1.7,1.55,1.4,1.75,14,12,1,2.0,1,0
2024-01-13,ELC,27,Coventry City FC,Leicester City FC,26,26,26,26,2.2,0.8,2.6,0.8,1.9,0.7,2.5,0.8,1.4615384615384615,1.0769230769230769,2.076923076923077,0.6923076923076923,11,11,1,3.0,4,1
2024-01-13,ELC,27,Huddersfield Town AFC,Plymouth Argyle FC,26,26,26,26,1.2,1.8,2.4,2.4,1.2,1.6,1.6,1.8,1.0,1.6923076923076923,1.6538461538461537,1.7307692307692308,12,12,1,4.0,2,0
2024-01-13,ELC,27,Preston North End FC,Bristol City FC,26,26,26,26,0.8,2.2,1.6,0.8,0.8,2.0,1.4,1.2,1.1923076923076923,1.6923076923076923,1.1538461538461537,1.0769230769230769,12,12,1,2.0,2,0
2024-01-13,ELC,27,Rotherham United FC,Stoke City FC,26,26,26,26,1.2,1.8,1.0,0.6,0.9,1.8,0.9,1.4,0.9230769230769231,1.9230769230769231,0.9615384615384616,1.2307692307692308,12,12,1,5.0,1,0
2024-01-13,ELC,27,West Bromwich Albion FC,Blackburn Rovers FC,26,26,26,26,0.6,0.6,1.0,2.8,1.0,0.7,1.5,2.2,1.3846153846153846,0.9230769230769231,1.5,1.8461538461538463,12,12,1,3.0,5,1
2024-01-13,ELC,27,Birmingham City FC,Swansea City AFC,26,26,26,26,1.2,2.4,1.2,2.0,1.1,1.9,1.3,1.8,1.1538461538461537,1.5769230769230769,1.3461538461538463,1.5,12,12,1,2.0,4,1
2024-01-13,ELC,27,Cardiff City FC,Leeds United FC,26,26,26,26,1.2,1.8,1.8,0.8,0.9,1.4,1.8,0.9,1.3076923076923077,1.2692307692307692,1.7307692307692308,0.9615384615384616,12,12,1,4.0,3,1
2024-01-13,ELC,27,Millwall FC,Middlesbrough FC,26,26,26,26,1.0,0.2,1.2,1.2,0.9,1.2,1.5,1.6,1.0769230769230769,1.1923076923076923,1.4615384615384615,1.5,12,12,1,1.0,4,1
2024-01-13,ELC,27,Southampton FC,Sheffield Wednesday FC,26,26,26,26,2.6,0.4,1.4,1.2,1.9,0.5,1.4,1.3,1.7692307692307692,1.1923076923076923,0.8076923076923077,1.5384615384615385,12,11,1,3.0,4,1
2024-01-13,PL,21,Newcastle United FC,Manchester City FC,20,19,20,19,1.4,2.4,1.8,1.0,1.3,1.8,2.6,1.4,1.95,1.45,2.3684210526315788,1.105263157894737,11,14,1,1.0,5,1
2024-01-13,ELC,27,Ipswich Town FC,Sunderland AFC,26,26,26,26,0.6,1.4,0.8,1.0,1.2,1.2,0.9,1.1,1.8461538461538463,1.2692307692307692,1.3846153846153846,1.0769230769230769,12,12,1,3.0,3,1
2024-01-14,ELC,27,Queens Park Rangers FC,Watford FC,26,26,26,26,0.4,1.4,2.4,2.0,1.0,1.0,1.9,1.8,0.8076923076923077,1.4230769230769231,1.6153846153846154,1.3846153846153846,12,12,1,4.0,3,1
2024-01-14,PL,21,Everton FC,Aston Villa FC,20,20,20,20,1.2,1.6,1.8,1.4,1.4,1.4,1.7,1.3,1.2,1.4,2.15,1.35,14,14,1,4.0,0,0
2024-01-14,PL,21,Manchester United FC,Tottenham Hotspur FC,20,20,20,20,0.8,1.8,2.6,1.4,1.1,1.1,2.0,2.0,1.1,1.35,2.1,1.45,14,14,1,2.0,4,1
2024-01-19,ELC,28,Sunderland AFC,Hull City AFC,27,27,27,27,1.0,1.2,1.4,2.2,1.0,1.1,1.7,1.7,1.3703703703703705,1.1111111111111112,1.5185185185185186,1.4074074074074074,6,7,1,1.0,1,0
2024-01-20,PL,21,Arsenal FC,Crystal Palace FC,20,20,20,20,0.8,1.2,1.6,1.6,1.4,1.2,1.4,1.6,1.85,1.0,1.1,1.45,19,20,1,1.0,5,1
2024-01-20,ELC,28,Swansea City AFC,Southampton FC,27,27,27,27,1.4,2.0,2.6,0.4,1.3,1.8,2.2,0.4,1.3703703703703705,1.5185185185185186,1.8518518518518519,1.1481481481481481,6,6,1,5.0,4,1
2024-01-20,ELC,28,Blackburn Rovers FC,Huddersfield Town AFC,27,27,27,27,1.2,2.8,1.2,1.8,1.3,2.6,1.2,1.6,1.4814814814814814,1.9259259259259258,1.0,1.6666666666666667,7,7,1,3.0,2,0
2024-01-20,ELC,28,Bristol City FC,Watford FC,27,27,27,27,1.4,1.2,1.8,2.0,1.1,1.2,2.1,1.7,1.1111111111111112,1.1111111111111112,1.6296296296296295,1.3703703703703705,7,6,1,5.0,2,0
2024-01-20,ELC,28,Middlesbrough FC,Rotherham United FC,27,27,27,27,1.4,1.2,0.8,1.4,1.6,1.4,0.8,1.8,1.5185185185185186,1.4814814814814814,0.8888888888888888,1.8888888888888888,7,7,1,1.0,2,0
2024-01-20,ELC,28,Norwich City FC,West Bromwich Albion FC,27,27,27,27,1.0,0.8,1.2,0.6,1.4,1.1,1.2,0.8,1.6296296296296295,1.5925925925925926,1.4814814814814814,0.9259259259259259,7,7,1,1.0,2,0
2024-01-20,ELC,28,Plymouth Argyle FC,Cardiff City FC,27,27,27,27,2.0,2.2,1.2,1.8,1.5,1.9,0.7,1.6,1.6296296296296295,1.7037037037037037,1.2592592592592593,1.3333333333333333,7,7,1,4.0,4,1
2024-01-20,ELC,28,Queens Park Rangers FC,Millwall FC,27,27,27,27,0.4,1.4,1.0,0.6,1.1,1.1,1.0,1.2,0.8148148148148148,1.4444444444444444,1.0740740740740742,1.2592592592592593,6,7,1,2.0,2,0
2024-01-20,ELC,28,Sheffield Wednesday FC,Coventry City FC,27,27,27,27,1.0,1.8,2.6,0.8,1.3,1.5,1.9,0.8,0.7777777777777778,1.6296296296296295,1.5185185185185186,1.0740740740740742,7,7,1,2.0,3,1
2024-01-20,ELC,28,Stoke City FC,Birmingham City FC,27,27,27,27,1.0,0.4,1.2,2.2,1.0,1.1,1.1,2.0,0.9629629629629629,1.1851851851851851,1.1851851851851851,1.5925925925925926,7,7,1,4.0,3,1
2024-01-20,PL,21,Brentford FC,Nottingham Forest FC,19,20,19,20,0.8,2.4,1.6,1.6,1.2,1.9,1.4,2.0,1.368421052631579,1.631578947368421,1.2,1.75,21,21,1,2.0,5,1
2024-01-21,ELC,28,Leeds United FC,Preston North End FC,27,27,27,27,2.2,0.6,1.0,1.2,2.0,0.8,0.9,1.8,1.7777777777777777,0.9259259259259259,1.2222222222222223,1.6296296296296295,7,7,1,3.0,3,1
2024-01-21,PL,21,Sheffield United FC,West Ham United FC,20,20,20,20,0.8,1.6,1.4,1.0,0.8,2.0,1.7,1.3,0.75,2.45,1.65,1.5,21,18,1,2.0,4,1
2024-01-21,PL,21,AFC Bournemouth,Liverpool FC,19,20,19,20,2.4,1.0,1.8,0.8,2.2,1.5,2.0,0.9,1.4736842105263157,1.8421052631578947,2.15,0.9,21,19,1,4.0,4,1
2024-01-22,PL,21,Brighton & Hove Albion FC,Wolverhampton Wanderers FC,20,20,20,20,1.2,1.2,2.0,1.2,1.5,1.4,1.7,1.4,1.9,1.65,1.5,1.55,20,23,1,5.0,0,0
2024-01-22,ELC,28,Leicester City FC,Ipswich Town FC,27,27,27,27,2.2,1.0,0.6,1.2,2.4,1.1,1.4,1.1,2.037037037037037,0.7777777777777778,1.8518518518518519,1.2592592592592593,9,9,1,2.0,2,0
2024-01-24,ELC,29,Leeds United FC,Norwich City FC,28,28,28,28,1.8,0.8,1.0,0.8,1.9,0.8,1.4,0.8,1.7857142857142858,0.9285714285714286,1.6428571428571428,1.5357142857142858,3,4,1,5.0,1,0
2024-01-27,ELC,29,Sunderland AFC,Stoke City FC,28,28,28,28,1.0,0.8,1.2,0.8,0.9,1.0,0.9,0.9,1.3214285714285714,1.1071428571428572,0.9642857142857143,1.2142857142857142,7,7,1,3.0,4,1
2024-01-27,ELC,29,Millwall FC,Preston North End FC,28,28,28,28,1.0,1.0,1.0,1.2,0.9,1.1,1.0,1.6,1.0357142857142858,1.2857142857142858,1.2142857142857142,1.6428571428571428,7,6,1,2.0,2,0
2024-01-28,ELC,29,Queens Park Rangers FC,Huddersfield Town AFC,28,28,28,28,0.8,1.2,1.4,1.6,0.9,0.9,1.1,1.6,0.8571428571428571,1.3928571428571428,1.0,1.6428571428571428,7,7,1,3.0,2,0
2024-01-30,PL,22,Nottingham Forest FC,Arsenal FC,21,21,21,21,1.8,2.0,1.8,1.0,1.4,2.3,1.9,1.1,1.2380952380952381,1.8095238095238095,2.0,0.9523809523809523,10,10,1,3.0,3,1
2024-01-30,PL,22,Luton Town FC,Brighton & Hove Albion FC,20,21,20,21,1.6,1.6,1.0,1.0,1.5,1.8,1.4,1.3,1.2,1.9,1.8095238095238095,1.5714285714285714,18,8,1,5.0,4,1
2024-01-30,PL,22,Fulham FC,Everton FC,21,21,21,21,0.4,2.0,0.8,1.6,1.9,1.9,1.3,1.3,1.3333333333333333,1.7142857142857142,1.1428571428571428,1.3333333333333333,17,16,1,1.0,0,0
2024-01-30,ELC,29,Coventry City FC,Bristol City FC,28,28,28,28,2.4,1.0,1.0,1.0,2.0,0.9,1.2,1.2,1.5357142857142858,1.0714285714285714,1.1071428571428572,1.1071428571428572,10,10,1,1.0,4,1
2024-01-30,ELC,29,Leicester City FC,Swansea City AFC,28,28,28,28,1.8,1.2,1.2,2.4,2.4,1.1,1.3,1.8,2.0,0.7857142857142857,1.3571428571428572,1.5714285714285714,7,10,1,4.0,4,1
2024-01-30,PL,22,Crystal Palace FC,Sheffield United FC,21,21,21,21,1.4,2.2,1.0,2.0,1.2,2.1,0.8,2.1,1.0476190476190477,1.619047619047619,0.8095238095238095,2.4285714285714284,10,9,1,1.0,5,1
2024-01-30,PL,22,Aston Villa FC,Newcastle United FC,21,21,21,21,1.6,1.4,1.6,2.2,1.7,1.1,1.4,2.1,2.0476190476190474,1.2857142857142858,1.9523809523809523,1.5238095238095237,16,17,1,6.0,4,1
2024-01-31,PL,22,Tottenham Hotspur FC,Brentford FC,21,20,21,20,2.2,1.6,1.2,2.4,2.1,1.8,1.3,2.1,2.0952380952380953,1.4761904761904763,1.45,1.65,17,11,1,4.0,5,1
2024-01-31,PL,22,Manchester City FC,Burnley FC,20,21,20,21,2.4,1.2,1.0,1.6,2.6,1.6,1.3,1.5,2.4,1.15,1.0,2.0,18,18,1,3.0,4,1
2024-01-31,ELC,29,Sheffield Wednesday FC,Watford FC,28,28,28,28,1.0,1.8,1.6,2.0,1.3,1.6,1.9,1.6,0.7857142857142857,1.6428571428571428,1.6071428571428572,1.3571428571428572,11,11,1,1.0,0,0
2024-01-31,PL,22,Liverpool FC,Chelsea FC,21,21,21,21,2.2,0.6,1.8,1.0,2.3,0.8,1.8,1.9,2.238095238095238,0.8571428571428571,1.6666666666666667,1.4761904761904763,10,18,1,2.0,5,1
2024-02-01,PL,22,West Ham United FC,AFC Bournemouth,21,20,21,20,1.8,0.4,2.0,1.8,1.7,1.2,2.0,1.8,1.6666666666666667,1.5238095238095237,1.4,1.95,11,11,1,2.0,2,0
2024-02-01,PL,22,Wolverhampton Wanderers FC,Manchester United FC,21,21,21,21,1.8,1.0,1.2,1.6,1.6,1.2,1.2,1.3,1.4285714285714286,1.4761904761904763,1.1428571428571428,1.380952380952381,10,18,1,1.0,7,1
2024-02-02,ELC,30,Bristol City FC,Leeds United FC,29,29,29,29,0.6,1.2,1.8,0.4,1.3,1.2,1.7,0.6,1.1379310344827587,1.1379310344827587,1.7586206896551724,0.896551724137931,3,9,1,3.0,1,0
2024-02-03,PL,23,Everton FC,Tottenham Hotspur FC,22,22,22,22,0.4,1.6,2.4,2.0,1.0,1.1,2.3,1.8,1.0909090909090908,1.2727272727272727,2.1363636363636362,1.5,3,2,1,3.0,4,1
2024-02-03,PL,23,Brighton & Hove Albion FC,Crystal Palace FC,22,22,22,22,1.0,1.4,1.6,2.2,1.3,1.6,1.3,2.0,1.7272727272727273,1.6818181818181819,1.1363636363636365,1.6363636363636365,3,3,1,2.0,5,1
2024-02-03,PL,23,Burnley FC,Fulham FC,22,22,22,22,1.2,1.8,0.4,1.4,1.3,1.5,1.8,1.6,1.0,2.0454545454545454,1.2727272727272727,1.6363636363636365,2,3,1,2.0,4,1
2024-02-03,PL,23,Newcastle United FC,Luton Town FC,22,21,22,21,1.6,2.4,2.2,1.2,1.7,2.0,1.8,1.7,2.0,1.5,1.3333333333333333,1.8095238095238095,3,3,1,1.0,8,1
2024-02-03,ELC,30,Blackburn Rovers FC,Queens Park Rangers FC,28,29,28,29,1.2,2.6,1.0,1.0,1.0,2.5,0.8,1.0,1.4642857142857142,1.8928571428571428,0.8620689655172413,1.3793103448275863,14,6,1,4.0,3,1
2024-02-03,ELC,30,Watford FC,Cardiff City FC,29,28,29,28,1.4,1.2,1.0,2.2,1.7,1.5,0.8,1.8,1.5517241379310345,1.3103448275862069,1.25,1.3928571428571428,2,14,1,2.0,1,0
2024-02-03,ELC,30,Huddersfield Town AFC,Sheffield Wednesday FC,29,29,29,29,1.0,1.8,1.0,1.4,1.1,1.6,1.0,1.5,1.0,1.6206896551724137,0.7586206896551724,1.5862068965517242,6,2,1,0.0,4,1
2024-02-03,ELC,30,Hull City AFC,Millwall FC,28,29,28,29,1.2,1.6,0.8,1.2,1.4,1.6,0.9,1.1,1.5,1.3571428571428572,1.0344827586206897,1.2758620689655173,14,7,1,4.0,1,0
2024-02-03,ELC,30,Norwich City FC,Coventry City FC,29,29,29,29,1.0,0.8,2.4,1.4,1.2,0.8,2.1,0.9,1.5862068965517242,1.5172413793103448,1.5517241379310345,1.103448275862069,9,3,1,2.0,3,1
2024-02-03,ELC,30,Preston North End FC,Ipswich Town FC,29,28,29,28,0.8,1.2,0.8,0.6,1.1,1.5,1.2,1.1,1.206896551724138,1.6206896551724137,1.8214285714285714,1.25,7,11,1,6.0,5,1
2024-02-03,ELC,30,Rotherham United FC,Southampton FC,28,28,28,28,1.0,1.0,3.0,0.6,0.8,1.5,2.4,0.5,0.8928571428571429,1.8571428571428572,1.8928571428571428,1.1428571428571428,14,14,1,2.0,2,0
2024-02-03,ELC,30,Stoke City FC,Leicester City FC,29,29,29,29,0.8,1.2,2.2,1.2,0.9,1.0,2.5,1.1,0.9655172413793104,1.2758620689655173,2.0344827586206895,0.7931034482758621,7,3,1,2.0,5,1
2024-02-03,ELC,30,Swansea City AFC,Plymouth Argyle FC,29,28,29,28,1.4,2.0,2.0,1.8,1.3,2.0,1.8,1.9,1.3448275862068966,1.6206896551724137,1.6785714285714286,1.6785714285714286,3,14,1,4.0,1,0
2024-02-03,ELC,30,West Bromwich Albion FC,Birmingham City FC,28,28,28,28,1.2,0.8,1.0,1.8,1.1,1.0,1.1,1.7,1.4285714285714286,0.9642857142857143,1.2142857142857142,1.5714285714285714,14,14,1,4.0,1,0
2024-02-03,PL,23,Sheffield United FC,Aston Villa FC,22,22,22,22,1.4,2.2,1.4,1.8,0.9,2.3,1.5,1.3,0.8636363636363636,2.4545454545454546,2.0,1.3636363636363635,3,3,1,2.0,5,1
2024-02-04,ELC,30,Middlesbrough FC,Sunderland AFC,28,29,28,29,1.4,1.4,1.4,1.0,1.3,1.5,1.1,1.0,1.5,1.4642857142857142,1.3793103448275863,1.103448275862069,14,7,1,4.0,2,0
2024-02-04,PL,23,AFC Bournemouth,Nottingham Forest FC,21,22,21,22,1.6,2.0,2.0,2.0,2.0,1.3,1.3,2.2,1.380952380952381,1.9047619047619047,1.2272727272727273,1.8181818181818181,2,4,1,5.0,2,0
2024-02-04,PL,23,Chelsea FC,Wolverhampton Wanderers FC,22,22,22,22,1.6,1.8,2.4,1.2,1.5,1.9,1.7,1.5,1.6363636363636365,1.5909090909090908,1.5,1.5909090909090908,3,2,1,3.0,6,1
2024-02-04,PL,23,Manchester United FC,West Ham United FC,22,22,22,22,2.0,2.2,1.4,0.6,1.5,1.6,1.5,1.1,1.2727272727272727,1.4545454545454546,1.6363636363636365,1.5,2,2,1,2.0,3,1
2024-02-04,PL,23,Arsenal FC,Liverpool FC,22,22,22,22,1.8,1.2,3.0,0.8,1.8,1.1,2.4,0.9,2.0,0.9545454545454546,2.3181818181818183,0.8636363636363636,4,3,1,2.0,4,1
2024-02-05,PL,23,Brentford FC,Manchester City FC,21,21,21,21,1.6,2.8,2.6,1.2,1.2,2.2,2.3,1.6,1.4761904761904763,1.7142857142857142,2.4285714285714284,1.1428571428571428,5,5,0,,4,1
2024-02-09,ELC,31,Sheffield Wednesday FC,Birmingham City FC,30,29,30,29,0.8,2.2,0.8,1.4,0.9,1.9,1.1,1.8,0.7333333333333333,1.6666666666666667,1.1724137931034482,1.5517241379310345,6,6,1,3.0,2,0
2024-02-10,PL,24,Manchester City FC,Everton FC,22,23,22,23,2.8,1.0,0.6,1.6,2.2,1.3,1.2,1.0,2.4545454545454546,1.1363636363636365,1.1304347826086956,1.3043478260869565,4,7,1,4.0,2,0
2024-02-10,ELC,31,Ipswich Town FC,West Bromwich Albion FC,29,29,29,29,1.0,1.0,1.2,0.8,1.2,1.3,1.1,0.8,1.8275862068965518,1.3103448275862069,1.4137931034482758,0.9310344827586207,6,6,1,2.0,4,1
2024-02-10,PL,24,Fulham FC,AFC Bournemouth,23,22,23,22,0.8,1.4,1.2,1.8,1.7,1.6,1.9,1.4,1.3043478260869565,1.6521739130434783,1.3636363636363635,1.8636363636363635,7,6,1,3.0,4,1
2024-02-10,PL,24,Liverpool FC,Burnley FC,23,23,23,23,3.0,1.2,1.2,2.2,2.4,1.1,1.4,1.5,2.260869565217391,0.9565217391304348,1.0434782608695652,2.0434782608695654,5,7,1,2.0,4,1
2024-02-10,PL,24,Luton Town FC,Sheffield United FC,22,23,22,23,2.8,2.0,1.2,3.0,2.2,2.0,0.8,2.5,1.4545454545454546,1.9090909090909092,0.8260869565217391,2.5652173913043477,7,6,1,5.0,4,1
2024-02-10,PL,24,Tottenham Hotspur FC,Brighton & Hove Albion FC,23,23,23,23,2.4,2.2,1.6,1.4,2.4,1.8,1.4,1.5,2.130434782608696,1.5217391304347827,1.826086956521739,1.6521739130434783,7,7,1,6.0,3,1
2024-02-10,PL,24,Wolverhampton Wanderers FC,Brentford FC,23,22,23,22,2.8,1.4,1.6,3.0,1.9,1.4,1.3,2.2,1.608695652173913,1.608695652173913,1.4545454545454546,1.7727272727272727,6,4,1,5.0,2,0
2024-02-10,ELC,31,Sunderland AFC,Plymouth Argyle FC,30,29,30,29,1.4,1.0,1.8,1.4,1.0,1.0,1.7,1.8,1.3666666666666667,1.1,1.6551724137931034,1.6206896551724137,6,7,1,2.0,4,1
2024-02-10,ELC,31,Blackburn Rovers FC,Stoke City FC,29,30,29,30,1.4,2.4,0.6,2.0,1.0,2.4,0.9,1.4,1.4482758620689655,1.896551724137931,0.9333333333333333,1.4,7,7,1,3.0,4,1
2024-02-10,ELC,31,Cardiff City FC,Preston North End FC,29,30,29,30,0.8,1.8,1.4,1.4,0.9,1.6,1.4,1.7,1.2413793103448276,1.3448275862068966,1.2666666666666666,1.6333333333333333,7,7,1,3.0,2,0
2024-02-10,ELC,31,Middlesbrough FC,Bristol City FC,29,30,29,30,1.6,1.4,0.6,1.4,1.2,1.3,1.2,1.2,1.4827586206896552,1.4482758620689655,1.1,1.1333333333333333,6,7,1,5.0,3,1
2024-02-10,ELC,31,Southampton FC,Huddersfield Town AFC,29,30,29,30,2.4,0.6,1.6,1.4,2.4,0.5,1.4,1.5,1.896551724137931,1.103448275862069,1.1,1.5666666666666667,7,7,1,2.0,8,1
2024-02-10,ELC,31,Watford FC,Leicester City FC,30,30,30,30,1.2,1.2,2.8,1.2,1.6,1.5,2.6,1.1,1.5,1.3,2.1333333333333333,0.7666666666666667,7,7,1,2.0,3,1
2024-02-10,ELC,31,Hull City AFC,Swansea City AFC,29,30,29,30,1.4,1.4,1.0,1.8,1.4,1.4,1.1,2.0,1.4827586206896552,1.3103448275862069,1.3,1.6,7,7,1,4.0,1,0
2024-02-10,ELC,31,Leeds United FC,Rotherham United FC,30,29,30,29,2.0,0.2,0.8,1.4,1.6,0.6,0.8,1.7,1.7333333333333334,0.8666666666666667,0.8620689655172413,1.8620689655172413,7,7,1,2.0,3,1
2024-02-10,ELC,31,Queens Park Rangers FC,Norwich City FC,30,30,30,30,1.4,1.2,1.4,0.8,0.8,1.1,1.4,0.9,0.9,1.3666666666666667,1.6,1.5,7,7,1,1.0,4,1
2024-02-10,PL,24,Nottingham Forest FC,Newcastle United FC,23,23,23,23,1.8,1.6,2.4,3.0,1.2,2.0,1.7,2.3,1.2173913043478262,1.7826086956521738,2.0869565217391304,1.608695652173913,6,7,1,4.0,5,1
2024-02-11,ELC,31,Coventry City FC,Millwall FC,30,30,30,30,2.2,1.4,0.6,1.4,2.0,1.1,0.9,1.1,1.5333333333333334,1.1333333333333333,1.0,1.2666666666666666,7,7,1,3.0,3,1
2024-02-11,PL,24,West Ham United FC,Arsenal FC,23,23,23,23,1.0,1.2,2.2,1.2,1.3,1.3,2.0,1.2,1.565217391304348,1.565217391304348,2.0434782608695654,0.9565217391304348,7,6,1,2.0,6,1
2024-02-11,PL,24,Aston Villa FC,Manchester United FC,23,23,23,23,2.2,1.6,2.6,1.8,1.8,1.2,1.5,1.6,2.130434782608696,1.3043478260869565,1.3478260869565217,1.391304347826087,7,7,1,5.0,3,1
2024-02-12,PL,24,Crystal Palace FC,Chelsea FC,23,23,23,23,1.6,2.8,1.8,2.2,1.3,2.2,1.6,1.9,1.1304347826086956,1.7391304347826086,1.6521739130434783,1.6956521739130435,9,8,1,3.0,4,1
2024-02-13,ELC,32,Birmingham City FC,Blackburn Rovers FC,30,30,30,30,0.8,1.8,1.6,2.0,1.1,1.8,1.3,2.3,1.1333333333333333,1.5666666666666667,1.5,1.8666666666666667,3,3,1,6.0,1,0
2024-02-13,ELC,32,Leicester City FC,Sheffield Wednesday FC,31,31,31,31,2.4,1.2,0.6,2.0,2.5,1.0,1.0,1.6,2.129032258064516,0.7741935483870968,0.7741935483870968,1.6129032258064515,3,3,1,2.0,2,0
2024-02-13,ELC,32,Norwich City FC,Watford FC,31,31,31,31,1.6,1.0,0.8,1.0,1.3,1.0,1.6,1.5,1.6129032258064515,1.5161290322580645,1.4838709677419355,1.3225806451612903,3,3,1,5.0,6,1
2024-02-13,ELC,32,Rotherham United FC,Hull City AFC,30,30,30,30,0.6,1.8,0.8,1.2,0.7,1.8,1.4,1.3,0.8333333333333334,1.9,1.4333333333333333,1.3,3,3,1,5.0,3,1
2024-02-13,ELC,32,Swansea City AFC,Leeds United FC,31,31,31,31,1.0,1.8,2.0,0.2,1.1,1.9,1.9,0.5,1.2903225806451613,1.5483870967741935,1.7741935483870968,0.8387096774193549,3,3,1,4.0,4,1
2024-02-13,ELC,32,Bristol City FC,Southampton FC,31,30,31,30,1.0,1.4,3.0,1.0,1.3,1.1,2.8,0.7,1.1290322580645162,1.1290322580645162,2.0,1.1666666666666667,3,3,1,1.0,4,1
2024-02-13,ELC,32,West Bromwich Albion FC,Cardiff City FC,30,30,30,30,1.4,1.2,0.8,1.8,1.2,0.8,0.8,1.8,1.4333333333333333,0.9666666666666667,1.2,1.3666666666666667,3,3,1,1.0,2,0
2024-02-14,ELC,32,Huddersfield Town AFC,Sunderland AFC,31,31,31,31,2.0,1.6,1.6,1.2,1.6,1.7,1.2,1.1,1.1612903225806452,1.6774193548387097,1.4193548387096775,1.096774193548387,4,4,1,3.0,1,0
2024-02-14,ELC,32,Plymouth Argyle FC,Coventry City FC,30,31,30,31,1.8,1.6,2.0,1.4,1.8,1.7,2.1,1.1,1.6333333333333333,1.6666666666666667,1.5483870967741935,1.1290322580645162,4,3,1,1.0,4,1
2024-02-14,ELC,32,Preston North End FC,Middlesbrough FC,31,30,31,30,1.8,1.0,1.4,1.6,1.3,1.6,1.3,1.3,1.2903225806451613,1.5806451612903225,1.4666666666666666,1.4666666666666666,4,4,1,4.0,3,1
2024-02-14,ELC,32,Stoke City FC,Queens Park Rangers FC,31,31,31,31,0.8,2.6,1.6,1.2,0.9,1.6,1.0,1.3,0.9354838709677419,1.4516129032258065,0.9354838709677419,1.3870967741935485,4,4,1,6.0,1,0
2024-02-14,ELC,32,Millwall FC,Ipswich Town FC,31,30,31,30,0.6,1.8,1.4,1.4,0.8,1.0,1.2,1.5,1.0,1.2903225806451613,1.8333333333333333,1.3333333333333333,3,4,1,4.0,4,1
2024-02-16,ELC,33,West Bromwich Albion FC,Southampton FC,31,31,31,31,1.8,1.0,3.0,1.4,1.2,0.8,2.8,0.9,1.4516129032258065,0.9354838709677419,1.967741935483871,1.2258064516129032,3,3,1,3.0,2,0
2024-02-17,PL,25,Brentford FC,Liverpool FC,23,24,23,24,1.8,2.2,3.2,1.4,1.5,2.1,2.3,0.9,1.4782608695652173,1.6956521739130435,2.2916666666666665,0.9583333333333334,6,6,1,3.0,5,1
2024-02-17,ELC,33,Plymouth Argyle FC,Leeds United FC,31,32,31,32,1.6,1.4,2.2,0.2,2.0,1.9,2.2,0.4,1.6451612903225807,1.6774193548387097,1.84375,0.8125,2,3,1,3.0,2,0
2024-02-17,PL,25,Burnley FC,Arsenal FC,24,24,24,24,1.4,2.4,3.4,0.8,1.0,1.8,2.4,1.1,1.0416666666666667,2.0833333333333335,2.2083333333333335,0.9166666666666666,7,6,1,4.0,5,1
2024-02-17,PL,25,Fulham FC,Aston Villa FC,24,24,24,24,1.4,1.0,2.0,1.4,1.7,1.3,1.7,1.2,1.375,1.625,2.0833333333333335,1.3333333333333333,7,5,1,4.0,3,1
2024-02-17,PL,25,Newcastle United FC,AFC Bournemouth,24,23,24,23,2.8,2.8,0.8,2.4,1.9,2.5,1.7,1.6,2.125,1.625,1.3478260869565217,1.9130434782608696,6,7,1,2.0,4,1
2024-02-17,PL,25,Nottingham Forest FC,West Ham United FC,24,24,24,24,1.6,2.0,0.6,2.4,1.4,2.2,1.2,1.8,1.25,1.8333333333333333,1.5,1.75,6,6,1,5.0,2,0
2024-02-17,PL,25,Tottenham Hotspur FC,Wolverhampton Wanderers FC,24,24,24,24,2.4,1.6,2.0,1.6,2.3,1.6,1.8,1.4,2.125,1.5,1.5416666666666667,1.625,7,7,1,3.0,3,1
2024-02-17,ELC,33,Birmingham City FC,Sunderland AFC,31,32,31,32,1.0,1.2,1.4,1.0,1.1,1.8,1.2,1.1,1.1290322580645162,1.5161290322580645,1.375,1.09375,3,2,1,4.0,3,1
2024-02-17,ELC,33,Bristol City FC,Queens Park Rangers FC,32,32,32,32,1.6,1.2,1.4,1.0,1.5,1.2,0.9,1.2,1.1875,1.125,0.90625,1.375,3,2,1,0.0,1,0
2024-02-17,ELC,33,Millwall FC,Sheffield Wednesday FC,32,32,32,32,0.4,2.0,0.6,1.6,0.7,1.3,0.8,1.7,0.96875,1.375,0.75,1.625,2,3,1,4.0,2,0
2024-02-17,ELC,33,Huddersfield Town AFC,Hull City AFC,32,31,32,31,2.0,1.4,1.0,0.8,1.6,1.6,1.4,1.3,1.15625,1.625,1.4516129032258065,1.2903225806451613,2,3,1,1.0,3,1
2024-02-17,ELC,33,Leicester City FC,Middlesbrough FC,32,31,32,31,2.6,0.6,1.4,1.4,2.4,0.8,1.3,1.3,2.125,0.75,1.4516129032258065,1.4838709677419355,3,2,1,1.0,3,1
2024-02-17,ELC,33,Norwich City FC,Cardiff City FC,32,31,32,31,2.0,1.2,0.4,2.0,1.5,1.0,0.8,1.9,1.6875,1.53125,1.1612903225806452,1.3870967741935485,3,3,1,5.0,5,1
2024-02-17,ELC,33,Preston North End FC,Blackburn Rovers FC,32,31,32,31,1.8,1.2,1.2,1.8,1.4,1.2,1.1,2.3,1.3125,1.5625,1.4516129032258065,1.8387096774193548,2,3,1,3.0,4,1
2024-02-17,ELC,33,Rotherham United FC,Watford FC,31,32,31,32,0.4,1.8,0.8,1.6,0.8,1.8,1.3,1.8,0.8387096774193549,1.903225806451613,1.5,1.40625,3,3,1,5.0,1,0
2024-02-17,ELC,33,Stoke City FC,Coventry City FC,32,32,32,32,0.8,2.6,1.8,1.6,0.9,1.5,2.2,1.2,0.9375,1.40625,1.5625,1.15625,2,2,1,0.0,1,0
2024-02-17,ELC,33,Swansea City AFC,Ipswich Town FC,32,31,32,31,0.6,2.2,2.2,1.4,1.0,2.1,1.4,1.4,1.25,1.625,1.903225806451613,1.2903225806451613,3,2,1,5.0,3,1
2024-02-17,PL,25,Manchester City FC,Chelsea FC,23,24,23,24,2.6,0.8,2.0,2.2,2.3,1.2,1.6,1.8,2.4347826086956523,1.0869565217391304,1.7083333333333333,1.6666666666666667,7,4,1,8.0,2,0
2024-02-18,PL,25,Sheffield United FC,Brighton & Hove Albion FC,24,24,24,24,1.4,2.6,1.0,1.4,1.1,2.1,1.3,1.4,0.9166666666666666,2.5,1.7916666666666667,1.6666666666666667,7,7,1,2.0,5,1
2024-02-18,PL,25,Luton Town FC,Manchester United FC,23,24,23,24,2.4,2.2,2.4,1.6,2.1,2.2,1.7,1.6,1.434782608695652,1.9565217391304348,1.375,1.375,8,7,1,1.0,3,1
2024-02-19,PL,25,Everton FC,Crystal Palace FC,24,24,24,24,0.4,1.4,1.6,3.0,1.1,1.2,1.3,2.4,1.0833333333333333,1.3333333333333333,1.125,1.7916666666666667,9,7,1,5.0,2,0
2024-02-20,PL,18,Manchester City FC,Brentford FC,24,24,24,24,2.4,1.0,1.8,2.4,2.1,1.0,1.3,2.4,2.375,1.0833333333333333,1.4583333333333333,1.7916666666666667,3,3,1,4.0,1,0
2024-02-20,ELC,29,Cardiff City FC,Blackburn Rovers FC,32,32,32,32,0.6,2.2,1.4,1.4,0.9,2.0,1.3,2.1,1.15625,1.46875,1.46875,1.84375,3,3,1,1.0,0,0
2024-02-20,ELC,29,Southampton FC,Hull City AFC,32,32,32,32,2.6,1.4,1.2,0.6,2.6,0.9,1.3,1.4,1.96875,1.1875,1.46875,1.28125,3,3,1,3.0,3,1
2024-02-20,ELC,29,Ipswich Town FC,Rotherham United FC,32,32,32,32,2.2,1.4,0.4,1.8,1.4,1.3,0.6,1.6,1.90625,1.28125,0.8125,1.875,3,3,1,4.0,7,1
2024-02-20,ELC,29,Plymouth Argyle FC,West Bromwich Albion FC,32,32,32,32,1.4,1.6,1.0,1.2,1.7,1.9,1.1,0.9,1.59375,1.6875,1.40625,0.96875,3,3,1,0.0,3,1
2024-02-21,PL,26,Liverpool FC,Luton Town FC,25,24,25,24,3.2,1.2,2.2,2.0,2.5,1.0,2.1,2.1,2.36,0.96,1.4166666666666667,1.9583333333333333,4,3,1,2.0,5,1
2024-02-23,ELC,34,Coventry City FC,Preston North End FC,33,33,33,33,1.6,1.4,2.0,1.2,2.0,1.2,1.5,1.2,1.5454545454545454,1.121212121212121,1.3333333333333333,1.5757575757575757,6,6,1,5.0,3,1
2024-02-23,ELC,34,Leeds United FC,Leicester City FC,33,33,33,33,2.2,0.0,2.6,0.8,2.0,0.4,2.2,1.0,1.8484848484848484,0.7878787878787878,2.090909090909091,0.7878787878787878,6,6,1,1.0,4,1
2024-02-24,ELC,34,Hull City AFC,West Bromwich Albion FC,33,33,33,33,1.4,0.8,1.6,0.8,1.3,1.2,1.4,0.8,1.4848484848484849,1.2727272727272727,1.4545454545454546,0.9393939393939394,3,3,1,4.0,2,0
2024-02-24,PL,26,Aston Villa FC,Nottingham Forest FC,25,25,25,25,1.8,1.2,1.6,1.8,1.8,1.3,1.6,1.7,2.08,1.32,1.28,1.76,7,7,1,2.0,6,1
2024-02-24,PL,26,Brighton & Hove Albion FC,Everton FC,25,25,25,25,2.0,1.4,0.6,1.0,1.6,1.3,0.9,1.3,1.92,1.6,1.08,1.32,6,4,1,2.0,2,0
2024-02-24,PL,26,Crystal Palace FC,Burnley FC,25,25,25,25,1.2,3.0,1.0,2.8,1.4,2.3,1.0,2.2,1.12,1.76,1.0,2.2,4,7,1,2.0,3,1
2024-02-24,PL,26,Manchester United FC,Fulham FC,25,25,25,25,2.6,1.4,1.2,1.2,1.7,1.6,1.3,1.5,1.4,1.36,1.36,1.64,5,7,1,1.0,3,1
2024-02-24,ELC,34,Sunderland AFC,Swansea City AFC,33,33,33,33,1.6,1.2,0.6,2.0,1.3,1.0,0.9,2.2,1.3636363636363635,1.121212121212121,1.2424242424242424,1.6363636363636365,7,7,1,0.0,3,1
2024-02-24,ELC,34,Blackburn Rovers FC,Norwich City FC,33,33,33,33,1.2,1.2,2.4,1.4,1.2,1.9,1.7,1.1,1.4242424242424243,1.7878787878787878,1.7575757575757576,1.5151515151515151,3,7,1,4.0,2,0
2024-02-24,ELC,34,Cardiff City FC,Stoke City FC,33,33,33,33,0.4,1.6,0.6,2.4,0.7,1.9,0.9,1.6,1.121212121212121,1.4242424242424243,0.9090909090909091,1.393939393939394,3,7,1,0.0,3,1
2024-02-24,ELC,34,Middlesbrough FC,Plymouth Argyle FC,32,33,32,33,1.2,1.4,0.8,2.0,1.3,1.3,1.4,1.9,1.46875,1.46875,1.5454545454545454,1.7272727272727273,7,3,1,6.0,2,0
2024-02-24,ELC,34,Southampton FC,Millwall FC,33,33,33,33,2.2,1.6,0.4,2.0,2.6,1.1,0.7,1.5,1.9393939393939394,1.2121212121212122,0.9393939393939394,1.393939393939394,3,7,1,1.0,3,1
2024-02-24,ELC,34,Watford FC,Huddersfield Town AFC,33,33,33,33,0.8,1.4,2.0,1.6,1.2,1.7,1.7,1.6,1.4848484848484849,1.3636363636363635,1.1515151515151516,1.6363636363636365,7,7,1,0.0,3,1
2024-02-24,ELC,34,Ipswich Town FC,Birmingham City FC,33,32,33,32,2.8,1.8,1.0,1.0,1.8,1.2,1.1,1.6,1.9696969696969697,1.3333333333333333,1.15625,1.5,3,7,1,4.0,4,1
2024-02-24,ELC,34,Queens Park Rangers FC,Rotherham United FC,33,33,33,33,1.2,1.0,0.8,2.4,1.0,1.1,0.9,1.7,0.9090909090909091,1.3333333333333333,0.8787878787878788,1.9393939393939394,7,3,1,2.0,3,1
2024-02-24,ELC,34,Sheffield Wednesday FC,Bristol City FC,33,33,33,33,0.8,1.2,1.4,1.2,0.9,1.5,1.2,1.1,0.7878787878787878,1.5757575757575757,1.1515151515151516,1.121212121212121,7,7,1,1.0,3,1
2024-02-24,PL,26,AFC Bournemouth,Manchester City FC,24,25,24,25,1.0,2.2,2.0,0.6,1.7,1.6,2.2,0.9,1.375,1.9166666666666667,2.32,1.04,7,3,1,7.0,1,0
2024-02-24,PL,26,Arsenal FC,Newcastle United FC,25,25,25,25,4.2,0.4,2.8,2.4,2.5,0.8,2.1,2.4,2.32,0.88,2.12,1.64,7,7,1,1.0,5,1
2024-02-25,PL,26,Wolverhampton Wanderers FC,Sheffield United FC,25,25,25,25,1.8,1.8,1.4,3.2,1.9,1.5,1.1,2.4,1.56,1.6,0.88,2.6,7,6,1,3.0,1,0
2024-02-26,PL,26,West Ham United FC,Brentford FC,25,25,25,25,0.6,2.8,1.2,2.2,1.0,1.9,1.2,2.3,1.44,1.76,1.4,1.76,9,6,1,5.0,6,1
2024-03-01,ELC,35,West Bromwich Albion FC,Coventry City FC,34,34,34,34,1.6,1.0,1.2,1.6,1.4,0.9,1.8,1.5,1.4411764705882353,0.9411764705882353,1.5,1.1764705882352942,6,7,1,2.0,3,1
2024-03-02,ELC,35,Bristol City FC,Cardiff City FC,34,34,34,34,1.2,1.2,0.6,1.8,0.9,1.2,0.7,1.8,1.1470588235294117,1.1470588235294117,1.1470588235294117,1.411764705882353,6,6,1,2.0,1,0
2024-03-02,ELC,35,Huddersfield Town AFC,Leeds United FC,34,34,34,34,2.2,1.6,2.6,0.2,1.6,1.7,2.2,0.3,1.1764705882352942,1.6176470588235294,1.8823529411764706,0.7941176470588235,6,7,1,5.0,2,0
2024-03-02,PL,27,Brentford FC,Chelsea FC,26,25,26,25,1.2,2.4,1.6,2.0,1.4,2.6,1.6,1.7,1.4230769230769231,1.8461538461538463,1.68,1.64,4,13,1,2.0,4,1
2024-03-02,PL,27,Everton FC,West Ham United FC,26,26,26,26,0.8,1.2,1.0,2.8,0.8,1.4,1.4,1.6,1.0769230769230769,1.3076923076923077,1.5384615384615385,1.7692307692307692,7,4,1,1.0,4,1
2024-03-02,PL,27,Fulham FC,Brighton & Hove Albion FC,26,26,26,26,1.6,1.2,2.2,1.6,1.0,1.6,1.6,1.3,1.3846153846153846,1.6153846153846154,1.8846153846153846,1.5769230769230769,7,7,1,2.0,3,1
2024-03-02,PL,27,Newcastle United FC,Wolverhampton Wanderers FC,26,26,26,26,2.6,2.6,2.0,1.8,2.1,2.4,1.9,1.4,2.076923076923077,1.7307692307692308,1.5384615384615385,1.5384615384615385,6,6,1,4.0,3,1
2024-03-02,PL,27,Nottingham Forest FC,Liverpool FC,26,26,26,26,1.6,2.0,3.2,1.4,1.7,2.0,2.7,1.0,1.3076923076923077,1.8461538461538463,2.423076923076923,0.9615384615384616,7,9,1,3.0,1,0
2024-03-02,PL,27,Tottenham Hotspur FC,Crystal Palace FC,25,26,25,26,2.0,1.8,1.8,2.0,2.3,1.6,1.6,2.1,2.08,1.52,1.1923076923076923,1.6923076923076923,14,7,1,3.0,4,1
2024-03-02,ELC,35,Birmingham City FC,Southampton FC,33,34,33,34,0.8,1.4,2.0,2.0,0.9,1.6,2.2,1.3,1.1515151515151516,1.5454545454545454,1.911764705882353,1.2352941176470589,7,7,1,4.0,7,1
2024-03-02,ELC,35,Millwall FC,Watford FC,34,34,34,34,0.6,2.0,1.0,1.8,0.7,1.6,1.2,1.5,0.9705882352941176,1.3823529411764706,1.4705882352941178,1.3823529411764706,7,7,1,4.0,1,0
2024-03-02,ELC,35,Leicester City FC,Queens Park Rangers FC,34,34,34,34,2.2,1.2,1.4,1.0,2.2,1.2,1.2,1.0,2.0588235294117645,0.8529411764705882,0.9411764705882353,1.3235294117647058,7,7,1,3.0,3,1
2024-03-02,ELC,35,Norwich City FC,Sunderland AFC,34,34,34,34,2.6,1.4,1.2,1.4,1.8,1.1,1.3,1.2,1.7352941176470589,1.5,1.3529411764705883,1.1470588235294117,7,7,1,4.0,1,0
2024-03-02,ELC,35,Plymouth Argyle FC,Ipswich Town FC,34,34,34,34,1.0,2.0,3.0,1.4,1.4,1.7,2.0,1.2,1.5588235294117647,1.6764705882352942,2.0,1.3235294117647058,7,7,1,5.0,2,0
2024-03-02,ELC,35,Preston North End FC,Hull City AFC,34,34,34,34,2.4,1.0,1.4,1.0,1.6,1.1,1.4,1.2,1.3823529411764706,1.5294117647058822,1.4705882352941178,1.2647058823529411,7,7,1,1.0,0,0
2024-03-02,ELC,35,Rotherham United FC,Sheffield Wednesday FC,34,34,34,34,1.0,2.4,1.2,1.4,0.9,1.9,1.1,1.4,0.8823529411764706,1.9411764705882353,0.8235294117647058,1.5588235294117647,7,7,1,2.0,1,0
2024-03-02,ELC,35,Stoke City FC,Middlesbrough FC,34,33,34,33,0.6,2.2,1.0,1.6,0.7,1.7,1.2,1.5,0.9117647058823529,1.411764705882353,1.4242424242424243,1.4848484848484849,7,7,1,2.0,2,0
2024-03-02,ELC,35,Swansea City AFC,Blackburn Rovers FC,34,34,34,34,0.8,1.6,1.2,1.0,1.1,1.8,1.3,1.7,1.2647058823529411,1.6176470588235294,1.411764705882353,1.7647058823529411,7,7,1,1.0,3,1
2024-03-02,PL,27,Luton Town FC,Aston Villa FC,25,26,25,26,2.2,2.6,2.6,1.6,1.9,2.1,2.1,1.5,1.4,2.04,2.1538461538461537,1.3461538461538463,9,7,1,4.0,5,1
2024-03-03,PL,27,Burnley FC,AFC Bournemouth,26,25,26,25,0.8,3.2,1.0,1.6,0.9,2.4,1.5,1.7,0.9615384615384616,2.230769230769231,1.32,1.88,7,7,1,3.0,2,0
2024-03-03,PL,27,Manchester City FC,Manchester United FC,26,26,26,26,1.6,0.4,2.4,1.4,2.1,0.8,1.8,1.5,2.269230769230769,1.0,1.3846153846153846,1.3846153846153846,7,8,1,3.0,4,1
2024-03-04,PL,27,Sheffield United FC,Arsenal FC,26,26,26,26,1.0,3.0,4.0,0.6,1.0,2.5,2.9,0.8,0.8461538461538461,2.5384615384615383,2.3846153846153846,0.8846153846153846,8,9,1,5.0,6,1
2024-03-05,ELC,36,Sunderland AFC,Leicester City FC,35,35,35,35,1.0,1.4,1.4,1.6,1.2,1.2,2.1,1.4,1.3142857142857143,1.1428571428571428,2.0285714285714285,0.8857142857142857,3,3,1,1.0,1,0
2024-03-05,ELC,36,Blackburn Rovers FC,Millwall FC,35,35,35,35,0.8,1.2,0.8,1.8,1.2,1.6,0.7,1.6,1.4,1.7714285714285714,0.9714285714285714,1.3428571428571427,3,3,1,3.0,2,0
2024-03-05,ELC,36,Coventry City FC,Rotherham United FC,35,35,35,35,1.2,1.6,1.0,2.0,1.7,1.5,0.8,1.9,1.4857142857142858,1.2,0.8571428571428571,1.9142857142857144,3,3,1,2.0,5,1
2024-03-05,ELC,36,Hull City AFC,Birmingham City FC,35,34,35,34,1.4,0.8,1.4,2.0,1.1,1.0,1.1,1.7,1.4285714285714286,1.2285714285714286,1.2058823529411764,1.6176470588235294,3,3,1,2.0,2,0
2024-03-05,ELC,36,Leeds United FC,Stoke City FC,35,35,35,35,2.6,0.4,1.0,1.2,2.3,0.3,0.8,1.6,1.8571428571428572,0.8,0.9428571428571428,1.3714285714285714,3,3,1,1.0,1,0
2024-03-05,ELC,36,Sheffield Wednesday FC,Plymouth Argyle FC,35,35,35,35,1.4,0.6,0.8,1.8,1.1,1.4,1.3,1.7,0.8285714285714286,1.5142857142857142,1.5142857142857142,1.6857142857142857,3,3,1,3.0,1,0
2024-03-05,ELC,36,Ipswich Town FC,Bristol City FC,35,35,35,35,3.0,1.0,1.2,1.2,2.2,1.2,0.9,1.3,2.0,1.2857142857142858,1.1142857142857143,1.1428571428571428,3,3,1,1.0,5,1
2024-03-06,ELC,36,Cardiff City FC,Huddersfield Town AFC,35,35,35,35,0.8,1.4,1.6,1.8,0.8,1.6,1.6,1.6,1.1428571428571428,1.3714285714285714,1.1714285714285715,1.6,4,4,1,4.0,1,0
2024-03-06,ELC,36,Middlesbrough FC,Norwich City FC,34,35,34,35,0.8,1.8,2.4,1.2,1.2,1.6,1.9,1.0,1.3823529411764706,1.5,1.7142857142857142,1.457142857142857,4,4,1,3.0,4,1
2024-03-06,ELC,36,Watford FC,Swansea City AFC,35,35,35,35,1.0,1.8,1.2,1.6,1.1,1.5,1.1,1.7,1.4285714285714286,1.3714285714285714,1.2857142857142858,1.6,4,4,1,1.0,2,0
2024-03-06,ELC,36,Queens Park Rangers FC,West Bromwich Albion FC,35,35,35,35,1.4,1.0,1.6,0.8,1.4,1.1,1.5,1.0,0.9714285714285714,1.3142857142857143,1.457142857142857,0.9428571428571428,4,5,1,2.0,4,1
2024-03-08,ELC,37,Sheffield Wednesday FC,Leeds United FC,36,36,36,36,1.2,0.6,2.2,0.4,0.9,1.3,2.1,0.3,0.8333333333333334,1.4722222222222223,1.8333333333333333,0.7777777777777778,3,3,1,0.0,2,0
2024-03-09,PL,28,Manchester United FC,Everton FC,27,27,27,27,1.8,1.4,1.0,1.8,1.9,1.8,0.7,1.7,1.3703703703703705,1.4444444444444444,1.0740740740740742,1.3703703703703705,5,6,1,3.0,2,0
2024-03-09,ELC,37,Cardiff City FC,Ipswich Town FC,36,36,36,36,1.0,1.0,2.8,1.4,0.7,1.5,2.5,1.4,1.1388888888888888,1.3333333333333333,2.0277777777777777,1.3055555555555556,2,3,1,5.0,3,1
2024-03-09,PL,28,AFC Bournemouth,Sheffield United FC,26,27,26,27,1.2,1.4,0.6,3.6,1.4,1.7,1.0,2.9,1.3461538461538463,1.8076923076923077,0.8148148148148148,2.6666666666666665,6,4,1,4.0,4,1
2024-03-09,PL,28,Crystal Palace FC,Luton Town FC,27,26,27,26,1.4,2.2,1.8,3.2,1.5,2.2,2.0,2.2,1.1851851851851851,1.7407407407407407,1.4230769230769231,2.076923076923077,7,6,1,3.0,2,0
2024-03-09,PL,28,Wolverhampton Wanderers FC,Fulham FC,27,27,27,27,1.4,1.6,2.2,1.2,1.9,1.4,1.3,1.3,1.4814814814814814,1.5925925925925926,1.4444444444444444,1.5555555555555556,7,7,1,5.0,3,1
2024-03-09,ELC,37,Blackburn Rovers FC,Plymouth Argyle FC,36,36,36,36,1.0,1.2,0.4,1.6,1.1,1.5,1.0,1.5,1.3888888888888888,1.75,1.4722222222222223,1.6666666666666667,3,3,1,3.0,2,0
2024-03-09,ELC,37,Millwall FC,Birmingham City FC,36,35,36,35,0.8,1.6,1.6,1.8,0.7,1.7,1.2,1.8,0.9722222222222222,1.3333333333333333,1.2,1.6,3,3,1,2.0,1,0
2024-03-09,ELC,37,Southampton FC,Sunderland AFC,35,36,35,36,1.8,2.0,0.4,1.4,2.4,1.5,1.0,1.3,1.9714285714285715,1.2857142857142858,1.2777777777777777,1.1388888888888888,7,3,1,5.0,6,1
2024-03-09,ELC,37,Watford FC,Coventry City FC,36,36,36,36,1.0,1.6,1.8,1.4,0.9,1.3,1.9,1.4,1.4166666666666667,1.3611111111111112,1.5833333333333333,1.1666666666666667,2,3,1,6.0,3,1
2024-03-09,ELC,37,Hull City AFC,Leicester City FC,36,36,36,36,1.2,0.8,1.2,1.4,1.1,0.8,1.8,1.3,1.4166666666666667,1.2222222222222223,2.0,0.8611111111111112,3,3,1,1.0,4,1
2024-03-09,ELC,37,Norwich City FC,Rotherham United FC,36,36,36,36,2.2,1.4,0.8,2.6,1.9,1.2,0.6,2.2,1.6944444444444444,1.5,0.8333333333333334,2.0,2,3,1,3.0,5,1
2024-03-09,ELC,37,Preston North End FC,Stoke City FC,35,36,35,36,1.8,0.6,0.8,0.8,1.6,1.0,0.8,1.7,1.3428571428571427,1.4857142857142858,0.9166666666666666,1.3611111111111112,7,3,1,2.0,3,1
2024-03-09,ELC,37,Queens Park Rangers FC,Middlesbrough FC,36,35,36,35,1.4,1.0,1.2,1.6,1.5,1.1,1.3,1.6,1.0,1.3333333333333333,1.4285714285714286,1.4857142857142858,2,2,1,2.0,2,0
2024-03-09,PL,28,Arsenal FC,Brentford FC,27,27,27,27,4.8,0.4,1.4,2.2,3.3,0.8,1.5,2.6,2.5185185185185186,0.8518518518518519,1.4444444444444444,1.8518518518518519,4,7,1,1.0,3,1
2024-03-10,ELC,37,Huddersfield Town AFC,West Bromwich Albion FC,36,36,36,36,1.0,1.0,1.6,1.2,1.5,1.3,1.7,1.1,1.1388888888888888,1.5833333333333333,1.4722222222222223,0.9722222222222222,3,3,1,3.0,5,1
2024-03-10,ELC,37,Bristol City FC,Swansea City AFC,36,36,36,36,1.2,1.6,1.2,1.8,1.1,1.5,1.1,1.8,1.1388888888888888,1.1944444444444444,1.2777777777777777,1.5833333333333333,4,3,1,3.0,1,0
2024-03-10,PL,28,Aston Villa FC,Tottenham Hotspur FC,27,26,27,26,3.0,1.4,2.2,1.6,2.2,1.6,2.2,1.6,2.185185185185185,1.3703703703703705,2.1153846153846154,1.5,7,7,1,3.0,4,1
2024-03-10,PL,28,Brighton & Hove Albion FC,Nottingham Forest FC,27,27,27,27,2.2,1.4,1.4,1.8,1.6,1.4,1.7,1.9,1.8148148148148149,1.6296296296296295,1.2592592592592593,1.8148148148148149,7,7,1,5.0,1,0
2024-03-10,PL,28,West Ham United FC,Burnley FC,27,27,27,27,1.4,2.8,0.6,3.0,1.4,1.7,0.9,2.4,1.5925925925925926,1.7407407407407407,0.9259259259259259,2.2222222222222223,7,7,1,3.0,4,1
2024-03-10,PL,28,Liverpool FC,Manchester City FC,27,27,27,27,2.6,1.2,1.6,0.4,2.8,1.0,2.2,0.7,2.3703703703703702,0.9259259259259259,2.2962962962962963,1.0,8,7,1,2.0,2,0
2024-03-11,PL,28,Chelsea FC,Newcastle United FC,26,27,26,27,1.8,2.4,2.6,2.4,1.8,1.7,2.1,2.4,1.6923076923076923,1.6538461538461537,2.111111111111111,1.6666666666666667,9,9,1,5.0,5,1
2024-03-12,ELC,29,Birmingham City FC,Middlesbrough FC,36,36,36,36,1.4,2.0,1.4,1.2,1.2,1.6,1.4,1.3,1.1666666666666667,1.5833333333333333,1.4444444444444444,1.4444444444444444,3,3,1,1.0,1,0
2024-03-13,PL,17,AFC Bournemouth,Luton Town FC,27,27,27,27,1.4,1.6,1.2,2.6,1.3,1.7,2.0,2.3,1.3703703703703705,1.8148148148148149,1.4074074074074074,2.037037037037037,4,4,0,,7,1
2024-03-16,ELC,38,Swansea City AFC,Cardiff City FC,37,37,37,37,1.2,1.2,1.2,0.4,0.9,1.7,0.9,1.3,1.2432432432432432,1.5675675675675675,1.162162162162162,1.3243243243243243,6,7,1,2.0,2,0
2024-03-16,PL,29,Burnley FC,Brentford FC,28,28,28,28,0.6,3.0,1.2,2.6,0.9,2.6,1.5,2.4,0.9642857142857143,2.2142857142857144,1.4285714285714286,1.8571428571428572,6,6,1,3.0,3,1
2024-03-16,PL,29,Luton Town FC,Nottingham Forest FC,28,28,28,28,1.6,2.8,1.2,1.8,2.0,2.5,1.5,1.7,1.4642857142857142,2.107142857142857,1.2142857142857142,1.7857142857142858,2,6,1,4.0,2,0
2024-03-16,ELC,38,Sunderland AFC,Queens Park Rangers FC,37,37,37,37,0.8,2.0,1.4,1.2,1.1,1.5,1.4,1.1,1.2972972972972974,1.2162162162162162,0.972972972972973,1.3513513513513513,7,7,1,4.0,0,0
2024-03-16,ELC,38,Birmingham City FC,Watford FC,37,37,37,37,1.0,2.0,0.8,1.2,1.0,1.5,0.8,1.4,1.135135135135135,1.5675675675675675,1.4054054054054055,1.3783783783783783,3,7,1,2.0,1,0
2024-03-16,ELC,38,Middlesbrough FC,Blackburn Rovers FC,37,37,37,37,1.2,1.0,0.8,1.0,1.2,1.2,1.1,1.2,1.4324324324324325,1.4054054054054055,1.3783783783783783,1.7297297297297298,3,7,1,3.0,0,0
2024-03-16,ELC,38,Ipswich Town FC,Sheffield Wednesday FC,37,37,37,37,2.6,1.6,1.2,0.6,2.4,1.5,0.9,1.1,2.0,1.3243243243243243,0.8108108108108109,1.4864864864864864,7,7,1,1.0,6,1
2024-03-16,ELC,38,Plymouth Argyle FC,Preston North End FC,37,36,37,36,0.6,1.4,1.6,1.0,1.0,1.5,1.7,1.0,1.4594594594594594,1.6486486486486487,1.3333333333333333,1.5,7,7,1,3.0,1,0
2024-03-16,ELC,38,Rotherham United FC,Huddersfield Town AFC,37,37,37,37,0.8,3.4,1.0,1.8,0.6,2.6,1.5,1.6,0.8108108108108109,2.081081081081081,1.135135135135135,1.6486486486486487,7,6,1,2.0,0,0
2024-03-16,ELC,38,Stoke City FC,Norwich City FC,37,37,37,37,1.0,1.0,2.4,1.0,0.9,1.8,2.2,1.1,0.9459459459459459,1.3513513513513513,1.7837837837837838,1.4594594594594594,7,7,1,1.0,3,1
2024-03-16,ELC,38,West Bromwich Albion FC,Bristol City FC,37,37,37,37,2.4,1.0,0.8,1.4,1.7,1.1,1.2,1.3,1.5405405405405406,0.972972972972973,1.135135135135135,1.162162162162162,6,6,1,0.0,2,0
2024-03-16,PL,29,Fulham FC,Tottenham Hotspur FC,28,27,28,27,2.0,1.2,2.4,1.2,1.4,1.3,2.4,1.6,1.4285714285714286,1.5714285714285714,2.185185185185185,1.4444444444444444,7,6,1,2.0,3,1
2024-03-17,PL,29,West Ham United FC,Aston Villa FC,28,28,28,28,1.8,2.6,2.0,2.2,1.4,1.9,2.1,1.9,1.6071428571428572,1.75,2.107142857142857,1.4642857142857142,7,7,1,5.0,2,0
2024-03-17,ELC,38,Leeds United FC,Millwall FC,37,37,37,37,1.8,0.4,1.0,0.8,2.0,0.3,0.7,1.4,1.837837837837838,0.7567567567567568,0.972972972972973,1.2972972972972974,8,8,1,3.0,2,0
2024-03-29,ELC,39,Bristol City FC,Leicester City FC,38,37,38,37,0.8,1.6,1.2,1.8,1.1,1.4,1.9,1.2,1.105263157894737,1.1842105263157894,2.0,0.8918918918918919,12,19,1,1.0,1,0
2024-03-29,ELC,39,Millwall FC,West Bromwich Albion FC,38,38,38,38,1.0,0.8,2.2,1.0,0.7,1.4,1.9,0.9,0.9473684210526315,1.3157894736842106,1.5526315789473684,0.9473684210526315,11,12,1,0.0,2,0
2024-03-29,ELC,39,Cardiff City FC,Sunderland AFC,38,38,38,38,1.2,0.8,0.6,1.6,0.8,1.2,1.1,1.4,1.131578947368421,1.3421052631578947,1.263157894736842,1.1842105263157894,13,13,1,1.0,2,0
2024-03-29,ELC,39,Southampton FC,Middlesbrough FC,36,38,36,38,2.4,1.8,1.2,0.6,2.7,1.6,1.1,1.1,2.0277777777777777,1.3055555555555556,1.394736842105263,1.368421052631579,20,13,1,3.0,2,0
2024-03-29,ELC,39,Huddersfield Town AFC,Coventry City FC,38,37,38,37,0.8,1.4,1.8,1.2,1.4,1.5,1.8,1.4,1.105263157894737,1.605263157894737,1.5945945945945945,1.162162162162162,13,20,1,2.0,4,1
2024-03-29,ELC,39,Hull City AFC,Stoke City FC,37,38,37,38,1.2,1.0,1.0,1.4,1.2,0.8,0.8,1.9,1.4324324324324325,1.2432432432432432,0.9210526315789473,1.394736842105263,20,13,1,4.0,2,0
2024-03-29,ELC,39,Norwich City FC,Plymouth Argyle FC,38,38,38,38,2.2,0.8,0.6,1.0,2.3,1.1,0.7,1.5,1.8157894736842106,1.4210526315789473,1.4210526315789473,1.631578947368421,13,13,1,8.0,3,1
2024-03-29,ELC,39,Preston North End FC,Rotherham United FC,37,38,37,38,1.4,0.8,0.2,2.6,1.6,1.0,0.5,2.5,1.3243243243243243,1.4594594594594594,0.7894736842105263,2.026315789473684,13,13,1,2.0,3,1
2024-03-29,ELC,39,Queens Park Rangers FC,Birmingham City FC,38,38,38,38,1.2,1.2,0.8,1.6,1.2,1.1,0.8,1.5,0.9473684210526315,1.3157894736842106,1.105263157894737,1.5526315789473684,13,13,1,0.0,3,1
2024-03-29,ELC,39,Sheffield Wednesday FC,Swansea City AFC,38,38,38,38,0.8,1.8,1.4,0.8,0.8,1.5,1.0,1.4,0.7894736842105263,1.605263157894737,1.263157894736842,1.5263157894736843,13,13,1,3.0,2,0
2024-03-29,ELC,39,Blackburn Rovers FC,Ipswich Town FC,38,38,38,38,0.8,1.0,3.0,1.0,1.0,1.1,2.9,1.4,1.3421052631578947,1.6842105263157894,2.1052631578947367,1.2894736842105263,13,13,1,7.0,1,0
2024-03-29,ELC,39,Watford FC,Leeds United FC,38,38,38,38,0.8,1.2,1.8,0.4,0.8,1.3,2.0,0.2,1.394736842105263,1.3421052631578947,1.8421052631578947,0.7368421052631579,13,12,1,3.0,4,1
2024-03-30,PL,30,Newcastle United FC,West Ham United FC,28,29,28,29,2.2,2.2,2.0,1.6,2.3,2.6,1.3,2.0,2.107142857142857,1.7142857142857142,1.5862068965517242,1.7241379310344827,18,12,1,4.0,7,1
2024-03-30,PL,30,AFC Bournemouth,Everton FC,28,28,28,28,2.0,1.6,0.6,1.8,1.4,2.0,0.6,1.7,1.4642857142857142,1.8571428571428572,1.0357142857142858,1.3928571428571428,16,21,1,3.0,3,1
2024-03-30,PL,30,Chelsea FC,Burnley FC,27,29,27,29,2.2,2.0,0.8,2.6,1.9,1.9,1.1,2.5,1.7407407407407407,1.6666666666666667,1.0,2.1724137931034484,18,14,1,5.0,4,1
2024-03-30,PL,30,Nottingham Forest FC,Crystal Palace FC,29,28,29,28,1.0,1.4,1.4,1.6,1.3,1.7,1.5,2.2,1.206896551724138,1.7586206896551724,1.1785714285714286,1.7142857142857142,14,21,1,0.0,2,0
2024-03-30,PL,30,Sheffield United FC,Fulham FC,28,29,28,29,1.0,3.0,2.0,1.0,1.1,3.0,1.7,1.0,0.8571428571428571,2.642857142857143,1.4827586206896552,1.5172413793103448,21,13,1,4.0,6,1
2024-03-30,PL,30,Tottenham Hotspur FC,Luton Town FC,28,29,28,29,2.0,1.4,1.6,2.6,2.2,1.8,1.9,2.3,2.107142857142857,1.5,1.4482758620689655,2.0689655172413794,13,14,1,1.0,3,1
2024-03-30,PL,30,Aston Villa FC,Wolverhampton Wanderers FC,29,28,29,28,2.0,2.0,1.0,1.4,2.0,1.7,1.9,1.4,2.0689655172413794,1.4482758620689655,1.5,1.5714285714285714,13,21,1,2.0,2,0
2024-03-30,PL,30,Brentford FC,Manchester United FC,29,28,29,28,1.2,2.2,1.6,1.4,1.5,2.3,2.1,1.6,1.4137931034482758,1.8620689655172413,1.3928571428571428,1.3928571428571428,14,21,1,3.0,2,0
2024-03-31,PL,30,Liverpool FC,Brighton & Hove Albion FC,28,28,28,28,2.6,0.8,1.6,1.2,2.8,1.0,1.6,1.3,2.3214285714285716,0.9285714285714286,1.7857142857142858,1.5714285714285714,20,20,1,4.0,3,1
2024-03-31,PL,30,Manchester City FC,Arsenal FC,28,28,28,28,1.4,0.6,4.6,0.4,2.0,0.7,3.4,0.8,2.25,1.0,2.5,0.8571428571428571,20,21,1,1.0,0,0
2024-04-01,ELC,40,Leicester City FC,Norwich City FC,38,39,38,39,1.0,1.6,2.4,0.8,1.8,1.2,2.5,1.1,1.9473684210526316,0.8947368421052632,1.8205128205128205,1.4102564102564104,2,2,1,2.0,4,1
2024-04-01,ELC,40,Sunderland AFC,Blackburn Rovers FC,39,39,39,39,0.8,1.2,0.6,1.0,1.0,1.3,0.9,1.0,1.2820512820512822,1.1538461538461537,1.3076923076923077,1.6666666666666667,2,2,1,4.0,6,1
2024-04-01,ELC,40,Birmingham City FC,Preston North End FC,39,38,39,38,0.4,1.2,1.6,0.4,0.9,1.6,1.8,0.8,1.1025641025641026,1.564102564102564,1.368421052631579,1.4210526315789473,2,2,1,3.0,1,0
2024-04-01,ELC,40,Coventry City FC,Cardiff City FC,38,39,38,39,2.2,1.4,0.8,1.0,1.9,1.4,0.7,1.4,1.631578947368421,1.1578947368421053,1.1025641025641026,1.358974358974359,2,2,1,5.0,3,1
2024-04-01,ELC,40,Middlesbrough FC,Sheffield Wednesday FC,39,39,39,39,1.4,0.4,0.6,1.8,1.1,1.1,0.9,1.6,1.3846153846153846,1.358974358974359,0.7948717948717948,1.5897435897435896,2,2,1,2.0,2,0
2024-04-01,ELC,40,Plymouth Argyle FC,Bristol City FC,39,39,39,39,0.4,1.4,0.8,1.2,0.7,1.7,1.0,1.2,1.4102564102564104,1.641025641025641,1.1025641025641026,1.1538461538461537,2,3,1,5.0,1,0
2024-04-01,ELC,40,Rotherham United FC,Millwall FC,39,39,39,39,0.0,2.8,0.8,0.8,0.5,2.6,0.7,1.4,0.7692307692307693,2.051282051282051,0.9487179487179487,1.3076923076923077,2,3,1,3.0,3,1
2024-04-01,ELC,40,Stoke City FC,Huddersfield Town AFC,39,39,39,39,1.2,1.0,0.6,1.8,0.9,1.6,1.4,1.7,0.9487179487179487,1.358974358974359,1.1025641025641026,1.641025641025641,2,2,1,4.0,2,0
2024-04-01,ELC,40,Swansea City AFC,Queens Park Rangers FC,39,39,39,39,1.2,0.8,1.2,1.2,1.0,1.2,1.3,1.1,1.2564102564102564,1.5128205128205128,0.9743589743589743,1.3076923076923077,2,2,1,2.0,1,0
2024-04-01,ELC,40,West Bromwich Albion FC,Watford FC,39,39,39,39,2.2,1.0,1.0,1.2,1.9,1.0,1.0,1.5,1.5384615384615385,0.9487179487179487,1.4102564102564104,1.358974358974359,3,2,1,4.0,4,1
2024-04-01,ELC,40,Ipswich Town FC,Southampton FC,39,37,39,37,2.6,0.8,2.2,2.0,2.8,1.1,2.4,1.7,2.076923076923077,1.2564102564102564,2.0,1.2972972972972974,2,3,1,1.0,5,1
2024-04-01,ELC,40,Leeds United FC,Hull City AFC,39,38,39,38,1.6,0.6,0.8,1.2,2.1,0.4,1.1,1.0,1.8461538461538463,0.7692307692307693,1.394736842105263,1.263157894736842,2,3,1,0.0,4,1
2024-04-02,PL,31,Nottingham Forest FC,Fulham FC,30,30,30,30,0.8,1.6,2.4,1.2,1.2,1.7,1.8,1.2,1.2,1.7333333333333334,1.5333333333333334,1.5666666666666667,3,3,1,5.0,4,1
2024-04-02,PL,31,Newcastle United FC,Everton FC,29,29,29,29,2.4,2.4,0.8,1.8,2.6,2.6,0.6,1.6,2.1724137931034484,1.7586206896551724,1.0344827586206897,1.4137931034482758,3,3,1,3.0,2,0
2024-04-02,PL,31,AFC Bournemouth,Crystal Palace FC,29,29,29,29,2.0,1.4,1.4,1.2,1.5,1.8,1.5,2.1,1.4827586206896552,1.8275862068965518,1.1724137931034482,1.6896551724137931,3,3,1,2.0,1,0
2024-04-02,PL,31,Burnley FC,Wolverhampton Wanderers FC,30,29,30,29,1.2,2.0,1.0,1.4,1.1,2.4,1.5,1.5,1.0333333333333334,2.1666666666666665,1.4482758620689655,1.5862068965517242,3,3,1,1.0,2,0
2024-04-02,PL,31,West Ham United FC,Tottenham Hotspur FC,30,29,30,29,2.6,2.0,2.0,1.4,1.6,2.4,2.2,1.5,1.6333333333333333,1.8,2.103448275862069,1.4827586206896552,3,3,1,3.0,2,0
2024-04-03,PL,31,Arsenal FC,Luton Town FC,29,30,29,30,3.4,0.4,1.6,2.2,3.4,0.6,1.9,2.4,2.413793103448276,0.8275862068965517,1.4333333333333333,2.066666666666667,3,4,1,7.0,2,0
2024-04-03,PL,31,Brentford FC,Brighton & Hove Albion FC,30,29,30,29,1.4,2.2,1.6,1.2,1.3,2.2,1.3,1.3,1.4,1.8333333333333333,1.7586206896551724,1.5862068965517242,3,3,1,3.0,0,0
2024-04-03,PL,31,Manchester City FC,Aston Villa FC,29,30,29,30,1.2,0.4,2.0,1.8,1.8,0.7,1.9,1.5,2.1724137931034484,0.9655172413793104,2.066666666666667,1.4,3,4,1,1.0,5,1
2024-04-04,PL,31,Liverpool FC,Sheffield United FC,29,29,29,29,2.4,0.8,1.0,3.4,2.8,1.1,1.2,3.0,2.310344827586207,0.9310344827586207,0.9310344827586207,2.6551724137931036,4,5,1,2.0,4,1
2024-04-04,PL,31,Chelsea FC,Manchester United FC,28,29,28,29,2.2,1.6,1.4,1.4,2.0,1.9,1.9,1.5,1.75,1.6785714285714286,1.3793103448275863,1.3793103448275863,5,4,1,3.0,7,1
2024-04-05,ELC,41,Rotherham United FC,Plymouth Argyle FC,40,40,40,40,0.4,2.8,0.4,1.2,0.7,2.4,0.6,1.5,0.8,2.025,1.375,1.625,4,4,1,5.0,1,0
2024-04-06,PL,32,Crystal Palace FC,Manchester City FC,30,30,30,30,1.2,1.2,1.8,0.6,1.2,2.1,1.9,0.6,1.1333333333333333,1.6666666666666667,2.2333333333333334,0.9666666666666667,3,2,1,4.0,6,1
2024-04-06,ELC,41,Norwich City FC,Ipswich Town FC,40,40,40,40,2.4,1.4,2.8,1.2,2.4,1.3,2.9,1.1,1.8,1.45,2.1,1.275,5,4,1,4.0,1,0
2024-04-06,PL,32,Aston Villa FC,Brentford FC,31,31,31,31,1.4,2.2,1.0,1.4,2.0,1.9,1.1,1.9,2.032258064516129,1.4838709677419355,1.3548387096774193,1.7741935483870968,2,2,1,3.0,6,1
2024-04-06,PL,32,Everton FC,Burnley FC,30,31,30,31,0.8,1.8,1.4,1.6,0.7,1.4,1.1,2.4,1.0333333333333334,1.4,1.032258064516129,2.129032258064516,3,3,1,2.0,1,0
2024-04-06,PL,32,Fulham FC,Newcastle United FC,31,30,31,30,2.2,1.6,2.2,2.2,1.9,1.4,2.5,2.3,1.5161290322580645,1.6129032258064515,2.1333333333333333,1.7333333333333334,3,3,1,3.0,1,0
2024-04-06,PL,32,Luton Town FC,AFC Bournemouth,31,30,31,30,1.2,2.0,2.2,1.2,1.5,2.6,1.6,1.4,1.3870967741935485,2.064516129032258,1.4666666666666666,1.7666666666666666,2,3,1,7.0,3,1
2024-04-06,PL,32,Wolverhampton Wanderers FC,West Ham United FC,30,31,30,31,0.8,1.4,2.0,1.8,1.3,1.6,1.5,2.3,1.4333333333333333,1.5666666666666667,1.6129032258064515,1.7741935483870968,3,3,1,3.0,3,1
2024-04-06,ELC,41,Sunderland AFC,Bristol City FC,40,40,40,40,1.0,2.0,1.0,1.0,1.0,1.7,1.1,1.1,1.275,1.25,1.1,1.125,5,5,1,1.0,0,0
2024-04-06,ELC,41,Blackburn Rovers FC,Southampton FC,40,38,40,38,1.4,0.8,2.4,2.2,1.1,1.0,2.3,1.9,1.4,1.65,2.0,1.3421052631578947,5,4,1,4.0,0,0
2024-04-06,ELC,41,Cardiff City FC,Hull City AFC,40,39,40,39,1.0,1.2,0.8,1.6,0.9,1.3,1.1,1.3,1.125,1.35,1.3846153846153846,1.3076923076923077,5,4,1,3.0,4,1
2024-04-06,ELC,41,Coventry City FC,Leeds United FC,39,40,39,40,2.4,1.2,2.0,0.6,1.8,1.4,2.3,0.5,1.6153846153846154,1.1794871794871795,1.875,0.775,5,4,1,2.0,3,1
2024-04-06,ELC,41,Middlesbrough FC,Swansea City AFC,40,40,40,40,1.2,0.2,0.8,0.8,1.2,0.9,1.0,1.2,1.4,1.325,1.225,1.5,5,5,1,3.0,2,0
2024-04-06,ELC,41,Watford FC,Preston North End FC,40,39,40,39,1.4,1.4,1.0,0.6,1.2,1.6,1.7,0.8,1.425,1.375,1.3333333333333333,1.4102564102564104,5,5,1,6.0,0,0
2024-04-06,ELC,41,Huddersfield Town AFC,Millwall FC,40,40,40,40,0.6,1.8,0.8,1.2,1.1,1.8,0.8,1.5,1.1,1.625,0.95,1.325,5,5,1,2.0,1,0
2024-04-06,ELC,41,Leicester City FC,Birmingham City FC,39,40,39,40,1.4,1.2,0.4,1.0,1.8,1.2,1.0,1.4,1.9743589743589745,0.8974358974358975,1.1,1.525,5,5,1,5.0,3,1
2024-04-06,ELC,41,Queens Park Rangers FC,Sheffield Wednesday FC,40,40,40,40,1.0,1.0,0.4,2.2,1.2,1.0,0.9,1.4,0.975,1.275,0.775,1.6,5,5,1,3.0,2,0
2024-04-06,ELC,41,Stoke City FC,West Bromwich Albion FC,40,40,40,40,1.0,1.2,2.2,1.2,1.0,1.2,1.9,1.0,0.95,1.35,1.55,0.975,5,5,1,2.0,4,1
2024-04-06,PL,32,Brighton & Hove Albion FC,Arsenal FC,30,30,30,30,0.6,1.2,2.8,0.4,1.3,1.3,3.5,0.4,1.7,1.5333333333333334,2.4,0.8,2,2,1,2.0,3,1
2024-04-07,PL,32,Manchester United FC,Liverpool FC,30,30,30,30,1.6,2.0,2.2,0.8,2.1,1.7,2.7,1.0,1.4333333333333333,1.4666666666666666,2.3333333333333335,0.9333333333333333,2,2,1,0.0,4,1
2024-04-07,PL,32,Sheffield United FC,Chelsea FC,30,29,30,29,1.2,3.0,2.4,2.0,1.3,3.1,2.2,2.1,0.9333333333333333,2.6666666666666665,1.8275862068965518,1.7241379310344827,2,2,1,2.0,4,1
2024-04-07,PL,32,Tottenham Hotspur FC,Nottingham Forest FC,30,31,30,31,2.0,1.2,1.0,1.0,2.0,1.5,1.3,1.5,2.066666666666667,1.4666666666666666,1.2580645161290323,1.7096774193548387,4,4,1,2.0,4,1
2024-04-09,ELC,42,Millwall FC,Leicester City FC,41,40,41,40,0.6,1.2,1.6,1.0,0.7,1.4,1.5,1.3,0.926829268292683,1.3170731707317074,1.975,0.9,3,3,1,5.0,1,0
2024-04-09,ELC,42,Southampton FC,Coventry City FC,39,40,39,40,2.2,1.8,2.6,1.0,2.1,1.9,1.9,1.3,1.9487179487179487,1.3076923076923077,1.625,1.175,3,3,1,2.0,3,1
2024-04-09,ELC,42,Plymouth Argyle FC,Queens Park Rangers FC,41,41,41,41,0.6,1.0,0.6,1.0,0.5,1.3,1.0,1.0,1.3658536585365855,1.5853658536585367,0.9512195121951219,1.2926829268292683,3,3,1,0.0,2,0
2024-04-09,ELC,42,Preston North End FC,Huddersfield Town AFC,40,41,40,41,1.0,0.6,0.8,1.6,1.4,0.6,0.9,1.3,1.3,1.375,1.0975609756097562,1.5853658536585367,3,3,1,4.0,5,1
2024-04-09,ELC,42,Sheffield Wednesday FC,Norwich City FC,41,41,41,41,0.6,2.2,2.4,0.8,0.9,1.4,2.3,1.1,0.8048780487804879,1.5609756097560976,1.7804878048780488,1.4146341463414633,3,3,1,4.0,4,1
2024-04-09,ELC,42,Leeds United FC,Sunderland AFC,41,41,41,41,2.0,1.0,1.0,1.8,2.1,0.7,0.7,1.6,1.853658536585366,0.8048780487804879,1.2439024390243902,1.2195121951219512,3,3,1,1.0,0,0
2024-04-10,ELC,42,Birmingham City FC,Cardiff City FC,41,41,41,41,0.6,1.2,1.0,1.8,1.0,1.6,1.0,1.4,1.0975609756097562,1.5365853658536586,1.1219512195121952,1.3902439024390243,4,4,1,1.0,1,0
2024-04-10,ELC,42,Bristol City FC,Blackburn Rovers FC,41,41,41,41,0.6,0.4,1.2,0.6,0.9,1.0,1.1,0.9,1.0731707317073171,1.0975609756097562,1.3658536585365855,1.6097560975609757,4,4,1,3.0,5,1
2024-04-10,ELC,42,Hull City AFC,Middlesbrough FC,40,41,40,41,1.4,1.8,1.2,0.2,1.4,1.3,1.3,0.7,1.425,1.3,1.4146341463414633,1.2926829268292683,4,4,1,3.0,4,1
2024-04-10,ELC,42,Ipswich Town FC,Watford FC,41,41,41,41,2.2,1.0,1.2,1.2,2.5,1.2,1.1,1.4,2.048780487804878,1.2682926829268293,1.3902439024390243,1.3414634146341464,4,4,1,3.0,0,0
2024-04-10,ELC,42,Swansea City AFC,Stoke City FC,41,41,41,41,0.6,1.0,1.4,1.4,0.9,1.4,1.1,1.1,1.1951219512195121,1.5121951219512195,0.975609756097561,1.3658536585365855,4,4,1,2.0,3,1
2024-04-10,ELC,42,West Bromwich Albion FC,Rotherham United FC,41,41,41,41,2.2,1.2,0.4,2.0,1.9,1.2,0.6,2.3,1.5609756097560976,1.0,0.7804878048780488,2.0,4,5,1,2.0,2,0
2024-04-12,ELC,43,Plymouth Argyle FC,Leicester City FC,42,41,42,41,0.6,1.0,1.4,1.2,0.6,1.2,1.3,1.3,1.3571428571428572,1.5714285714285714,1.9268292682926829,0.9024390243902439,3,3,1,4.0,1,0
2024-04-13,PL,33,Newcastle United FC,Tottenham Hotspur FC,31,31,31,31,2.2,1.4,2.0,1.2,2.4,2.0,2.1,1.4,2.096774193548387,1.6774193548387097,2.096774193548387,1.4516129032258065,6,5,1,5.0,4,1
2024-04-13,ELC,43,Leeds United FC,Blackburn Rovers FC,42,42,42,42,1.6,1.0,1.0,1.4,1.7,0.7,0.9,1.2,1.8095238095238095,0.7857142857142857,1.3333333333333333,1.6904761904761905,3,2,1,2.0,1,0
2024-04-13,PL,33,Brentford FC,Sheffield United FC,32,31,32,31,1.2,1.6,1.6,3.2,1.3,1.9,1.3,3.1,1.40625,1.8125,0.967741935483871,2.6451612903225805,7,5,1,1.0,2,0
2024-04-13,PL,33,Burnley FC,Brighton & Hove Albion FC,32,31,32,31,1.4,1.4,0.4,1.6,1.0,2.2,1.3,1.6,1.0,2.09375,1.6451612903225807,1.5806451612903225,7,6,1,2.0,2,0
2024-04-13,PL,33,Manchester City FC,Luton Town FC,31,32,31,32,2.4,1.0,1.4,2.0,2.0,0.7,1.3,2.3,2.2903225806451615,1.0,1.40625,2.03125,7,7,1,3.0,6,1
2024-04-13,PL,33,Nottingham Forest FC,Wolverhampton Wanderers FC,32,31,32,31,1.2,1.4,0.8,1.8,1.3,1.6,1.4,1.8,1.25,1.75,1.4193548387096775,1.5806451612903225,5,7,1,2.0,4,1
2024-04-13,ELC,43,Birmingham City FC,Coventry City FC,42,41,42,41,0.6,1.2,1.8,1.4,0.8,1.6,1.8,1.4,1.0714285714285714,1.5238095238095237,1.6097560975609757,1.1951219512195121,2,3,1,2.0,3,1
2024-04-13,ELC,43,Bristol City FC,Huddersfield Town AFC,42,42,42,42,1.4,0.4,0.8,1.6,1.1,0.9,0.9,1.7,1.1666666666666667,1.0714285714285714,1.0952380952380953,1.6428571428571428,2,3,1,2.0,2,0
2024-04-13,ELC,43,Millwall FC,Cardiff City FC,42,42,42,42,0.6,1.2,0.8,1.6,0.8,1.0,1.0,1.0,0.9285714285714286,1.2857142857142858,1.119047619047619,1.3571428571428572,3,2,1,1.0,4,1
2024-04-13,ELC,43,Southampton FC,Watford FC,40,42,40,42,1.8,1.4,1.0,0.8,1.8,1.7,0.9,1.0,1.95,1.3,1.3571428571428572,1.3095238095238095,3,2,1,2.0,5,1
2024-04-13,ELC,43,Hull City AFC,Queens Park Rangers FC,41,42,41,42,1.6,2.0,0.8,0.8,1.4,1.4,1.1,1.0,1.4390243902439024,1.3170731707317074,0.9523809523809523,1.2857142857142858,2,3,1,2.0,3,1
2024-04-13,ELC,43,Ipswich Town FC,Middlesbrough FC,42,42,42,42,2.0,0.6,1.4,0.6,2.3,1.1,1.3,0.8,2.0,1.2380952380952381,1.4285714285714286,1.3095238095238095,2,2,1,2.0,2,0
2024-04-13,ELC,43,Preston North End FC,Norwich City FC,41,42,41,42,1.6,0.4,1.8,1.2,1.6,0.7,2.1,1.1,1.3658536585365855,1.3658536585365855,1.7857142857142858,1.4285714285714286,3,3,1,0.0,1,0
2024-04-13,ELC,43,Sheffield Wednesday FC,Stoke City FC,42,42,42,42,1.0,2.2,1.0,1.8,1.1,1.4,1.0,1.4,0.8333333333333334,1.5714285714285714,0.9523809523809523,1.4047619047619047,3,2,1,1.0,2,0
2024-04-13,ELC,43,Swansea City AFC,Rotherham United FC,42,42,42,42,1.2,0.8,0.4,1.4,1.2,1.0,0.6,2.4,1.2380952380952381,1.4761904761904763,0.7619047619047619,2.0,2,2,1,3.0,1,0
2024-04-13,ELC,43,West Bromwich Albion FC,Sunderland AFC,42,42,42,42,1.8,1.0,0.6,1.0,2.1,1.0,0.7,1.5,1.5714285714285714,0.9761904761904762,1.2142857142857142,1.1904761904761905,2,3,1,3.0,1,0
2024-04-13,PL,33,AFC Bournemouth,Manchester United FC,31,31,31,31,2.0,1.6,1.8,2.0,1.6,1.5,2.1,1.7,1.4516129032258065,1.7741935483870968,1.4516129032258065,1.4838709677419355,7,6,1,3.0,4,1
2024-04-14,PL,33,Liverpool FC,Crystal Palace FC,31,31,31,31,1.8,1.0,1.0,2.0,2.5,1.2,1.4,2.0,2.3225806451612905,0.967741935483871,1.1612903225806452,1.7419354838709677,6,8,1,3.0,1,0
2024-04-14,PL,33,West Ham United FC,Fulham FC,32,32,32,32,1.8,1.8,1.6,1.8,1.6,2.3,1.9,1.5,1.625,1.75,1.46875,1.59375,7,7,1,5.0,2,0
2024-04-14,PL,33,Arsenal FC,Aston Villa FC,31,32,31,32,2.6,0.2,1.4,2.4,3.3,0.4,2.2,1.9,2.4193548387096775,0.7741935483870968,2.0625,1.53125,7,8,1,1.0,2,0
2024-04-15,PL,33,Chelsea FC,Everton FC,30,31,30,31,2.6,2.2,0.8,1.6,2.1,2.1,0.8,1.4,1.8333333333333333,1.7333333333333334,1.032258064516129,1.3548387096774193,8,9,1,2.0,6,1
2024-04-16,ELC,36,Southampton FC,Preston North End FC,41,42,41,42,1.6,1.4,1.4,0.6,2.0,1.6,1.4,0.7,1.975609756097561,1.3170731707317074,1.3333333333333333,1.3571428571428572,3,3,1,4.0,3,1
2024-04-20,ELC,44,Leicester City FC,West Bromwich Albion FC,42,43,42,43,1.0,1.0,1.4,1.2,1.1,1.4,1.8,1.1,1.880952380952381,0.9047619047619048,1.5348837209302326,0.9767441860465116,7,6,1,3.0,3,1
2024-04-20,PL,34,Luton Town FC,Brentford FC,33,33,33,33,1.0,2.2,1.4,1.2,1.3,2.5,1.3,1.9,1.393939393939394,2.121212121212121,1.4242424242424243,1.7575757575757576,7,7,1,4.0,6,1
2024-04-20,PL,34,Sheffield United FC,Burnley FC,32,33,32,33,1.6,2.4,1.2,1.2,1.1,3.0,0.9,2.1,0.9375,2.625,1.0,2.0606060606060606,7,7,1,5.0,5,1
2024-04-20,ELC,44,Sunderland AFC,Millwall FC,43,43,43,43,0.8,1.0,1.2,1.0,0.7,1.3,1.1,0.9,1.2093023255813953,1.1627906976744187,0.9767441860465116,1.2790697674418605,7,7,1,2.0,1,0
2024-04-20,ELC,44,Cardiff City FC,Southampton FC,43,42,43,42,1.0,1.8,2.0,1.2,1.1,1.3,2.1,1.6,1.1162790697674418,1.3953488372093024,2.0,1.2857142857142858,7,3,1,2.0,3,1
2024-04-20,ELC,44,Watford FC,Hull City AFC,43,42,43,42,1.2,1.4,1.8,1.6,1.0,1.3,1.5,1.3,1.372093023255814,1.3488372093023255,1.4761904761904763,1.2857142857142858,7,7,1,3.0,0,0
2024-04-20,ELC,44,Huddersfield Town AFC,Swansea City AFC,43,43,43,43,1.0,1.8,1.0,0.8,0.9,1.6,1.2,0.8,1.0930232558139534,1.627906976744186,1.2325581395348837,1.441860465116279,7,7,1,2.0,4,1
2024-04-20,ELC,44,Norwich City FC,Bristol City FC,43,43,43,43,1.4,1.2,1.6,0.2,1.8,1.0,1.2,0.9,1.7674418604651163,1.3953488372093024,1.1627906976744187,1.069767441860465,7,7,1,3.0,2,0
2024-04-20,ELC,44,Rotherham United FC,Birmingham City FC,43,43,43,43,0.4,1.6,1.2,1.0,0.3,2.1,1.0,1.3,0.7441860465116279,1.9767441860465116,1.1162790697674418,1.4883720930232558,7,7,1,0.0,0,0
2024-04-20,ELC,44,Stoke City FC,Plymouth Argyle FC,43,43,43,43,1.2,1.4,0.8,0.8,1.1,1.4,0.7,0.9,0.9534883720930233,1.3953488372093024,1.3488372093023255,1.5348837209302326,7,7,1,3.0,3,1
2024-04-20,ELC,44,Queens Park Rangers FC,Preston North End FC,43,43,43,43,0.8,1.4,0.8,1.2,1.0,1.3,1.2,0.8,0.9302325581395349,1.3255813953488371,1.302325581395349,1.3953488372093024,7,3,1,2.0,1,0
2024-04-20,PL,34,Wolverhampton Wanderers FC,Arsenal FC,32,32,32,32,1.2,1.6,1.4,0.6,1.3,1.6,3.1,0.5,1.4375,1.59375,2.34375,0.8125,7,6,1,3.0,2,0
2024-04-21,ELC,44,Blackburn Rovers FC,Sheffield Wednesday FC,43,43,43,43,1.2,1.4,1.2,1.2,1.0,1.2,1.0,1.5,1.3255813953488371,1.6511627906976745,0.8372093023255814,1.558139534883721,8,7,1,4.0,4,1
2024-04-21,PL,34,Everton FC,Nottingham Forest FC,32,33,32,33,0.6,2.2,1.6,1.6,0.8,2.0,1.4,1.7,1.0,1.5,1.2727272727272727,1.7575757575757576,5,7,1,1.0,2,0
2024-04-21,PL,34,Aston Villa FC,AFC Bournemouth,33,32,33,32,1.8,1.6,2.0,1.6,1.9,1.9,1.7,1.6,2.0606060606060606,1.4848484848484849,1.46875,1.78125,6,7,1,4.0,4,1
2024-04-21,PL,34,Crystal Palace FC,West Ham United FC,32,33,32,33,1.0,1.4,1.4,1.8,1.2,1.8,1.6,2.2,1.15625,1.6875,1.5757575757575757,1.7575757575757576,7,7,1,2.0,7,1
2024-04-21,PL,34,Fulham FC,Liverpool FC,33,32,33,32,1.8,1.4,1.6,1.2,1.9,1.3,2.1,1.2,1.4848484848484849,1.5454545454545454,2.25,0.96875,7,7,1,7.0,4,1
2024-04-22,ELC,44,Middlesbrough FC,Leeds United FC,43,43,43,43,1.6,0.8,1.2,1.2,1.4,0.7,1.5,0.8,1.4186046511627908,1.302325581395349,1.7674418604651163,0.7906976744186046,9,9,1,5.0,7,1
2024-04-23,PL,29,Arsenal FC,Chelsea FC,33,31,33,31,1.4,0.4,3.4,1.8,3.0,0.4,2.6,2.1,2.3333333333333335,0.7878787878787878,1.967741935483871,1.6774193548387097,3,8,1,4.0,5,1
2024-04-23,ELC,38,Leicester City FC,Southampton FC,43,43,43,43,1.4,1.0,1.8,1.0,1.2,1.3,2.1,1.6,1.8837209302325582,0.9069767441860465,1.9767441860465116,1.302325581395349,3,3,1,5.0,5,1
2024-04-24,PL,29,Wolverhampton Wanderers FC,AFC Bournemouth,33,33,33,33,0.8,1.8,1.4,1.6,0.9,1.6,1.7,1.6,1.393939393939394,1.606060606060606,1.4545454545454546,1.8181818181818181,4,3,1,3.0,1,0
2024-04-24,ELC,38,Coventry City FC,Hull City AFC,42,43,42,43,1.4,1.8,1.8,1.2,1.6,1.5,1.3,1.2,1.5714285714285714,1.2380952380952381,1.441860465116279,1.255813953488372,11,4,1,2.0,5,1
2024-04-24,PL,29,Crystal Palace FC,Newcastle United FC,33,32,33,32,1.8,1.6,2.4,1.4,1.6,1.6,2.5,1.9,1.2727272727272727,1.696969696969697,2.15625,1.625,3,11,1,4.0,2,0
2024-04-24,PL,29,Everton FC,Liverpool FC,33,33,33,33,1.0,1.8,2.0,1.2,0.8,1.8,2.3,1.0,1.0303030303030303,1.4545454545454546,2.272727272727273,0.9696969696969697,3,3,1,2.0,2,0
2024-04-24,PL,29,Manchester United FC,Sheffield United FC,32,33,32,33,2.0,1.8,1.4,2.8,1.9,1.6,1.2,2.9,1.46875,1.5,0.9393939393939394,2.6666666666666665,11,4,1,3.0,6,1
2024-04-25,PL,29,Brighton & Hove Albion FC,Manchester City FC,32,32,32,32,0.6,1.2,2.8,1.0,1.4,1.3,2.2,0.7,1.625,1.5625,2.375,1.0,12,12,1,3.0,4,1
2024-04-26,ELC,45,Queens Park Rangers FC,Leeds United FC,44,44,44,44,0.6,1.2,1.6,1.4,0.9,1.2,1.6,1.0,0.9318181818181818,1.2954545454545454,1.8181818181818181,0.8409090909090909,6,4,1,1.0,4,1
2024-04-27,PL,35,West Ham United FC,Liverpool FC,34,34,34,34,1.6,2.6,1.6,1.4,1.8,2.1,2.0,1.1,1.588235294117647,1.8529411764705883,2.2058823529411766,1.0,5,2,1,4.0,4,1
2024-04-27,PL,35,Fulham FC,Crystal Palace FC,34,34,34,34,1.4,2.0,2.0,1.4,1.7,1.5,1.7,1.3,1.4705882352941178,1.588235294117647,1.2941176470588236,1.6470588235294117,5,2,1,0.0,2,0
2024-04-27,PL,35,Manchester United FC,Burnley FC,33,34,33,34,2.4,2.2,1.6,1.2,2.0,1.8,1.2,1.9,1.5454545454545454,1.5151515151515151,1.088235294117647,2.0294117647058822,2,7,1,1.0,2,0
2024-04-27,PL,35,Newcastle United FC,Sheffield United FC,33,34,33,34,2.0,1.2,1.2,3.0,2.1,1.7,1.1,3.2,2.090909090909091,1.6363636363636365,0.9705882352941176,2.7058823529411766,2,2,1,8.0,6,1
2024-04-27,PL,35,Wolverhampton Wanderers FC,Luton Town FC,34,34,34,34,0.8,1.6,1.0,3.0,0.9,1.5,1.3,2.8,1.3529411764705883,1.588235294117647,1.3823529411764706,2.2058823529411766,2,7,1,2.0,3,1
2024-04-27,ELC,45,Blackburn Rovers FC,Coventry City FC,44,43,44,43,1.4,1.8,1.2,2.2,1.0,1.4,1.7,1.8,1.3181818181818181,1.6818181818181819,1.5813953488372092,1.2790697674418605,6,2,1,1.0,0,0
2024-04-27,ELC,45,Bristol City FC,Rotherham United FC,44,44,44,44,1.6,0.4,0.4,1.0,1.2,0.8,0.2,1.9,1.1590909090909092,1.0681818181818181,0.7272727272727273,1.9318181818181819,7,7,1,3.0,2,0
2024-04-27,ELC,45,Cardiff City FC,Middlesbrough FC,44,44,44,44,1.4,1.6,2.0,1.4,1.1,1.3,1.7,0.9,1.1363636363636365,1.3863636363636365,1.4545454545454546,1.3636363636363635,7,4,1,2.0,5,1
2024-04-27,ELC,45,Millwall FC,Plymouth Argyle FC,44,44,44,44,1.2,0.8,0.6,1.0,1.0,0.8,0.5,1.2,0.9772727272727273,1.25,1.3181818181818181,1.5681818181818181,7,7,1,2.0,1,0
2024-04-27,ELC,45,Southampton FC,Stoke City FC,44,44,44,44,1.8,2.0,1.4,1.4,2.0,1.9,1.3,1.2,1.9318181818181819,1.3863636363636365,1.0,1.3636363636363635,3,7,1,1.0,1,0
2024-04-27,ELC,45,Watford FC,Sunderland AFC,44,44,44,44,0.8,1.0,0.4,1.2,0.9,1.1,0.6,1.2,1.3409090909090908,1.3181818181818181,1.1818181818181819,1.1590909090909092,7,7,1,2.0,1,0
2024-04-27,ELC,45,Huddersfield Town AFC,Birmingham City FC,44,44,44,44,0.8,2.0,1.0,0.6,0.7,1.9,0.7,0.9,1.0681818181818181,1.6818181818181819,1.0909090909090908,1.4545454545454546,7,7,1,5.0,2,0
2024-04-27,ELC,45,Norwich City FC,Swansea City AFC,44,44,44,44,1.2,1.2,1.6,0.6,1.8,1.0,1.4,0.7,1.75,1.3863636363636365,1.2954545454545454,1.4090909090909092,7,7,1,3.0,4,1
2024-04-27,ELC,45,Sheffield Wednesday FC,West Bromwich Albion FC,44,44,44,44,1.6,1.2,1.4,1.4,1.1,1.5,1.8,1.2,0.8863636363636364,1.5454545454545454,1.5227272727272727,1.0,6,7,1,1.0,3,1
2024-04-27,PL,35,Everton FC,Brentford FC,34,34,34,34,1.2,1.4,2.2,1.0,1.0,1.6,1.7,1.6,1.0588235294117647,1.411764705882353,1.5294117647058822,1.7352941176470589,2,7,1,4.0,1,0
2024-04-27,PL,35,Aston Villa FC,Chelsea FC,34,32,34,32,2.2,1.6,2.8,2.4,2.1,1.8,2.5,2.2,2.088235294117647,1.4705882352941178,1.90625,1.78125,6,4,1,1.0,4,1
2024-04-27,ELC,45,Hull City AFC,Ipswich Town FC,44,43,44,43,2.2,1.0,1.0,0.8,1.5,1.3,2.0,0.9,1.4772727272727273,1.2727272727272727,1.9767441860465116,1.2325581395348837,3,14,1,3.0,6,1
2024-04-28,PL,35,AFC Bournemouth,Brighton & Hove Albion FC,34,33,34,33,1.2,1.4,0.4,2.0,1.6,1.4,1.0,1.6,1.4411764705882353,1.7647058823529411,1.5757575757575757,1.6363636363636365,3,2,1,4.0,3,1
2024-04-28,PL,35,Tottenham Hotspur FC,Arsenal FC,32,34,32,34,1.2,2.0,2.4,0.4,1.8,1.6,2.9,0.4,2.03125,1.53125,2.411764705882353,0.7647058823529411,15,4,1,4.0,5,1
2024-04-28,PL,35,Nottingham Forest FC,Manchester City FC,34,33,34,33,1.4,1.8,3.4,0.8,1.2,1.6,2.4,0.7,1.2352941176470589,1.7647058823529411,2.4242424242424243,0.9696969696969697,7,2,1,2.0,2,0
2024-04-29,ELC,45,Preston North End FC,Leicester City FC,44,44,44,44,0.8,1.2,1.8,0.8,0.9,0.9,1.6,1.0,1.2727272727272727,1.3863636363636365,1.9545454545454546,0.8863636363636364,9,6,1,3.0,3,1
2024-04-30,ELC,44,Coventry City FC,Ipswich Town FC,44,44,44,44,1.0,1.8,1.4,1.4,1.7,1.5,2.0,1.1,1.5454545454545454,1.25,2.0,1.2727272727272727,3,3,1,3.0,3,1
2024-05-02,PL,26,Chelsea FC,Tottenham Hotspur FC,33,33,33,33,2.8,2.4,1.6,2.0,2.5,2.0,1.8,1.7,1.9090909090909092,1.7878787878787878,2.0303030303030303,1.5757575757575757,4,4,1,5.0,2,0
2024-05-03,PL,36,Luton Town FC,Everton FC,35,35,35,35,1.0,3.0,1.2,1.2,1.3,2.6,1.0,1.5,1.3714285714285714,2.2,1.0571428571428572,1.3714285714285714,6,6,1,3.0,2,0
2024-05-04,PL,36,Arsenal FC,AFC Bournemouth,35,35,35,35,2.6,0.8,1.6,1.4,2.7,0.6,1.9,1.3,2.4285714285714284,0.8,1.4857142857142858,1.7142857142857142,5,5,1,4.0,3,1
2024-05-04,ELC,46,Swansea City AFC,Millwall FC,45,45,45,45,2.0,0.8,1.2,0.4,1.4,0.8,1.0,0.8,1.3111111111111111,1.4222222222222223,0.9777777777777777,1.2222222222222223,6,6,1,3.0,1,0
2024-05-04,ELC,46,Sunderland AFC,Sheffield Wednesday FC,45,45,45,45,0.2,0.4,2.2,0.8,0.6,1.2,1.3,1.5,1.1555555555555554,1.1555555555555554,0.9333333333333333,1.511111111111111,6,6,1,3.0,2,0
2024-05-04,ELC,46,Birmingham City FC,Norwich City FC,45,45,45,45,1.0,0.8,1.4,1.0,0.7,0.9,1.9,1.2,1.0888888888888888,1.4444444444444444,1.7555555555555555,1.4,6,6,1,2.0,1,0
2024-05-04,ELC,46,Coventry City FC,Queens Park Rangers FC,45,45,45,45,0.8,2.0,1.2,1.2,1.7,1.5,1.1,1.1,1.5333333333333334,1.2666666666666666,1.0,1.2666666666666666,3,7,1,4.0,3,1
2024-05-04,ELC,46,Middlesbrough FC,Watford FC,45,45,45,45,2.4,1.6,0.6,0.6,1.8,0.9,1.0,1.0,1.511111111111111,1.3555555555555556,1.3333333333333333,1.288888888888889,6,6,1,5.0,4,1
2024-05-04,ELC,46,Ipswich Town FC,Huddersfield Town AFC,45,45,45,45,1.2,1.2,0.8,2.0,2.0,1.2,0.7,1.9,2.0,1.2666666666666666,1.0666666666666667,1.6666666666666667,3,6,1,2.0,2,0
2024-05-04,ELC,46,Leeds United FC,Southampton FC,45,45,45,45,1.0,2.0,1.4,2.0,1.5,1.3,1.6,1.7,1.7777777777777777,0.9111111111111111,1.8888888888888888,1.3777777777777778,7,6,1,4.0,3,1
2024-05-04,ELC,46,Leicester City FC,Blackburn Rovers FC,45,45,45,45,2.0,0.6,0.4,1.6,1.8,0.8,0.9,1.2,1.9777777777777779,0.8666666666666667,1.288888888888889,1.6444444444444444,4,6,1,5.0,2,0
2024-05-04,ELC,46,Plymouth Argyle FC,Hull City AFC,45,45,45,45,0.6,1.0,2.2,1.4,0.5,1.1,1.8,1.6,1.288888888888889,1.5555555555555556,1.511111111111111,1.3111111111111111,6,6,1,2.0,1,0
2024-05-04,ELC,46,Rotherham United FC,Cardiff City FC,45,45,45,45,0.0,1.2,1.2,2.2,0.2,2.0,1.1,1.7,0.7111111111111111,1.9333333333333333,1.1333333333333333,1.4444444444444444,6,6,1,2.0,7,1
2024-05-04,ELC,46,Stoke City FC,Bristol City FC,45,45,45,45,1.4,1.2,1.8,0.4,1.2,1.2,1.4,0.7,1.0,1.3333333333333333,1.1777777777777778,1.0444444444444445,6,6,1,5.0,4,1
2024-05-04,ELC,46,West Bromwich Albion FC,Preston North End FC,45,45,45,45,1.0,1.6,0.8,1.8,1.6,1.4,0.9,1.2,1.488888888888889,1.0444444444444445,1.2444444444444445,1.4222222222222223,6,4,1,4.0,3,1
2024-05-04,PL,36,Brentford FC,Fulham FC,35,35,35,35,2.0,1.0,1.0,1.6,1.7,1.6,1.7,1.4,1.4857142857142858,1.7142857142857142,1.457142857142857,1.5714285714285714,6,7,1,3.0,0,0
2024-05-04,PL,36,Burnley FC,Newcastle United FC,35,34,35,34,1.4,1.0,2.2,0.8,1.3,1.5,2.3,1.6,1.0857142857142856,2.0,2.176470588235294,1.6176470588235294,7,7,1,2.0,5,1
2024-05-04,PL,36,Sheffield United FC,Nottingham Forest FC,35,35,35,35,1.2,3.4,1.2,2.0,1.2,3.2,1.0,1.8,0.9714285714285714,2.7714285714285714,1.2,1.7714285714285714,7,5,1,3.0,4,1
2024-05-04,PL,36,Manchester City FC,Wolverhampton Wanderers FC,34,35,34,35,3.8,0.8,1.0,1.6,2.5,0.6,0.9,1.5,2.411764705882353,0.9411764705882353,1.3714285714285714,1.5714285714285714,6,7,1,3.0,6,1
2024-05-05,PL,36,Brighton & Hove Albion FC,Aston Villa FC,34,35,34,35,0.2,2.2,2.2,2.0,0.9,1.7,2.1,1.9,1.5294117647058822,1.6764705882352942,2.085714285714286,1.4857142857142858,7,7,1,7.0,1,0
2024-05-05,PL,36,Chelsea FC,West Ham United FC,34,35,34,35,2.4,1.8,1.4,2.2,2.4,1.9,2.0,2.1,1.911764705882353,1.7352941176470589,1.6,1.8571428571428572,2,8,1,4.0,5,1
2024-05-05,PL,36,Liverpool FC,Tottenham Hotspur FC,35,34,35,34,1.4,1.6,1.2,2.2,1.8,1.2,1.6,1.8,2.2,1.0285714285714285,1.9705882352941178,1.588235294117647,8,2,1,3.0,6,1
2024-05-06,PL,36,Crystal Palace FC,Manchester United FC,35,34,35,34,2.2,1.4,2.4,2.2,1.7,1.3,1.9,1.8,1.2857142857142858,1.6285714285714286,1.5294117647058822,1.5,9,9,1,1.0,4,1
2024-05-11,PL,37,Fulham FC,Manchester City FC,36,35,36,35,0.8,1.0,4.0,0.8,1.5,1.3,2.9,0.7,1.4166666666666667,1.5277777777777777,2.4857142857142858,0.9428571428571428,6,6,1,6.0,4,1
2024-05-11,PL,37,AFC Bournemouth,Brentford FC,36,36,36,36,1.4,1.6,2.0,1.0,1.7,1.6,1.5,1.2,1.4444444444444444,1.75,1.4444444444444444,1.6666666666666667,7,7,1,4.0,3,1
2024-05-11,PL,37,Everton FC,Sheffield United FC,36,36,36,36,1.2,1.4,1.0,3.6,1.0,1.5,1.3,3.4,1.0555555555555556,1.3611111111111112,0.9722222222222222,2.7777777777777777,7,7,1,4.0,1,0
2024-05-11,PL,37,Newcastle United FC,Brighton & Hove Albion FC,35,35,35,35,2.8,0.8,0.4,2.2,2.5,1.5,0.5,1.7,2.2285714285714286,1.6,1.5142857142857142,1.6285714285714286,7,6,1,4.0,2,0
2024-05-11,PL,37,Tottenham Hotspur FC,Burnley FC,35,36,35,36,1.4,2.8,1.4,1.6,1.7,2.0,1.4,1.6,1.9714285714285715,1.6571428571428573,1.0833333333333333,2.0555555555555554,5,7,1,7.0,3,1
2024-05-11,PL,37,West Ham United FC,Luton Town FC,36,36,36,36,1.2,3.0,1.2,2.8,1.6,2.4,1.2,2.4,1.5555555555555556,1.9444444444444444,1.3611111111111112,2.1666666666666665,6,7,1,3.0,4,1
2024-05-11,PL,37,Wolverhampton Wanderers FC,Crystal Palace FC,36,36,36,36,1.0,2.2,2.6,0.6,0.9,2.0,1.8,1.3,1.3611111111111112,1.6666666666666667,1.3611111111111112,1.5833333333333333,6,4,1,5.0,4,1
2024-05-11,PL,37,Nottingham Forest FC,Chelsea FC,36,35,36,35,1.2,2.0,3.0,1.4,1.1,1.5,2.8,1.8,1.25,1.75,2.0,1.6857142857142857,7,6,1,1.0,5,1
2024-05-12,ELC,1,Norwich City FC,Leeds United FC,46,46,46,46,1.2,1.2,1.0,2.0,1.8,1.0,1.5,1.5,1.7173913043478262,1.391304347826087,1.7608695652173914,0.9347826086956522,7,7,2,3.0,0,0
2024-05-12,ELC,1,West Bromwich Albion FC,Southampton FC,46,46,46,46,1.2,1.2,1.2,1.8,1.7,1.2,1.4,1.6,1.5217391304347827,1.0217391304347827,1.891304347826087,1.3695652173913044,8,8,2,2.5,0,0
2024-05-12,PL,37,Manchester United FC,Arsenal FC,35,36,35,36,1.8,2.2,2.6,0.8,1.7,2.1,2.6,0.5,1.4857142857142858,1.5714285714285714,2.4444444444444446,0.7777777777777778,5,8,1,4.0,1,0
2024-05-13,PL,37,Aston Villa FC,Liverpool FC,36,36,36,36,2.0,1.4,1.8,1.6,1.7,1.8,1.8,1.3,2.0277777777777777,1.4722222222222223,2.25,1.0555555555555556,8,8,1,3.0,6,1
2024-05-14,PL,34,Tottenham Hotspur FC,Manchester City FC,36,36,36,36,1.2,2.8,4.0,0.4,1.6,2.0,3.2,0.7,1.9722222222222223,1.6388888888888888,2.5277777777777777,0.9166666666666666,3,3,1,6.0,2,0
2024-05-15,PL,34,Brighton & Hove Albion FC,Chelsea FC,36,36,36,36,0.6,1.8,2.4,1.8,0.5,1.7,2.9,1.8,1.5,1.6111111111111112,2.0277777777777777,1.6944444444444444,4,4,1,5.0,3,1
2024-05-15,PL,34,Manchester United FC,Newcastle United FC,36,36,36,36,1.4,2.0,2.8,1.0,1.6,2.0,2.5,1.2,1.4444444444444444,1.5555555555555556,2.1944444444444446,1.5833333333333333,3,4,1,1.0,5,1
2024-05-16,ELC,2,Leeds United FC,Norwich City FC,47,47,47,47,1.0,2.0,0.8,0.8,1.3,1.5,1.3,1.0,1.7234042553191489,0.9148936170212766,1.6808510638297873,1.3617021276595744,4,4,3,2.0,4,1
2024-05-17,ELC,2,Southampton FC,West Bromwich Albion FC,47,47,47,47,0.6,1.8,0.8,1.2,1.3,1.5,1.3,1.1,1.851063829787234,1.3404255319148937,1.4893617021276595,1.0,5,5,3,1.6666666666666667,4,1
2024-05-19,PL,38,Arsenal FC,Everton FC,37,37,37,37,2.8,0.4,1.4,0.2,2.1,0.5,1.0,1.2,2.4054054054054053,0.7567567567567568,1.054054054054054,1.3243243243243243,6,8,1,1.0,3,1
2024-05-19,PL,38,Brentford FC,Newcastle United FC,37,37,37,37,1.8,0.6,2.4,1.6,1.5,1.1,2.4,1.5,1.4594594594594594,1.6486486486486487,2.189189189189189,1.6216216216216217,8,3,1,1.0,6,1
2024-05-19,PL,38,Brighton & Hove Albion FC,Manchester United FC,37,37,37,37,0.6,2.0,1.6,2.0,0.6,1.6,1.8,1.9,1.4864864864864864,1.6216216216216217,1.4864864864864864,1.5675675675675675,3,3,1,4.0,2,0
2024-05-19,PL,38,Burnley FC,Nottingham Forest FC,37,37,37,37,1.6,1.8,1.4,2.0,1.5,1.6,1.3,1.7,1.0810810810810811,2.054054054054054,1.2702702702702702,1.7837837837837838,8,7,1,2.0,3,1
2024-05-19,PL,38,Chelsea FC,AFC Bournemouth,37,37,37,37,2.8,1.0,1.2,1.6,2.8,1.7,1.6,1.6,2.027027027027027,1.6756756756756757,1.4324324324324325,1.7567567567567568,3,8,1,0.0,3,1
2024-05-19,PL,38,Crystal Palace FC,Aston Villa FC,37,37,37,37,3.0,0.8,2.0,1.4,2.0,1.1,1.7,1.9,1.4054054054054055,1.5675675675675675,2.054054054054054,1.5135135135135136,8,5,1,4.0,5,1
2024-05-19,PL,38,Liverpool FC,Wolverhampton Wanderers FC,37,37,37,37,2.4,2.0,0.8,2.4,2.0,1.6,1.0,2.0,2.27027027027027,1.1081081081081081,1.3513513513513513,1.7027027027027026,5,8,1,4.0,2,0
2024-05-19,PL,38,Luton Town FC,Fulham FC,37,37,37,37,1.0,3.2,0.8,1.6,1.2,2.6,1.2,1.7,1.3513513513513513,2.189189189189189,1.3783783783783783,1.5945945945945945,8,8,1,1.0,6,1
2024-05-19,PL,38,Manchester City FC,West Ham United FC,37,37,37,37,3.4,0.2,1.4,3.0,3.1,0.6,1.6,2.4,2.5135135135135136,0.8918918918918919,1.5945945945945945,1.9189189189189189,4,8,1,4.0,4,1
2024-05-19,PL,38,Sheffield United FC,Tottenham Hotspur FC,37,37,37,37,1.0,3.4,1.2,2.4,1.3,2.9,1.2,2.2,0.9459459459459459,2.72972972972973,1.9189189189189189,1.6486486486486487,8,4,1,3.0,3,1
2024-05-26,ELC,,Leeds United FC,Southampton FC,48,48,48,48,1.8,1.8,1.0,1.6,1.5,1.5,1.4,1.3,1.7708333333333333,0.8958333333333334,1.875,1.3333333333333333,9,8,2,3.5,1,0
2024-08-09,ELC,1,Preston North End FC,Sheffield United FC,46,38,46,0,0.0,2.2,0.8,3.2,0.8,1.3,1.1,3.0,,,,,97,82,0,,2,0
2024-08-10,ELC,1,Cardiff City FC,Sunderland AFC,46,46,46,46,1.4,2.6,0.2,0.8,1.2,2.2,0.6,1.3,,,,,98,98,2,1.5,2,0
2024-08-10,ELC,1,Hull City AFC,Bristol City FC,46,46,46,46,1.8,1.2,1.8,1.2,1.7,1.6,1.2,0.8,,,,,98,98,2,3.5,2,0
2024-08-10,ELC,1,Middlesbrough FC,Swansea City AFC,46,46,46,46,2.6,1.8,2.0,0.6,1.9,1.0,1.3,0.8,,,,,98,98,2,2.5,1,0
2024-08-10,ELC,1,Millwall FC,Watford FC,46,46,46,46,1.4,0.2,0.8,1.2,1.0,0.7,1.0,1.2,,,,,98,98,2,2.5,5,1
2024-08-10,ELC,1,Queens Park Rangers FC,West Bromwich Albion FC,46,48,46,48,1.6,1.0,1.0,1.6,1.1,1.0,1.2,1.4,,,,,98,84,2,3.0,4,1
2024-08-10,ELC,1,Stoke City FC,Coventry City FC,46,46,46,46,1.8,0.8,0.8,2.0,1.6,1.1,1.3,1.7,,,,,98,98,2,0.5,1,0
2024-08-11,ELC,1,Sheffield Wednesday FC,Plymouth Argyle FC,46,46,46,46,2.2,0.8,0.6,1.0,1.4,1.5,0.6,1.0,,,,,99,99,2,2.0,4,1
2024-08-12,ELC,1,Luton Town FC,Burnley FC,38,38,0,0,1.2,3.0,1.6,2.0,1.1,2.6,1.4,1.6,,,,,85,85,2,2.5,5,1
2024-08-16,PL,1,Manchester United FC,Fulham FC,38,38,38,38,1.2,1.6,1.2,2.0,1.8,1.9,1.5,1.7,,,,,89,89,2,2.0,1,0
2024-08-17,PL,1,Ipswich Town FC,Liverpool FC,46,38,0,38,1.6,1.0,2.2,1.8,1.9,1.0,2.1,1.5,,,,,105,89,0,,2,0
2024-08-17,ELC,2,West Bromwich Albion FC,Leeds United FC,49,50,49,50,1.4,1.4,1.6,1.2,1.4,1.4,1.3,1.6,3.0,1.0,3.0,3.0,7,7,2,1.5,0,0
2024-08-17,PL,1,Arsenal FC,Wolverhampton Wanderers FC,38,38,38,38,2.8,0.6,0.8,2.4,2.1,0.5,0.8,2.1,,,,,89,89,2,2.5,2,0
2024-08-17,PL,1,Everton FC,Brighton & Hove Albion FC,38,38,38,38,1.2,0.6,0.6,1.6,1.1,1.2,0.5,1.8,,,,,89,89,2,2.0,3,1
2024-08-17,PL,1,Newcastle United FC,Southampton FC,38,49,38,0,3.2,1.6,1.2,0.6,2.6,1.4,1.5,1.3,,,,,89,83,0,,1,0
2024-08-17,PL,1,Nottingham Forest FC,AFC Bournemouth,38,38,38,38,1.4,1.8,1.2,1.4,1.5,1.7,1.3,1.5,,,,,89,89,2,3.5,2,0
2024-08-17,ELC,2,Bristol City FC,Millwall FC,47,47,47,47,1.0,1.4,1.6,0.8,1.2,0.9,1.1,1.0,1.0,1.0,2.0,3.0,7,7,2,1.0,7,1
2024-08-17,ELC,2,Burnley FC,Cardiff City FC,39,47,1,47,1.6,2.0,1.2,3.0,1.6,1.6,1.0,2.3,4.0,1.0,0.0,2.0,4,7,0,,5,1
2024-08-17,ELC,2,Norwich City FC,Blackburn Rovers FC,49,47,49,47,0.4,1.8,1.6,1.0,0.8,1.5,1.3,1.2,0.0,2.0,4.0,2.0,7,7,2,3.0,4,1
2024-08-17,ELC,2,Plymouth Argyle FC,Hull City AFC,47,47,47,47,0.4,1.6,1.4,1.4,0.5,1.3,1.6,1.5,0.0,4.0,1.0,1.0,5,7,2,1.5,2,0
2024-08-17,ELC,2,Sheffield United FC,Queens Park Rangers FC,39,47,1,47,0.8,2.4,1.6,1.4,1.0,2.7,1.2,1.1,2.0,0.0,1.0,3.0,7,7,0,,4,1
2024-08-17,ELC,2,Swansea City AFC,Preston North End FC,47,47,47,47,1.4,0.8,0.0,2.4,1.3,0.8,0.7,1.5,0.0,1.0,0.0,2.0,7,7,2,3.0,3,1
2024-08-17,ELC,2,Watford FC,Stoke City FC,47,47,47,47,1.4,1.6,2.0,0.2,1.2,1.2,1.5,1.0,3.0,2.0,1.0,0.0,7,7,2,1.5,3,1
2024-08-17,PL,1,West Ham United FC,Aston Villa FC,38,38,38,38,1.6,3.2,1.6,2.4,1.5,2.5,1.7,2.0,,,,,90,90,2,3.5,3,1
2024-08-18,ELC,2,Sunderland AFC,Sheffield Wednesday FC,47,47,47,47,0.6,0.8,2.6,0.4,0.6,0.9,1.8,1.3,2.0,0.0,4.0,0.0,7,6,2,2.5,4,1
2024-08-18,PL,1,Brentford FC,Crystal Palace FC,38,38,38,38,1.8,1.4,3.0,0.4,1.6,1.3,2.4,1.0,,,,,90,90,2,3.0,3,1
2024-08-18,PL,1,Chelsea FC,Manchester City FC,38,38,38,38,2.8,0.8,3.2,0.4,2.8,1.6,3.3,0.6,,,,,91,91,2,5.0,2,0
2024-08-19,PL,1,Leicester City FC,Tottenham Hotspur FC,46,38,0,38,2.0,0.8,1.4,1.8,1.7,1.0,1.5,1.9,,,,,107,92,0,,2,0
2024-08-23,ELC,3,Sheffield Wednesday FC,Leeds United FC,48,51,48,51,2.4,1.0,1.4,0.8,1.8,1.1,1.2,1.4,2.0,2.0,1.5,1.5,5,6,2,1.0,2,0
2024-08-24,PL,2,Brighton & Hove Albion FC,Manchester United FC,39,39,39,39,1.2,1.0,1.2,1.4,0.7,1.6,1.8,1.8,3.0,0.0,1.0,0.0,6,7,2,3.0,3,1
2024-08-24,ELC,3,Bristol City FC,Coventry City FC,48,48,48,48,1.6,1.8,1.0,1.4,1.6,1.0,1.1,1.8,2.5,2.0,1.5,1.5,6,7,2,2.5,2,0
2024-08-24,ELC,3,Hull City AFC,Millwall FC,48,48,48,48,1.6,1.6,1.6,1.4,1.7,1.4,1.4,1.2,1.0,1.0,2.5,3.5,6,6,2,2.5,0,0
2024-08-24,ELC,3,Queens Park Rangers FC,Plymouth Argyle FC,48,48,48,48,2.0,1.2,0.4,1.8,1.4,1.3,0.6,1.3,1.5,2.5,0.5,2.5,6,6,2,1.0,2,0
2024-08-24,PL,2,Crystal Palace FC,West Ham United FC,39,39,39,39,2.8,0.8,1.4,2.6,2.4,1.1,1.5,2.6,1.0,2.0,1.0,2.0,6,6,2,4.5,2,0
2024-08-24,PL,2,Fulham FC,Leicester City FC,39,47,39,1,1.0,1.6,2.2,0.8,1.2,1.8,1.6,0.9,0.0,1.0,1.0,1.0,7,4,0,,3,1
2024-08-24,PL,2,Manchester City FC,Ipswich Town FC,39,47,39,1,3.2,0.4,1.6,1.4,3.5,0.6,1.8,1.0,2.0,0.0,0.0,2.0,5,7,0,,5,1
2024-08-24,PL,2,Southampton FC,Nottingham Forest FC,50,39,1,39,1.2,0.6,1.6,1.6,1.3,1.3,1.5,1.7,0.0,1.0,1.0,1.0,7,7,0,,1,0
2024-08-24,PL,2,Tottenham Hotspur FC,Everton FC,39,39,39,39,1.6,1.6,0.8,1.2,1.4,1.9,1.0,1.3,1.0,1.0,0.0,3.0,4,7,2,3.5,4,1
2024-08-24,ELC,3,Norwich City FC,Sheffield United FC,50,40,50,2,0.4,1.8,1.0,1.8,0.9,1.4,1.1,2.6,1.0,2.0,2.0,1.0,7,7,0,,2,0
2024-08-24,ELC,3,Preston North End FC,Luton Town FC,48,40,48,2,0.0,2.4,1.0,2.4,0.4,1.8,1.0,2.7,0.0,2.5,0.5,2.0,7,7,0,,1,0
2024-08-24,ELC,3,Stoke City FC,West Bromwich Albion FC,48,50,48,50,1.8,0.6,1.4,0.8,1.5,1.0,1.2,1.2,0.5,1.5,1.5,0.5,7,7,2,3.0,3,1
2024-08-24,ELC,3,Sunderland AFC,Burnley FC,48,40,48,2,1.2,0.8,2.4,1.8,1.0,0.9,1.9,1.4,3.0,0.0,4.5,0.5,6,7,0,,1,0
2024-08-24,PL,2,Aston Villa FC,Arsenal FC,39,39,39,39,1.4,2.4,2.2,0.6,1.8,2.0,2.3,0.5,2.0,1.0,2.0,0.0,7,7,2,1.5,2,0
2024-08-25,PL,2,AFC Bournemouth,Newcastle United FC,39,39,39,39,1.2,1.6,2.4,1.4,1.2,1.5,2.3,1.1,1.0,1.0,1.0,0.0,7,7,2,3.0,2,0
2024-08-25,PL,2,Wolverhampton Wanderers FC,Chelsea FC,39,39,39,39,0.8,2.6,2.4,1.2,0.8,2.1,2.4,1.5,0.0,2.0,0.0,2.0,7,6,2,4.5,8,1
2024-08-25,ELC,3,Swansea City AFC,Cardiff City FC,48,48,48,48,1.8,0.8,1.0,3.4,1.4,0.8,1.0,2.6,1.5,0.5,0.0,3.5,8,8,2,2.0,2,0
2024-08-25,PL,2,Liverpool FC,Brentford FC,39,39,39,39,2.6,1.4,1.2,1.4,2.1,1.4,1.7,1.2,2.0,0.0,2.0,1.0,8,7,2,4.0,2,0
2024-08-30,ELC,4,Luton Town FC,Queens Park Rangers FC,41,49,3,49,0.8,2.4,2.0,1.4,1.0,2.6,1.3,1.3,0.3333333333333333,1.6666666666666667,1.3333333333333333,2.0,6,6,0,,3,1
2024-08-31,PL,3,Arsenal FC,Brighton & Hove Albion FC,40,40,40,40,2.0,0.2,1.4,1.2,2.3,0.5,0.9,1.7,2.0,0.0,2.5,0.5,6,7,2,2.5,2,0
2024-08-31,ELC,4,Burnley FC,Blackburn Rovers FC,41,49,3,49,2.2,1.2,2.0,1.0,1.8,1.4,1.7,1.4,3.0,0.6666666666666666,2.6666666666666665,1.6666666666666667,6,6,0,,2,0
2024-08-31,ELC,4,Cardiff City FC,Middlesbrough FC,49,49,49,49,0.8,3.4,2.0,1.0,1.1,2.5,2.0,1.2,0.3333333333333333,2.6666666666666665,1.0,1.0,5,6,2,3.5,2,0
2024-08-31,ELC,4,Coventry City FC,Norwich City FC,49,51,49,51,1.2,1.6,0.6,1.8,1.1,1.7,0.9,1.5,1.3333333333333333,1.3333333333333333,1.0,1.6666666666666667,7,6,2,2.5,1,0
2024-08-31,PL,3,Brentford FC,Southampton FC,40,51,40,2,1.2,1.6,0.8,0.6,1.6,1.3,1.0,1.2,1.0,1.5,0.0,1.0,5,7,0,,4,1
2024-08-31,PL,3,Everton FC,AFC Bournemouth,40,40,40,40,0.6,2.0,0.8,1.8,0.9,1.6,1.2,1.6,0.0,3.5,1.0,1.0,7,6,2,3.0,5,1
2024-08-31,PL,3,Ipswich Town FC,Fulham FC,48,40,2,40,1.6,2.0,1.2,1.6,1.3,1.4,1.1,1.6,0.5,3.0,1.0,1.0,7,7,0,,2,0
2024-08-31,PL,3,Leicester City FC,Aston Villa FC,48,40,2,40,2.0,1.0,1.0,2.4,1.7,1.0,1.6,2.2,1.0,1.5,1.0,1.5,7,6,0,,3,1
2024-08-31,PL,3,Nottingham Forest FC,Wolverhampton Wanderers FC,40,40,40,40,1.8,1.2,0.8,3.6,1.5,1.6,0.9,2.6,1.0,0.5,1.0,4.0,7,6,2,3.0,2,0
2024-08-31,ELC,4,Leeds United FC,Hull City AFC,52,49,52,49,1.8,0.8,1.0,1.2,1.4,1.4,1.6,1.1,1.6666666666666667,1.0,0.6666666666666666,0.6666666666666666,7,7,2,2.0,2,0
2024-08-31,ELC,4,Millwall FC,Sheffield Wednesday FC,49,49,49,49,1.4,1.4,1.8,1.2,1.3,1.1,1.7,1.2,1.6666666666666667,2.3333333333333335,1.3333333333333333,2.0,7,7,2,3.0,3,1
2024-08-31,ELC,4,Plymouth Argyle FC,Stoke City FC,49,49,49,49,0.6,1.4,1.4,1.0,0.6,1.2,1.4,1.2,0.6666666666666666,2.0,0.6666666666666666,1.6666666666666667,7,7,2,3.0,1,0
2024-08-31,ELC,4,West Bromwich Albion FC,Swansea City AFC,51,49,51,49,1.2,1.0,1.2,1.0,1.2,1.1,1.4,0.8,1.6666666666666667,0.6666666666666666,1.3333333333333333,0.6666666666666666,7,6,2,3.0,1,0
2024-08-31,PL,3,West Ham United FC,Manchester City FC,40,40,40,40,1.4,2.2,3.0,0.4,1.4,2.2,3.5,0.6,1.5,1.0,3.0,0.5,7,7,2,4.0,4,1
2024-09-01,PL,3,Chelsea FC,Crystal Palace FC,40,40,40,40,2.6,1.6,2.6,1.0,2.8,1.5,2.4,1.2,3.0,2.0,0.5,2.0,6,7,2,3.5,2,0
2024-09-01,PL,3,Newcastle United FC,Tottenham Hotspur FC,40,40,40,40,1.8,1.4,2.0,0.8,2.3,1.1,1.7,1.8,1.0,0.5,2.5,0.5,6,7,2,4.5,3,1
2024-09-01,ELC,4,Sheffield United FC,Watford FC,41,49,3,49,1.0,1.4,2.0,1.2,1.0,2.5,1.4,1.1,1.6666666666666667,1.0,2.6666666666666665,1.0,8,8,0,,1,0
2024-09-01,PL,3,Manchester United FC,Liverpool FC,40,40,40,40,1.4,1.0,2.6,1.0,1.6,1.6,2.0,1.3,1.0,1.0,2.0,0.0,8,6,2,2.0,3,1
2024-09-13,ELC,5,Hull City AFC,Sheffield United FC,50,42,50,4,0.4,1.0,1.2,1.2,1.3,1.2,1.1,2.3,0.5,1.0,1.5,0.75,13,12,0,,2,0
2024-09-14,PL,4,Southampton FC,Manchester United FC,52,41,3,41,1.0,1.2,1.4,1.4,0.8,1.5,1.4,1.7,0.3333333333333333,1.6666666666666667,0.6666666666666666,1.6666666666666667,13,12,0,,3,1
2024-09-14,ELC,5,Leeds United FC,Burnley FC,53,42,53,4,1.4,0.8,2.2,1.0,1.6,1.3,1.9,1.4,1.75,0.75,2.5,0.75,13,14,0,,1,0
2024-09-14,ELC,5,Millwall FC,Luton Town FC,50,42,50,4,1.8,1.4,0.8,2.2,1.5,0.9,0.9,2.7,2.0,1.75,0.5,1.75,13,14,0,,1,0
2024-09-14,PL,4,Brighton & Hove Albion FC,Ipswich Town FC,41,49,41,3,1.4,1.2,1.2,1.6,1.0,1.5,1.3,1.5,2.0,0.6666666666666666,0.6666666666666666,2.3333333333333335,14,14,0,,0,0
2024-09-14,PL,4,Crystal Palace FC,Leicester City FC,41,49,41,3,2.0,1.2,1.2,1.4,2.3,0.9,1.5,1.1,0.6666666666666666,1.6666666666666667,1.0,1.6666666666666667,13,14,0,,4,1
2024-09-14,PL,4,Fulham FC,West Ham United FC,41,41,41,41,1.4,1.8,1.6,1.8,1.1,1.4,1.4,2.4,1.0,1.0,1.3333333333333333,1.6666666666666667,14,13,2,3.5,2,0
2024-09-14,PL,4,Liverpool FC,Nottingham Forest FC,41,41,41,41,2.4,0.6,1.4,1.2,2.1,1.1,1.3,1.6,2.3333333333333335,0.0,1.0,0.6666666666666666,12,14,2,2.0,1,0
2024-09-14,PL,4,Manchester City FC,Brentford FC,41,41,41,41,2.8,0.6,1.8,1.8,3.4,0.5,1.9,1.4,3.0,0.6666666666666666,1.6666666666666667,1.3333333333333333,13,14,2,2.5,3,1
2024-09-14,ELC,5,Blackburn Rovers FC,Bristol City FC,50,50,50,50,2.2,1.2,1.2,2.4,1.3,1.4,1.5,1.4,2.25,1.5,1.5,2.0,14,14,2,4.0,3,1
2024-09-14,ELC,5,Middlesbrough FC,Preston North End FC,50,50,50,50,1.6,0.8,0.4,2.2,2.0,1.2,0.6,2.0,1.25,0.75,0.5,2.0,14,14,2,3.5,2,0
2024-09-14,ELC,5,Plymouth Argyle FC,Sunderland AFC,50,50,50,50,0.6,1.4,2.0,0.6,0.6,1.2,1.1,0.5,0.5,1.75,2.5,0.25,14,14,2,3.0,5,1
2024-09-14,ELC,5,Sheffield Wednesday FC,Queens Park Rangers FC,50,50,50,50,1.2,1.8,1.6,1.6,1.7,1.3,1.4,1.4,1.0,2.25,1.5,1.75,14,14,2,2.5,2,0
2024-09-14,ELC,5,Swansea City AFC,Norwich City FC,50,52,50,52,0.8,0.8,0.8,1.8,1.4,0.8,0.8,1.3,1.0,0.75,1.0,1.25,14,14,2,3.5,1,0
2024-09-14,ELC,5,Watford FC,Coventry City FC,50,50,50,50,1.8,1.4,1.0,1.4,1.2,1.0,0.9,1.7,2.0,1.0,1.0,1.25,13,14,2,4.5,2,0
2024-09-14,PL,4,Aston Villa FC,Everton FC,41,41,41,41,1.4,2.4,0.8,2.4,1.7,1.9,1.0,1.9,1.3333333333333333,1.3333333333333333,0.6666666666666666,3.3333333333333335,14,14,2,2.0,5,1
2024-09-14,PL,4,AFC Bournemouth,Chelsea FC,41,41,41,41,1.4,1.6,2.2,1.4,1.4,1.6,2.3,1.6,1.6666666666666667,1.3333333333333333,2.3333333333333335,1.6666666666666667,14,13,2,1.5,1,0
2024-09-15,PL,4,Tottenham Hotspur FC,Arsenal FC,41,41,41,41,1.8,1.0,1.6,0.4,1.5,1.9,2.1,0.6,2.0,1.0,1.6666666666666667,0.3333333333333333,14,15,2,4.5,1,0
2024-09-15,PL,4,Wolverhampton Wanderers FC,Newcastle United FC,41,41,41,41,0.8,2.8,2.0,1.4,0.9,2.5,2.4,1.2,1.0,3.0,1.3333333333333333,0.6666666666666666,15,14,2,3.5,3,1
2024-09-20,ELC,6,Stoke City FC,Hull City AFC,51,51,51,51,0.6,1.2,0.4,1.2,1.2,1.0,1.1,1.2,0.6,1.2,0.4,1.2,6,7,2,3.0,4,1
2024-09-21,PL,5,West Ham United FC,Chelsea FC,42,42,42,42,1.2,1.8,2.0,1.2,1.3,2.4,2.4,1.1,1.25,1.5,2.0,1.25,6,6,2,4.5,3,1
2024-09-21,ELC,6,Norwich City FC,Watford FC,53,51,53,51,0.8,1.2,1.8,1.0,0.7,1.4,1.3,1.1,0.8,1.2,1.8,1.0,6,6,2,5.5,5,1
2024-09-21,ELC,6,Queens Park Rangers FC,Millwall FC,51,51,51,51,1.4,1.6,1.6,1.6,1.5,1.3,1.5,0.9,1.4,1.6,1.6,1.6,6,7,2,2.0,2,0
2024-09-21,ELC,6,Sunderland AFC,Middlesbrough FC,51,51,51,51,2.4,0.8,1.2,0.8,1.3,0.8,1.9,1.3,2.4,0.8,1.2,0.8,6,6,2,3.0,1,0
2024-09-21,PL,5,Aston Villa FC,Wolverhampton Wanderers FC,42,42,42,42,1.4,2.2,0.8,2.6,1.7,1.8,0.8,2.5,1.75,1.5,1.0,2.75,6,5,2,2.0,4,1
2024-09-21,PL,5,Fulham FC,Newcastle United FC,42,42,42,42,1.6,1.2,2.0,1.0,1.2,1.4,2.2,1.3,1.0,1.0,1.5,0.75,7,5,2,2.0,4,1
2024-09-21,PL,5,Leicester City FC,Everton FC,50,42,4,42,1.0,1.8,1.0,3.0,1.5,1.2,1.2,1.6,1.25,1.75,1.0,3.25,7,6,0,,2,0
2024-09-21,PL,5,Liverpool FC,AFC Bournemouth,42,42,42,42,1.8,0.2,1.2,1.4,2.1,1.1,1.2,1.5,1.75,0.25,1.25,1.25,7,6,2,4.0,3,1
2024-09-21,PL,5,Southampton FC,Ipswich Town FC,53,50,4,4,0.4,1.6,0.8,1.4,0.7,1.6,1.0,1.3,0.25,2.0,0.5,1.75,7,7,2,3.0,2,0
2024-09-21,PL,5,Tottenham Hotspur FC,Brentford FC,42,42,42,42,1.8,0.8,1.6,2.0,1.5,1.6,1.7,1.3,1.5,1.0,1.5,1.5,6,7,2,4.5,4,1
2024-09-21,ELC,6,Bristol City FC,Oxford United FC,51,5,51,5,1.2,2.2,1.8,1.2,1.5,1.7,1.8,1.2,1.2,2.2,1.8,1.2,7,7,0,,3,1
2024-09-21,ELC,6,Burnley FC,Portsmouth FC,43,5,5,5,2.2,0.6,1.2,2.2,1.9,1.3,1.2,2.2,2.2,0.6,1.2,2.2,7,6,0,,3,1
2024-09-21,ELC,6,Cardiff City FC,Leeds United FC,51,54,51,54,0.2,2.2,1.4,0.8,0.8,2.4,1.2,1.1,0.2,2.2,1.4,0.8,7,7,2,3.5,2,0
2024-09-21,ELC,6,Coventry City FC,Swansea City AFC,51,51,51,51,1.0,1.2,1.0,0.6,0.9,1.6,1.5,0.6,1.0,1.2,1.0,0.6,7,7,2,3.0,3,1
2024-09-21,ELC,6,Luton Town FC,Sheffield Wednesday FC,43,51,5,51,0.6,1.4,1.0,2.0,0.9,2.2,1.6,1.4,0.6,1.4,1.0,2.0,7,7,0,,3,1
2024-09-21,ELC,6,Sheffield United FC,Derby County FC,43,5,5,5,1.6,0.6,1.6,1.2,1.2,1.9,1.6,1.2,1.6,0.6,1.6,1.2,7,7,0,,1,0
2024-09-21,ELC,6,West Bromwich Albion FC,Plymouth Argyle FC,53,51,53,51,1.8,0.4,1.0,1.8,1.4,1.0,0.8,1.4,1.8,0.4,1.0,1.8,6,7,2,1.5,1,0
2024-09-21,PL,5,Crystal Palace FC,Manchester United FC,42,42,42,42,1.8,1.4,1.4,1.0,2.4,1.1,1.5,1.5,1.0,1.75,1.25,1.25,7,7,2,2.5,0,0
2024-09-22,ELC,6,Preston North End FC,Blackburn Rovers FC,51,51,51,51,0.6,1.8,2.4,1.2,0.3,2.0,1.6,1.4,0.6,1.8,2.4,1.2,7,7,2,3.5,0,0
2024-09-22,PL,5,Brighton & Hove Albion FC,Nottingham Forest FC,42,42,42,42,1.2,0.8,1.2,0.6,0.9,1.4,1.3,1.3,1.5,0.5,1.0,0.5,7,7,2,3.0,4,1
2024-09-22,PL,5,Manchester City FC,Arsenal FC,42,42,42,42,2.8,0.8,1.6,0.4,3.1,0.5,2.2,0.4,2.75,0.75,1.5,0.25,8,7,2,0.5,4,1
2024-09-27,ELC,7,Plymouth Argyle FC,Luton Town FC,52,44,52,6,1.0,1.2,0.8,0.8,0.7,1.4,1.0,1.8,0.8333333333333334,1.6666666666666667,0.8333333333333334,1.3333333333333333,6,6,0,,4,1
2024-09-28,PL,6,Newcastle United FC,Manchester City FC,43,43,43,43,1.4,1.2,2.6,1.0,2.3,1.4,2.9,0.7,1.4,1.2,2.6,1.0,6,5,2,3.0,2,0
2024-09-28,ELC,7,Blackburn Rovers FC,Queens Park Rangers FC,52,52,52,52,1.6,0.8,1.4,1.2,1.6,0.9,1.5,1.3,2.0,1.0,1.3333333333333333,1.5,6,7,2,3.5,2,0
2024-09-28,ELC,7,Derby County FC,Norwich City FC,6,54,6,54,1.2,0.6,1.6,1.0,1.3333333333333333,1.1666666666666667,1.0,1.4,1.3333333333333333,1.1666666666666667,1.3333333333333333,1.1666666666666667,6,7,0,,5,1
2024-09-28,ELC,7,Sheffield Wednesday FC,West Bromwich Albion FC,52,54,52,54,0.4,2.4,1.4,0.2,1.5,1.4,1.4,0.8,1.0,2.0,1.6666666666666667,0.3333333333333333,6,6,2,2.0,5,1
2024-09-28,PL,6,Arsenal FC,Leicester City FC,43,51,43,5,1.6,0.6,1.2,1.6,2.2,0.6,1.6,1.2,1.6,0.6,1.2,1.6,5,7,0,,6,1
2024-09-28,PL,6,Brentford FC,West Ham United FC,43,43,43,43,1.4,1.8,1.0,1.8,1.6,1.6,1.3,2.5,1.4,1.8,1.0,1.8,7,7,2,5.5,2,0
2024-09-28,PL,6,Chelsea FC,Brighton & Hove Albion FC,43,43,43,43,2.2,1.0,1.6,0.8,2.5,0.9,1.1,1.2,2.2,1.0,1.6,0.8,7,6,2,4.0,6,1
2024-09-28,PL,6,Everton FC,Crystal Palace FC,43,43,43,43,1.0,2.8,0.8,1.4,1.1,1.7,1.9,0.9,1.0,2.8,0.8,1.4,7,6,2,3.5,3,1
2024-09-28,PL,6,Nottingham Forest FC,Fulham FC,43,43,43,43,1.2,0.8,1.4,1.0,1.3,1.3,1.3,1.5,1.2,0.8,1.4,1.0,6,7,2,4.5,1,0
2024-09-28,ELC,7,Hull City AFC,Cardiff City FC,52,52,52,52,0.8,1.2,0.2,2.2,1.1,1.3,0.7,2.6,0.8333333333333334,1.1666666666666667,0.16666666666666666,2.1666666666666665,7,7,2,3.5,5,1
2024-09-28,ELC,7,Leeds United FC,Coventry City FC,55,52,55,52,1.2,0.2,1.2,1.4,1.4,0.7,1.0,1.5,1.5,0.6666666666666666,1.0,1.3333333333333333,7,7,2,2.5,3,1
2024-09-28,ELC,7,Middlesbrough FC,Stoke City FC,52,52,52,52,1.0,1.0,0.6,1.8,1.7,1.2,1.3,1.0,1.0,0.8333333333333334,0.6666666666666666,1.5,7,7,2,2.0,2,0
2024-09-28,ELC,7,Millwall FC,Preston North End FC,52,52,52,52,1.4,1.2,0.6,1.4,1.5,1.0,0.3,1.9,1.5,1.5,0.5,1.5,7,6,2,2.0,4,1
2024-09-28,ELC,7,Oxford United FC,Burnley FC,6,44,6,6,1.6,1.6,1.8,0.6,1.6666666666666667,1.3333333333333333,1.7,1.3,1.6666666666666667,1.3333333333333333,2.1666666666666665,0.6666666666666666,7,7,0,,0,0
2024-09-28,ELC,7,Portsmouth FC,Sheffield United FC,6,44,6,6,0.8,2.0,1.4,0.6,1.1666666666666667,2.1666666666666665,1.1,1.5,1.1666666666666667,2.1666666666666665,1.5,0.5,7,7,0,,0,0
2024-09-28,ELC,7,Watford FC,Sunderland AFC,52,52,52,52,1.4,1.4,2.2,0.8,1.4,1.5,1.4,0.8,1.6666666666666667,1.5,2.1666666666666665,0.6666666666666666,7,7,2,1.5,3,1
2024-09-28,PL,6,Wolverhampton Wanderers FC,Liverpool FC,43,43,43,43,1.0,2.8,2.0,0.2,0.9,2.6,2.1,1.0,1.0,2.8,2.0,0.2,7,7,2,3.0,3,1
2024-09-29,PL,6,Ipswich Town FC,Aston Villa FC,51,43,5,43,0.6,1.6,2.0,1.4,1.1,1.3,1.8,1.9,0.6,1.6,2.0,1.4,7,7,0,,4,1
2024-09-29,ELC,7,Swansea City AFC,Bristol City FC,52,52,52,52,1.4,0.6,1.4,2.2,1.4,0.7,1.2,1.8,1.1666666666666667,0.6666666666666666,1.3333333333333333,2.0,8,8,2,2.0,2,0
2024-09-29,PL,6,Manchester United FC,Tottenham Hotspur FC,43,43,43,43,1.0,1.0,1.8,1.0,1.1,1.3,1.6,1.4,1.0,1.0,1.8,1.0,7,8,2,3.0,3,1
2024-09-30,PL,6,AFC Bournemouth,Southampton FC,43,54,43,5,1.0,1.6,0.4,1.8,1.1,1.5,0.8,1.2,1.0,1.6,0.4,1.8,9,9,0,,4,1
2024-10-01,ELC,8,Burnley FC,Plymouth Argyle FC,45,53,7,53,0.8,0.6,1.4,1.2,1.6,1.2,0.9,1.5,1.8571428571428572,0.5714285714285714,1.1428571428571428,1.5714285714285714,3,3,0,,1,0
2024-10-01,ELC,8,Cardiff City FC,Millwall FC,53,53,53,53,0.4,2.0,1.4,0.6,0.7,2.7,1.5,1.0,0.2857142857142857,2.4285714285714284,1.7142857142857142,1.4285714285714286,3,3,2,2.5,1,0
2024-10-01,ELC,8,Coventry City FC,Blackburn Rovers FC,53,53,53,53,0.6,1.6,1.6,0.4,0.8,1.5,1.7,0.9,0.8571428571428571,1.5714285714285714,2.0,0.8571428571428571,3,3,2,0.5,3,1
2024-10-01,ELC,8,Luton Town FC,Oxford United FC,45,7,7,7,1.0,1.4,1.2,1.0,1.0,1.9,1.4285714285714286,1.1428571428571428,0.8571428571428571,1.5714285714285714,1.4285714285714286,1.1428571428571428,3,3,0,,4,1
2024-10-01,ELC,8,Queens Park Rangers FC,Hull City AFC,53,53,53,53,1.0,1.2,1.4,1.2,1.5,1.2,1.5,1.4,1.1428571428571428,1.5714285714285714,1.2857142857142858,1.1428571428571428,3,3,2,2.5,4,1
2024-10-01,ELC,8,Sunderland AFC,Derby County FC,53,7,53,7,1.6,1.2,1.4,1.2,1.4,1.0,1.4285714285714286,1.4285714285714286,2.0,0.8571428571428571,1.4285714285714286,1.4285714285714286,3,3,0,,2,0
2024-10-01,ELC,8,Norwich City FC,Leeds United FC,55,56,55,56,1.8,1.0,1.8,0.2,1.1,1.4,1.6,0.5,1.5714285714285714,1.2857142857142858,1.7142857142857142,0.5714285714285714,3,3,4,2.5,2,0
2024-10-01,ELC,8,West Bromwich Albion FC,Middlesbrough FC,55,53,55,53,1.8,0.8,1.4,0.8,1.6,0.8,1.8,1.1,1.7142857142857142,0.7142857142857143,1.1428571428571428,0.7142857142857143,3,3,2,3.5,1,0
2024-10-02,ELC,8,Sheffield United FC,Swansea City AFC,45,53,7,53,1.0,0.2,1.0,0.8,1.0,1.0,1.4,0.8,1.2857142857142858,0.42857142857142855,1.1428571428571428,0.7142857142857143,4,3,0,,1,0
2024-10-02,ELC,8,Preston North End FC,Watford FC,53,53,53,53,0.8,1.4,1.2,1.6,0.4,1.9,1.4,1.3,0.5714285714285714,1.7142857142857142,1.7142857142857142,1.4285714285714286,4,4,2,3.0,3,1
2024-10-02,ELC,8,Stoke City FC,Portsmouth FC,53,7,53,7,0.6,1.6,0.8,2.0,1.2,1.1,1.0,1.8571428571428572,0.5714285714285714,1.5714285714285714,1.0,1.8571428571428572,4,4,0,,7,1
2024-10-02,ELC,8,Bristol City FC,Sheffield Wednesday FC,53,53,53,53,0.8,1.8,1.0,2.0,1.2,1.8,1.7,1.5,1.2857142857142858,1.8571428571428572,1.2857142857142858,2.0,3,4,2,2.0,0,0
2024-10-04,ELC,9,Sunderland AFC,Leeds United FC,54,57,54,57,1.8,1.2,1.6,0.4,1.6,0.9,1.7,0.6,2.0,0.75,1.625,0.625,3,3,2,0.5,4,1
2024-10-05,PL,7,Crystal Palace FC,Liverpool FC,44,44,44,44,0.8,1.4,2.0,0.4,1.8,1.1,2.3,0.9,0.8333333333333334,1.5,2.0,0.3333333333333333,6,6,2,2.0,1,0
2024-10-05,ELC,9,Burnley FC,Preston North End FC,46,54,8,54,1.0,0.4,1.2,1.4,1.6,0.8,0.7,1.8,1.75,0.5,0.875,1.5,3,2,0,,0,0
2024-10-05,ELC,9,Norwich City FC,Hull City AFC,56,54,56,54,1.8,1.0,2.0,1.4,1.2,1.4,1.5,1.3,1.5,1.25,1.5,1.125,3,3,2,3.0,4,1
2024-10-05,ELC,9,Portsmouth FC,Oxford United FC,8,8,8,8,0.6,2.8,1.4,1.0,1.0,2.375,1.5,1.25,1.0,2.375,1.5,1.25,2,3,0,,2,0
2024-10-05,PL,7,Arsenal FC,Southampton FC,44,55,44,6,2.0,1.0,0.6,2.2,2.1,0.8,0.9,1.4,2.0,0.8333333333333334,0.5,2.0,7,4,0,,4,1
2024-10-05,PL,7,Brentford FC,Wolverhampton Wanderers FC,44,44,44,44,1.2,1.8,1.2,2.8,1.2,1.6,1.0,2.7,1.3333333333333333,1.6666666666666667,1.0,2.6666666666666665,7,6,2,3.5,8,1
2024-10-05,PL,7,Leicester City FC,AFC Bournemouth,52,44,6,44,1.4,2.2,1.4,1.6,1.8,1.5,1.3,1.6,1.3333333333333333,2.0,1.3333333333333333,1.5,7,4,0,,1,0
2024-10-05,PL,7,Manchester City FC,Fulham FC,44,44,44,44,2.4,1.2,1.6,0.8,2.8,0.8,1.3,1.2,2.3333333333333335,1.0,1.3333333333333333,0.8333333333333334,7,7,2,5.0,5,1
2024-10-05,PL,7,West Ham United FC,Ipswich Town FC,44,52,44,6,1.0,1.6,1.0,1.6,1.2,2.1,1.3,1.5,1.0,1.6666666666666667,0.8333333333333334,1.6666666666666667,7,6,0,,5,1
2024-10-05,ELC,9,Coventry City FC,Sheffield Wednesday FC,54,54,54,54,1.0,1.4,1.0,1.6,1.1,1.5,1.4,1.4,1.125,1.375,1.125,1.75,3,2,2,2.5,3,1
2024-10-05,ELC,9,Derby County FC,Queens Park Rangers FC,8,54,8,54,1.2,1.2,1.0,1.6,1.25,1.5,1.5,1.5,1.25,1.5,1.125,1.75,3,3,0,,2,0
2024-10-05,ELC,9,Plymouth Argyle FC,Blackburn Rovers FC,54,54,54,54,1.2,1.2,1.2,0.8,0.9,1.3,1.6,0.9,1.0,1.5,1.75,1.125,3,3,2,2.5,3,1
2024-10-05,ELC,9,Sheffield United FC,Luton Town FC,46,46,8,8,1.0,0.0,1.4,1.6,1.0,0.7,1.1,2.0,1.25,0.375,1.0,1.625,2,3,2,4.5,2,0
2024-10-05,ELC,9,Swansea City AFC,Stoke City FC,54,54,54,54,0.8,0.8,1.6,1.4,1.0,0.9,1.5,1.2,1.0,0.75,1.25,1.5,2,2,2,2.5,0,0
2024-10-05,ELC,9,Watford FC,Middlesbrough FC,54,54,54,54,0.8,2.0,1.2,0.4,1.4,1.6,1.6,0.7,1.5,1.625,1.125,0.625,2,3,2,4.5,3,1
2024-10-05,ELC,9,West Bromwich Albion FC,Millwall FC,56,54,56,54,1.4,0.8,1.4,0.8,1.3,0.9,1.4,1.1,1.5,0.75,1.5,1.375,3,3,2,1.0,0,0
2024-10-05,PL,7,Everton FC,Newcastle United FC,44,44,44,44,1.4,2.4,1.4,1.4,1.1,1.8,1.9,1.4,1.1666666666666667,2.5,1.3333333333333333,1.1666666666666667,7,7,2,2.5,0,0
2024-10-06,PL,7,Aston Villa FC,Manchester United FC,44,44,44,44,2.0,1.6,0.8,1.6,1.7,2.0,1.0,1.5,2.0,1.5,0.8333333333333334,1.3333333333333333,7,6,2,4.0,0,0
2024-10-06,PL,7,Chelsea FC,Nottingham Forest FC,44,44,44,44,3.0,1.0,1.0,0.8,2.7,1.1,1.3,1.2,2.5,1.1666666666666667,1.0,0.8333333333333334,7,7,2,3.0,2,0
2024-10-06,ELC,9,Bristol City FC,Cardiff City FC,54,54,54,54,0.6,1.6,0.4,1.8,1.1,1.7,0.6,2.6,1.125,1.625,0.375,2.125,3,4,2,1.5,2,0
2024-10-06,PL,7,Brighton & Hove Albion FC,Tottenham Hotspur FC,44,44,44,44,1.4,1.6,2.2,0.8,1.3,1.3,1.9,1.2,1.6666666666666667,1.3333333333333333,2.0,0.8333333333333334,8,7,2,4.5,5,1
2024-10-18,ELC,10,Leeds United FC,Sheffield United FC,58,47,58,9,1.6,0.8,1.2,0.0,1.5,0.8,1.2,0.6,1.6666666666666667,0.7777777777777778,1.3333333333333333,0.3333333333333333,14,13,0,,2,0
2024-10-19,PL,8,Tottenham Hotspur FC,West Ham United FC,45,45,45,45,1.8,1.4,1.4,1.8,1.9,1.1,1.4,2.0,2.0,1.1428571428571428,1.4285714285714286,1.5714285714285714,12,13,2,2.5,5,1
2024-10-19,ELC,10,Cardiff City FC,Plymouth Argyle FC,55,55,55,55,0.6,1.6,1.6,1.2,0.6,2.3,1.1,1.3,0.4444444444444444,2.0,1.1111111111111112,1.4444444444444444,12,13,2,4.0,5,1
2024-10-19,ELC,10,Luton Town FC,Watford FC,47,55,9,55,1.2,1.6,1.2,2.0,1.0,1.9,1.5,1.7,0.8888888888888888,1.6666666666666667,1.5555555555555556,1.5555555555555556,13,13,0,,3,1
2024-10-19,ELC,10,Oxford United FC,West Bromwich Albion FC,9,57,9,57,1.0,1.0,1.2,0.8,1.4444444444444444,1.2222222222222223,1.3,0.9,1.4444444444444444,1.2222222222222223,1.3333333333333333,0.6666666666666666,14,13,0,,2,0
2024-10-19,ELC,10,Preston North End FC,Coventry City FC,55,55,55,55,1.0,0.8,1.2,1.6,0.7,1.5,1.1,1.5,0.7777777777777778,1.3333333333333333,1.1111111111111112,1.4444444444444444,14,13,2,4.0,1,0
2024-10-19,PL,8,Fulham FC,Aston Villa FC,45,45,45,45,1.6,1.2,2.0,1.2,1.4,1.4,1.5,1.8,1.4285714285714286,1.1428571428571428,1.7142857142857142,1.2857142857142858,14,13,2,3.5,4,1
2024-10-19,PL,8,Ipswich Town FC,Everton FC,53,45,7,45,1.0,1.6,1.4,1.6,1.3,1.8,1.0,1.8,0.8571428571428571,2.0,1.0,2.142857142857143,14,13,0,,2,0
2024-10-19,PL,8,Manchester United FC,Brentford FC,45,45,45,45,0.6,1.2,2.2,2.0,1.0,1.1,1.7,1.8,0.7142857142857143,1.1428571428571428,1.8571428571428572,1.8571428571428572,13,14,2,2.5,3,1
2024-10-19,PL,8,Newcastle United FC,Brighton & Hove Albion FC,45,45,45,45,1.2,1.2,1.6,1.8,1.5,1.3,1.5,1.5,1.1428571428571428,1.0,1.8571428571428572,1.4285714285714286,13,12,2,3.0,1,0
2024-10-19,PL,8,Southampton FC,Leicester City FC,56,53,7,7,0.8,2.6,1.4,1.8,0.8,1.6,1.7,1.4,0.5714285714285714,2.142857142857143,1.2857142857142858,1.7142857142857142,14,14,2,5.0,5,1
2024-10-19,ELC,10,Blackburn Rovers FC,Swansea City AFC,55,55,55,55,1.2,1.0,0.8,0.6,1.7,1.1,0.8,0.7,1.6666666666666667,1.2222222222222223,0.8888888888888888,0.6666666666666666,14,14,2,2.0,1,0
2024-10-19,ELC,10,Middlesbrough FC,Bristol City FC,55,55,55,55,1.0,0.8,0.8,1.2,1.3,0.8,1.0,1.8,1.1111111111111112,0.7777777777777778,1.1111111111111112,1.5555555555555556,14,13,2,4.0,2,0
2024-10-19,ELC,10,Millwall FC,Derby County FC,55,9,55,9,0.8,0.8,1.0,1.2,1.3,1.1,1.3333333333333333,1.3333333333333333,1.3333333333333333,1.2222222222222223,1.3333333333333333,1.3333333333333333,14,14,0,,2,0
2024-10-19,ELC,10,Queens Park Rangers FC,Portsmouth FC,55,9,55,9,0.6,1.8,0.6,2.4,1.1,1.7,1.0,2.2222222222222223,1.0,1.7777777777777777,1.0,2.2222222222222223,14,14,0,,3,1
2024-10-19,ELC,10,Sheffield Wednesday FC,Burnley FC,55,47,55,9,1.4,1.2,0.8,0.2,1.3,1.5,1.5,0.6,1.2222222222222223,1.6666666666666667,1.5555555555555556,0.4444444444444444,14,14,0,,2,0
2024-10-19,ELC,10,Stoke City FC,Norwich City FC,55,57,55,57,1.4,1.4,2.4,1.0,1.4,1.2,1.6,1.4,1.1111111111111112,1.3333333333333333,1.7777777777777777,1.1111111111111112,14,14,2,2.0,2,0
2024-10-19,PL,8,AFC Bournemouth,Arsenal FC,45,45,45,45,1.2,1.6,2.2,1.2,1.0,1.7,2.1,0.7,1.1428571428571428,1.4285714285714286,2.142857142857143,0.8571428571428571,14,14,2,3.5,2,0
2024-10-20,PL,8,Wolverhampton Wanderers FC,Manchester City FC,45,45,45,45,1.4,2.6,2.2,1.4,1.1,3.1,2.6,0.9,1.2857142857142858,3.0,2.4285714285714284,1.1428571428571428,14,14,2,4.5,3,1
2024-10-20,ELC,10,Hull City AFC,Sunderland AFC,55,55,55,55,2.0,1.8,1.6,1.4,1.2,1.4,1.8,1.0,1.3333333333333333,1.4444444444444444,2.0,0.8888888888888888,15,15,2,1.0,1,0
2024-10-20,PL,8,Liverpool FC,Chelsea FC,45,45,45,45,1.8,0.4,2.0,0.8,2.2,0.7,2.3,1.2,1.8571428571428572,0.2857142857142857,2.2857142857142856,1.1428571428571428,15,14,2,3.5,3,1
2024-10-21,PL,8,Nottingham Forest FC,Crystal Palace FC,45,45,45,45,1.0,1.0,0.8,1.2,1.4,1.1,1.7,1.1,1.0,0.8571428571428571,0.7142857142857143,1.4285714285714286,15,16,2,1.0,1,0
2024-10-22,ELC,11,Cardiff City FC,Portsmouth FC,56,10,56,10,1.6,1.4,1.0,2.0,0.9,1.8,1.1,2.1,0.9,1.8,1.1,2.1,3,3,0,,2,0
2024-10-22,ELC,11,Leeds United FC,Watford FC,59,56,59,56,2.0,0.6,1.0,2.4,1.7,0.7,1.4,1.7,1.7,0.7,1.4,1.7,3,3,2,3.5,3,1
2024-10-22,ELC,11,Oxford United FC,Derby County FC,10,10,10,10,1.0,1.2,1.0,1.4,1.4,1.2,1.3,1.3,1.4,1.2,1.3,1.3,3,3,0,,2,0
2024-10-22,ELC,11,Preston North End FC,Norwich City FC,56,58,56,58,1.0,0.6,2.6,1.0,0.8,1.2,1.7,1.1,0.8,1.2,1.7,1.1,3,3,2,0.5,4,1
2024-10-22,ELC,11,Sheffield Wednesday FC,Swansea City AFC,56,56,56,56,1.2,1.4,0.6,0.8,1.1,1.7,0.8,0.7,1.1,1.7,0.8,0.7,3,3,2,2.5,0,0
2024-10-22,ELC,11,Stoke City FC,Bristol City FC,56,56,56,56,1.6,1.4,1.2,0.6,1.1,1.3,1.2,1.4,1.1,1.3,1.2,1.4,3,3,2,4.5,4,1
2024-10-22,ELC,11,Queens Park Rangers FC,Coventry City FC,56,56,56,56,0.6,2.0,1.0,1.6,1.0,1.8,1.0,1.4,1.0,1.8,1.0,1.4,3,3,2,3.5,2,0
2024-10-23,ELC,11,Hull City AFC,Burnley FC,56,48,56,10,2.0,1.6,1.0,0.2,1.2,1.4,1.6,0.4,1.2,1.4,1.6,0.4,3,4,0,,2,0
2024-10-23,ELC,11,Blackburn Rovers FC,West Bromwich Albion FC,56,58,56,58,0.8,1.0,0.8,1.0,1.6,1.1,1.3,0.7,1.6,1.1,1.3,0.7,4,4,2,4.0,0,0
2024-10-23,ELC,11,Luton Town FC,Sunderland AFC,48,56,10,56,1.6,1.6,1.4,0.8,1.1,1.5,1.9,0.8,1.1,1.5,1.9,0.8,4,3,0,,3,1
2024-10-23,ELC,11,Millwall FC,Plymouth Argyle FC,56,56,56,56,1.0,0.8,1.0,1.8,1.3,1.2,1.0,1.8,1.3,1.2,1.0,1.8,4,4,2,1.5,1,0
2024-10-23,ELC,11,Middlesbrough FC,Sheffield United FC,56,48,56,10,0.8,1.0,0.8,0.4,1.0,0.9,1.2,0.5,1.0,0.9,1.2,0.5,4,5,0,,1,0
2024-10-25,PL,9,Leicester City FC,Nottingham Forest FC,54,46,8,46,1.8,1.8,1.0,0.8,1.5,1.6,1.2,1.0,1.5,1.75,1.0,0.75,6,4,0,,4,1
2024-10-25,ELC,12,Portsmouth FC,Sheffield Wednesday FC,11,57,11,57,0.8,2.0,1.0,1.0,0.8,2.0,0.7,1.7,1.0,2.090909090909091,1.0,1.5454545454545454,3,3,0,,3,1
2024-10-26,ELC,12,Bristol City FC,Leeds United FC,57,60,57,60,1.2,0.8,2.0,0.8,1.3,1.5,1.6,0.5,1.2727272727272727,1.4545454545454546,1.7272727272727273,0.7272727272727273,3,3,2,2.0,0,0
2024-10-26,ELC,12,Coventry City FC,Luton Town FC,57,49,57,11,1.0,1.4,1.4,1.8,1.1,1.4,1.1,1.3,1.0,1.3636363636363635,1.0909090909090908,1.5454545454545454,3,2,0,,5,1
2024-10-26,ELC,12,Watford FC,Blackburn Rovers FC,57,57,57,57,1.0,2.0,0.8,1.0,1.2,1.7,1.2,0.9,1.3636363636363635,1.7272727272727273,1.4545454545454546,1.0,3,2,2,2.0,1,0
2024-10-26,PL,9,Aston Villa FC,AFC Bournemouth,46,46,46,46,2.2,1.2,1.0,1.2,1.8,1.8,1.2,1.4,1.875,1.25,1.25,1.25,7,6,2,4.0,2,0
2024-10-26,PL,9,Brentford FC,Ipswich Town FC,46,54,46,8,1.8,2.2,0.8,1.8,1.8,2.0,1.0,1.7,1.75,1.875,0.75,2.0,7,7,0,,7,1
2024-10-26,PL,9,Brighton & Hove Albion FC,Wolverhampton Wanderers FC,46,46,46,46,1.6,1.6,1.4,2.8,1.5,1.4,1.1,2.8,1.75,1.25,1.25,2.875,7,6,2,2.5,4,1
2024-10-26,PL,9,Manchester City FC,Southampton FC,46,57,46,8,2.0,1.4,1.0,2.6,2.4,1.0,1.0,1.9,2.375,1.125,0.75,2.25,6,7,0,,1,0
2024-10-26,ELC,12,Burnley FC,Queens Park Rangers FC,49,57,11,57,0.8,0.2,0.6,2.0,1.3,0.4,1.0,1.6,1.5454545454545454,0.45454545454545453,1.0,1.7272727272727273,2,3,0,,0,0
2024-10-26,ELC,12,Derby County FC,Hull City AFC,11,57,11,57,1.2,1.4,1.6,1.6,1.2,1.0,1.2,1.4,1.2727272727272727,1.2727272727272727,1.1818181818181819,1.3636363636363635,3,2,0,,2,0
2024-10-26,ELC,12,Plymouth Argyle FC,Preston North End FC,57,57,57,57,1.0,1.8,1.4,1.0,1.0,1.5,1.0,1.2,0.9090909090909091,1.7272727272727273,0.9090909090909091,1.2727272727272727,2,3,2,2.0,6,1
2024-10-26,ELC,12,Sheffield United FC,Stoke City FC,49,57,11,57,0.6,0.6,1.8,1.2,1.0,0.6,1.2,1.5,1.0909090909090908,0.5454545454545454,1.1818181818181819,1.3636363636363635,2,3,0,,2,0
2024-10-26,ELC,12,Sunderland AFC,Oxford United FC,57,11,57,11,1.6,1.0,1.0,1.0,1.9,0.9,1.3,1.3,1.9090909090909092,0.8181818181818182,1.3636363636363635,1.1818181818181819,2,3,0,,2,0
2024-10-26,ELC,12,Swansea City AFC,Millwall FC,57,57,57,57,0.2,0.6,1.0,0.6,0.8,0.6,1.2,0.9,0.7272727272727273,0.6363636363636364,1.2727272727272727,1.0909090909090908,3,2,2,2.0,1,0
2024-10-26,ELC,12,West Bromwich Albion FC,Cardiff City FC,59,57,59,57,0.6,1.0,2.0,1.0,1.0,0.6,1.1,1.6,1.1818181818181819,0.6363636363636364,1.0,1.6363636363636365,2,3,2,1.5,0,0
2024-10-26,PL,9,Everton FC,Fulham FC,46,46,46,46,1.4,1.0,1.6,1.6,1.1,1.7,1.5,1.7,1.125,1.875,1.375,1.375,7,7,2,0.5,2,0
2024-10-27,PL,9,Chelsea FC,Newcastle United FC,46,46,46,46,2.0,1.0,0.8,1.2,2.1,1.2,1.4,1.3,2.125,1.25,1.0,1.0,6,8,2,5.0,3,1
2024-10-27,PL,9,Crystal Palace FC,Tottenham Hotspur FC,46,46,46,46,0.6,1.2,2.4,1.2,1.3,1.2,2.1,1.1,0.625,1.375,2.25,1.125,5,8,2,3.5,1,0
2024-10-27,PL,9,West Ham United FC,Manchester United FC,46,46,46,46,1.4,2.0,1.0,0.8,1.5,1.9,1.2,1.1,1.375,1.875,0.875,1.125,8,8,2,2.5,3,1
2024-10-27,ELC,12,Norwich City FC,Middlesbrough FC,59,57,59,57,2.2,1.2,1.0,0.8,1.9,1.1,1.0,0.9,1.7272727272727273,1.1818181818181819,1.0,0.8181818181818182,4,3,2,3.5,6,1
2024-10-27,PL,9,Arsenal FC,Liverpool FC,46,46,46,46,2.0,1.4,1.6,0.6,1.8,0.9,2.0,0.6,1.875,1.0,1.875,0.375,8,7,2,3.0,4,1
2024-11-01,ELC,13,Luton Town FC,West Bromwich Albion FC,50,60,12,60,1.6,1.8,0.2,0.4,1.3,1.6,1.0,0.6,1.1666666666666667,1.6666666666666667,1.0833333333333333,0.5833333333333334,6,6,0,,2,0
2024-11-02,PL,10,Newcastle United FC,Arsenal FC,47,47,47,47,0.6,1.4,2.2,1.8,1.3,1.2,1.9,1.1,1.0,1.1111111111111112,1.8888888888888888,1.1111111111111112,5,5,2,3.0,1,0
2024-11-02,ELC,13,Blackburn Rovers FC,Sheffield United FC,58,50,58,12,0.4,1.2,1.0,0.6,1.0,0.8,1.0,0.4,1.3333333333333333,1.0,1.1666666666666667,0.5,7,6,0,,2,0
2024-11-02,ELC,13,Oxford United FC,Swansea City AFC,12,58,12,58,1.0,1.4,0.0,0.6,1.1,1.2,0.5,0.7,1.25,1.25,0.6666666666666666,0.6666666666666666,6,6,0,,3,1
2024-11-02,ELC,13,Stoke City FC,Derby County FC,58,12,58,12,1.8,1.2,1.0,1.0,1.2,1.4,1.2,1.1,1.0833333333333333,1.4166666666666667,1.25,1.25,6,6,0,,3,1
2024-11-02,PL,10,AFC Bournemouth,Manchester City FC,47,47,47,47,1.2,1.2,1.8,1.2,1.2,1.3,2.3,1.0,1.2222222222222223,1.2222222222222223,2.2222222222222223,1.0,7,7,2,4.0,3,1
2024-11-02,PL,10,Ipswich Town FC,Leicester City FC,55,55,9,9,1.4,2.6,1.6,2.0,1.1,2.0,1.3,1.9,1.0,2.2222222222222223,1.4444444444444444,1.8888888888888888,7,7,2,2.0,2,0
2024-11-02,PL,10,Liverpool FC,Brighton & Hove Albion FC,47,47,47,47,2.0,0.8,2.0,2.0,1.9,0.5,1.6,1.4,1.8888888888888888,0.5555555555555556,1.7777777777777777,1.3333333333333333,5,7,2,3.5,3,1
2024-11-02,PL,10,Nottingham Forest FC,West Ham United FC,47,47,47,47,1.4,1.0,1.6,2.0,1.3,0.8,1.4,1.9,1.2222222222222223,0.7777777777777778,1.4444444444444444,1.7777777777777777,7,6,2,3.5,3,1
2024-11-02,PL,10,Southampton FC,Everton FC,58,47,9,47,1.0,2.2,1.2,0.6,0.7,1.9,1.1,1.8,0.6666666666666666,2.111111111111111,1.1111111111111112,1.7777777777777777,7,6,0,,1,0
2024-11-02,ELC,13,Cardiff City FC,Norwich City FC,58,60,58,60,1.8,0.2,2.2,1.4,1.1,1.1,2.0,1.2,0.9166666666666666,1.5,1.8333333333333333,1.3333333333333333,7,6,2,5.0,3,1
2024-11-02,ELC,13,Hull City AFC,Portsmouth FC,58,12,58,12,1.0,1.6,1.0,2.4,1.2,1.4,0.9,2.2,1.1666666666666667,1.3333333333333333,1.0,2.0833333333333335,7,7,0,,2,0
2024-11-02,ELC,13,Leeds United FC,Plymouth Argyle FC,61,58,61,58,1.4,0.8,1.0,2.2,1.6,0.5,1.2,1.7,1.5833333333333333,0.6666666666666666,1.0833333333333333,1.8333333333333333,7,7,2,2.5,3,1
2024-11-02,ELC,13,Middlesbrough FC,Coventry City FC,58,58,58,58,1.2,1.4,1.6,1.2,1.3,1.1,1.1,1.4,1.1666666666666667,1.0,1.1666666666666667,1.4166666666666667,6,7,2,3.5,3,1
2024-11-02,ELC,13,Preston North End FC,Bristol City FC,58,58,58,58,1.8,1.0,1.0,0.6,1.3,1.2,0.9,1.2,1.0833333333333333,1.4166666666666667,1.1666666666666667,1.3333333333333333,7,7,2,2.0,4,1
2024-11-02,ELC,13,Queens Park Rangers FC,Sunderland AFC,58,58,58,58,0.6,1.6,1.8,0.6,0.8,1.4,1.7,0.9,0.9166666666666666,1.5833333333333333,1.9166666666666667,0.75,7,7,2,2.0,0,0
2024-11-02,ELC,13,Sheffield Wednesday FC,Watford FC,58,58,58,58,0.8,0.8,0.8,1.8,0.9,1.4,1.0,1.7,1.0833333333333333,1.5,1.3333333333333333,1.5833333333333333,7,7,2,0.5,8,1
2024-11-02,PL,10,Wolverhampton Wanderers FC,Crystal Palace FC,47,47,47,47,1.6,2.8,0.4,0.8,1.2,2.7,1.1,1.1,1.3333333333333333,2.7777777777777777,0.6666666666666666,1.2222222222222223,7,6,2,4.5,4,1
2024-11-03,PL,10,Tottenham Hotspur FC,Aston Villa FC,47,47,47,47,2.4,1.2,1.8,1.0,2.1,1.0,1.6,1.6,2.0,1.1111111111111112,1.7777777777777777,1.2222222222222223,7,8,2,3.5,5,1
2024-11-03,ELC,13,Millwall FC,Burnley FC,58,50,58,12,0.6,0.4,0.8,0.2,1.0,0.5,0.8,0.4,1.25,1.0,1.4166666666666667,0.4166666666666667,8,8,0,,1,0
2024-11-03,PL,10,Manchester United FC,Chelsea FC,47,47,47,47,0.6,1.2,2.2,1.2,1.0,1.1,2.1,1.2,0.8888888888888888,1.2222222222222223,2.111111111111111,1.2222222222222223,7,7,2,5.0,2,0
2024-11-04,PL,10,Fulham FC,Brentford FC,47,47,47,47,1.6,1.6,2.4,2.4,1.6,1.4,2.0,2.2,1.3333333333333333,1.3333333333333333,2.0,2.0,9,9,2,1.5,3,1
2024-11-05,ELC,14,Bristol City FC,Sheffield United FC,59,51,59,13,1.6,0.8,1.2,0.6,1.1,1.2,1.1,0.3,1.3076923076923077,1.3076923076923077,1.2307692307692308,0.46153846153846156,3,3,0,,3,1
2024-11-05,ELC,14,Oxford United FC,Hull City AFC,13,59,13,59,0.8,1.4,0.6,1.6,1.1,1.2,1.3,1.5,1.2307692307692308,1.3076923076923077,1.1538461538461537,1.3076923076923077,3,3,0,,1,0
2024-11-05,ELC,14,Queens Park Rangers FC,Middlesbrough FC,59,59,59,59,0.4,1.0,1.0,2.0,0.7,1.3,1.1,1.2,0.8461538461538461,1.4615384615384615,1.0769230769230769,1.1538461538461537,3,3,2,2.0,5,1
2024-11-05,ELC,14,Sheffield Wednesday FC,Norwich City FC,59,61,59,61,1.2,2.0,2.2,1.6,1.1,1.8,2.0,1.3,1.1538461538461537,1.8461538461538463,1.7692307692307692,1.3846153846153846,3,3,2,4.0,2,0
2024-11-05,ELC,14,Plymouth Argyle FC,Portsmouth FC,59,13,59,13,1.0,2.6,1.0,1.4,1.1,1.9,0.8,2.1,1.0,1.9230769230769231,1.0,2.0,3,3,0,,1,0
2024-11-05,ELC,14,Swansea City AFC,Watford FC,59,59,59,59,0.4,0.6,2.0,1.6,0.6,0.7,1.4,1.8,0.7692307692307693,0.6923076923076923,1.6923076923076923,1.6153846153846154,3,3,2,1.5,1,0
2024-11-06,ELC,14,Millwall FC,Leeds United FC,59,62,59,62,0.8,0.2,1.8,0.6,1.1,0.5,1.7,0.5,1.2307692307692308,0.9230769230769231,1.6923076923076923,0.6153846153846154,3,4,2,2.5,1,0
2024-11-06,ELC,14,Blackburn Rovers FC,Stoke City FC,59,59,59,59,0.4,1.0,1.0,1.2,0.8,0.9,1.3,1.3,1.2307692307692308,1.0769230769230769,1.1538461538461537,1.3846153846153846,4,4,2,3.5,2,0
2024-11-06,ELC,14,Coventry City FC,Derby County FC,59,13,59,13,1.6,1.2,1.2,1.0,1.3,1.3,1.2,1.1,1.3076923076923077,1.3076923076923077,1.2307692307692308,1.3076923076923077,4,4,0,,3,1
2024-11-06,ELC,14,Luton Town FC,Cardiff City FC,51,59,13,59,1.4,1.6,2.0,0.4,1.4,1.6,1.2,1.1,1.1538461538461537,1.6153846153846154,1.0,1.4615384615384615,5,4,0,,1,0
2024-11-06,ELC,14,Preston North End FC,Sunderland AFC,59,59,59,59,1.4,1.6,1.4,0.6,1.3,1.5,1.6,0.9,1.0769230769230769,1.5384615384615385,1.7692307692307692,0.6923076923076923,4,4,2,2.5,0,0
2024-11-07,ELC,14,West Bromwich Albion FC,Burnley FC,61,51,61,13,0.4,0.4,0.6,0.4,0.9,0.6,0.8,0.4,1.0769230769230769,0.6153846153846154,1.3076923076923077,0.46153846153846156,6,4,0,,0,0
2024-11-08,ELC,15,Watford FC,Oxford United FC,60,14,60,14,1.6,1.6,0.8,1.2,1.4,1.8,0.9,1.1,1.5714285714285714,1.5714285714285714,1.2142857142857142,1.2142857142857142,3,3,0,,1,0
2024-11-09,ELC,15,Cardiff City FC,Blackburn Rovers FC,60,60,60,60,1.8,0.4,0.2,1.0,1.2,1.0,0.7,1.0,0.9285714285714286,1.4285714285714286,1.1428571428571428,1.1428571428571428,2,2,2,0.5,4,1
2024-11-09,ELC,15,Middlesbrough FC,Luton Town FC,60,52,60,14,1.6,1.8,1.6,1.2,1.3,1.3,1.4,1.4,1.2857142857142858,1.1428571428571428,1.1428571428571428,1.5,3,2,0,,6,1
2024-11-09,ELC,15,Stoke City FC,Millwall FC,60,60,60,60,1.4,1.2,1.0,0.2,1.4,1.3,0.9,0.5,1.2142857142857142,1.2857142857142858,1.2142857142857142,0.8571428571428571,2,2,2,0.5,2,0
2024-11-09,PL,11,Brentford FC,AFC Bournemouth,48,48,48,48,2.4,2.2,1.6,0.8,1.9,2.0,1.3,1.2,1.9,2.0,1.3,1.2,4,7,2,3.5,5,1
2024-11-09,PL,11,Crystal Palace FC,Fulham FC,48,48,48,48,0.8,1.2,1.4,1.6,0.8,1.3,1.4,1.3,0.8,1.3,1.4,1.3,6,4,2,1.0,2,0
2024-11-09,PL,11,West Ham United FC,Everton FC,48,48,48,48,1.6,2.0,1.0,0.6,1.3,1.9,1.0,1.7,1.3,1.9,1.0,1.7,7,7,2,2.5,0,0
2024-11-09,PL,11,Wolverhampton Wanderers FC,Southampton FC,48,59,48,10,1.8,2.6,1.0,2.0,1.4,2.7,0.7,1.9,1.4,2.7,0.7,1.9,6,7,0,,2,0
2024-11-09,ELC,15,Derby County FC,Plymouth Argyle FC,14,60,14,60,1.2,1.2,0.8,2.4,1.1,1.2,1.2,1.8,1.2857142857142858,1.2857142857142858,1.0,1.7857142857142858,2,3,0,,2,0
2024-11-09,ELC,15,Leeds United FC,Queens Park Rangers FC,63,60,63,60,1.4,0.4,0.6,1.4,1.5,0.6,0.6,1.6,1.5714285714285714,0.6428571428571429,0.8571428571428571,1.6428571428571428,2,3,2,2.5,2,0
2024-11-09,ELC,15,Norwich City FC,Bristol City FC,62,60,62,60,1.4,2.0,1.6,1.0,1.9,1.5,1.2,1.1,1.6428571428571428,1.4285714285714286,1.2857142857142858,1.3571428571428572,3,3,2,2.5,2,0
2024-11-09,ELC,15,Portsmouth FC,Preston North End FC,14,60,14,60,0.8,1.4,1.4,1.6,0.7,1.9,1.2,1.2,0.9285714285714286,1.9285714285714286,1.0,1.4285714285714286,3,2,0,,4,1
2024-11-09,ELC,15,Sunderland AFC,Coventry City FC,60,60,60,60,1.0,0.2,1.6,1.2,1.3,0.8,1.4,1.4,1.6428571428571428,0.6428571428571429,1.2857142857142858,1.3571428571428572,2,2,2,1.5,4,1
2024-11-09,PL,11,Brighton & Hove Albion FC,Manchester City FC,48,48,48,48,1.8,2.0,1.6,1.2,1.7,1.4,2.1,1.1,1.7,1.4,2.1,1.1,7,7,2,3.5,3,1
2024-11-09,PL,11,Liverpool FC,Aston Villa FC,48,48,48,48,1.8,1.0,1.4,1.6,1.9,0.6,1.7,1.5,1.9,0.6,1.7,1.5,7,6,2,4.5,2,0
2024-11-10,ELC,15,Sheffield United FC,Sheffield Wednesday FC,52,60,14,60,1.2,0.8,1.2,1.8,1.2,0.4,1.3,1.5,1.2857142857142858,0.5,1.2142857142857142,1.7142857142857142,4,4,0,,1,0
2024-11-10,ELC,15,Hull City AFC,West Bromwich Albion FC,60,62,60,62,0.6,1.0,0.4,0.4,1.3,1.4,0.8,0.6,1.0714285714285714,1.2857142857142858,1.0,0.5714285714285714,4,2,2,3.0,3,1
2024-11-10,PL,11,Manchester United FC,Leicester City FC,48,56,48,10,0.8,1.4,1.6,2.0,0.9,1.2,1.4,1.8,0.9,1.2,1.4,1.8,6,7,0,,3,1
2024-11-10,PL,11,Nottingham Forest FC,Newcastle United FC,48,48,48,48,1.6,0.6,0.6,0.8,1.4,0.7,1.0,1.0,1.4,0.7,1.0,1.0,7,8,2,4.5,4,1
2024-11-10,PL,11,Tottenham Hotspur FC,Ipswich Town FC,48,56,48,10,2.6,1.2,1.4,2.6,2.2,1.1,1.0,2.1,2.2,1.1,1.0,2.1,7,7,0,,3,1
2024-11-10,ELC,15,Burnley FC,Swansea City AFC,52,60,14,60,0.6,0.4,0.6,0.6,0.7,0.3,0.7,0.6,1.2142857142857142,0.42857142857142855,0.7857142857142857,0.6428571428571429,2,4,0,,1,0
2024-11-10,PL,11,Chelsea FC,Arsenal FC,48,48,48,48,1.8,1.4,1.8,1.6,2.0,1.2,1.7,1.1,2.0,1.2,1.7,1.1,7,8,2,4.5,2,0
2024-11-22,ELC,16,Plymouth Argyle FC,Watford FC,61,61,61,61,1.0,1.6,1.8,1.0,1.0,1.7,1.4,1.7,1.0,1.7333333333333334,1.5333333333333334,1.4666666666666666,13,14,2,3.0,4,1
2024-11-23,PL,12,Leicester City FC,Chelsea FC,57,49,11,49,1.2,1.8,1.2,1.2,1.3,2.0,2.1,1.1,1.2727272727272727,1.9090909090909092,1.9090909090909092,1.1818181818181819,12,12,0,,3,1
2024-11-23,ELC,16,Bristol City FC,Burnley FC,61,53,61,15,1.6,1.0,0.4,0.4,1.4,0.8,0.7,0.3,1.3333333333333333,1.2666666666666666,1.2,0.4,13,12,0,,1,0
2024-11-23,ELC,16,Coventry City FC,Sheffield United FC,61,53,61,15,2.0,1.4,1.4,0.4,1.5,1.5,1.1,0.4,1.3333333333333333,1.4,1.2666666666666666,0.4666666666666667,13,13,0,,4,1
2024-11-23,ELC,16,Sheffield Wednesday FC,Cardiff City FC,61,61,61,61,1.2,1.6,1.0,1.0,1.2,1.5,1.3,1.2,1.1333333333333333,1.6666666666666667,0.9333333333333333,1.5333333333333334,13,14,2,3.0,2,0
2024-11-23,PL,12,AFC Bournemouth,Brighton & Hove Albion FC,49,49,49,49,1.4,1.2,1.8,1.4,1.4,1.4,1.6,1.5,1.3636363636363635,1.3636363636363635,1.7272727272727273,1.3636363636363635,14,13,2,3.5,3,1
2024-11-23,PL,12,Arsenal FC,Nottingham Forest FC,49,49,49,49,1.2,1.4,1.8,1.0,1.6,1.2,1.4,0.9,1.6363636363636365,1.0909090909090908,1.3636363636363635,0.9090909090909091,12,13,2,3.0,3,1
2024-11-23,PL,12,Aston Villa FC,Crystal Palace FC,49,49,49,49,1.0,1.6,0.6,1.2,1.5,1.6,0.7,1.3,1.5454545454545454,1.5454545454545454,0.7272727272727273,1.3636363636363635,13,14,2,4.5,4,1
2024-11-23,PL,12,Everton FC,Brentford FC,49,49,49,49,0.6,0.4,2.8,2.4,1.0,1.4,2.0,2.1,0.9090909090909091,1.5454545454545454,2.0,2.0,14,14,2,2.5,0,0
2024-11-23,PL,12,Fulham FC,Wolverhampton Wanderers FC,49,49,49,49,1.6,1.6,2.0,2.2,1.6,1.2,1.6,2.5,1.4545454545454546,1.1818181818181819,1.4545454545454546,2.4545454545454546,14,14,2,4.0,5,1
2024-11-23,ELC,16,Luton Town FC,Hull City AFC,53,61,15,61,1.2,2.2,0.8,1.2,1.4,1.9,1.4,1.4,1.1333333333333333,1.7333333333333334,1.0666666666666667,1.3333333333333333,14,13,0,,1,0
2024-11-23,ELC,16,Millwall FC,Sunderland AFC,61,61,61,61,1.0,0.2,1.2,0.6,1.0,0.5,1.3,0.7,1.2,0.8666666666666667,1.6666666666666667,0.7333333333333333,14,14,2,1.5,2,0
2024-11-23,ELC,16,Oxford United FC,Middlesbrough FC,15,61,15,61,0.6,1.2,2.6,1.6,0.8,1.2,1.7,1.3,1.1333333333333333,1.2,1.5333333333333334,1.1333333333333333,14,14,0,,8,1
2024-11-23,ELC,16,Preston North End FC,Derby County FC,61,15,61,15,1.4,2.2,1.2,1.2,1.2,1.4,1.1,1.3,1.0,1.5333333333333334,1.2666666666666666,1.2666666666666666,14,14,0,,2,0
2024-11-23,ELC,16,Queens Park Rangers FC,Stoke City FC,61,61,61,61,0.4,1.4,1.4,1.2,0.5,1.7,1.5,1.3,0.8,1.6666666666666667,1.2,1.2666666666666666,14,14,2,3.5,2,0
2024-11-23,ELC,16,West Bromwich Albion FC,Norwich City FC,63,63,63,63,0.6,0.4,1.2,2.2,0.7,0.7,1.9,1.6,1.0666666666666667,0.6,1.5333333333333334,1.4666666666666666,13,14,2,1.5,4,1
2024-11-23,PL,12,Manchester City FC,Tottenham Hotspur FC,49,49,49,49,1.6,1.4,2.2,1.6,2.0,1.3,2.2,1.2,2.0,1.1818181818181819,2.090909090909091,1.1818181818181819,14,13,2,4.0,4,1
2024-11-24,PL,12,Southampton FC,Liverpool FC,60,49,11,49,0.8,1.8,1.8,0.8,0.7,2.0,1.9,0.6,0.6363636363636364,1.9090909090909092,1.9090909090909092,0.5454545454545454,14,14,0,,5,1
2024-11-24,ELC,16,Swansea City AFC,Leeds United FC,61,64,61,64,0.6,0.6,1.4,0.4,0.6,0.7,1.7,0.5,0.7333333333333333,0.6666666666666666,1.6,0.6,14,15,2,4.0,7,1
2024-11-24,PL,12,Ipswich Town FC,Manchester United FC,57,49,11,49,1.4,2.4,1.4,0.8,1.2,2.0,1.1,1.2,1.0909090909090908,2.0,1.0909090909090908,1.0909090909090908,14,14,0,,2,0
2024-11-25,PL,12,Newcastle United FC,West Ham United FC,49,49,49,49,1.0,0.8,1.4,1.8,1.2,1.1,1.2,1.7,1.1818181818181819,1.0,1.1818181818181819,1.7272727272727273,15,16,2,5.5,2,0
2024-11-26,ELC,17,Burnley FC,Coventry City FC,54,62,16,62,0.4,0.2,2.2,1.6,0.6,0.2,1.6,1.5,1.1875,0.375,1.375,1.4375,3,3,0,,2,0
2024-11-26,ELC,17,Hull City AFC,Sheffield Wednesday FC,62,62,62,62,0.6,1.2,1.4,1.8,1.1,1.4,1.2,1.4,1.0,1.3125,1.125,1.625,3,3,2,5.0,2,0
2024-11-26,ELC,17,Norwich City FC,Plymouth Argyle FC,64,62,64,62,1.2,2.2,1.4,1.8,1.7,1.7,1.2,1.8,1.5625,1.5,1.0625,1.75,3,3,2,5.5,7,1
2024-11-26,ELC,17,Sheffield United FC,Oxford United FC,54,16,16,16,1.8,0.6,0.8,2.2,1.2,0.6,0.9,1.6,1.3125,0.5625,1.1875,1.5,3,3,0,,3,1
2024-11-26,ELC,17,Stoke City FC,Preston North End FC,62,62,62,62,1.2,1.0,1.2,2.0,1.5,1.1,1.3,1.5,1.1875,1.25,1.0,1.5,3,3,2,2.5,0,0
2024-11-26,ELC,17,Watford FC,Bristol City FC,62,62,62,62,2.0,1.0,1.2,0.8,1.5,1.5,1.2,0.8,1.5625,1.5,1.25,1.25,3,3,2,3.5,1,0
2024-11-26,ELC,17,Sunderland AFC,West Bromwich Albion FC,62,64,62,64,1.0,0.6,1.0,0.8,1.3,0.8,0.8,0.9,1.625,0.75,1.125,0.6875,3,3,2,2.0,0,0
2024-11-27,ELC,17,Leeds United FC,Luton Town FC,65,54,65,16,1.8,0.8,1.2,1.8,1.9,0.8,1.3,1.8,1.75,0.75,1.125,1.625,3,4,0,,3,1
2024-11-27,ELC,17,Cardiff City FC,Queens Park Rangers FC,62,62,62,62,0.8,1.2,0.4,1.4,1.4,1.1,0.5,1.7,0.9375,1.5,0.8125,1.625,4,4,2,3.0,2,0
2024-11-27,ELC,17,Middlesbrough FC,Blackburn Rovers FC,62,61,62,61,3.6,2.0,0.6,1.2,2.3,1.4,0.7,1.1,1.8125,1.1875,1.2666666666666666,1.1333333333333333,4,18,2,1.5,1,0
2024-11-27,ELC,17,Derby County FC,Swansea City AFC,16,62,16,62,1.2,1.2,1.2,1.4,1.2,1.3,0.7,1.0,1.25,1.25,0.875,0.875,4,3,0,,3,1
2024-11-29,PL,13,Brighton & Hove Albion FC,Southampton FC,50,61,50,12,1.6,1.2,1.0,1.8,1.6,1.5,0.9,2.2,1.75,1.3333333333333333,0.75,2.0,6,5,0,,2,0
2024-11-29,ELC,18,Sheffield United FC,Sunderland AFC,55,63,17,63,2.0,0.6,0.6,0.6,1.5,0.6,1.2,0.6,1.411764705882353,0.5294117647058824,1.5294117647058822,0.7058823529411765,3,3,0,,1,0
2024-11-30,ELC,18,Middlesbrough FC,Hull City AFC,63,63,63,63,3.0,1.6,0.4,1.4,2.1,1.5,0.7,1.5,1.7058823529411764,1.1764705882352942,0.9411764705882353,1.3529411764705883,2,3,2,3.5,4,1
2024-11-30,ELC,18,Oxford United FC,Millwall FC,17,62,17,62,0.8,2.4,1.0,0.4,0.9,1.9,1.0,0.5,1.1176470588235294,1.588235294117647,1.1875,0.875,3,6,0,,2,0
2024-11-30,ELC,18,Watford FC,Queens Park Rangers FC,63,63,63,63,2.0,1.0,0.8,1.4,1.4,1.4,0.7,1.5,1.5294117647058822,1.411764705882353,0.8823529411764706,1.5294117647058822,3,2,2,3.5,0,0
2024-11-30,ELC,18,Blackburn Rovers FC,Leeds United FC,62,66,62,66,0.8,1.2,2.4,0.8,0.8,1.1,1.9,0.8,1.25,1.0625,1.8235294117647058,0.7058823529411765,2,2,2,1.5,1,0
2024-11-30,PL,13,Brentford FC,Leicester City FC,50,58,50,12,1.8,1.8,1.2,2.2,2.0,1.9,1.3,2.0,1.8333333333333333,1.8333333333333333,1.25,1.9166666666666667,7,7,0,,5,1
2024-11-30,PL,13,Crystal Palace FC,Newcastle United FC,50,50,50,50,1.0,1.4,1.0,1.2,0.9,1.3,1.1,1.2,0.8333333333333334,1.4166666666666667,1.0833333333333333,1.0833333333333333,7,4,2,3.0,2,0
2024-11-30,PL,13,Nottingham Forest FC,Ipswich Town FC,50,58,50,12,1.6,1.4,1.4,1.8,1.3,1.2,1.2,1.7,1.25,1.0833333333333333,1.0833333333333333,1.9166666666666667,7,5,0,,1,0
2024-11-30,PL,13,Wolverhampton Wanderers FC,AFC Bournemouth,50,50,50,50,2.2,1.4,1.6,1.4,1.8,2.0,1.4,1.5,1.6666666666666667,2.3333333333333335,1.3333333333333333,1.4166666666666667,7,7,2,2.0,6,1
2024-11-30,ELC,18,Bristol City FC,Plymouth Argyle FC,63,63,63,63,1.2,1.0,1.0,2.4,1.1,0.8,1.0,2.3,1.1764705882352942,1.2352941176470589,1.0588235294117647,2.0,3,3,2,3.0,4,1
2024-11-30,ELC,18,Coventry City FC,Cardiff City FC,63,63,63,63,1.6,1.6,0.8,1.6,1.6,1.4,1.3,0.9,1.2941176470588236,1.4705882352941178,0.8823529411764706,1.5294117647058822,3,2,2,4.0,4,1
2024-11-30,ELC,18,Norwich City FC,Luton Town FC,65,55,65,17,1.8,1.8,0.8,1.8,2.0,1.6,1.2,1.8,1.8235294117647058,1.4705882352941178,1.0588235294117647,1.7058823529411764,3,2,0,,6,1
2024-11-30,ELC,18,Preston North End FC,West Bromwich Albion FC,63,65,63,65,0.6,1.4,1.0,0.8,1.2,1.2,0.6,0.6,0.9411764705882353,1.411764705882353,1.0588235294117647,0.6470588235294118,3,3,2,3.5,2,0
2024-11-30,ELC,18,Stoke City FC,Burnley FC,63,55,63,17,1.2,0.6,0.8,0.2,1.5,0.9,0.8,0.2,1.1176470588235294,1.1764705882352942,1.2352941176470589,0.35294117647058826,3,3,0,,2,0
2024-11-30,ELC,18,Swansea City AFC,Portsmouth FC,63,15,63,15,1.6,1.4,1.0,1.4,0.8,1.0,1.0,1.7,0.9411764705882353,0.8823529411764706,1.0666666666666667,1.8666666666666667,2,21,0,,4,1
2024-11-30,PL,13,West Ham United FC,Arsenal FC,50,50,50,50,1.0,1.6,1.2,1.2,1.2,1.7,1.7,1.2,1.25,1.5833333333333333,1.75,1.0,4,7,2,4.0,7,1
2024-12-01,PL,13,Chelsea FC,Aston Villa FC,50,50,50,50,1.4,1.2,1.4,2.0,1.7,1.0,1.7,1.6,1.9166666666666667,1.1666666666666667,1.5833333333333333,1.5833333333333333,8,7,2,2.5,3,1
2024-12-01,PL,13,Manchester United FC,Everton FC,50,50,50,50,1.6,1.0,0.6,0.4,1.1,1.1,1.0,1.0,1.0833333333333333,1.0833333333333333,0.8333333333333334,1.4166666666666667,6,7,2,2.5,4,1
2024-12-01,PL,13,Tottenham Hotspur FC,Fulham FC,50,50,50,50,2.6,1.0,1.4,1.8,2.2,1.2,1.5,1.5,2.25,1.0833333333333333,1.4166666666666667,1.4166666666666667,7,7,2,2.5,2,0
2024-12-01,ELC,18,Derby County FC,Sheffield Wednesday FC,17,63,17,63,1.2,1.4,1.4,1.6,1.1,1.2,1.1,1.2,1.2352941176470589,1.2941176470588236,1.1764705882352942,1.5294117647058822,3,4,0,,3,1
2024-12-01,PL,13,Liverpool FC,Manchester City FC,50,50,50,50,2.2,1.2,1.0,1.8,2.0,0.8,1.6,1.6,2.0,0.6666666666666666,1.8333333333333333,1.4166666666666667,7,7,2,2.0,2,0
2024-12-03,PL,14,Ipswich Town FC,Crystal Palace FC,59,51,13,51,1.4,1.6,1.2,1.4,1.1,1.7,0.9,1.3,1.0,1.8461538461538463,0.8461538461538461,1.3846153846153846,3,3,0,,1,0
2024-12-03,PL,14,Leicester City FC,West Ham United FC,59,51,13,51,0.8,2.6,1.2,1.8,1.3,2.2,1.3,1.9,1.2307692307692308,2.076923076923077,1.3076923076923077,1.8461538461538463,3,3,0,,4,1
2024-12-04,PL,14,Everton FC,Wolverhampton Wanderers FC,51,51,51,51,0.2,1.2,2.4,1.8,0.8,1.1,1.9,2.3,0.7692307692307693,1.6153846153846154,1.6923076923076923,2.4615384615384617,3,4,2,2.0,4,1
2024-12-04,PL,14,Manchester City FC,Nottingham Forest FC,51,51,51,51,0.6,2.0,1.6,1.4,1.3,1.7,1.3,1.1,1.6923076923076923,1.4615384615384615,1.2307692307692308,1.0,3,4,2,2.0,3,1
2024-12-04,PL,14,Newcastle United FC,Liverpool FC,51,51,51,51,1.2,1.2,2.2,1.0,1.0,1.2,1.9,0.8,1.0769230769230769,1.0769230769230769,2.0,0.6153846153846154,4,3,2,4.5,6,1
2024-12-04,PL,14,Southampton FC,Chelsea FC,62,51,13,51,0.8,1.4,1.8,0.8,0.9,2.0,1.9,0.9,0.7692307692307693,1.9230769230769231,2.0,1.0769230769230769,4,3,0,,6,1
2024-12-04,PL,14,Arsenal FC,Manchester United FC,51,51,51,51,2.2,1.2,2.0,0.8,2.1,1.3,1.5,0.8,2.0,1.0769230769230769,1.3076923076923077,1.0,4,3,2,2.5,2,0
2024-12-04,PL,14,Aston Villa FC,Brentford FC,51,51,51,51,0.8,2.4,2.4,1.6,1.5,1.8,2.1,1.9,1.4615384615384615,1.6923076923076923,2.0,1.7692307692307692,3,4,2,4.5,4,1
2024-12-05,PL,14,Fulham FC,Brighton & Hove Albion FC,51,51,51,51,1.4,1.4,1.6,1.4,1.5,1.5,1.6,1.5,1.3846153846153846,1.3846153846153846,1.6923076923076923,1.3076923076923077,4,5,2,2.5,4,1
2024-12-05,PL,14,AFC Bournemouth,Tottenham Hotspur FC,51,51,51,51,2.0,1.8,2.0,1.0,1.5,1.5,2.2,1.1,1.5384615384615385,1.4615384615384615,2.1538461538461537,1.0769230769230769,5,4,2,3.0,1,0
2024-12-06,ELC,19,Burnley FC,Middlesbrough FC,56,64,18,64,1.2,0.0,3.6,1.2,0.9,0.2,2.3,1.6,1.2777777777777777,0.3333333333333333,1.7777777777777777,1.1666666666666667,6,6,0,,2,0
2024-12-07,ELC,19,Leeds United FC,Derby County FC,67,18,67,18,1.8,1.0,1.2,1.4,1.8,0.8,1.2,1.2,1.7222222222222223,0.7222222222222222,1.2222222222222223,1.3333333333333333,6,5,0,,2,0
2024-12-07,ELC,19,Sheffield Wednesday FC,Preston North End FC,64,64,64,64,1.4,0.6,0.6,1.0,1.3,1.3,1.0,1.3,1.2222222222222223,1.5,0.9444444444444444,1.3888888888888888,5,6,2,1.0,2,0
2024-12-07,ELC,19,Sunderland AFC,Stoke City FC,64,64,64,64,0.6,0.8,0.8,0.8,1.0,0.7,0.9,1.0,1.4444444444444444,0.7222222222222222,1.0555555555555556,1.2222222222222223,7,6,2,3.5,3,1
2024-12-07,PL,15,Aston Villa FC,Southampton FC,52,63,52,14,1.2,2.4,1.0,2.2,1.5,1.7,1.0,2.2,1.5714285714285714,1.6428571428571428,0.7857142857142857,2.142857142857143,2,2,0,,1,0
2024-12-07,PL,15,Brentford FC,Newcastle United FC,52,52,52,52,1.8,1.6,1.6,1.4,2.1,2.0,1.1,1.4,1.9285714285714286,1.8571428571428572,1.2142857142857142,1.2142857142857142,2,2,2,3.5,6,1
2024-12-07,PL,15,Crystal Palace FC,Manchester City FC,52,52,52,52,1.2,1.4,1.0,2.0,0.8,1.1,1.4,1.6,0.8571428571428571,1.2857142857142858,1.7857142857142858,1.3571428571428572,3,2,2,5.0,4,1
2024-12-07,ELC,19,Hull City AFC,Blackburn Rovers FC,64,63,64,63,0.4,1.8,1.0,1.0,0.5,1.7,0.7,1.1,0.9444444444444444,1.4444444444444444,1.2352941176470589,1.0,7,7,2,4.0,1,0
2024-12-07,ELC,19,Luton Town FC,Swansea City AFC,56,64,18,64,1.0,2.4,1.6,1.6,1.2,2.0,1.0,1.1,1.1111111111111112,1.8333333333333333,1.0,0.9444444444444444,7,7,0,,2,0
2024-12-07,ELC,19,Millwall FC,Coventry City FC,63,64,63,64,1.0,0.6,1.4,2.0,0.8,0.5,1.5,1.6,1.1764705882352942,0.8823529411764706,1.3333333333333333,1.5,7,7,2,3.0,1,0
2024-12-07,ELC,19,Portsmouth FC,Bristol City FC,16,64,16,64,1.4,1.4,1.4,0.8,1.1,1.7,1.5,0.8,1.125,1.875,1.3333333333333333,1.1666666666666667,7,7,0,,3,1
2024-12-07,ELC,19,Queens Park Rangers FC,Norwich City FC,64,66,64,66,0.8,1.4,2.4,1.8,0.6,1.2,2.3,1.7,0.8333333333333334,1.4444444444444444,1.9444444444444444,1.5,7,7,2,2.5,3,1
2024-12-07,PL,15,Manchester United FC,Nottingham Forest FC,52,52,52,52,1.8,0.8,1.0,1.8,1.2,1.0,1.2,1.4,1.2142857142857142,1.0714285714285714,1.1428571428571428,1.1428571428571428,2,2,2,4.0,5,1
2024-12-08,PL,15,Fulham FC,Arsenal FC,52,52,52,52,1.8,1.4,2.2,0.8,1.7,1.5,2.2,1.3,1.5,1.3571428571428572,2.0,1.0,2,3,2,3.5,2,0
2024-12-08,PL,15,Ipswich Town FC,AFC Bournemouth,60,52,14,52,0.8,1.0,2.0,1.6,1.1,1.8,1.6,1.4,0.9285714285714286,1.7857142857142858,1.5,1.3571428571428572,4,2,0,,3,1
2024-12-08,PL,15,Leicester City FC,Brighton & Hove Albion FC,60,52,14,52,1.2,2.2,1.4,1.6,1.4,2.1,1.7,1.8,1.3571428571428572,2.0,1.6428571428571428,1.4285714285714286,4,2,0,,4,1
2024-12-08,ELC,19,West Bromwich Albion FC,Sheffield United FC,66,56,66,18,1.0,0.8,1.8,0.6,0.7,0.6,1.5,0.6,1.0555555555555556,0.6666666666666666,1.3888888888888888,0.5,8,8,0,,4,1
2024-12-08,PL,15,Tottenham Hotspur FC,Chelsea FC,52,52,52,52,2.0,1.0,2.4,0.8,2.2,1.1,2.3,1.0,2.0,1.0714285714285714,2.2142857142857144,1.0714285714285714,2,3,2,3.5,7,1
2024-12-09,PL,15,West Ham United FC,Wolverhampton Wanderers FC,52,52,52,52,1.0,2.2,2.0,2.2,1.3,2.1,1.8,2.5,1.2857142857142858,1.9285714285714286,1.5714285714285714,2.5714285714285716,5,5,2,3.0,3,1
2024-12-10,ELC,20,Burnley FC,Derby County FC,57,19,19,19,1.4,0.2,0.8,1.6,1.0,0.3,1.0,1.4,1.263157894736842,0.3684210526315789,1.1578947368421053,1.368421052631579,3,3,0,,0,0
2024-12-10,ELC,20,Luton Town FC,Stoke City FC,57,65,19,65,1.0,2.6,0.6,1.2,1.3,1.9,1.0,1.2,1.105263157894737,1.7894736842105263,1.0526315789473684,1.263157894736842,3,3,0,,3,1
2024-12-10,ELC,20,Plymouth Argyle FC,Swansea City AFC,64,65,64,65,1.0,2.6,1.6,1.8,1.0,2.6,1.1,1.2,1.0,2.111111111111111,1.0,0.9473684210526315,10,3,2,2.5,3,1
2024-12-10,ELC,20,Portsmouth FC,Norwich City FC,17,67,17,67,1.8,1.0,2.4,2.0,1.4,1.7,1.9,2.0,1.2352941176470589,1.7647058823529411,1.8421052631578947,1.5789473684210527,3,3,0,,0,0
2024-12-10,ELC,20,Sheffield Wednesday FC,Blackburn Rovers FC,65,64,65,64,1.2,0.8,1.2,0.6,1.2,1.3,0.8,0.8,1.2105263157894737,1.4736842105263157,1.2222222222222223,0.9444444444444444,3,3,2,4.0,1,0
2024-12-10,ELC,20,Sunderland AFC,Bristol City FC,65,65,65,65,1.0,1.0,1.2,1.0,1.0,0.6,1.4,1.0,1.4736842105263157,0.7368421052631579,1.263157894736842,1.263157894736842,3,3,2,0.5,2,0
2024-12-10,ELC,20,Leeds United FC,Middlesbrough FC,68,65,68,65,2.2,0.8,3.0,1.2,1.8,0.6,2.3,1.5,1.736842105263158,0.6842105263157895,1.736842105263158,1.1578947368421053,3,4,2,6.0,4,1
2024-12-11,ELC,20,Millwall FC,Sheffield United FC,64,57,64,19,0.8,0.8,1.8,0.8,0.8,0.5,1.5,0.8,1.1111111111111112,0.8888888888888888,1.4210526315789473,0.5789473684210527,4,3,0,,1,0
2024-12-11,ELC,20,Cardiff City FC,Preston North End FC,64,65,64,65,0.8,1.8,0.8,1.2,1.4,1.1,1.1,1.4,0.9444444444444444,1.5555555555555556,0.9473684210526315,1.368421052631579,11,4,2,2.5,2,0
2024-12-11,ELC,20,Hull City AFC,Watford FC,65,64,65,64,0.4,1.8,0.8,0.6,0.5,1.4,1.4,1.1,0.8947368421052632,1.4210526315789473,1.4444444444444444,1.3333333333333333,4,11,2,1.5,2,0
2024-12-11,ELC,20,Queens Park Rangers FC,Oxford United FC,65,18,65,18,1.2,0.6,0.8,2.2,0.9,1.0,0.8,1.8,0.9473684210526315,1.368421052631579,1.1111111111111112,1.5555555555555556,4,11,0,,2,0
2024-12-11,ELC,20,West Bromwich Albion FC,Coventry City FC,67,65,67,65,1.4,1.2,1.4,1.6,0.9,0.8,1.5,1.4,1.105263157894737,0.7368421052631579,1.3157894736842106,1.4210526315789473,3,4,2,2.5,2,0
2024-12-13,ELC,21,Derby County FC,Portsmouth FC,20,18,20,18,0.6,1.4,1.6,0.8,0.9,1.3,1.3,1.1,1.1,1.3,1.1666666666666667,1.6666666666666667,3,3,0,,4,1
2024-12-14,ELC,21,Bristol City FC,Queens Park Rangers FC,66,66,66,66,1.0,1.2,1.6,0.2,1.3,1.1,1.0,0.8,1.25,1.25,1.0,1.3,3,2,2,0.5,2,0
2024-12-14,ELC,21,Coventry City FC,Hull City AFC,66,66,66,66,1.0,1.6,0.4,1.6,1.5,1.5,0.6,1.4,1.25,1.45,0.9,1.4,2,2,2,3.5,3,1
2024-12-14,ELC,21,Preston North End FC,Leeds United FC,66,69,66,69,1.0,0.6,2.4,1.0,1.2,1.4,1.9,0.7,1.0,1.3,1.8,0.7,2,3,2,3.0,2,0
2024-12-14,PL,16,Arsenal FC,Everton FC,53,52,53,52,2.4,0.8,0.8,1.0,2.1,1.2,1.0,0.8,1.9333333333333333,1.0,1.0,1.5,6,9,2,2.0,0,0
2024-12-14,PL,16,Liverpool FC,Fulham FC,52,53,52,53,2.4,1.2,1.6,1.4,2.2,1.0,1.5,1.5,2.0714285714285716,0.7857142857142857,1.4666666666666666,1.3333333333333333,9,6,2,5.5,4,1
2024-12-14,PL,16,Newcastle United FC,Leicester City FC,53,61,53,15,1.8,2.2,1.4,2.4,1.2,1.5,1.5,2.2,1.2666666666666666,1.4,1.4,2.0,7,6,0,,4,1
2024-12-14,PL,16,Wolverhampton Wanderers FC,Ipswich Town FC,53,61,53,15,1.8,2.2,0.8,1.2,1.8,2.4,1.1,1.9,1.5333333333333334,2.533333333333333,0.9333333333333333,1.8,4,6,0,,3,1
2024-12-14,ELC,21,Blackburn Rovers FC,Luton Town FC,65,58,65,20,1.4,0.2,1.2,1.8,0.8,0.6,1.2,2.0,1.2105263157894737,0.8947368421052632,1.15,1.75,3,3,0,,2,0
2024-12-14,ELC,21,Middlesbrough FC,Millwall FC,66,65,66,65,2.2,1.6,0.6,1.0,2.4,1.6,0.8,0.6,1.7,1.25,1.0526315789473684,0.8947368421052632,3,2,2,2.5,1,0
2024-12-14,ELC,21,Oxford United FC,Sheffield Wednesday FC,19,66,19,66,0.6,2.6,1.2,0.8,0.7,1.9,1.2,1.2,1.0526315789473684,1.5789473684210527,1.15,1.45,2,3,0,,4,1
2024-12-14,ELC,21,Sheffield United FC,Plymouth Argyle FC,58,65,20,65,1.8,0.8,1.0,3.0,1.6,0.6,0.9,2.7,1.4,0.55,1.0,2.1052631578947367,2,3,0,,2,0
2024-12-14,ELC,21,Stoke City FC,Cardiff City FC,66,65,66,65,0.6,1.4,0.8,2.0,1.0,1.3,1.3,1.2,1.05,1.3,0.8947368421052632,1.5789473684210527,3,2,2,1.5,4,1
2024-12-14,ELC,21,Swansea City AFC,Sunderland AFC,66,66,66,66,2.0,1.8,0.8,0.8,1.3,1.2,1.0,0.7,1.05,0.95,1.45,0.75,3,3,2,1.5,5,1
2024-12-14,PL,16,Nottingham Forest FC,Aston Villa FC,53,53,53,53,1.0,2.2,1.2,1.6,1.3,1.4,1.3,1.6,1.2666666666666666,1.2,1.5333333333333334,1.5333333333333334,7,7,2,4.0,3,1
2024-12-15,PL,16,Brighton & Hove Albion FC,Crystal Palace FC,53,53,53,53,1.6,1.6,1.2,1.4,1.7,1.8,1.0,1.3,1.6666666666666667,1.4666666666666666,0.9333333333333333,1.3333333333333333,7,7,2,3.5,4,1
2024-12-15,ELC,21,Watford FC,West Bromwich Albion FC,65,68,65,68,1.0,0.6,1.4,1.0,1.3,1.1,1.0,0.7,1.4210526315789473,1.3157894736842106,1.15,0.7,3,3,2,4.0,3,1
2024-12-15,ELC,21,Norwich City FC,Burnley FC,68,58,68,20,2.4,1.6,1.2,0.2,1.8,1.9,0.8,0.3,1.75,1.5,1.2,0.35,4,4,0,,3,1
2024-12-15,PL,16,Manchester City FC,Manchester United FC,53,53,53,53,1.2,2.0,2.0,1.2,1.4,1.6,1.4,1.3,1.8,1.4,1.2666666666666666,1.2,8,7,2,3.5,3,1
2024-12-15,PL,16,Chelsea FC,Brentford FC,53,53,53,53,3.0,1.2,2.4,1.6,2.4,1.3,2.4,1.9,2.3333333333333335,1.2,2.066666666666667,1.8666666666666667,7,8,2,3.0,3,1
2024-12-15,PL,16,Southampton FC,Tottenham Hotspur FC,64,53,15,53,0.8,2.4,1.8,1.6,0.9,2.2,2.2,1.4,0.7333333333333333,2.066666666666667,2.066666666666667,1.2666666666666666,8,7,0,,5,1
2024-12-16,PL,16,AFC Bournemouth,West Ham United FC,53,53,53,53,2.0,1.6,1.4,1.8,1.8,1.2,1.5,1.9,1.5333333333333334,1.3333333333333333,1.3333333333333333,1.8666666666666667,8,7,2,2.0,2,0
2024-12-20,ELC,22,Luton Town FC,Derby County FC,59,21,21,21,1.0,2.2,1.2,1.2,1.1,2.0,1.2,1.2,1.0952380952380953,1.7619047619047619,1.2380952380952381,1.2380952380952381,6,7,0,,3,1
2024-12-21,PL,17,Aston Villa FC,Manchester City FC,54,54,54,54,1.4,1.6,1.2,2.0,1.2,1.6,1.4,1.7,1.5,1.5625,1.75,1.4375,6,5,2,3.0,3,1
2024-12-21,ELC,22,Hull City AFC,Swansea City AFC,67,67,67,67,0.6,1.8,1.8,1.6,0.6,1.5,1.5,1.5,0.9047619047619048,1.4285714285714286,1.0952380952380953,1.0476190476190477,7,6,2,2.5,3,1
2024-12-21,ELC,22,Portsmouth FC,Coventry City FC,19,67,19,67,1.6,1.4,1.0,1.4,1.2,1.4,1.6,1.5,1.105263157894737,1.7894736842105263,1.2857142857142858,1.4285714285714286,7,7,0,,5,1
2024-12-21,ELC,22,Sheffield Wednesday FC,Stoke City FC,67,67,67,67,1.6,0.8,0.8,1.6,1.5,1.3,1.0,1.3,1.2380952380952381,1.4285714285714286,1.0952380952380953,1.3333333333333333,6,6,2,1.5,2,0
2024-12-21,PL,17,Brentford FC,Nottingham Forest FC,54,54,54,54,2.0,1.6,1.2,1.8,2.4,2.0,1.5,1.4,2.0,1.875,1.3125,1.1875,5,6,2,3.5,2,0
2024-12-21,PL,17,Ipswich Town FC,Newcastle United FC,62,54,16,54,0.8,1.2,2.0,2.0,1.1,1.8,1.5,1.4,1.0,1.75,1.4375,1.3125,7,7,0,,4,1
2024-12-21,PL,17,West Ham United FC,Brighton & Hove Albion FC,54,54,54,54,1.6,2.0,1.4,2.0,1.5,1.9,1.6,1.7,1.3125,1.8125,1.625,1.5625,4,6,2,2.0,2,0
2024-12-21,ELC,22,Burnley FC,Watford FC,59,66,21,66,1.4,0.4,1.2,0.8,0.9,0.3,1.5,0.9,1.2380952380952381,0.38095238095238093,1.45,1.3,6,6,0,,3,1
2024-12-21,ELC,22,Cardiff City FC,Sheffield United FC,66,59,66,21,1.0,1.8,1.8,0.4,1.0,1.4,1.8,0.5,0.95,1.6,1.4285714285714286,0.5238095238095238,7,7,0,,2,0
2024-12-21,ELC,22,Leeds United FC,Oxford United FC,70,20,70,20,1.8,0.6,0.8,3.0,1.8,0.7,0.7,2.1,1.7619047619047619,0.7142857142857143,1.05,1.65,7,7,0,,4,1
2024-12-21,ELC,22,Millwall FC,Blackburn Rovers FC,66,66,66,66,0.4,1.0,1.2,0.0,0.7,0.6,0.9,0.6,1.0,0.9,1.25,0.85,7,7,2,2.5,1,0
2024-12-21,ELC,22,Plymouth Argyle FC,Middlesbrough FC,66,67,66,67,0.8,3.2,1.2,1.2,0.9,2.4,2.4,1.6,0.95,2.1,1.6666666666666667,1.1904761904761905,7,7,2,4.0,6,1
2024-12-21,ELC,22,Queens Park Rangers FC,Preston North End FC,67,67,67,67,1.6,0.2,1.0,0.6,1.0,0.8,1.1,1.3,1.0,1.2857142857142858,1.0,1.2857142857142858,7,7,2,1.5,3,1
2024-12-21,ELC,22,Sunderland AFC,Norwich City FC,67,69,67,69,1.2,1.0,2.2,1.6,1.1,0.8,1.7,1.9,1.5238095238095237,0.8095238095238095,1.7142857142857142,1.5238095238095237,7,6,2,2.5,3,1
2024-12-21,PL,17,Crystal Palace FC,Arsenal FC,54,54,54,54,1.8,1.2,2.2,0.6,1.2,1.2,1.7,1.0,1.0625,1.3125,1.8125,0.9375,6,7,2,3.0,6,1
2024-12-22,PL,17,Everton FC,Chelsea FC,53,54,53,54,0.8,0.8,3.2,1.2,0.9,0.7,2.2,1.2,0.9333333333333333,1.4,2.3125,1.1875,7,6,2,4.0,0,0
2024-12-22,PL,17,Fulham FC,Southampton FC,54,65,54,16,1.6,1.8,0.8,3.0,1.6,1.7,0.8,2.4,1.5,1.375,0.6875,2.25,7,6,0,,0,0
2024-12-22,PL,17,Leicester City FC,Wolverhampton Wanderers FC,62,54,16,54,1.4,2.6,1.6,2.6,1.3,2.2,1.8,2.4,1.3125,2.125,1.5,2.5,7,7,0,,3,1
2024-12-22,PL,17,Manchester United FC,AFC Bournemouth,54,54,54,54,1.8,1.4,1.8,1.2,1.6,1.1,1.6,1.2,1.3125,1.1875,1.5,1.3125,6,5,2,3.5,3,1
2024-12-22,ELC,22,West Bromwich Albion FC,Bristol City FC,69,67,69,67,1.2,1.0,1.2,1.2,1.1,0.9,1.2,1.0,1.1428571428571428,0.7619047619047619,1.2380952380952381,1.2380952380952381,7,8,2,1.0,2,0
2024-12-22,PL,17,Tottenham Hotspur FC,Liverpool FC,54,53,54,53,2.6,1.2,2.4,1.4,2.4,1.4,2.1,1.2,2.25,1.1875,2.066666666666667,0.8666666666666667,6,8,2,4.5,9,1
2024-12-26,PL,18,Manchester City FC,Everton FC,55,54,55,54,1.4,1.6,0.8,0.8,1.2,1.7,0.7,0.6,1.7058823529411764,1.4705882352941178,0.875,1.3125,5,3,2,3.0,2,0
2024-12-26,PL,18,AFC Bournemouth,Crystal Palace FC,55,55,55,55,2.2,0.8,1.6,1.8,1.9,1.1,1.3,1.6,1.588235294117647,1.2352941176470589,1.0588235294117647,1.5294117647058822,4,4,2,1.5,0,0
2024-12-26,PL,18,Chelsea FC,Fulham FC,55,55,55,55,2.8,1.0,1.4,1.0,2.1,1.1,1.4,1.4,2.176470588235294,1.1176470588235294,1.411764705882353,1.2941176470588236,4,4,2,1.5,3,1
2024-12-26,PL,18,Newcastle United FC,Aston Villa FC,55,55,55,55,2.8,1.6,1.4,1.4,1.9,1.4,1.4,1.7,1.588235294117647,1.2352941176470589,1.5294117647058822,1.5294117647058822,5,5,2,5.0,3,1
2024-12-26,PL,18,Nottingham Forest FC,Tottenham Hotspur FC,55,55,55,55,1.6,1.2,2.4,2.4,1.6,1.3,2.5,1.7,1.3529411764705883,1.1176470588235294,2.2941176470588234,1.4705882352941178,5,3,2,3.0,1,0
2024-12-26,PL,18,Southampton FC,West Ham United FC,66,55,17,55,0.4,2.4,1.4,2.2,0.7,2.1,1.2,1.9,0.6470588235294118,2.1176470588235294,1.2941176470588236,1.7647058823529411,4,5,0,,1,0
2024-12-26,ELC,23,Blackburn Rovers FC,Sunderland AFC,67,68,67,68,1.0,0.2,1.6,1.2,0.9,0.7,1.1,0.9,1.1904761904761905,0.8571428571428571,1.5454545454545454,0.8181818181818182,5,5,2,5.0,4,1
2024-12-26,ELC,23,Bristol City FC,Luton Town FC,68,60,68,22,1.2,1.4,1.4,1.8,1.2,1.2,1.1,1.8,1.1818181818181819,1.2727272727272727,1.1363636363636365,1.7272727272727273,4,5,0,,1,0
2024-12-26,ELC,23,Coventry City FC,Plymouth Argyle FC,68,67,68,67,1.2,1.8,1.0,3.4,1.4,1.7,1.2,2.6,1.2727272727272727,1.5454545454545454,1.0476190476190477,2.142857142857143,5,5,2,2.5,4,1
2024-12-26,ELC,23,Middlesbrough FC,Sheffield Wednesday FC,68,68,68,68,1.8,1.6,1.6,0.8,2.4,1.6,1.5,1.2,1.7272727272727273,1.2727272727272727,1.2727272727272727,1.3636363636363635,5,5,2,2.0,6,1
2024-12-26,ELC,23,Norwich City FC,Millwall FC,70,67,70,67,1.2,1.8,0.4,0.8,1.5,1.8,0.7,0.6,1.6818181818181819,1.5454545454545454,1.0,0.8571428571428571,5,5,2,2.5,3,1
2024-12-26,ELC,23,Oxford United FC,Cardiff City FC,21,67,21,67,0.4,2.6,0.8,2.0,0.6,2.4,0.8,1.6,1.0,1.7619047619047619,0.9047619047619048,1.619047619047619,5,5,0,,5,1
2024-12-26,ELC,23,Preston North End FC,Hull City AFC,68,68,68,68,1.2,1.0,1.0,1.6,0.9,1.2,0.7,1.5,1.0,1.3181818181818181,0.9545454545454546,1.4090909090909092,5,5,2,0.5,1,0
2024-12-26,ELC,23,Sheffield United FC,Burnley FC,60,60,22,22,1.6,0.4,1.4,0.6,1.8,0.5,1.1,0.4,1.4545454545454546,0.5,1.2727272727272727,0.4090909090909091,5,5,2,5.0,2,0
2024-12-26,ELC,23,Swansea City AFC,Queens Park Rangers FC,68,68,68,68,1.6,1.8,1.6,0.4,1.6,1.6,1.2,0.9,1.0909090909090908,1.0909090909090908,1.0454545454545454,1.2727272727272727,5,5,2,1.5,3,1
2024-12-26,ELC,23,Watford FC,Portsmouth FC,67,20,67,20,1.0,0.8,1.8,1.4,1.5,0.9,1.4,1.4,1.4285714285714286,1.3333333333333333,1.25,1.75,5,5,0,,3,1
2024-12-26,PL,18,Wolverhampton Wanderers FC,Manchester United FC,55,55,55,55,1.4,2.4,1.6,1.8,1.8,1.9,1.6,1.4,1.588235294117647,2.3529411764705883,1.2352941176470589,1.2941176470588236,4,4,2,4.0,2,0
2024-12-26,ELC,23,Derby County FC,West Bromwich Albion FC,22,70,22,70,1.2,1.2,1.6,1.0,1.2,1.3,1.3,0.9,1.2272727272727273,1.2727272727272727,1.1818181818181819,0.7272727272727273,5,4,0,,3,1
2024-12-26,PL,18,Liverpool FC,Leicester City FC,54,63,54,17,3.2,2.0,1.2,2.8,2.5,1.4,1.2,2.5,2.3125,1.0,1.2352941176470589,2.176470588235294,4,4,0,,4,1
2024-12-26,ELC,23,Stoke City FC,Leeds United FC,68,71,68,71,0.8,2.0,2.0,0.6,1.0,1.3,2.2,0.7,1.0454545454545454,1.3636363636363635,1.8636363636363635,0.6818181818181818,5,5,2,1.0,2,0
2024-12-27,PL,18,Brighton & Hove Albion FC,Brentford FC,55,55,55,55,1.2,2.0,2.0,2.0,1.4,1.6,1.9,1.9,1.588235294117647,1.5294117647058822,1.8823529411764706,1.8823529411764706,6,6,2,1.5,0,0
2024-12-27,PL,18,Arsenal FC,Ipswich Town FC,55,63,55,17,2.6,0.8,0.6,1.8,1.9,1.0,1.0,1.8,2.0,0.9411764705882353,0.9411764705882353,1.8823529411764706,6,6,0,,1,0
2024-12-29,ELC,24,Norwich City FC,Queens Park Rangers FC,71,69,71,69,0.8,1.6,1.6,1.0,1.6,1.7,1.2,1.2,1.6956521739130435,1.5217391304347827,1.0,1.3478260869565217,2,2,3,2.6666666666666665,2,0
2024-12-29,ELC,24,Preston North End FC,Sheffield Wednesday FC,69,69,69,69,1.2,0.8,1.8,1.2,0.9,0.9,1.6,0.9,1.0,1.2608695652173914,1.3478260869565217,1.434782608695652,2,2,3,1.3333333333333333,4,1
2024-12-29,ELC,24,Sheffield United FC,West Bromwich Albion FC,61,71,23,71,1.4,0.8,1.6,1.2,1.6,0.7,1.3,1.0,1.391304347826087,0.5652173913043478,1.173913043478261,0.782608695652174,2,2,1,4.0,2,0
2024-12-29,PL,19,Leicester City FC,Manchester City FC,64,56,18,56,1.2,2.6,1.6,1.4,1.0,2.6,1.1,1.7,1.2222222222222223,2.2222222222222223,1.6666666666666667,1.4444444444444444,2,3,0,,2,0
2024-12-29,PL,19,Crystal Palace FC,Southampton FC,56,67,56,18,1.4,1.6,0.2,2.4,1.3,1.5,0.5,1.9,1.0,1.4444444444444444,0.6111111111111112,2.0555555555555554,3,3,0,,3,1
2024-12-29,PL,19,Everton FC,Nottingham Forest FC,55,56,55,56,1.0,1.0,1.6,1.2,0.8,0.7,1.6,1.3,0.8823529411764706,1.2941176470588236,1.3333333333333333,1.0555555555555556,3,3,2,1.5,2,0
2024-12-29,PL,19,Fulham FC,AFC Bournemouth,56,56,56,56,1.6,1.0,1.4,0.4,1.5,1.2,1.7,1.1,1.4444444444444444,1.2777777777777777,1.5,1.1666666666666667,3,3,2,3.5,4,1
2024-12-29,PL,19,Tottenham Hotspur FC,Wolverhampton Wanderers FC,56,56,56,56,2.2,2.4,1.4,1.6,2.1,1.7,1.9,1.7,2.1666666666666665,1.4444444444444444,1.6111111111111112,2.2222222222222223,3,2,2,3.0,4,1
2024-12-29,ELC,24,Blackburn Rovers FC,Hull City AFC,68,69,68,69,1.2,0.6,0.8,1.2,1.1,0.8,0.6,1.5,1.2272727272727273,0.9090909090909091,0.9130434782608695,1.391304347826087,3,3,3,3.0,1,0
2024-12-29,ELC,24,Bristol City FC,Portsmouth FC,69,21,69,21,0.6,1.4,1.6,1.4,1.0,1.1,1.5,1.4,1.173913043478261,1.2173913043478262,1.2380952380952381,1.7619047619047619,3,3,1,3.0,3,1
2024-12-29,ELC,24,Coventry City FC,Millwall FC,69,68,69,68,1.6,1.4,0.4,1.0,1.5,1.7,0.7,0.8,1.391304347826087,1.4782608695652173,1.0,0.9090909090909091,3,3,3,2.3333333333333335,0,0
2024-12-29,ELC,24,Oxford United FC,Plymouth Argyle FC,22,68,22,68,1.0,2.4,0.8,3.0,0.9,2.4,0.9,2.7,1.0909090909090908,1.7727272727272727,1.0,2.227272727272727,3,3,0,,2,0
2024-12-29,ELC,24,Stoke City FC,Sunderland AFC,69,69,69,69,0.8,2.0,2.0,1.4,0.8,1.4,1.3,1.1,1.0,1.391304347826087,1.565217391304348,0.8695652173913043,2,3,3,3.3333333333333335,1,0
2024-12-29,ELC,24,Swansea City AFC,Luton Town FC,69,61,69,23,1.8,1.4,1.0,1.2,1.7,1.5,1.0,1.8,1.173913043478261,1.0434782608695652,1.0869565217391304,1.6956521739130435,3,3,1,2.0,3,1
2024-12-29,ELC,24,Watford FC,Cardiff City FC,68,68,68,68,1.2,1.0,1.2,2.2,1.6,1.0,1.0,1.9,1.4545454545454546,1.3181818181818181,0.9545454545454546,1.6818181818181819,3,3,2,1.5,3,1
2024-12-29,PL,19,West Ham United FC,Liverpool FC,56,55,56,55,1.2,1.2,3.2,1.8,1.2,1.5,2.7,1.5,1.2777777777777777,1.6666666666666667,2.3529411764705883,1.0,3,2,2,4.0,5,1
2024-12-29,ELC,24,Derby County FC,Leeds United FC,23,72,23,72,1.4,1.0,2.4,0.4,1.3,1.2,2.1,0.7,1.2608695652173914,1.2608695652173914,1.8695652173913044,0.6521739130434783,3,2,1,2.0,1,0
2024-12-29,ELC,24,Middlesbrough FC,Burnley FC,69,61,69,23,1.8,2.0,1.4,0.6,2.7,1.6,1.3,0.3,1.7826086956521738,1.3478260869565217,1.3043478260869565,0.391304347826087,3,3,1,2.0,0,0
2024-12-30,PL,19,Aston Villa FC,Brighton & Hove Albion FC,56,56,56,56,1.4,1.4,1.0,1.8,1.1,1.9,1.3,1.6,1.4444444444444444,1.6111111111111112,1.5,1.4444444444444444,4,3,2,4.0,4,1
2024-12-30,PL,19,Ipswich Town FC,Chelsea FC,64,56,18,56,0.6,1.8,2.4,1.4,1.0,1.7,2.1,1.1,0.8888888888888888,1.8333333333333333,2.111111111111111,1.1666666666666667,2,4,0,,2,0
2024-12-30,PL,19,Manchester United FC,Newcastle United FC,56,56,56,56,0.8,2.2,3.2,1.4,1.4,1.5,2.2,1.3,1.1666666666666667,1.3333333333333333,1.6666666666666667,1.1666666666666667,4,4,2,3.0,2,0
2025-01-01,ELC,25,Plymouth Argyle FC,Bristol City FC,69,70,69,70,0.8,2.6,1.2,0.8,0.9,2.6,1.2,0.9,0.9565217391304348,2.217391304347826,1.25,1.1666666666666667,2,2,3,3.3333333333333335,4,1
2025-01-01,ELC,25,Queens Park Rangers FC,Watford FC,70,69,70,69,1.2,1.2,1.4,1.4,1.2,0.9,1.1,1.0,1.0,1.3333333333333333,1.434782608695652,1.3478260869565217,3,2,3,2.3333333333333335,4,1
2025-01-01,ELC,25,Millwall FC,Oxford United FC,69,23,69,23,0.4,0.8,1.2,2.2,0.6,0.8,1.0,2.2,0.9565217391304348,0.8695652173913043,1.1304347826086956,1.6956521739130435,2,2,1,2.0,1,0
2025-01-01,ELC,25,Leeds United FC,Blackburn Rovers FC,73,69,73,69,2.2,0.4,1.0,0.8,2.2,0.6,1.1,0.7,1.8333333333333333,0.625,1.173913043478261,0.9130434782608695,2,3,3,1.3333333333333333,2,0
2025-01-01,ELC,25,Luton Town FC,Norwich City FC,62,72,24,72,1.0,1.4,1.0,1.2,1.0,2.0,1.7,1.6,1.0833333333333333,1.7083333333333333,1.6666666666666667,1.5,3,3,1,6.0,1,0
2025-01-01,ELC,25,Portsmouth FC,Swansea City AFC,22,70,22,70,1.0,2.0,2.0,1.4,1.4,1.5,1.8,1.6,1.1818181818181819,1.8181818181818181,1.2083333333333333,1.0416666666666667,3,3,1,4.0,4,1
2025-01-01,ELC,25,Sheffield Wednesday FC,Derby County FC,70,24,70,24,1.8,1.6,1.4,0.8,1.5,1.2,1.1,1.2,1.3333333333333333,1.5,1.2083333333333333,1.25,3,2,1,3.0,6,1
2025-01-01,ELC,25,West Bromwich Albion FC,Preston North End FC,72,70,72,70,1.4,1.0,1.6,0.8,1.4,1.1,1.2,1.0,1.1666666666666667,0.7916666666666666,1.0833333333333333,1.25,3,3,3,3.0,4,1
2025-01-01,ELC,25,Burnley FC,Stoke City FC,62,70,24,70,1.2,0.4,0.8,1.6,1.3,0.3,0.7,1.4,1.25,0.375,1.0,1.3333333333333333,2,3,1,2.0,0,0
2025-01-01,ELC,25,Cardiff City FC,Coventry City FC,69,70,69,70,1.2,2.0,1.4,1.4,1.0,1.9,1.4,1.5,1.0,1.6521739130434783,1.3333333333333333,1.4166666666666667,3,3,3,4.0,2,0
2025-01-01,PL,19,Brentford FC,Arsenal FC,56,56,56,56,1.2,1.8,1.8,0.4,1.8,1.7,2.0,0.8,1.7777777777777777,1.7777777777777777,1.9444444444444444,0.8888888888888888,4,4,2,2.0,4,1
2025-01-01,ELC,25,Hull City AFC,Middlesbrough FC,70,70,70,70,1.0,1.0,1.6,1.8,0.7,1.4,2.3,1.5,0.9166666666666666,1.3333333333333333,1.7083333333333333,1.2916666666666667,3,2,3,3.6666666666666665,1,0
2025-01-01,ELC,25,Sunderland AFC,Sheffield United FC,70,62,70,24,1.6,1.4,1.2,0.6,1.3,1.2,1.5,0.7,1.5,0.875,1.375,0.5833333333333334,3,3,1,1.0,3,1
2025-01-04,PL,20,Tottenham Hotspur FC,Newcastle United FC,57,57,57,57,2.6,2.6,3.0,0.8,2.3,1.8,2.3,1.1,2.1578947368421053,1.4736842105263157,1.6842105263157894,1.105263157894737,5,4,3,4.0,3,1
2025-01-04,ELC,26,Blackburn Rovers FC,Burnley FC,70,63,70,25,1.0,1.0,1.2,0.4,1.2,0.6,1.2,0.3,1.1666666666666667,0.9166666666666666,1.2,0.36,2,2,1,2.0,1,0
2025-01-04,ELC,26,Stoke City FC,Plymouth Argyle FC,71,70,71,70,0.6,1.2,1.0,2.6,0.6,1.3,1.0,2.8,0.96,1.28,1.0,2.2083333333333335,2,3,3,2.3333333333333335,0,0
2025-01-04,ELC,26,Swansea City AFC,West Bromwich Albion FC,71,73,71,73,1.6,2.0,1.6,1.2,1.8,1.9,1.5,1.1,1.16,1.16,1.24,0.8,2,2,3,2.3333333333333335,2,0
2025-01-04,PL,20,Southampton FC,Brentford FC,68,57,19,57,0.2,1.8,1.2,1.8,0.6,2.0,1.5,1.7,0.631578947368421,2.0526315789473686,1.736842105263158,1.8421052631578947,6,2,1,4.0,5,1
2025-01-04,PL,20,Crystal Palace FC,Chelsea FC,57,57,57,57,1.6,1.8,1.4,1.6,1.4,1.6,1.9,1.2,1.0526315789473684,1.4210526315789473,2.0,1.2105263157894737,6,4,3,3.0,2,0
2025-01-04,PL,20,AFC Bournemouth,Everton FC,57,56,57,56,1.6,0.8,1.0,0.6,1.8,1.2,0.6,0.9,1.5263157894736843,1.2105263157894737,0.8333333333333334,1.3333333333333333,6,6,3,3.6666666666666665,1,0
2025-01-04,PL,20,Aston Villa FC,Leicester City FC,57,65,57,19,1.2,1.6,0.6,2.8,1.2,2.0,0.9,2.5,1.4736842105263157,1.631578947368421,1.1578947368421053,2.210526315789474,4,6,1,3.0,3,1
2025-01-04,PL,20,Manchester City FC,West Ham United FC,57,57,57,57,1.4,1.4,1.0,1.6,1.2,1.7,1.0,1.9,1.6842105263157894,1.368421052631579,1.2105263157894737,1.8421052631578947,6,5,3,4.0,5,1
2025-01-04,ELC,26,Bristol City FC,Derby County FC,71,25,71,25,1.4,1.0,1.8,1.6,1.2,1.1,1.2,1.5,1.28,1.2,1.24,1.36,3,3,1,3.0,1,0
2025-01-04,ELC,26,Hull City AFC,Leeds United FC,71,74,71,74,0.8,1.0,1.8,0.4,0.6,1.3,2.1,0.7,0.88,1.32,1.8,0.64,2,3,3,2.0,6,1
2025-01-04,ELC,26,Middlesbrough FC,Cardiff City FC,71,70,71,70,1.6,1.2,1.4,1.8,1.9,1.4,1.1,1.9,1.68,1.24,1.0,1.625,2,3,3,3.0,2,0
2025-01-04,ELC,26,Norwich City FC,Coventry City FC,73,71,73,71,1.2,1.2,1.6,1.2,1.8,1.4,1.3,1.4,1.64,1.44,1.32,1.4,3,3,3,2.0,3,1
2025-01-04,ELC,26,Preston North End FC,Oxford United FC,71,24,71,24,1.4,1.4,1.4,1.8,1.2,1.0,1.0,2.2,1.08,1.32,1.125,1.625,3,3,1,4.0,2,0
2025-01-04,ELC,26,Sheffield Wednesday FC,Millwall FC,71,70,71,70,2.6,1.8,0.4,0.8,1.9,1.3,0.5,0.9,1.44,1.52,0.9166666666666666,0.875,3,3,3,3.0,4,1
2025-01-04,ELC,26,Watford FC,Sheffield United FC,70,63,70,25,1.4,1.8,1.2,1.0,1.2,1.2,1.5,0.9,1.4166666666666667,1.4166666666666667,1.36,0.64,3,2,1,1.0,3,1
2025-01-04,PL,20,Brighton & Hove Albion FC,Arsenal FC,57,57,57,57,1.2,1.6,2.0,0.6,1.3,1.6,2.1,0.7,1.5263157894736843,1.4736842105263157,2.0,0.8947368421052632,4,3,3,2.3333333333333335,2,0
2025-01-05,PL,20,Fulham FC,Ipswich Town FC,57,65,57,19,1.4,1.2,1.0,1.6,1.6,1.3,0.9,1.3,1.4736842105263157,1.3157894736842106,0.9473684210526315,1.736842105263158,6,5,1,2.0,4,1
2025-01-05,ELC,26,Sunderland AFC,Portsmouth FC,71,23,71,23,1.8,1.4,1.8,2.0,1.3,1.1,1.7,1.4,1.52,0.88,1.3043478260869565,1.7391304347826086,3,4,1,4.0,1,0
2025-01-05,PL,20,Liverpool FC,Manchester United FC,56,57,56,57,3.8,1.8,0.8,2.2,3.0,1.4,1.3,1.5,2.5,0.9444444444444444,1.105263157894737,1.368421052631579,6,5,3,2.3333333333333335,4,1
2025-01-06,PL,20,Wolverhampton Wanderers FC,Nottingham Forest FC,57,57,57,57,1.8,1.2,2.0,0.6,1.9,1.7,1.5,1.2,1.631578947368421,2.210526315789474,1.368421052631579,1.0,8,8,3,2.6666666666666665,3,1
2025-01-06,ELC,26,Queens Park Rangers FC,Luton Town FC,71,63,71,25,1.4,1.4,0.6,1.4,1.5,0.8,0.9,1.6,1.08,1.32,1.04,1.68,5,5,1,3.0,3,1
2025-01-14,PL,21,West Ham United FC,Fulham FC,58,58,58,58,0.8,2.2,1.6,1.4,1.1,2.0,1.6,1.4,1.2,1.95,1.5,1.35,10,9,3,3.0,5,1
2025-01-14,PL,21,Brentford FC,Manchester City FC,58,58,58,58,1.4,1.4,1.8,1.2,1.9,1.5,1.5,1.6,1.9,1.75,1.8,1.35,10,10,3,2.6666666666666665,4,1
2025-01-14,PL,21,Chelsea FC,AFC Bournemouth,58,58,58,58,0.8,1.2,1.4,0.6,1.9,1.2,1.7,1.1,1.95,1.2,1.5,1.15,10,10,3,1.3333333333333333,4,1
2025-01-14,ELC,19,Cardiff City FC,Watford FC,71,71,71,71,1.2,1.6,1.2,2.0,1.1,1.7,1.2,1.4,1.0,1.6,1.4,1.44,10,10,3,2.0,2,0
2025-01-14,ELC,19,Plymouth Argyle FC,Oxford United FC,71,25,71,25,1.0,2.2,1.4,1.4,0.9,2.7,1.1,2.2,0.96,2.12,1.12,1.6,10,10,1,2.0,2,0
2025-01-14,PL,21,Nottingham Forest FC,Liverpool FC,58,57,58,57,2.0,0.2,3.6,1.6,1.5,1.2,3.0,1.4,1.45,0.95,2.473684210526316,1.0,8,9,3,1.6666666666666667,2,0
2025-01-15,PL,21,Everton FC,Aston Villa FC,57,58,57,58,0.2,0.8,1.4,1.8,0.5,0.9,1.3,1.7,0.7894736842105263,1.3157894736842106,1.5,1.6,11,11,3,3.0,1,0
2025-01-15,PL,21,Leicester City FC,Crystal Palace FC,66,58,20,58,0.4,2.8,1.4,1.6,0.9,2.6,1.3,1.5,1.15,2.2,1.05,1.4,11,11,1,4.0,2,0
2025-01-15,PL,21,Newcastle United FC,Wolverhampton Wanderers FC,58,58,58,58,3.0,0.2,1.6,1.4,2.4,1.2,1.7,1.8,1.7,1.1,1.55,2.25,11,8,3,3.3333333333333335,3,1
2025-01-15,ELC,16,Blackburn Rovers FC,Portsmouth FC,71,24,71,24,0.6,1.2,1.8,1.4,0.9,0.6,1.7,1.4,1.12,0.92,1.25,1.7083333333333333,11,10,0,,3,1
2025-01-15,PL,21,Arsenal FC,Tottenham Hotspur FC,58,58,58,58,2.0,0.6,2.2,2.2,2.2,0.7,2.0,1.9,1.95,0.9,2.1,1.5,11,11,3,3.3333333333333335,3,1
2025-01-16,PL,21,Ipswich Town FC,Brighton & Hove Albion FC,66,58,20,58,1.2,1.6,1.0,1.4,1.0,1.4,1.3,1.5,1.0,1.75,1.5,1.45,11,12,1,0.0,2,0
2025-01-16,PL,21,Manchester United FC,Southampton FC,58,69,58,20,0.8,2.0,0.2,2.6,1.4,1.6,0.5,2.5,1.15,1.4,0.6,2.2,11,12,1,3.0,4,1
2025-01-17,ELC,27,Burnley FC,Sunderland AFC,64,72,26,72,1.0,0.2,1.4,1.0,1.2,0.3,1.3,1.0,1.1923076923076923,0.34615384615384615,1.5,0.8461538461538461,13,12,1,1.0,0,0
2025-01-18,PL,22,Newcastle United FC,AFC Bournemouth,59,59,59,59,2.8,0.2,1.6,0.8,2.4,1.1,1.7,1.0,1.7619047619047619,1.0476190476190477,1.5238095238095237,1.1904761904761905,2,3,3,2.6666666666666665,5,1
2025-01-18,ELC,27,Cardiff City FC,Swansea City AFC,72,72,72,72,1.4,1.4,1.4,1.6,1.1,1.7,1.6,1.6,1.0,1.5769230769230769,1.1538461538461537,1.1538461538461537,3,14,3,2.0,3,1
2025-01-18,ELC,27,Millwall FC,Hull City AFC,71,72,71,72,0.8,1.0,1.2,1.2,0.6,1.0,0.9,1.5,0.96,0.92,0.9615384615384616,1.3846153846153846,13,13,3,1.6666666666666667,1,0
2025-01-18,ELC,27,Plymouth Argyle FC,Queens Park Rangers FC,72,72,72,72,0.6,1.8,1.6,1.4,0.8,2.6,1.6,0.8,0.9615384615384616,2.076923076923077,1.1153846153846154,1.3076923076923077,3,11,3,1.3333333333333333,1,0
2025-01-18,PL,22,West Ham United FC,Crystal Palace FC,59,59,59,59,1.2,2.4,1.2,1.4,1.4,2.2,1.5,1.3,1.2857142857142858,1.9523809523809523,1.0952380952380953,1.3333333333333333,3,2,3,3.6666666666666665,2,0
2025-01-18,PL,22,Leicester City FC,Fulham FC,67,59,21,59,0.4,2.4,1.6,1.6,0.9,2.5,1.6,1.7,1.0952380952380953,2.1904761904761907,1.5238095238095237,1.4285714285714286,2,3,1,3.0,2,0
2025-01-18,PL,22,Brentford FC,Liverpool FC,59,58,59,58,1.6,1.4,3.4,1.4,1.8,1.5,2.9,1.4,1.9047619047619047,1.7619047619047619,2.4,1.0,3,3,3,3.3333333333333335,2,0
2025-01-18,ELC,27,Coventry City FC,Bristol City FC,72,72,72,72,1.4,1.4,1.4,0.8,1.2,1.4,1.3,1.0,1.3076923076923077,1.4230769230769231,1.2692307692307692,1.1538461538461537,14,14,3,2.3333333333333335,1,0
2025-01-18,ELC,27,Derby County FC,Watford FC,26,72,26,72,1.0,1.8,1.2,1.8,1.1,1.5,1.1,1.3,1.1923076923076923,1.3461538461538463,1.3846153846153846,1.4230769230769231,14,3,1,3.0,2,0
2025-01-18,ELC,27,Luton Town FC,Preston North End FC,64,72,26,72,0.8,1.4,1.4,1.4,0.9,1.8,1.2,1.0,1.0384615384615385,1.6923076923076923,1.0769230769230769,1.3076923076923077,11,14,1,1.0,0,0
2025-01-18,ELC,27,Oxford United FC,Blackburn Rovers FC,26,72,26,72,1.6,0.8,1.2,1.0,1.0,1.7,1.1,0.6,1.1153846153846154,1.5769230769230769,1.1923076923076923,0.8846153846153846,3,2,1,3.0,1,0
2025-01-18,ELC,27,Portsmouth FC,Middlesbrough FC,25,72,25,72,1.0,1.8,1.6,1.4,1.4,1.6,1.4,1.3,1.2,1.76,1.6538461538461537,1.2307692307692308,2,14,1,4.0,3,1
2025-01-18,ELC,27,Sheffield United FC,Norwich City FC,64,74,26,74,1.2,1.2,1.4,1.0,1.5,0.8,1.8,1.3,1.3846153846153846,0.6538461538461539,1.6538461538461537,1.4230769230769231,14,14,1,2.0,2,0
2025-01-18,ELC,27,West Bromwich Albion FC,Stoke City FC,74,72,74,72,1.6,1.0,0.2,0.8,1.4,1.0,0.5,1.2,1.2307692307692308,0.8076923076923077,0.9230769230769231,1.2307692307692308,14,14,3,3.0,2,0
2025-01-18,PL,22,Arsenal FC,Aston Villa FC,59,59,59,59,2.4,0.8,1.4,1.4,2.3,0.7,1.4,1.5,1.9523809523809523,0.9047619047619048,1.4761904761904763,1.5238095238095237,2,2,3,1.6666666666666667,4,1
2025-01-19,ELC,27,Leeds United FC,Sheffield Wednesday FC,75,72,75,72,2.2,0.8,2.4,2.0,2.0,0.7,2.0,1.4,1.8461538461538463,0.7307692307692307,1.4615384615384615,1.5384615384615385,14,14,3,1.3333333333333333,3,1
2025-01-19,PL,22,Manchester United FC,Brighton & Hove Albion FC,59,59,59,59,1.0,2.0,1.2,0.8,1.4,1.7,1.3,1.4,1.2380952380952381,1.380952380952381,1.5238095238095237,1.380952380952381,2,2,3,3.0,4,1
2025-01-19,PL,22,Nottingham Forest FC,Southampton FC,59,70,59,21,1.8,0.2,0.4,2.2,1.5,1.0,0.6,2.6,1.4285714285714286,0.9523809523809523,0.6190476190476191,2.238095238095238,4,2,1,1.0,5,1
2025-01-19,PL,22,Everton FC,Tottenham Hotspur FC,58,59,58,59,0.2,1.0,1.4,2.6,0.5,0.9,2.0,1.9,0.75,1.3,2.0476190476190474,1.5238095238095237,3,3,3,3.6666666666666665,5,1
2025-01-19,PL,22,Ipswich Town FC,Manchester City FC,67,59,21,59,0.8,1.8,2.0,1.2,0.8,1.5,1.6,1.6,0.9523809523809523,1.7619047619047619,1.8095238095238095,1.380952380952381,2,4,1,5.0,6,1
2025-01-20,PL,22,Chelsea FC,Wolverhampton Wanderers FC,59,59,59,59,0.8,1.4,1.4,1.6,2.0,1.3,1.5,2.1,1.9523809523809523,1.2380952380952381,1.4761904761904763,2.2857142857142856,6,5,3,5.666666666666667,4,1
2025-01-21,ELC,28,Blackburn Rovers FC,Coventry City FC,73,73,73,73,0.8,0.8,1.4,0.6,1.0,0.7,1.3,1.2,1.1481481481481481,0.8888888888888888,1.2962962962962963,1.3703703703703705,3,3,3,1.3333333333333333,2,0
2025-01-21,ELC,28,Derby County FC,Sunderland AFC,27,73,27,73,0.8,1.8,1.0,0.8,1.0,1.5,1.3,1.0,1.1481481481481481,1.3703703703703705,1.4444444444444444,0.8148148148148148,3,3,1,2.0,1,0
2025-01-21,ELC,28,Hull City AFC,Queens Park Rangers FC,73,73,73,73,1.0,1.0,1.4,1.2,1.0,1.3,1.5,0.8,0.9629629629629629,1.3333333333333333,1.1111111111111112,1.2592592592592593,3,3,3,3.0,3,1
2025-01-21,ELC,28,Middlesbrough FC,West Bromwich Albion FC,73,75,73,75,1.2,1.2,1.4,1.2,1.5,1.4,1.5,1.1,1.6296296296296295,1.2592592592592593,1.2222222222222223,0.8148148148148148,3,3,3,2.6666666666666665,2,0
2025-01-21,ELC,28,Oxford United FC,Luton Town FC,27,65,27,27,1.2,0.4,0.4,1.2,1.1,1.4,0.9,1.5,1.1111111111111112,1.5185185185185186,1.0,1.6296296296296295,3,3,1,4.0,5,1
2025-01-21,ELC,28,Swansea City AFC,Sheffield United FC,73,65,73,27,1.2,1.8,1.2,1.2,1.4,1.8,1.4,0.8,1.1111111111111112,1.2222222222222223,1.4074074074074074,0.6296296296296297,3,3,1,1.0,3,1
2025-01-21,ELC,28,Watford FC,Preston North End FC,73,73,73,73,1.2,1.6,1.2,1.0,1.2,1.3,1.2,1.0,1.4074074074074074,1.3703703703703705,1.037037037037037,1.2592592592592593,3,3,3,3.0,3,1
2025-01-21,ELC,28,Millwall FC,Cardiff City FC,72,73,72,73,0.6,1.2,1.6,0.8,0.5,1.0,1.4,1.5,0.9230769230769231,0.9230769230769231,1.0740740740740742,1.5185185185185186,3,3,3,2.0,4,1
2025-01-22,ELC,28,Leeds United FC,Norwich City FC,76,75,76,75,2.0,0.8,1.2,1.0,2.0,0.7,1.2,1.4,1.8888888888888888,0.7037037037037037,1.5925925925925926,1.4444444444444444,3,4,5,2.4,2,0
2025-01-22,ELC,28,Portsmouth FC,Stoke City FC,26,73,26,73,1.2,1.6,0.4,0.6,1.4,1.5,0.6,1.3,1.2307692307692308,1.7307692307692308,0.9259259259259259,1.2222222222222223,4,4,1,7.0,4,1
2025-01-22,ELC,28,Sheffield Wednesday FC,Bristol City FC,73,73,73,73,2.0,2.6,1.4,0.6,1.8,1.7,1.3,1.0,1.4074074074074074,1.5925925925925926,1.2222222222222223,1.1481481481481481,3,4,3,1.3333333333333333,4,1
2025-01-22,ELC,28,Plymouth Argyle FC,Burnley FC,73,65,73,27,0.6,1.2,0.6,0.0,0.7,2.1,1.0,0.3,0.9259259259259259,2.037037037037037,1.1481481481481481,0.3333333333333333,4,5,1,1.0,5,1
2025-01-24,ELC,29,Sheffield United FC,Hull City AFC,66,74,28,74,1.6,1.0,1.2,1.2,1.5,0.9,1.0,1.2,1.4285714285714286,0.6428571428571429,0.9642857142857143,1.3571428571428572,3,3,1,2.0,3,1
2025-01-25,ELC,29,Luton Town FC,Millwall FC,66,73,28,73,0.8,1.6,0.8,1.2,0.9,1.4,0.6,1.1,1.0357142857142858,1.6785714285714286,0.9629629629629629,0.9629629629629629,3,3,1,1.0,1,0
2025-01-25,ELC,29,Norwich City FC,Swansea City AFC,76,74,76,74,0.8,1.2,0.8,2.2,0.8,1.4,1.3,1.8,1.5357142857142858,1.4642857142857142,1.1071428571428572,1.25,2,3,3,2.6666666666666665,6,1
2025-01-25,ELC,29,Stoke City FC,Oxford United FC,74,28,74,28,0.6,0.8,1.4,0.8,0.7,1.4,1.3,1.5,0.9285714285714286,1.2857142857142858,1.1785714285714286,1.5357142857142858,2,3,1,1.0,0,0
2025-01-25,PL,23,Liverpool FC,Ipswich Town FC,59,68,59,22,2.6,0.8,0.8,2.2,2.9,1.4,0.7,2.0,2.380952380952381,0.9523809523809523,0.9090909090909091,1.9545454545454546,7,5,1,2.0,5,1
2025-01-25,PL,23,Wolverhampton Wanderers FC,Arsenal FC,60,60,60,60,1.0,2.2,1.8,1.0,1.2,2.3,2.2,0.9,1.4545454545454546,2.3181818181818183,1.9545454545454546,0.9545454545454546,4,6,3,2.3333333333333335,1,0
2025-01-25,PL,23,Brighton & Hove Albion FC,Everton FC,60,59,60,59,1.6,0.8,0.8,1.4,1.4,1.4,0.8,1.1,1.5909090909090908,1.3636363636363635,0.8571428571428571,1.3333333333333333,6,6,3,2.3333333333333335,1,0
2025-01-25,PL,23,Southampton FC,Newcastle United FC,71,60,22,60,0.8,2.8,2.2,1.0,0.6,2.6,2.5,1.3,0.6818181818181818,2.272727272727273,1.7272727272727273,1.1818181818181819,6,7,1,1.0,4,1
2025-01-25,PL,23,AFC Bournemouth,Nottingham Forest FC,60,60,60,60,1.8,1.0,2.0,0.6,2.0,0.9,1.8,0.9,1.6363636363636365,1.1818181818181819,1.5,1.0,7,6,3,3.0,5,1
2025-01-25,ELC,29,Bristol City FC,Blackburn Rovers FC,74,74,74,74,1.6,1.0,0.8,1.0,1.1,1.2,0.9,0.9,1.25,1.1785714285714286,1.1071428571428572,0.9285714285714286,2,3,3,3.6666666666666665,3,1
2025-01-25,ELC,29,Cardiff City FC,Derby County FC,74,28,74,28,1.6,1.0,0.4,1.8,1.4,1.5,0.9,1.4,1.1071428571428572,1.5357142857142858,1.1071428571428572,1.3571428571428572,3,3,1,1.0,3,1
2025-01-25,ELC,29,Coventry City FC,Watford FC,74,74,74,74,1.0,0.6,1.2,1.6,1.3,1.0,1.3,1.5,1.3214285714285714,1.3214285714285714,1.3928571428571428,1.3928571428571428,3,3,3,3.6666666666666665,3,1
2025-01-25,ELC,29,Preston North End FC,Middlesbrough FC,74,74,74,74,1.4,1.2,1.0,0.6,1.3,1.0,1.4,1.3,1.0714285714285714,1.25,1.6428571428571428,1.2142857142857142,3,3,3,3.0,3,1
2025-01-25,ELC,29,Queens Park Rangers FC,Sheffield Wednesday FC,74,74,74,74,1.8,0.8,1.8,2.4,1.7,0.9,1.8,1.8,1.1428571428571428,1.25,1.4285714285714286,1.6071428571428572,3,2,3,2.3333333333333335,2,0
2025-01-25,ELC,29,Sunderland AFC,Plymouth Argyle FC,74,74,74,74,0.8,0.4,0.6,1.8,1.4,0.9,0.7,2.2,1.4285714285714286,0.7857142857142857,0.8928571428571429,2.142857142857143,3,2,3,3.6666666666666665,4,1
2025-01-25,ELC,29,West Bromwich Albion FC,Portsmouth FC,76,27,76,27,1.2,1.2,1.8,1.2,1.4,1.2,1.4,1.6,1.1785714285714286,0.8571428571428571,1.2962962962962963,1.7037037037037037,3,2,1,3.0,6,1
2025-01-25,PL,23,Manchester City FC,Chelsea FC,60,60,60,60,3.0,0.8,1.4,1.6,2.2,1.2,2.1,1.3,2.0,1.3181818181818181,2.0,1.2272727272727273,6,4,3,4.0,4,1
2025-01-26,PL,23,Crystal Palace FC,Brentford FC,60,60,60,60,1.4,0.4,1.6,1.4,1.5,1.1,1.8,1.7,1.1363636363636365,1.2727272727272727,1.8181818181818181,1.7727272727272727,7,7,3,3.0,3,1
2025-01-26,PL,23,Tottenham Hotspur FC,Leicester City FC,60,68,60,22,1.2,2.0,0.4,2.2,1.8,2.2,0.8,2.5,2.0454545454545454,1.5909090909090908,1.0454545454545454,2.1818181818181817,7,7,1,2.0,3,1
2025-01-26,PL,23,Aston Villa FC,West Ham United FC,60,60,60,60,1.4,1.6,1.0,2.6,1.4,1.5,1.2,2.4,1.5,1.5454545454545454,1.2272727272727273,1.9545454545454546,7,8,3,3.3333333333333335,2,0
2025-01-26,PL,23,Fulham FC,Manchester United FC,60,60,60,60,2.0,1.6,1.2,2.0,1.7,1.3,1.4,1.9,1.5454545454545454,1.3636363636363635,1.2272727272727273,1.4545454545454546,8,7,3,1.6666666666666667,1,0
2025-01-27,ELC,29,Burnley FC,Leeds United FC,66,77,28,77,1.2,0.0,2.0,0.8,1.3,0.3,2.2,0.6,1.2857142857142858,0.32142857142857145,1.8928571428571428,0.6785714285714286,5,5,1,1.0,0,0
2025-01-28,ELC,17,Portsmouth FC,Millwall FC,28,74,28,74,1.2,2.2,1.0,1.2,1.5,2.1,0.7,1.0,1.2857142857142858,1.8214285714285714,0.9642857142857143,0.9285714285714286,3,3,0,,1,0
2025-01-31,ELC,30,Blackburn Rovers FC,Preston North End FC,75,75,75,75,0.8,1.2,1.2,1.2,0.9,1.1,1.4,1.0,1.103448275862069,0.9655172413793104,1.103448275862069,1.2413793103448276,6,6,3,2.3333333333333335,3,1
2025-02-01,PL,24,Nottingham Forest FC,Brighton & Hove Albion FC,61,61,61,61,1.8,1.6,1.6,1.0,1.7,1.4,1.3,1.4,1.434782608695652,1.173913043478261,1.5217391304347827,1.3478260869565217,6,6,3,3.3333333333333335,7,1
2025-02-01,ELC,30,Oxford United FC,Bristol City FC,29,75,29,75,1.2,0.8,1.4,1.2,1.3,1.3,1.3,1.0,1.1379310344827587,1.4827586206896552,1.2758620689655173,1.1724137931034482,7,6,1,3.0,2,0
2025-02-01,ELC,30,Plymouth Argyle FC,West Bromwich Albion FC,75,77,75,77,0.6,1.8,2.0,1.2,0.8,2.2,1.7,1.1,0.9310344827586207,2.1379310344827585,1.3103448275862069,0.8620689655172413,6,6,3,1.3333333333333333,3,1
2025-02-01,ELC,30,Watford FC,Norwich City FC,75,77,75,77,1.2,1.4,1.6,1.2,1.3,1.6,1.3,1.2,1.3793103448275863,1.4137931034482758,1.6551724137931034,1.4482758620689655,6,7,3,5.333333333333333,1,0
2025-02-01,PL,24,Newcastle United FC,Fulham FC,61,61,61,61,2.2,1.2,1.6,1.6,2.7,1.3,1.6,1.3,1.7826086956521738,1.173913043478261,1.4782608695652173,1.3478260869565217,7,5,3,2.6666666666666665,3,1
2025-02-01,PL,24,Everton FC,Leicester City FC,60,69,60,23,0.8,1.2,0.6,1.8,0.9,1.1,0.9,2.2,0.8636363636363636,1.2727272727272727,1.0869565217391304,2.130434782608696,7,6,1,2.0,4,1
2025-02-01,PL,24,AFC Bournemouth,Liverpool FC,61,60,61,60,2.8,1.0,2.8,0.8,2.1,0.7,3.0,1.3,1.7826086956521738,1.1304347826086956,2.4545454545454546,0.9545454545454546,7,7,3,3.6666666666666665,2,0
2025-02-01,PL,24,Ipswich Town FC,Southampton FC,69,72,23,23,1.0,2.8,1.0,3.2,0.8,2.3,0.6,2.8,0.9130434782608695,2.0434782608695654,0.6956521739130435,2.3043478260869565,7,7,3,2.6666666666666665,3,1
2025-02-01,ELC,30,Derby County FC,Sheffield United FC,29,67,29,29,0.6,2.0,1.4,1.4,1.0,1.4,1.3,1.0,1.103448275862069,1.3793103448275863,1.3793103448275863,0.7241379310344828,7,7,1,1.0,1,0
2025-02-01,ELC,30,Hull City AFC,Stoke City FC,75,75,75,75,1.6,1.2,0.4,0.8,1.3,1.1,0.6,1.2,1.0344827586206897,1.3103448275862069,0.896551724137931,1.2413793103448276,7,7,3,3.3333333333333335,3,1
2025-02-01,ELC,30,Leeds United FC,Cardiff City FC,78,75,78,75,1.8,0.8,1.8,1.0,2.0,0.6,1.6,1.4,1.8275862068965518,0.6551724137931034,1.1379310344827587,1.5172413793103448,4,7,3,3.0,7,1
2025-02-01,ELC,30,Millwall FC,Queens Park Rangers FC,75,75,75,75,1.2,1.0,1.6,1.0,0.8,0.9,1.4,1.1,0.9655172413793104,0.896551724137931,1.103448275862069,1.2758620689655173,3,7,3,2.0,3,1
2025-02-01,ELC,30,Portsmouth FC,Burnley FC,29,67,29,29,1.2,2.2,1.2,0.0,1.5,1.8,1.2,0.2,1.2413793103448276,1.793103448275862,1.2413793103448276,0.3103448275862069,3,4,1,3.0,0,0
2025-02-01,ELC,30,Sheffield Wednesday FC,Luton Town FC,75,67,75,29,2.0,1.8,0.6,1.4,1.9,1.7,0.8,1.4,1.4482758620689655,1.5517241379310345,1.0,1.6551724137931034,7,7,1,3.0,2,0
2025-02-01,ELC,30,Swansea City AFC,Coventry City FC,75,75,75,75,0.6,3.0,1.4,0.8,1.3,2.2,1.4,1.1,1.103448275862069,1.3793103448275863,1.3448275862068966,1.3103448275862069,7,7,3,3.0,2,0
2025-02-01,PL,24,Wolverhampton Wanderers FC,Aston Villa FC,61,61,61,61,0.6,2.4,1.6,1.2,1.0,2.0,1.5,1.3,1.391304347826087,2.260869565217391,1.4782608695652173,1.5217391304347827,7,6,3,2.6666666666666665,2,0
2025-02-02,PL,24,Manchester United FC,Crystal Palace FC,61,61,61,61,1.4,1.6,1.6,0.8,1.1,1.9,1.5,1.2,1.2173913043478262,1.391304347826087,1.1304347826086956,1.3043478260869565,6,7,3,1.6666666666666667,2,0
2025-02-02,PL,24,Brentford FC,Tottenham Hotspur FC,61,61,61,61,2.0,1.6,1.4,2.2,1.6,1.7,1.8,2.3,1.826086956521739,1.7391304347826086,2.0,1.608695652173913,7,7,3,4.333333333333333,2,0
2025-02-02,PL,24,Arsenal FC,Manchester City FC,61,61,61,61,1.8,1.0,3.4,0.8,1.8,0.7,2.5,1.1,1.9130434782608696,0.9130434782608695,2.0434782608695654,1.3043478260869565,8,7,3,1.6666666666666667,6,1
2025-02-03,PL,24,Chelsea FC,West Ham United FC,61,61,61,61,1.4,1.8,1.0,2.8,1.9,1.6,1.1,2.0,1.9565217391304348,1.3043478260869565,1.2173913043478262,1.9130434782608696,9,8,3,4.0,3,1
2025-02-03,ELC,30,Middlesbrough FC,Sunderland AFC,75,75,75,75,1.2,1.0,1.2,0.6,1.4,1.4,1.4,1.0,1.6206896551724137,1.2413793103448276,1.4482758620689655,0.8275862068965517,9,9,3,2.3333333333333335,5,1
2025-02-04,ELC,31,Burnley FC,Oxford United FC,68,30,30,30,1.2,0.0,1.2,0.8,1.2,0.2,1.3,1.1,1.2,0.3,1.1333333333333333,1.4666666666666666,3,3,1,0.0,1,0
2025-02-04,ELC,31,Queens Park Rangers FC,Blackburn Rovers FC,76,76,76,76,1.2,1.2,1.2,1.2,1.3,1.3,0.9,1.2,1.1,1.3,1.1333333333333333,0.9666666666666667,3,3,3,3.0,3,1
2025-02-05,ELC,31,Coventry City FC,Leeds United FC,76,79,76,79,1.6,0.6,3.0,0.6,1.6,0.9,2.4,0.5,1.3666666666666667,1.2666666666666666,2.0,0.6333333333333333,4,4,3,2.6666666666666665,2,0
2025-02-08,ELC,31,Sunderland AFC,Watford FC,76,76,76,76,1.4,0.8,1.0,1.2,1.6,1.1,1.1,1.6,1.5,0.8666666666666667,1.3333333333333333,1.4,4,7,3,2.0,4,1
2025-02-08,ELC,31,West Bromwich Albion FC,Sheffield Wednesday FC,78,76,78,76,1.6,1.4,1.4,1.6,1.6,1.3,2.0,1.7,1.3,0.9,1.4333333333333333,1.5333333333333334,7,6,3,3.0,3,1
2025-02-08,ELC,31,Norwich City FC,Derby County FC,78,30,78,30,1.6,1.2,0.2,1.4,1.4,1.2,1.0,1.5,1.6333333333333333,1.4,1.0666666666666667,1.3666666666666667,7,7,1,5.0,2,0
2025-02-08,ELC,31,Sheffield United FC,Portsmouth FC,68,30,30,30,1.4,1.0,1.2,1.6,1.3,1.0,1.1,1.7,1.3666666666666667,0.7,1.2,1.7333333333333334,7,7,1,0.0,3,1
2025-02-09,ELC,31,Bristol City FC,Swansea City AFC,76,76,76,76,1.2,1.0,0.6,2.6,1.3,1.0,1.1,2.3,1.2666666666666666,1.1666666666666667,1.0666666666666667,1.4,7,7,3,2.0,1,0
2025-02-11,ELC,32,Coventry City FC,Queens Park Rangers FC,77,77,77,77,1.4,0.6,1.2,1.2,1.4,1.0,1.4,1.3,1.3225806451612903,1.2903225806451613,1.1290322580645162,1.2903225806451613,6,7,3,3.0,1,0
2025-02-11,ELC,32,Derby County FC,Oxford United FC,31,31,31,31,0.4,1.4,1.0,0.8,0.7,1.6,1.3,0.8,1.064516129032258,1.3548387096774193,1.096774193548387,1.4516129032258065,3,7,1,2.0,0,0
2025-02-11,ELC,32,Portsmouth FC,Cardiff City FC,31,76,31,76,1.0,1.8,1.6,2.2,1.1,1.7,1.4,1.9,1.1935483870967742,1.7419354838709677,1.1,1.7,3,10,1,2.0,3,1
2025-02-11,ELC,32,Watford FC,Leeds United FC,77,80,77,80,1.2,1.4,2.8,0.0,1.2,1.6,2.5,0.4,1.3548387096774193,1.4193548387096775,2.0,0.6129032258064516,3,6,3,3.3333333333333335,4,1
2025-02-11,ELC,32,Norwich City FC,Preston North End FC,79,76,79,76,1.4,1.2,1.2,1.0,1.4,1.1,1.3,1.2,1.6129032258064515,1.3870967741935485,1.1,1.2666666666666666,3,11,3,1.6666666666666667,1,0
2025-02-12,PL,15,Everton FC,Liverpool FC,61,61,61,61,1.6,0.8,2.2,0.8,1.3,0.7,3.0,1.3,1.0,1.2173913043478262,2.4347826086956523,0.9130434782608695,11,11,2,2.0,4,1
2025-02-12,ELC,32,Bristol City FC,Stoke City FC,77,76,77,76,1.0,1.2,0.8,1.0,1.2,1.0,0.7,1.1,1.2258064516129032,1.1612903225806452,0.9333333333333333,1.2333333333333334,3,11,3,4.333333333333333,2,0
2025-02-12,ELC,32,Plymouth Argyle FC,Millwall FC,76,76,76,76,1.0,2.0,1.2,0.8,1.0,2.1,1.0,0.9,0.9666666666666667,2.1,1.0,0.9,11,11,3,1.3333333333333333,6,1
2025-02-12,ELC,32,Swansea City AFC,Sheffield Wednesday FC,77,77,77,77,0.6,2.4,1.2,1.6,1.0,2.0,1.8,1.8,1.064516129032258,1.3548387096774193,1.4193548387096775,1.5483870967741935,3,4,3,1.6666666666666667,1,0
2025-02-12,ELC,32,Burnley FC,Hull City AFC,69,76,31,76,1.2,0.0,1.8,1.4,1.1,0.1,1.3,1.2,1.1935483870967742,0.2903225806451613,1.0333333333333334,1.3333333333333333,8,11,1,2.0,2,0
2025-02-12,ELC,32,Sunderland AFC,Luton Town FC,77,68,77,30,1.6,1.2,0.8,1.4,1.5,1.1,0.7,1.4,1.5161290322580645,0.9032258064516129,1.0,1.6333333333333333,4,11,1,3.0,2,0
2025-02-12,ELC,32,Sheffield United FC,Middlesbrough FC,69,76,31,76,1.4,1.0,1.4,1.6,1.3,1.1,1.5,1.4,1.3870967741935485,0.7096774193548387,1.6333333333333333,1.3,4,9,1,1.0,4,1
2025-02-12,ELC,32,West Bromwich Albion FC,Blackburn Rovers FC,79,77,79,77,1.8,1.4,0.8,1.6,1.7,1.2,1.0,1.3,1.3225806451612903,0.9032258064516129,1.1290322580645162,1.0,4,8,3,2.6666666666666665,2,0
2025-02-14,PL,25,Brighton & Hove Albion FC,Chelsea FC,62,62,62,62,1.2,2.0,1.8,1.6,1.2,1.8,1.6,1.6,1.4583333333333333,1.5833333333333333,1.9583333333333333,1.2916666666666667,13,11,3,4.666666666666667,3,1
2025-02-14,ELC,33,Queens Park Rangers FC,Derby County FC,78,32,78,32,1.0,1.4,0.4,1.0,1.2,1.3,0.6,1.4,1.09375,1.28125,1.03125,1.3125,3,3,1,2.0,4,1
2025-02-15,PL,25,Leicester City FC,Arsenal FC,70,62,24,62,0.6,2.2,2.2,1.0,0.6,2.5,2.1,0.8,1.0416666666666667,2.2083333333333335,2.0416666666666665,0.9166666666666666,13,12,1,6.0,2,0
2025-02-15,ELC,33,Cardiff City FC,Bristol City FC,77,78,77,78,1.6,2.4,1.4,1.0,1.5,1.9,1.4,0.8,1.096774193548387,1.7096774193548387,1.25,1.125,3,2,3,1.6666666666666667,2,0
2025-02-15,ELC,33,Oxford United FC,Portsmouth FC,32,32,32,32,0.8,0.8,0.8,1.8,1.0,0.6,1.3,1.5,1.0625,1.40625,1.21875,1.71875,3,3,1,2.0,2,0
2025-02-15,ELC,33,Preston North End FC,Burnley FC,77,70,77,32,1.2,0.8,1.6,0.0,1.3,1.1,1.1,0.0,1.096774193548387,1.2258064516129032,1.21875,0.28125,3,2,1,0.0,0,0
2025-02-15,PL,25,Southampton FC,AFC Bournemouth,73,62,24,62,1.2,3.0,2.4,1.0,0.7,2.4,2.0,0.9,0.75,2.25,1.7083333333333333,1.1666666666666667,14,14,1,4.0,4,1
2025-02-15,PL,25,West Ham United FC,Brentford FC,62,62,62,62,1.2,2.2,1.8,1.4,1.1,1.9,1.5,1.6,1.2083333333333333,1.9166666666666667,1.75,1.75,11,13,3,4.333333333333333,1,0
2025-02-15,PL,25,Aston Villa FC,Ipswich Town FC,62,70,62,24,1.2,1.2,0.8,3.2,1.2,1.4,0.9,2.4,1.4166666666666667,1.5416666666666667,0.9166666666666666,2.0416666666666665,13,14,1,4.0,2,0
2025-02-15,PL,25,Manchester City FC,Newcastle United FC,62,62,62,62,3.2,1.8,2.0,1.6,2.3,1.6,2.5,1.2,2.0,1.4583333333333333,1.75,1.2083333333333333,12,14,3,2.6666666666666665,4,1
2025-02-15,PL,25,Fulham FC,Nottingham Forest FC,62,62,62,62,1.6,1.4,2.8,1.6,1.5,1.3,2.4,1.1,1.5,1.3333333333333333,1.6666666666666667,1.125,14,14,3,3.3333333333333335,3,1
2025-02-15,ELC,33,Blackburn Rovers FC,Plymouth Argyle FC,78,77,78,77,1.2,1.4,1.8,2.0,1.0,1.1,1.2,1.9,1.15625,0.96875,1.096774193548387,2.064516129032258,2,2,3,2.6666666666666665,2,0
2025-02-15,ELC,33,Hull City AFC,Norwich City FC,77,80,77,80,1.2,1.2,1.4,1.0,1.2,1.2,1.3,1.0,1.0,1.3548387096774193,1.5625,1.375,2,3,3,3.3333333333333335,2,0
2025-02-15,ELC,33,Luton Town FC,Sheffield United FC,69,70,31,32,0.6,1.4,1.6,1.2,0.7,1.4,1.4,1.2,0.967741935483871,1.6451612903225807,1.4375,0.71875,2,2,3,3.6666666666666665,1,0
2025-02-15,ELC,33,Middlesbrough FC,Watford FC,77,78,77,78,1.4,2.0,0.8,2.2,1.5,1.7,1.0,1.9,1.6129032258064515,1.3548387096774193,1.3125,1.5,2,3,3,4.0,1,0
2025-02-15,ELC,33,Millwall FC,West Bromwich Albion FC,77,80,77,80,1.4,1.6,1.6,1.6,1.0,1.4,1.5,1.4,1.0,1.032258064516129,1.28125,0.9375,2,2,3,0.6666666666666666,2,0
2025-02-15,ELC,33,Sheffield Wednesday FC,Coventry City FC,78,78,78,78,1.4,1.0,1.4,0.6,1.7,1.8,1.4,0.6,1.40625,1.5,1.3125,1.25,2,3,3,2.6666666666666665,3,1
2025-02-15,ELC,33,Stoke City FC,Swansea City AFC,77,78,77,78,0.8,1.4,0.6,2.0,0.5,1.1,0.9,1.9,0.9032258064516129,1.2580645161290323,1.03125,1.34375,2,2,3,1.6666666666666667,4,1
2025-02-15,PL,25,Crystal Palace FC,Everton FC,62,62,62,62,1.6,0.6,2.0,1.0,1.6,1.2,1.1,0.9,1.1666666666666667,1.25,1.0416666666666667,1.25,13,2,3,3.3333333333333335,3,1
2025-02-16,PL,25,Liverpool FC,Wolverhampton Wanderers FC,62,62,62,62,2.2,0.8,0.6,2.0,2.9,1.2,1.2,1.6,2.4166666666666665,0.9583333333333334,1.4166666666666667,2.1666666666666665,3,14,3,3.0,3,1
2025-02-16,PL,25,Tottenham Hotspur FC,Manchester United FC,62,62,62,62,1.4,1.8,1.4,1.6,2.0,2.2,1.1,1.9,2.0,1.5416666666666667,1.1666666666666667,1.4166666666666667,14,14,3,3.0,1,0
2025-02-17,ELC,33,Leeds United FC,Sunderland AFC,81,78,81,78,3.0,0.0,2.0,1.2,2.5,0.4,1.5,1.0,2.0625,0.59375,1.53125,0.875,6,5,3,1.6666666666666667,3,1
2025-02-18,ELC,31,Preston North End FC,Millwall FC,78,78,78,78,1.2,0.8,1.2,1.4,1.2,0.9,1.0,1.3,1.0625,1.1875,1.0,1.03125,3,3,3,2.6666666666666665,2,0
2025-02-19,PL,29,Aston Villa FC,Liverpool FC,63,63,63,63,1.0,1.2,2.4,0.8,1.2,1.5,2.9,1.1,1.4,1.52,2.4,0.96,4,3,3,3.6666666666666665,4,1
2025-02-19,ELC,31,Luton Town FC,Plymouth Argyle FC,70,78,32,78,0.6,1.6,1.8,2.2,0.5,1.4,1.2,1.7,0.9375,1.625,1.0625,2.0625,4,4,1,4.0,2,0
2025-02-21,ELC,34,Bristol City FC,Middlesbrough FC,79,78,79,78,1.2,0.8,1.2,1.8,1.4,0.9,1.2,1.5,1.2424242424242424,1.121212121212121,1.5625,1.34375,6,6,3,3.3333333333333335,3,1
2025-02-21,PL,26,Leicester City FC,Brentford FC,71,63,25,63,0.4,2.2,1.0,1.4,0.4,2.5,1.2,1.4,1.0,2.2,1.72,1.68,6,6,1,5.0,4,1
2025-02-21,ELC,34,Burnley FC,Sheffield Wednesday FC,71,79,33,79,0.6,0.0,1.2,1.0,0.9,0.0,1.5,1.7,1.1818181818181819,0.2727272727272727,1.393939393939394,1.5151515151515151,6,6,1,2.0,4,1
2025-02-22,PL,26,Everton FC,Manchester United FC,63,63,63,63,2.4,1.0,1.0,1.4,1.3,1.0,0.9,1.7,1.08,1.24,1.12,1.4,6,5,3,3.0,4,1
2025-02-22,ELC,34,Derby County FC,Millwall FC,33,79,33,79,0.4,1.6,1.2,1.6,0.4,1.7,1.1,1.4,1.0,1.393939393939394,1.0,1.0303030303030303,7,3,1,2.0,1,0
2025-02-22,ELC,34,Plymouth Argyle FC,Cardiff City FC,79,78,79,78,2.0,1.4,1.2,2.6,1.3,1.6,1.4,1.7,1.0606060606060606,2.0303030303030303,1.09375,1.6875,2,7,3,4.333333333333333,2,0
2025-02-22,ELC,34,Sunderland AFC,Hull City AFC,79,78,79,78,2.0,1.6,1.2,1.4,1.4,1.0,1.1,1.2,1.5151515151515151,0.9090909090909091,1.0,1.34375,4,6,3,1.0,1,0
2025-02-22,PL,26,Ipswich Town FC,Tottenham Hotspur FC,71,63,25,63,0.6,3.0,1.4,1.4,0.9,2.3,1.8,1.8,0.92,2.0,1.96,1.48,7,5,1,3.0,5,1
2025-02-22,PL,26,Fulham FC,Crystal Palace FC,63,63,63,63,1.6,1.2,1.6,0.8,1.6,1.3,1.5,1.2,1.52,1.32,1.16,1.28,7,6,3,1.3333333333333333,2,0
2025-02-22,PL,26,Arsenal FC,West Ham United FC,63,63,63,63,2.4,0.8,1.0,1.6,2.2,0.7,0.9,1.9,2.04,0.88,1.16,1.88,7,7,3,5.0,1,0
2025-02-22,PL,26,AFC Bournemouth,Wolverhampton Wanderers FC,63,63,63,63,2.8,1.2,0.8,1.8,2.1,0.9,1.2,1.6,1.76,1.16,1.4,2.16,7,6,3,3.3333333333333335,1,0
2025-02-22,PL,26,Southampton FC,Brighton & Hove Albion FC,74,63,25,63,1.4,2.6,1.6,1.8,0.8,2.6,1.3,1.6,0.76,2.28,1.52,1.52,7,7,1,2.0,4,1
2025-02-22,ELC,34,Coventry City FC,Preston North End FC,79,79,79,79,1.4,0.8,1.0,0.8,1.2,0.7,1.2,1.0,1.3333333333333333,1.2424242424242424,1.0606060606060606,1.1818181818181819,7,3,3,3.0,3,1
2025-02-22,ELC,34,Norwich City FC,Stoke City FC,81,78,81,78,1.6,0.8,1.2,1.4,1.2,1.0,0.8,1.0,1.5454545454545454,1.3636363636363635,0.96875,1.25,7,7,3,2.0,6,1
2025-02-22,ELC,34,Portsmouth FC,Queens Park Rangers FC,33,79,33,79,1.0,0.8,1.4,1.2,1.1,1.5,1.6,1.0,1.2424242424242424,1.6666666666666667,1.1818181818181819,1.2424242424242424,7,7,1,3.0,3,1
2025-02-22,ELC,34,Swansea City AFC,Blackburn Rovers FC,79,79,79,79,0.6,2.2,1.6,1.0,0.7,2.2,1.2,1.0,1.0303030303030303,1.393939393939394,1.1818181818181819,0.9393939393939394,7,7,3,1.6666666666666667,3,1
2025-02-22,ELC,34,West Bromwich Albion FC,Oxford United FC,81,33,81,33,1.8,1.4,0.2,0.8,1.5,1.3,0.8,0.8,1.2727272727272727,0.9393939393939394,1.0303030303030303,1.4242424242424243,7,7,1,2.0,2,0
2025-02-22,PL,26,Aston Villa FC,Chelsea FC,64,63,64,63,1.2,1.6,1.6,2.0,1.3,1.5,1.2,1.6,1.4230769230769231,1.5384615384615385,1.88,1.36,2,7,3,2.6666666666666665,3,1
2025-02-23,ELC,34,Watford FC,Luton Town FC,79,71,79,33,0.8,1.8,0.4,1.2,1.0,1.7,0.6,1.4,1.303030303030303,1.4545454545454546,0.9393939393939394,1.606060606060606,7,3,1,3.0,2,0
2025-02-23,PL,26,Newcastle United FC,Nottingham Forest FC,63,63,63,63,1.6,2.2,2.4,2.0,2.3,1.2,2.2,1.1,1.68,1.32,1.64,1.16,7,7,3,4.333333333333333,7,1
2025-02-23,PL,26,Manchester City FC,Liverpool FC,63,64,63,64,3.2,1.6,2.4,1.2,2.5,1.4,2.5,1.0,2.08,1.4,2.3846153846153846,1.0,8,3,3,2.0,2,0
2025-02-24,ELC,34,Sheffield United FC,Leeds United FC,71,82,33,82,1.4,1.0,3.0,0.2,1.5,1.0,2.5,0.5,1.4242424242424243,0.696969696969697,2.0606060606060606,0.6060606060606061,9,7,1,2.0,4,1
2025-02-25,PL,27,Brighton & Hove Albion FC,AFC Bournemouth,64,64,64,64,2.0,1.8,2.4,1.0,1.6,1.3,2.0,0.9,1.6153846153846154,1.4615384615384615,1.6923076923076923,1.1538461538461537,3,3,3,3.3333333333333335,3,1
2025-02-25,PL,27,Crystal Palace FC,Aston Villa FC,64,65,64,65,1.6,0.8,1.2,1.4,1.4,1.1,1.3,1.5,1.1923076923076923,1.2307692307692308,1.4444444444444444,1.5185185185185186,3,3,3,4.333333333333333,5,1
2025-02-25,PL,27,Wolverhampton Wanderers FC,Fulham FC,64,64,64,64,1.0,1.2,1.2,1.0,1.2,1.4,1.4,1.3,1.3846153846153846,2.076923076923077,1.4615384615384615,1.3461538461538463,3,3,3,4.333333333333333,3,1
2025-02-25,ELC,31,Cardiff City FC,Hull City AFC,79,79,79,79,1.0,2.4,1.2,1.0,1.3,1.7,1.2,1.1,1.0909090909090908,1.6666666666666667,1.0,1.303030303030303,3,3,3,4.0,1,0
2025-02-25,ELC,31,Stoke City FC,Middlesbrough FC,79,79,79,79,1.4,1.6,1.0,2.2,1.0,1.2,1.0,1.4,1.0,1.3333333333333333,1.5454545454545454,1.3636363636363635,3,4,3,2.0,4,1
2025-02-25,PL,27,Chelsea FC,Southampton FC,64,75,64,26,1.4,2.0,1.2,2.8,1.1,1.7,0.8,2.5,1.8461538461538463,1.3846153846153846,0.7307692307692307,2.3461538461538463,3,3,1,6.0,4,1
2025-02-26,PL,27,Nottingham Forest FC,Arsenal FC,64,64,64,64,2.8,2.6,2.0,0.8,2.3,1.4,2.2,0.8,1.6923076923076923,1.2692307692307692,1.9615384615384615,0.8846153846153846,3,4,3,3.0,0,0
2025-02-26,PL,27,Brentford FC,Everton FC,64,64,64,64,1.4,1.0,2.2,1.0,1.5,1.2,1.5,1.2,1.8076923076923077,1.6153846153846154,1.1153846153846154,1.2692307692307692,4,4,3,1.6666666666666667,2,0
2025-02-26,PL,27,Tottenham Hotspur FC,Manchester City FC,64,64,64,64,2.0,1.2,2.8,1.6,1.7,1.9,2.4,1.4,2.0384615384615383,1.4615384615384615,2.0,1.4230769230769231,4,3,3,4.0,1,0
2025-02-26,PL,27,Manchester United FC,Ipswich Town FC,64,72,64,26,0.8,1.6,0.8,3.4,0.9,1.8,0.8,2.6,1.1538461538461537,1.4230769230769231,0.9230769230769231,2.076923076923077,4,4,1,2.0,5,1
2025-02-26,PL,27,Liverpool FC,Newcastle United FC,65,64,65,64,2.0,1.0,1.8,2.8,2.4,0.9,2.3,1.5,2.3703703703703702,0.9629629629629629,1.7692307692307692,1.3846153846153846,3,3,3,5.0,2,0
2025-02-27,PL,27,West Ham United FC,Leicester City FC,64,72,64,26,0.6,1.2,0.4,2.6,0.9,1.8,0.4,2.5,1.1538461538461537,1.8076923076923077,0.9615384615384616,2.269230769230769,5,6,1,4.0,2,0
2025-02-28,ELC,35,Sheffield Wednesday FC,Sunderland AFC,80,80,80,80,0.8,1.8,1.6,1.4,1.4,1.8,1.4,1.0,1.3529411764705883,1.588235294117647,1.4705882352941178,0.9117647058823529,7,6,3,3.0,3,1
2025-03-01,ELC,35,Blackburn Rovers FC,Norwich City FC,80,82,80,82,1.4,1.2,1.4,1.0,1.1,1.2,1.5,1.1,1.1470588235294117,1.0,1.6176470588235294,1.3823529411764706,6,6,3,3.3333333333333335,2,0
2025-03-01,ELC,35,Leeds United FC,West Bromwich Albion FC,83,82,83,82,3.6,0.4,1.2,1.2,2.7,0.6,1.6,1.2,2.088235294117647,0.6176470588235294,1.2941176470588236,0.9117647058823529,4,6,3,1.0,2,0
2025-03-01,ELC,35,Oxford United FC,Coventry City FC,34,80,34,80,0.2,1.2,1.4,0.8,0.7,1.0,1.4,0.8,1.0,1.4411764705882353,1.3529411764705883,1.2352941176470589,6,6,1,5.0,5,1
2025-03-01,ELC,35,Luton Town FC,Portsmouth FC,72,34,34,34,0.4,1.4,1.4,0.8,0.5,1.4,1.3,1.5,0.9117647058823529,1.6176470588235294,1.2647058823529411,1.6470588235294117,6,7,1,0.0,1,0
2025-03-01,ELC,35,Middlesbrough FC,Derby County FC,80,34,80,34,1.4,2.0,0.2,1.4,1.3,1.5,0.4,1.7,1.588235294117647,1.3529411764705883,0.9705882352941176,1.3823529411764706,3,7,1,1.0,1,0
2025-03-01,ELC,35,Queens Park Rangers FC,Sheffield United FC,80,72,80,34,1.6,1.2,1.6,1.0,1.6,1.1,1.5,1.2,1.1764705882352942,1.2647058823529411,1.411764705882353,0.7647058823529411,7,4,1,4.0,3,1
2025-03-01,ELC,35,Stoke City FC,Watford FC,80,80,80,80,1.6,2.2,1.0,1.4,1.0,1.5,1.1,1.4,1.0,1.3823529411764706,1.3235294117647058,1.411764705882353,3,6,3,2.0,0,0
2025-03-04,ELC,35,Cardiff City FC,Burnley FC,80,72,80,34,0.8,2.2,1.4,0.0,1.3,1.6,1.3,0.0,1.088235294117647,1.6176470588235294,1.2647058823529411,0.2647058823529412,7,10,1,5.0,3,1
2025-03-04,ELC,35,Hull City AFC,Plymouth Argyle FC,80,80,80,80,0.6,1.2,1.8,1.2,1.1,1.2,1.2,1.5,0.9705882352941176,1.2941176470588236,1.0588235294117647,2.0,7,10,3,1.6666666666666667,2,0
2025-03-04,ELC,35,Millwall FC,Bristol City FC,80,80,80,80,1.2,1.6,1.2,0.8,1.2,1.3,1.3,1.0,1.0,1.0,1.2647058823529411,1.1176470588235294,10,11,3,3.0,2,0
2025-03-04,ELC,35,Preston North End FC,Swansea City AFC,80,80,80,80,0.8,1.0,1.0,1.2,1.0,1.1,0.8,2.1,1.0588235294117647,1.2058823529411764,1.088235294117647,1.3529411764705883,10,10,3,3.0,0,0
2025-03-07,ELC,36,Norwich City FC,Oxford United FC,83,35,83,35,1.4,1.2,0.4,1.6,1.5,1.2,0.8,1.2,1.6,1.3714285714285714,1.0285714285714285,1.4857142857142858,6,6,1,2.0,2,0
2025-03-08,PL,28,Nottingham Forest FC,Manchester City FC,65,65,65,65,2.2,2.2,1.8,1.6,2.1,1.4,2.4,1.2,1.6296296296296295,1.2222222222222223,1.962962962962963,1.3703703703703705,9,9,3,2.3333333333333335,1,0
2025-03-08,ELC,36,Coventry City FC,Stoke City FC,81,81,81,81,1.6,1.2,1.2,2.0,1.6,0.9,1.0,1.5,1.4,1.2571428571428571,0.9714285714285714,1.3428571428571427,7,6,3,0.6666666666666666,5,1
2025-03-08,ELC,36,Watford FC,Millwall FC,81,81,81,81,1.0,1.2,0.8,1.8,1.0,1.2,1.0,1.3,1.2857142857142858,1.3714285714285714,0.9714285714285714,1.0285714285714285,6,3,3,3.3333333333333335,3,1
2025-03-08,PL,28,Brighton & Hove Albion FC,Fulham FC,65,65,65,65,1.8,1.8,1.2,1.2,1.7,1.3,1.6,1.4,1.6296296296296295,1.4444444444444444,1.4814814814814814,1.3333333333333333,10,10,3,3.0,3,1
2025-03-08,PL,28,Crystal Palace FC,Ipswich Town FC,65,73,65,27,2.0,1.0,1.2,2.8,1.7,0.7,1.0,2.5,1.2962962962962963,1.2222222222222223,0.9629629629629629,2.111111111111111,10,9,1,1.0,1,0
2025-03-08,PL,28,Liverpool FC,Southampton FC,66,76,66,27,2.0,1.0,0.8,3.0,2.1,0.9,0.8,2.9,2.357142857142857,0.9285714285714286,0.7037037037037037,2.4074074074074074,9,10,1,5.0,4,1
2025-03-08,ELC,36,Bristol City FC,Hull City AFC,81,81,81,81,1.4,0.6,0.8,0.8,1.3,0.8,1.3,1.1,1.2857142857142858,1.0857142857142856,1.0,1.2571428571428571,3,3,3,3.0,2,0
2025-03-08,ELC,36,Burnley FC,Luton Town FC,73,73,35,35,1.8,0.2,0.4,1.2,1.5,0.1,0.6,1.3,1.2857142857142858,0.2857142857142857,0.9142857142857143,1.5714285714285714,3,7,3,3.3333333333333335,4,1
2025-03-08,ELC,36,Derby County FC,Blackburn Rovers FC,35,81,35,81,0.2,1.4,1.2,1.2,0.2,1.4,1.2,1.2,0.9428571428571428,1.3714285714285714,1.1428571428571428,1.0,7,7,1,6.0,3,1
2025-03-08,ELC,36,Plymouth Argyle FC,Sheffield Wednesday FC,81,81,81,81,1.4,1.4,0.8,2.0,1.2,1.7,1.1,1.8,1.0285714285714285,2.0,1.3428571428571427,1.6,3,7,3,2.6666666666666665,3,1
2025-03-08,ELC,36,Sheffield United FC,Preston North End FC,73,81,35,81,1.8,1.2,0.6,0.6,1.6,1.1,0.9,0.8,1.4285714285714286,0.7714285714285715,1.0285714285714285,1.1714285714285715,7,3,1,2.0,1,0
2025-03-08,ELC,36,Sunderland AFC,Cardiff City FC,81,81,81,81,1.4,1.2,1.0,1.2,1.4,1.0,1.3,1.7,1.4857142857142858,0.9142857142857143,1.0857142857142856,1.6285714285714286,7,3,3,1.6666666666666667,3,1
2025-03-08,ELC,36,Swansea City AFC,Middlesbrough FC,81,81,81,81,1.0,0.8,1.2,1.4,0.8,1.7,1.3,1.5,1.0571428571428572,1.3142857142857143,1.5714285714285714,1.3142857142857143,3,7,3,2.0,1,0
2025-03-08,ELC,36,West Bromwich Albion FC,Queens Park Rangers FC,83,81,83,81,1.2,1.0,1.6,1.2,1.4,1.2,1.4,1.2,1.2857142857142858,0.9142857142857143,1.1714285714285715,1.2857142857142858,7,7,3,3.3333333333333335,1,0
2025-03-08,PL,28,Brentford FC,Aston Villa FC,65,66,65,66,1.6,0.8,1.2,2.0,1.6,1.1,1.4,1.6,1.7777777777777777,1.5925925925925926,1.4285714285714286,1.6071428571428572,9,10,3,4.333333333333333,1,0
2025-03-08,PL,28,Wolverhampton Wanderers FC,Everton FC,65,65,65,65,1.0,1.0,2.2,1.2,1.0,1.6,1.5,1.2,1.3703703703703705,2.074074074074074,1.1111111111111112,1.2592592592592593,11,10,3,2.6666666666666665,2,0
2025-03-09,ELC,36,Portsmouth FC,Leeds United FC,35,84,35,84,1.4,1.0,2.4,0.6,1.3,1.3,2.7,0.6,1.2285714285714286,1.6285714285714286,2.057142857142857,0.6285714285714286,7,7,1,6.0,1,0
2025-03-09,PL,28,Tottenham Hotspur FC,AFC Bournemouth,65,65,65,65,1.6,0.8,1.8,1.2,1.4,1.4,1.8,1.1,1.962962962962963,1.4444444444444444,1.6666666666666667,1.1851851851851851,10,11,3,2.3333333333333335,4,1
2025-03-09,PL,28,Chelsea FC,Leicester City FC,65,73,65,27,1.6,1.8,0.4,2.6,1.5,1.7,0.4,2.4,1.9259259259259258,1.3333333333333333,0.9259259259259259,2.259259259259259,11,9,1,3.0,1,0
2025-03-09,PL,28,Manchester United FC,Arsenal FC,65,65,65,65,1.2,1.4,1.6,0.4,1.2,1.7,1.7,0.7,1.2222222222222223,1.4444444444444444,1.8888888888888888,0.8518518518518519,10,10,3,2.3333333333333335,2,0
2025-03-10,PL,28,West Ham United FC,Newcastle United FC,65,65,65,65,1.0,0.8,1.6,2.4,1.0,1.7,1.9,1.7,1.1851851851851851,1.7407407407407407,1.7037037037037037,1.4074074074074074,11,11,3,4.333333333333333,1,0
2025-03-11,ELC,37,Burnley FC,West Bromwich Albion FC,74,84,36,84,2.4,0.2,1.0,0.8,1.8,0.1,1.4,1.1,1.3611111111111112,0.2777777777777778,1.2777777777777777,0.8888888888888888,3,3,1,0.0,2,0
2025-03-11,ELC,37,Cardiff City FC,Luton Town FC,82,74,82,36,1.0,1.2,0.4,1.6,1.3,1.8,0.5,1.5,1.0833333333333333,1.6388888888888888,0.8888888888888888,1.6388888888888888,3,3,1,1.0,3,1
2025-03-11,ELC,37,Derby County FC,Coventry City FC,36,82,36,82,0.4,1.4,2.2,1.2,0.4,1.4,1.8,0.9,0.9722222222222222,1.3611111111111112,1.4444444444444444,1.2777777777777777,3,3,1,3.0,2,0
2025-03-11,ELC,37,Middlesbrough FC,Queens Park Rangers FC,82,82,82,82,1.0,1.0,1.2,1.2,1.2,1.5,1.2,1.2,1.5277777777777777,1.3055555555555556,1.1388888888888888,1.2777777777777777,3,3,3,3.0,3,1
2025-03-11,ELC,37,Sunderland AFC,Preston North End FC,82,82,82,82,1.4,1.0,0.4,0.8,1.5,1.1,0.8,0.8,1.5,0.9166666666666666,1.0,1.1666666666666667,3,3,3,1.6666666666666667,2,0
2025-03-11,ELC,37,Norwich City FC,Sheffield Wednesday FC,84,82,84,82,1.4,1.2,1.2,1.6,1.4,1.2,1.2,1.6,1.5833333333333333,1.3611111111111112,1.3888888888888888,1.5555555555555556,3,3,3,3.3333333333333335,5,1
2025-03-11,ELC,37,Sheffield United FC,Bristol City FC,74,82,36,82,1.6,1.0,1.6,0.6,1.5,1.0,1.3,0.9,1.4166666666666667,0.75,1.2777777777777777,1.0833333333333333,3,3,1,3.0,2,0
2025-03-12,ELC,37,Portsmouth FC,Plymouth Argyle FC,36,82,36,82,1.4,0.6,0.4,1.8,1.2,1.2,1.1,1.9,1.2222222222222223,1.5833333333333333,1.0,2.0277777777777777,3,4,1,1.0,3,1
2025-03-12,ELC,37,Hull City AFC,Oxford United FC,82,36,82,36,1.0,0.6,0.6,1.6,1.1,0.9,0.8,1.2,1.0,1.25,1.0277777777777777,1.4722222222222223,4,4,1,1.0,3,1
2025-03-12,ELC,37,Leeds United FC,Millwall FC,85,82,85,82,2.0,0.8,1.0,1.0,2.4,0.4,1.2,1.3,2.0,0.6388888888888888,1.0,1.0277777777777777,3,4,3,2.0,2,0
2025-03-12,ELC,37,Watford FC,Swansea City AFC,82,82,82,82,0.8,1.2,1.0,0.8,1.0,1.3,0.8,1.6,1.2777777777777777,1.3888888888888888,1.0555555555555556,1.2777777777777777,4,4,3,1.3333333333333333,1,0
2025-03-12,ELC,37,Stoke City FC,Blackburn Rovers FC,82,82,82,82,1.6,2.2,1.2,1.2,1.2,1.8,1.0,1.4,1.0,1.3888888888888888,1.1388888888888888,1.0277777777777777,4,4,3,3.0,1,0
2025-03-14,ELC,38,Bristol City FC,Norwich City FC,83,85,83,85,1.4,0.8,1.8,1.6,1.4,0.9,1.6,1.3,1.2702702702702702,1.0810810810810811,1.5945945945945945,1.4054054054054055,3,3,3,2.3333333333333335,3,1
2025-03-15,ELC,38,Millwall FC,Stoke City FC,83,83,83,83,0.8,1.2,1.2,2.0,1.0,1.3,1.2,1.7,0.972972972972973,1.054054054054054,1.0,1.3513513513513513,2,2,3,1.0,1,0
2025-03-15,ELC,38,Queens Park Rangers FC,Leeds United FC,83,86,83,86,1.4,1.4,1.6,0.8,1.2,1.4,2.3,0.4,1.135135135135135,1.2972972972972974,2.0,0.6216216216216216,3,2,3,2.3333333333333335,4,1
2025-03-15,PL,29,Everton FC,West Ham United FC,66,66,66,66,1.6,1.4,0.8,0.8,1.6,1.1,0.9,1.8,1.1071428571428572,1.25,1.1428571428571428,1.7142857142857142,6,4,3,1.6666666666666667,2,0
2025-03-15,PL,29,Ipswich Town FC,Nottingham Forest FC,74,66,28,66,1.0,2.2,2.4,1.2,1.0,2.5,2.1,1.4,0.9285714285714286,2.0714285714285716,1.6071428571428572,1.1785714285714286,7,7,1,1.0,6,1
2025-03-15,PL,29,Manchester City FC,Brighton & Hove Albion FC,66,66,66,66,1.2,1.6,2.2,1.8,2.3,1.2,1.9,1.4,1.8928571428571428,1.3571428571428572,1.6428571428571428,1.4285714285714286,7,7,3,3.3333333333333335,4,1
2025-03-15,PL,29,Southampton FC,Wolverhampton Wanderers FC,77,66,28,66,0.8,3.0,1.2,1.0,0.9,3.1,0.9,1.7,0.7142857142857143,2.4285714285714284,1.3571428571428572,2.0357142857142856,7,6,1,2.0,3,1
2025-03-15,ELC,38,Blackburn Rovers FC,Cardiff City FC,83,83,83,83,0.8,1.4,1.0,1.4,1.0,1.4,1.1,2.0,1.1081081081081081,1.027027027027027,1.0810810810810811,1.6486486486486487,2,3,3,1.6666666666666667,3,1
2025-03-15,ELC,38,Coventry City FC,Sunderland AFC,83,83,83,83,2.0,1.6,1.2,1.2,1.7,1.1,1.6,1.2,1.4054054054054055,1.2972972972972974,1.4864864864864864,0.918918918918919,3,3,3,2.3333333333333335,3,1
2025-03-15,ELC,38,Luton Town FC,Middlesbrough FC,75,83,37,83,0.8,1.6,1.4,1.0,0.7,1.6,1.3,1.4,0.918918918918919,1.6216216216216217,1.5405405405405406,1.2972972972972974,3,3,1,6.0,0,0
2025-03-15,ELC,38,Oxford United FC,Watford FC,37,83,37,83,0.8,2.0,1.0,0.4,0.8,1.4,0.9,1.3,1.027027027027027,1.4864864864864864,1.2702702702702702,1.3513513513513513,2,2,1,1.0,1,0
2025-03-15,ELC,38,Plymouth Argyle FC,Derby County FC,83,37,83,37,0.8,1.6,0.8,1.4,1.3,1.9,0.6,1.2,1.027027027027027,2.0,1.0,1.3243243243243243,2,3,1,2.0,5,1
2025-03-15,ELC,38,Preston North End FC,Portsmouth FC,83,37,83,37,0.6,1.0,1.2,0.8,0.9,0.9,1.0,1.3,1.0,1.162162162162162,1.2162162162162162,1.5945945945945945,3,2,1,4.0,3,1
2025-03-15,ELC,38,Swansea City AFC,Burnley FC,83,75,83,37,1.0,0.8,2.2,0.4,0.8,1.4,1.9,0.2,1.027027027027027,1.2702702702702702,1.3513513513513513,0.2972972972972973,2,3,1,1.0,2,0
2025-03-15,ELC,38,West Bromwich Albion FC,Hull City AFC,85,83,85,83,1.2,0.6,1.2,0.6,1.4,1.1,1.2,1.0,1.2702702702702702,0.8918918918918919,1.027027027027027,1.2432432432432432,3,2,3,3.0,2,0
2025-03-15,PL,29,AFC Bournemouth,Brentford FC,66,66,66,66,1.2,1.6,1.2,0.8,2.0,1.3,1.6,1.2,1.6785714285714286,1.2142857142857142,1.7142857142857142,1.5714285714285714,6,7,3,4.0,3,1
2025-03-16,ELC,38,Sheffield Wednesday FC,Sheffield United FC,83,75,83,37,1.6,2.0,1.2,1.0,1.5,1.5,1.4,1.1,1.4324324324324325,1.5675675675675675,1.4054054054054055,0.7567567567567568,4,4,1,1.0,1,0
2025-03-16,PL,29,Arsenal FC,Chelsea FC,66,66,66,66,1.6,0.6,1.6,1.2,1.7,0.8,1.5,1.5,1.8571428571428572,0.8571428571428571,1.8928571428571428,1.2857142857142858,6,6,3,3.6666666666666665,1,0
2025-03-16,PL,29,Fulham FC,Tottenham Hotspur FC,66,66,66,66,1.4,1.4,1.8,0.8,1.5,1.5,1.6,1.5,1.4642857142857142,1.3571428571428572,1.9642857142857142,1.4642857142857142,7,6,3,2.3333333333333335,2,0
2025-03-16,PL,29,Leicester City FC,Manchester United FC,74,66,28,66,0.0,2.6,1.2,1.6,0.3,2.2,1.3,1.6,0.8928571428571429,2.2142857142857144,1.2142857142857142,1.4285714285714286,7,7,1,3.0,3,1
2025-03-28,ELC,39,Sheffield United FC,Coventry City FC,76,84,38,84,1.2,1.0,2.2,1.4,1.3,1.0,1.8,1.1,1.394736842105263,0.7368421052631579,1.4473684210526316,1.263157894736842,12,13,1,4.0,4,1
2025-03-29,ELC,39,Watford FC,Plymouth Argyle FC,84,84,84,84,0.8,0.6,1.0,2.0,0.8,1.2,1.5,1.7,1.236842105263158,1.3421052631578947,1.0526315789473684,2.026315789473684,13,13,3,3.3333333333333335,0,0
2025-03-29,ELC,39,Hull City AFC,Luton Town FC,84,76,84,38,1.2,0.8,0.6,1.4,1.2,0.9,0.5,1.3,1.0263157894736843,1.236842105263158,0.8947368421052632,1.5789473684210527,13,13,1,1.0,1,0
2025-03-29,ELC,39,Sunderland AFC,Millwall FC,84,84,84,84,1.0,1.4,0.8,1.0,1.5,1.5,1.0,1.3,1.4473684210526316,0.9736842105263158,0.9736842105263158,1.0263157894736843,14,14,3,1.6666666666666667,1,0
2025-03-29,ELC,39,Cardiff City FC,Sheffield Wednesday FC,84,84,84,84,1.2,1.4,1.4,1.8,1.1,1.9,1.3,1.4,1.105263157894737,1.631578947368421,1.394736842105263,1.5526315789473684,14,13,3,2.6666666666666665,2,0
2025-03-29,ELC,39,Burnley FC,Bristol City FC,76,84,38,84,2.6,0.4,1.6,0.8,1.6,0.2,1.4,0.8,1.368421052631579,0.2894736842105263,1.2894736842105263,1.0789473684210527,14,14,1,1.0,1,0
2025-03-29,ELC,39,Middlesbrough FC,Oxford United FC,84,38,84,38,1.2,0.6,1.0,1.6,1.1,1.4,0.6,1.2,1.5,1.263157894736842,1.0263157894736843,1.4473684210526316,14,14,1,8.0,3,1
2025-03-29,ELC,39,Leeds United FC,Swansea City AFC,87,84,87,84,1.6,1.0,0.8,0.6,2.3,0.6,0.7,1.4,2.0,0.6578947368421053,1.0,1.2894736842105263,14,14,3,5.0,4,1
2025-03-29,ELC,39,Norwich City FC,West Bromwich Albion FC,86,86,86,86,1.8,1.8,1.2,0.6,1.7,1.3,1.5,1.0,1.5789473684210527,1.4210526315789473,1.263157894736842,0.8947368421052632,14,14,3,2.3333333333333335,1,0
2025-03-29,ELC,39,Portsmouth FC,Blackburn Rovers FC,38,84,38,84,1.0,1.2,0.6,1.8,1.0,1.0,1.1,1.4,1.2105263157894737,1.605263157894737,1.105263157894737,1.0526315789473684,14,14,1,3.0,1,0
2025-03-29,ELC,39,Stoke City FC,Queens Park Rangers FC,84,84,84,84,0.8,1.4,1.0,1.8,1.1,1.5,1.2,1.5,0.9736842105263158,1.3421052631578947,1.1578947368421053,1.3157894736842106,14,14,3,3.0,4,1
2025-04-01,PL,30,Arsenal FC,Fulham FC,67,67,67,67,0.8,0.4,1.4,1.2,1.5,0.7,1.5,1.3,1.8275862068965518,0.8275862068965517,1.4827586206896552,1.3103448275862069,16,16,3,3.0,3,1
2025-04-01,PL,30,Wolverhampton Wanderers FC,West Ham United FC,67,67,67,67,1.2,1.2,0.8,0.6,0.9,1.6,1.0,1.4,1.3793103448275863,2.0,1.1379310344827587,1.6896551724137931,17,17,3,3.0,1,0
2025-04-01,PL,30,Nottingham Forest FC,Manchester United FC,67,67,67,67,1.8,1.6,1.8,1.2,2.3,1.6,1.6,1.4,1.6896551724137931,1.206896551724138,1.2758620689655173,1.3793103448275863,17,16,3,4.333333333333333,1,0
2025-04-02,PL,30,AFC Bournemouth,Ipswich Town FC,67,75,67,29,1.4,1.6,1.2,2.6,1.9,1.3,1.0,2.9,1.6551724137931034,1.2413793103448276,0.9655172413793104,2.1379310344827585,18,18,1,3.0,3,1
2025-04-02,PL,30,Brighton & Hove Albion FC,Aston Villa FC,67,67,67,67,2.6,0.8,1.4,1.6,1.9,1.4,1.3,1.4,1.6551724137931034,1.4482758620689655,1.4137931034482758,1.5517241379310345,18,25,3,4.0,3,1
2025-04-02,PL,30,Manchester City FC,Leicester City FC,67,75,67,29,1.4,1.0,0.0,2.4,2.3,1.4,0.3,2.3,1.896551724137931,1.3793103448275863,0.8620689655172413,2.2413793103448274,18,16,1,2.0,2,0
2025-04-02,PL,30,Newcastle United FC,Brentford FC,66,67,66,67,1.2,2.2,1.6,0.6,1.7,1.7,1.7,1.0,1.6785714285714286,1.3571428571428572,1.7241379310344827,1.5517241379310345,22,18,3,4.333333333333333,3,1
2025-04-02,PL,30,Southampton FC,Crystal Palace FC,78,66,29,66,0.6,3.2,2.0,0.6,0.9,3.1,1.8,0.7,0.7241379310344828,2.413793103448276,1.2857142857142858,1.1785714285714286,18,25,1,3.0,2,0
2025-04-02,ELC,39,Derby County FC,Preston North End FC,38,84,38,84,1.4,1.0,0.8,1.0,0.9,1.3,0.9,0.9,1.0526315789473684,1.3421052631578947,1.0263157894736843,1.1578947368421053,18,18,1,2.0,2,0
2025-04-02,PL,30,Liverpool FC,Everton FC,67,67,67,67,2.2,0.8,1.4,1.2,2.2,0.8,1.7,1.1,2.3793103448275863,0.9310344827586207,1.103448275862069,1.2413793103448276,25,18,3,2.6666666666666665,1,0
2025-04-03,PL,30,Chelsea FC,Tottenham Hotspur FC,67,67,67,67,1.2,1.2,1.4,1.2,1.5,1.4,1.4,1.5,1.8275862068965518,1.2758620689655173,1.896551724137931,1.4827586206896552,18,18,3,4.666666666666667,1,0
2025-04-04,ELC,40,Blackburn Rovers FC,Middlesbrough FC,85,85,85,85,0.6,1.4,1.0,0.6,1.0,1.3,1.2,1.3,1.0769230769230769,1.0512820512820513,1.5128205128205128,1.2564102564102564,6,6,3,1.3333333333333333,2,0
2025-04-05,PL,31,Everton FC,Arsenal FC,68,68,68,68,1.0,1.2,0.8,0.6,1.7,1.1,1.6,0.7,1.0666666666666667,1.2333333333333334,1.8333333333333333,0.8333333333333334,2,3,3,1.3333333333333333,2,0
2025-04-05,ELC,40,Coventry City FC,Burnley FC,85,77,85,39,2.0,1.8,2.0,0.4,1.7,1.3,1.7,0.2,1.435897435897436,1.3076923076923077,1.358974358974359,0.28205128205128205,7,6,1,2.0,3,1
2025-04-05,ELC,40,Luton Town FC,Leeds United FC,77,88,39,88,0.8,1.0,1.4,1.2,0.6,1.2,2.5,0.8,0.8974358974358975,1.5384615384615385,2.0,0.6923076923076923,6,6,1,3.0,2,0
2025-04-05,ELC,40,West Bromwich Albion FC,Sunderland AFC,87,85,87,85,0.8,0.8,1.2,1.2,1.0,1.0,1.4,1.3,1.2307692307692308,0.8974358974358975,1.435897435897436,0.9487179487179487,6,6,3,1.3333333333333333,1,0
2025-04-05,PL,31,Crystal Palace FC,Brighton & Hove Albion FC,67,68,67,68,1.8,0.8,2.0,1.4,1.7,0.7,1.8,1.6,1.2758620689655173,1.1724137931034482,1.6,1.5,2,2,3,3.6666666666666665,3,1
2025-04-05,PL,31,Ipswich Town FC,Wolverhampton Wanderers FC,76,68,30,68,1.4,2.6,1.2,0.8,1.0,2.8,1.0,1.3,1.0,2.1,1.3666666666666667,1.9333333333333333,2,3,1,3.0,3,1
2025-04-05,PL,31,West Ham United FC,AFC Bournemouth,68,68,68,68,0.8,0.6,1.0,1.8,0.9,1.1,1.9,1.5,1.1,1.6666666666666667,1.6333333333333333,1.2666666666666666,3,2,3,2.0,4,1
2025-04-05,ELC,40,Bristol City FC,Watford FC,85,85,85,85,1.2,0.8,0.4,0.6,1.2,0.8,0.7,1.0,1.2564102564102564,1.0769230769230769,1.205128205128205,1.3076923076923077,6,7,3,2.6666666666666665,3,1
2025-04-05,ELC,40,Millwall FC,Portsmouth FC,85,39,85,39,0.6,1.2,0.8,1.0,0.9,1.4,1.1,0.9,0.9487179487179487,1.0256410256410255,1.205128205128205,1.564102564102564,6,6,1,1.0,3,1
2025-04-05,ELC,40,Oxford United FC,Sheffield United FC,39,77,39,39,1.2,1.6,1.6,0.6,0.7,1.4,1.6,0.8,1.0256410256410255,1.4615384615384615,1.435897435897436,0.7435897435897436,6,7,1,3.0,1,0
2025-04-05,ELC,40,Plymouth Argyle FC,Norwich City FC,85,87,85,87,0.8,1.8,1.2,1.4,1.3,1.5,1.3,1.2,1.0256410256410255,1.9743589743589745,1.564102564102564,1.3846153846153846,7,6,3,6.0,3,1
2025-04-05,ELC,40,Preston North End FC,Stoke City FC,85,85,85,85,0.6,1.0,1.2,1.0,0.7,1.0,1.4,1.6,1.0,1.1794871794871795,1.0256410256410255,1.3333333333333333,2,6,3,1.6666666666666667,2,0
2025-04-05,ELC,40,Queens Park Rangers FC,Cardiff City FC,85,85,85,85,1.0,2.0,1.2,1.6,1.3,1.6,1.0,1.9,1.1538461538461537,1.358974358974359,1.1025641025641026,1.6153846153846154,6,6,3,2.6666666666666665,0,0
2025-04-05,ELC,40,Sheffield Wednesday FC,Hull City AFC,85,85,85,85,1.6,1.2,1.2,0.8,1.2,1.5,0.9,1.0,1.3846153846153846,1.5384615384615385,1.0,1.2307692307692308,6,7,3,4.0,1,0
2025-04-05,ELC,40,Swansea City AFC,Derby County FC,85,39,85,39,0.6,1.0,1.8,0.8,0.8,1.1,1.0,1.1,1.0256410256410255,1.3076923076923077,1.0769230769230769,1.3076923076923077,6,2,1,3.0,1,0
2025-04-05,PL,31,Aston Villa FC,Nottingham Forest FC,68,68,68,68,1.8,1.4,1.8,1.2,1.4,1.3,2.1,1.6,1.4666666666666666,1.5,1.6666666666666667,1.1666666666666667,2,3,3,3.6666666666666665,3,1
2025-04-06,PL,31,Brentford FC,Chelsea FC,68,68,68,68,1.6,1.0,1.4,0.6,1.3,1.2,1.5,1.3,1.7,1.5666666666666667,1.8,1.2333333333333334,3,2,3,3.0,0,0
2025-04-06,PL,31,Fulham FC,Liverpool FC,68,68,68,68,1.2,1.4,2.0,0.6,1.4,1.3,2.2,0.7,1.4666666666666666,1.3333333333333333,2.3333333333333335,0.9,4,3,3,5.0,5,1
2025-04-06,PL,31,Tottenham Hotspur FC,Southampton FC,68,79,68,30,1.2,1.4,0.6,2.8,1.3,1.4,1.0,2.7,1.8333333333333333,1.4666666666666666,0.7333333333333333,2.3666666666666667,2,3,1,5.0,4,1
2025-04-06,PL,31,Manchester United FC,Manchester City FC,68,68,68,68,1.8,1.2,1.0,1.0,1.4,1.3,2.1,1.3,1.2333333333333334,1.3666666666666667,1.9,1.3333333333333333,4,3,3,3.3333333333333335,0,0
2025-04-07,PL,31,Leicester City FC,Newcastle United FC,76,67,30,67,0.0,2.4,1.4,2.0,0.2,2.3,1.7,1.8,0.8333333333333334,2.2333333333333334,1.6896551724137931,1.3448275862068966,5,5,1,4.0,3,1
2025-04-08,ELC,41,Blackburn Rovers FC,Sheffield Wednesday FC,86,86,86,86,0.4,1.6,1.4,1.0,0.8,1.4,1.1,1.5,1.05,1.075,1.35,1.525,3,3,3,3.0,4,1
2025-04-08,ELC,41,Bristol City FC,West Bromwich Albion FC,86,88,86,88,1.2,1.0,0.6,0.8,1.3,0.8,0.9,0.9,1.275,1.075,1.2,0.9,3,3,3,1.3333333333333333,3,1
2025-04-08,ELC,41,Norwich City FC,Sunderland AFC,88,86,88,86,1.2,1.6,1.0,1.0,1.3,1.4,1.2,1.1,1.55,1.4,1.425,0.925,3,3,3,2.6666666666666665,0,0
2025-04-08,ELC,41,Preston North End FC,Cardiff City FC,86,86,86,86,0.8,1.2,1.0,1.2,0.7,0.9,1.0,1.2,1.0,1.175,1.075,1.575,3,3,3,2.3333333333333335,4,1
2025-04-08,ELC,41,Sheffield United FC,Millwall FC,78,86,40,86,1.2,0.6,1.0,1.0,1.5,0.9,0.9,1.4,1.4,0.75,0.975,1.025,3,3,1,1.0,1,0
2025-04-08,ELC,41,Stoke City FC,Luton Town FC,86,78,86,40,1.4,1.2,0.8,1.2,1.3,1.6,0.6,1.2,1.025,1.325,0.9,1.525,3,3,1,3.0,2,0
2025-04-08,ELC,41,Watford FC,Hull City AFC,86,86,86,86,0.6,1.0,1.0,0.8,0.8,1.1,0.9,0.8,1.2,1.325,1.0,1.2,3,3,3,1.6666666666666667,1,0
2025-04-08,ELC,41,Derby County FC,Burnley FC,40,78,40,40,1.8,0.8,2.0,0.4,1.0,1.1,1.9,0.3,1.05,1.3,1.375,0.3,3,3,1,0.0,0,0
2025-04-08,ELC,41,Middlesbrough FC,Leeds United FC,86,89,86,89,1.2,0.6,1.4,1.2,1.2,1.0,1.9,0.9,1.525,1.225,1.975,0.7,4,3,3,5.333333333333333,1,0
2025-04-09,ELC,41,Oxford United FC,Queens Park Rangers FC,40,86,40,86,1.0,1.0,0.8,1.6,0.7,1.3,1.2,1.4,1.025,1.425,1.125,1.325,4,4,1,2.0,4,1
2025-04-09,ELC,41,Swansea City AFC,Plymouth Argyle FC,86,86,86,86,0.8,1.0,1.2,1.6,0.9,0.9,1.3,1.5,1.025,1.275,1.05,1.95,4,4,3,2.6666666666666665,3,1
2025-04-09,ELC,41,Coventry City FC,Portsmouth FC,86,40,86,40,1.6,1.8,1.0,1.2,1.6,1.5,1.2,1.1,1.425,1.325,1.2,1.575,4,4,1,5.0,1,0
2025-04-11,ELC,42,Burnley FC,Norwich City FC,79,89,41,89,1.2,0.4,1.0,1.4,1.8,0.3,1.2,1.3,1.3414634146341464,0.2926829268292683,1.5121951219512195,1.3658536585365855,3,3,1,3.0,3,1
2025-04-12,PL,32,Manchester City FC,Crystal Palace FC,69,68,69,68,1.0,0.6,2.0,0.6,1.9,1.1,1.8,0.7,1.8387096774193548,1.2903225806451613,1.3,1.1666666666666667,5,6,3,4.666666666666667,7,1
2025-04-12,ELC,42,Leeds United FC,Preston North End FC,90,87,90,87,1.6,1.0,1.2,1.4,1.8,0.9,0.8,1.1,1.951219512195122,0.6829268292682927,1.024390243902439,1.1951219512195121,3,3,3,2.6666666666666665,3,1
2025-04-12,ELC,42,Plymouth Argyle FC,Sheffield United FC,87,79,87,41,1.2,1.6,1.0,0.8,0.8,1.7,1.3,0.9,1.024390243902439,1.975609756097561,1.3658536585365855,0.7560975609756098,2,3,1,2.0,3,1
2025-04-12,PL,32,Brighton & Hove Albion FC,Leicester City FC,69,77,69,31,1.4,1.8,0.0,2.2,1.7,1.8,0.2,2.4,1.5806451612903225,1.5161290322580645,0.8064516129032258,2.2580645161290325,7,4,1,4.0,4,1
2025-04-12,PL,32,Nottingham Forest FC,Everton FC,69,69,69,69,1.4,0.8,0.8,1.0,2.1,1.7,1.5,1.0,1.6451612903225807,1.1935483870967742,1.064516129032258,1.2258064516129032,6,7,3,1.6666666666666667,1,0
2025-04-12,PL,32,Southampton FC,Aston Villa FC,80,69,31,69,0.8,2.6,1.8,1.2,1.0,2.7,1.5,1.4,0.7419354838709677,2.3870967741935485,1.4838709677419355,1.4838709677419355,6,6,1,1.0,3,1
2025-04-12,ELC,42,Cardiff City FC,Stoke City FC,87,87,87,87,1.2,1.2,1.2,0.8,1.1,1.2,1.4,1.5,1.0975609756097562,1.5853658536585367,1.024390243902439,1.3170731707317074,3,3,3,2.3333333333333335,1,0
2025-04-12,ELC,42,Luton Town FC,Blackburn Rovers FC,79,87,41,87,1.0,0.6,0.6,1.6,0.7,1.1,0.9,1.4,0.9024390243902439,1.5121951219512195,1.0731707317073171,1.0975609756097562,3,3,1,2.0,1,0
2025-04-12,ELC,42,Millwall FC,Middlesbrough FC,87,87,87,87,0.8,0.8,1.2,0.6,0.9,0.9,1.1,0.8,0.975609756097561,1.0,1.4878048780487805,1.2195121951219512,3,3,3,2.0,1,0
2025-04-12,ELC,42,Portsmouth FC,Derby County FC,41,41,41,41,0.8,1.4,1.4,0.6,1.1,1.0,0.9,1.0,1.170731707317073,1.5609756097560976,1.024390243902439,1.2682926829268293,2,3,1,4.0,4,1
2025-04-12,ELC,42,Queens Park Rangers FC,Bristol City FC,87,87,87,87,1.4,1.6,1.4,1.0,1.3,1.4,1.5,0.8,1.170731707317073,1.3170731707317074,1.2926829268292683,1.0731707317073171,2,3,3,1.0,2,0
2025-04-12,ELC,42,Sheffield Wednesday FC,Oxford United FC,87,41,87,41,1.2,1.4,1.0,1.4,1.2,1.5,0.8,1.5,1.3658536585365855,1.5365853658536586,1.024390243902439,1.4634146341463414,3,2,1,4.0,1,0
2025-04-12,ELC,42,Sunderland AFC,Swansea City AFC,87,87,87,87,0.6,0.8,1.2,1.0,1.0,0.9,1.1,0.9,1.3902439024390243,0.9024390243902439,1.0731707317073171,1.2439024390243902,3,2,3,2.6666666666666665,1,0
2025-04-12,ELC,42,West Bromwich Albion FC,Watford FC,89,87,89,87,0.6,1.2,0.6,0.6,0.8,1.0,0.7,0.9,1.1951219512195121,0.926829268292683,1.1951219512195121,1.2926829268292683,3,3,3,3.6666666666666665,3,1
2025-04-12,PL,32,Arsenal FC,Brentford FC,69,69,69,69,1.0,0.6,0.8,1.0,1.5,0.7,1.1,1.0,1.8064516129032258,0.8387096774193549,1.6451612903225807,1.5161290322580645,7,6,3,2.6666666666666665,2,0
2025-04-13,PL,32,Chelsea FC,Ipswich Town FC,69,77,69,31,1.2,0.2,1.4,2.2,1.3,1.1,1.1,2.8,1.7419354838709677,1.1935483870967742,1.0,2.096774193548387,7,7,1,2.0,4,1
2025-04-13,PL,32,Liverpool FC,West Ham United FC,69,69,69,69,2.0,0.8,1.0,1.0,2.2,1.0,0.8,1.1,2.3225806451612905,0.967741935483871,1.1290322580645162,1.6774193548387097,7,7,3,4.333333333333333,3,1
2025-04-13,PL,32,Wolverhampton Wanderers FC,Tottenham Hotspur FC,69,69,69,69,1.4,1.0,1.0,1.4,1.2,1.1,1.5,1.3,1.3870967741935485,1.903225806451613,1.8709677419354838,1.4516129032258065,7,7,3,3.3333333333333335,6,1
2025-04-13,PL,32,Newcastle United FC,Manchester United FC,68,69,68,69,2.0,1.2,1.4,0.8,1.8,1.7,1.1,1.2,1.7333333333333334,1.3,1.1935483870967742,1.3225806451612903,5,7,3,2.6666666666666665,5,1
2025-04-14,PL,32,AFC Bournemouth,Fulham FC,69,69,69,69,1.4,2.0,1.8,1.4,1.9,1.5,1.5,1.2,1.6451612903225807,1.2903225806451613,1.5161290322580645,1.3548387096774193,9,8,3,3.6666666666666665,1,0
2025-04-14,ELC,42,Hull City AFC,Coventry City FC,87,87,87,87,0.8,0.8,1.2,1.4,0.9,0.7,1.7,1.3,0.975609756097561,1.1951219512195121,1.4146341463414633,1.2926829268292683,6,5,3,3.3333333333333335,2,0
2025-04-16,PL,29,Newcastle United FC,Crystal Palace FC,69,69,69,69,2.0,0.8,2.0,1.6,1.9,1.8,1.8,1.2,1.8064516129032258,1.2903225806451613,1.3225806451612903,1.2903225806451613,3,4,3,2.6666666666666665,5,1
2025-04-18,ELC,43,Derby County FC,Luton Town FC,42,80,42,42,1.4,1.0,0.6,0.6,1.1,1.2,0.7,1.1,1.0476190476190477,1.2857142857142858,0.8809523809523809,1.5,5,5,1,3.0,1,0
2025-04-18,ELC,43,Blackburn Rovers FC,Millwall FC,88,88,88,88,0.8,1.4,1.0,0.4,0.8,1.4,0.9,0.8,1.0714285714285714,1.0714285714285714,0.9761904761904762,0.9761904761904762,6,6,3,2.0,5,1
2025-04-18,ELC,43,Bristol City FC,Sunderland AFC,88,88,88,88,1.4,1.0,0.4,0.8,1.4,0.9,0.8,1.0,1.2857142857142858,1.0714285714285714,1.3571428571428572,0.9047619047619048,6,6,3,1.0,3,1
2025-04-18,ELC,43,Coventry City FC,West Bromwich Albion FC,88,90,88,90,1.4,1.2,0.8,1.2,1.7,1.4,1.0,0.9,1.4047619047619047,1.2857142857142858,1.2142857142857142,0.9285714285714286,3,6,3,2.3333333333333335,2,0
2025-04-18,ELC,43,Middlesbrough FC,Plymouth Argyle FC,88,88,88,88,0.8,0.6,1.2,1.6,1.1,0.8,1.0,1.6,1.4523809523809523,1.2142857142857142,1.0476190476190477,1.9523809523809523,6,6,3,4.666666666666667,3,1
2025-04-18,ELC,43,Watford FC,Burnley FC,88,80,88,42,0.6,1.0,1.4,0.4,0.8,0.7,1.8,0.4,1.1904761904761905,1.3095238095238095,1.3571428571428572,0.30952380952380953,6,6,1,3.0,3,1
2025-04-18,ELC,43,Norwich City FC,Portsmouth FC,90,42,90,42,0.8,1.2,1.0,1.4,1.3,1.4,1.1,1.1,1.5,1.380952380952381,1.1904761904761905,1.5714285714285714,6,6,1,0.0,8,1
2025-04-18,ELC,43,Preston North End FC,Queens Park Rangers FC,88,88,88,88,1.2,1.6,1.4,1.4,0.9,1.3,1.4,1.4,1.0238095238095237,1.2142857142857142,1.1666666666666667,1.3095238095238095,6,6,3,2.0,3,1
2025-04-18,ELC,43,Stoke City FC,Sheffield Wednesday FC,88,88,88,88,1.2,0.8,0.6,1.2,1.2,1.4,1.1,1.6,1.0238095238095237,1.2857142857142858,1.3333333333333333,1.5238095238095237,6,6,3,1.6666666666666667,2,0
2025-04-18,ELC,43,Swansea City AFC,Hull City AFC,88,88,88,88,1.4,0.8,0.6,0.8,1.2,0.8,0.9,0.7,1.0714285714285714,1.2142857142857142,0.9761904761904762,1.1904761904761905,6,3,3,2.6666666666666665,1,0
2025-04-18,ELC,43,Sheffield United FC,Cardiff City FC,80,88,42,88,1.0,1.0,1.0,1.0,1.1,1.0,1.0,1.2,1.3571428571428572,0.7857142857142857,1.0714285714285714,1.5714285714285714,6,6,1,2.0,2,0
2025-04-18,ELC,43,Oxford United FC,Leeds United FC,42,91,42,91,1.0,1.0,1.6,1.2,0.9,1.5,1.6,1.0,1.0238095238095237,1.4285714285714286,1.9523809523809523,0.6904761904761905,6,6,1,4.0,1,0
2025-04-19,PL,33,Brentford FC,Brighton & Hove Albion FC,70,70,70,70,0.8,1.0,1.4,2.0,1.2,0.9,1.6,1.9,1.625,1.5,1.59375,1.53125,6,7,3,1.0,6,1
2025-04-19,PL,33,Crystal Palace FC,AFC Bournemouth,70,70,70,70,1.2,2.4,1.4,1.6,1.6,1.7,1.6,1.4,1.28125,1.40625,1.625,1.25,2,4,3,1.0,0,0
2025-04-19,PL,33,Everton FC,Manchester City FC,70,70,70,70,0.8,0.8,1.8,1.0,1.5,1.0,1.8,1.3,1.0625,1.1875,1.9375,1.3125,7,7,3,2.6666666666666665,2,0
2025-04-19,PL,33,West Ham United FC,Southampton FC,70,81,70,32,0.8,1.4,0.8,2.4,0.9,1.1,0.8,2.7,1.125,1.6875,0.71875,2.40625,6,7,1,1.0,2,0
2025-04-19,PL,33,Aston Villa FC,Newcastle United FC,70,70,70,70,2.0,1.0,3.0,0.4,1.6,1.2,2.3,1.4,1.53125,1.4375,1.90625,1.25,7,2,3,4.333333333333333,5,1
2025-04-20,PL,33,Fulham FC,Chelsea FC,70,70,70,70,1.4,1.4,0.8,0.6,1.3,1.3,1.2,1.2,1.46875,1.34375,1.75,1.21875,5,7,3,2.0,3,1
2025-04-20,PL,33,Ipswich Town FC,Arsenal FC,78,70,32,70,1.4,2.0,1.2,0.8,1.3,2.4,1.4,0.6,1.03125,2.09375,1.78125,0.84375,7,7,1,1.0,4,1
2025-04-20,PL,33,Manchester United FC,Wolverhampton Wanderers FC,70,70,70,70,1.0,1.2,2.0,1.0,1.1,1.3,1.5,1.0,1.1875,1.40625,1.46875,1.90625,6,7,3,3.3333333333333335,1,0
2025-04-20,PL,33,Leicester City FC,Liverpool FC,78,70,32,70,0.4,2.2,2.0,1.0,0.4,2.4,2.0,1.0,0.84375,2.25,2.3125,0.96875,8,7,1,4.0,1,0
2025-04-21,ELC,44,Cardiff City FC,Oxford United FC,89,43,89,43,0.6,1.2,0.8,1.2,0.9,1.3,0.9,1.4,1.0465116279069768,1.5813953488372092,1.0,1.4186046511627908,2,2,1,5.0,2,0
2025-04-21,ELC,44,Hull City AFC,Preston North End FC,89,89,89,89,0.4,0.8,1.0,1.8,0.8,0.8,0.9,1.4,0.9534883720930233,1.186046511627907,1.0232558139534884,1.2325581395348837,3,3,3,0.6666666666666666,3,1
2025-04-21,ELC,44,Leeds United FC,Stoke City FC,92,89,92,89,1.4,0.8,1.6,0.6,1.5,0.9,1.2,1.0,1.930232558139535,0.6744186046511628,1.0465116279069768,1.255813953488372,2,3,3,1.3333333333333333,6,1
2025-04-21,ELC,44,Luton Town FC,Bristol City FC,81,89,43,89,0.8,0.6,1.4,1.0,0.7,1.0,1.5,0.9,0.8837209302325582,1.4651162790697674,1.302325581395349,1.069767441860465,3,3,1,1.0,4,1
2025-04-21,ELC,44,Millwall FC,Norwich City FC,89,91,89,91,1.0,1.2,1.2,1.8,0.9,1.1,1.5,1.8,0.9767441860465116,1.0465116279069768,1.5348837209302326,1.4651162790697674,3,3,3,2.6666666666666665,4,1
2025-04-21,ELC,44,Plymouth Argyle FC,Coventry City FC,89,89,89,89,1.0,1.4,1.2,1.2,1.0,1.7,1.7,1.3,1.0465116279069768,1.9534883720930232,1.4186046511627908,1.255813953488372,3,3,3,3.0,4,1
2025-04-21,ELC,44,Portsmouth FC,Watford FC,43,89,43,89,1.8,1.6,0.8,1.2,1.4,1.4,0.8,0.9,1.2790697674418605,1.6046511627906976,1.186046511627907,1.3255813953488371,3,3,1,3.0,1,0
2025-04-21,ELC,44,Queens Park Rangers FC,Swansea City AFC,89,89,89,89,1.4,1.2,1.6,0.4,1.2,1.5,1.2,0.5,1.186046511627907,1.302325581395349,1.069767441860465,1.186046511627907,3,3,3,2.0,3,1
2025-04-21,ELC,44,Sheffield Wednesday FC,Middlesbrough FC,89,89,89,89,0.6,1.4,1.2,0.8,1.0,1.6,1.2,0.7,1.302325581395349,1.5348837209302326,1.4651162790697674,1.2093023255813953,3,3,3,3.3333333333333335,3,1
2025-04-21,ELC,44,Sunderland AFC,Blackburn Rovers FC,89,89,89,89,0.6,0.6,1.4,1.2,0.8,1.0,1.0,1.5,1.3488372093023255,0.9302325581395349,1.1395348837209303,1.069767441860465,3,3,3,4.666666666666667,1,0
2025-04-21,ELC,44,West Bromwich Albion FC,Derby County FC,91,43,91,43,0.6,1.4,0.8,0.8,0.9,1.0,1.1,0.9,1.186046511627907,0.9534883720930233,1.0232558139534884,1.2790697674418605,3,3,1,3.0,4,1
2025-04-21,ELC,44,Burnley FC,Sheffield United FC,81,81,43,43,1.4,0.6,1.2,1.0,2.0,0.5,1.2,1.0,1.372093023255814,0.32558139534883723,1.372093023255814,0.7674418604651163,3,3,3,4.0,3,1
2025-04-21,PL,33,Tottenham Hotspur FC,Nottingham Forest FC,70,70,70,70,1.4,2.0,1.4,1.0,1.5,1.4,1.8,1.6,1.875,1.53125,1.59375,1.1875,8,9,3,2.3333333333333335,3,1
2025-04-22,PL,34,Manchester City FC,Aston Villa FC,71,71,71,71,2.2,0.8,2.6,0.4,1.7,1.2,1.9,1.2,1.9393939393939394,1.2727272727272727,1.606060606060606,1.4242424242424243,3,3,3,3.0,3,1
2025-04-23,PL,34,Arsenal FC,Crystal Palace FC,71,71,71,71,1.8,0.6,1.0,2.4,1.7,0.6,1.5,1.5,1.8484848484848484,0.8181818181818182,1.2424242424242424,1.3636363636363635,3,4,3,4.0,4,1
2025-04-25,ELC,45,Stoke City FC,Sheffield United FC,90,82,90,44,1.0,1.6,0.8,1.2,1.1,1.3,1.2,0.9,1.0227272727272727,1.3636363636363635,1.3636363636363635,0.7954545454545454,4,4,1,2.0,2,0
2025-04-26,PL,34,Chelsea FC,Everton FC,71,71,71,71,1.0,0.8,0.6,1.0,1.3,1.0,1.1,1.2,1.7575757575757576,1.2121212121212122,1.0303030303030303,1.2121212121212122,5,6,3,2.6666666666666665,1,0
2025-04-26,ELC,45,Luton Town FC,Coventry City FC,82,90,44,90,1.2,0.8,1.2,1.2,1.0,0.9,1.6,1.5,0.9318181818181818,1.4545454545454546,1.4090909090909092,1.2954545454545454,4,4,1,5.0,1,0
2025-04-26,ELC,45,Queens Park Rangers FC,Burnley FC,90,82,90,44,1.4,1.0,1.6,0.8,1.2,1.5,1.8,0.6,1.1818181818181819,1.3181818181818181,1.3863636363636365,0.3409090909090909,4,4,1,0.0,5,1
2025-04-26,PL,34,Brighton & Hove Albion FC,West Ham United FC,71,71,71,71,1.4,2.6,1.0,1.4,1.8,2.2,0.9,1.1,1.606060606060606,1.606060606060606,1.121212121212121,1.6666666666666667,7,7,3,2.0,5,1
2025-04-26,PL,34,Newcastle United FC,Ipswich Town FC,71,79,71,33,3.0,1.2,1.4,2.6,2.1,1.7,1.2,2.4,1.878787878787879,1.3333333333333333,1.0,2.1515151515151514,6,6,1,4.0,3,1
2025-04-26,PL,34,Southampton FC,Fulham FC,82,71,33,71,0.8,2.0,1.4,1.4,0.8,2.5,1.4,1.4,0.7272727272727273,2.3636363636363638,1.4545454545454546,1.3636363636363635,7,6,1,0.0,3,1
2025-04-26,PL,34,Wolverhampton Wanderers FC,Leicester City FC,71,79,71,33,2.0,0.8,0.4,2.2,1.6,0.9,0.2,2.4,1.4545454545454546,1.8484848484848484,0.8181818181818182,2.212121212121212,6,5,1,3.0,3,1
2025-04-26,ELC,45,Blackburn Rovers FC,Watford FC,90,90,90,90,1.6,1.0,0.8,1.4,1.1,1.2,0.6,1.0,1.1363636363636365,1.0454545454545454,1.1590909090909092,1.3181818181818181,5,5,3,1.6666666666666667,3,1
2025-04-26,ELC,45,Cardiff City FC,West Bromwich Albion FC,90,92,90,92,0.6,1.2,0.8,1.8,0.9,1.4,0.8,1.3,1.0454545454545454,1.5681818181818181,1.1818181818181819,1.0,5,5,3,1.0,0,0
2025-04-26,ELC,45,Hull City AFC,Derby County FC,90,44,90,44,0.8,0.8,1.0,1.0,1.0,0.8,1.4,0.9,0.9772727272727273,1.1818181818181819,1.0681818181818181,1.2727272727272727,5,5,1,2.0,1,0
2025-04-26,ELC,45,Middlesbrough FC,Norwich City FC,90,92,90,92,1.0,1.0,1.2,2.4,1.0,0.8,1.2,1.9,1.4545454545454546,1.2272727272727273,1.5227272727272727,1.5,5,5,3,4.333333333333333,0,0
2025-04-26,ELC,45,Millwall FC,Swansea City AFC,90,90,90,90,1.6,1.2,1.6,0.2,1.1,1.2,1.1,0.6,1.0227272727272727,1.0454545454545454,1.0909090909090908,1.1818181818181819,5,5,3,1.6666666666666667,1,0
2025-04-26,ELC,45,Oxford United FC,Sunderland AFC,44,90,44,90,0.8,1.0,0.4,0.8,1.0,1.3,0.8,1.0,1.0,1.4090909090909092,1.3181818181818181,0.9318181818181818,5,5,1,2.0,2,0
2025-04-26,ELC,45,Preston North End FC,Plymouth Argyle FC,90,90,90,90,1.2,1.8,1.6,1.6,0.9,1.4,1.2,1.7,1.0227272727272727,1.25,1.0909090909090908,1.9318181818181819,5,5,3,3.3333333333333335,3,1
2025-04-26,ELC,45,Sheffield Wednesday FC,Portsmouth FC,90,44,90,44,0.8,1.4,1.8,1.6,1.2,1.3,1.3,1.3,1.3181818181818181,1.5227272727272727,1.2727272727272727,1.5681818181818181,5,5,1,3.0,2,0
2025-04-27,PL,34,AFC Bournemouth,Manchester United FC,71,71,71,71,1.0,1.2,0.8,1.2,1.1,1.4,1.0,1.4,1.5757575757575757,1.2121212121212122,1.1515151515151516,1.393939393939394,7,7,3,3.3333333333333335,2,0
2025-04-27,PL,34,Liverpool FC,Tottenham Hotspur FC,71,71,71,71,1.8,1.0,1.2,2.0,1.9,1.0,1.5,1.4,2.272727272727273,0.9393939393939394,1.8484848484848484,1.5454545454545454,7,5,3,6.0,6,1
2025-04-28,ELC,45,Leeds United FC,Bristol City FC,93,90,93,90,2.2,0.4,1.6,1.4,1.8,0.8,1.4,1.1,2.022727272727273,0.6590909090909091,1.2954545454545454,1.1136363636363635,7,7,3,1.3333333333333333,4,1
2025-05-01,PL,34,Nottingham Forest FC,Brentford FC,71,71,71,71,1.6,1.2,1.6,1.2,2.0,1.2,1.4,1.0,1.606060606060606,1.1818181818181819,1.696969696969697,1.5151515151515151,9,12,3,3.0,2,0
2025-05-02,PL,35,Manchester City FC,Wolverhampton Wanderers FC,72,72,72,72,2.2,0.6,2.2,0.6,1.8,0.8,1.7,0.9,1.9411764705882353,1.2647058823529411,1.5,1.7941176470588236,10,6,3,4.0,1,0
2025-05-03,PL,35,Aston Villa FC,Fulham FC,72,72,72,72,2.6,0.8,1.4,1.6,2.0,1.2,1.4,1.4,1.588235294117647,1.4411764705882353,1.4705882352941178,1.3529411764705883,10,6,3,3.6666666666666665,1,0
2025-05-03,ELC,46,Bristol City FC,Preston North End FC,91,91,91,91,1.2,2.0,1.2,2.0,1.2,1.5,1.0,1.6,1.2666666666666666,1.1777777777777778,1.0222222222222221,1.2666666666666666,4,6,3,2.6666666666666665,4,1
2025-05-03,ELC,46,Burnley FC,Millwall FC,83,91,45,91,2.2,0.6,1.4,1.0,2.1,0.5,1.2,1.0,1.4666666666666666,0.3333333333333333,1.0222222222222221,1.0222222222222221,7,6,1,1.0,4,1
2025-05-03,ELC,46,Coventry City FC,Middlesbrough FC,91,91,91,91,1.0,1.0,0.6,1.0,1.3,1.4,0.9,0.8,1.3777777777777778,1.288888888888889,1.4222222222222223,1.2,7,6,3,3.3333333333333335,2,0
2025-05-03,ELC,46,Derby County FC,Stoke City FC,45,91,45,91,1.2,0.8,0.8,1.8,1.5,0.8,1.1,1.5,1.0666666666666667,1.2444444444444445,1.0,1.3777777777777778,6,7,1,3.0,0,0
2025-05-03,ELC,46,Norwich City FC,Cardiff City FC,93,91,93,91,1.0,2.0,0.6,1.2,1.1,1.8,0.8,1.2,1.488888888888889,1.4666666666666666,1.0222222222222221,1.5333333333333334,6,6,3,4.333333333333333,6,1
2025-05-03,ELC,46,Plymouth Argyle FC,Leeds United FC,91,94,91,94,1.6,1.6,2.8,0.2,1.4,1.6,2.1,0.7,1.1111111111111112,1.9111111111111112,2.066666666666667,0.6444444444444445,6,4,3,2.6666666666666665,3,1
2025-05-03,ELC,46,Portsmouth FC,Hull City AFC,45,91,45,91,1.8,1.4,0.6,1.0,1.4,1.3,0.8,0.9,1.2666666666666666,1.5555555555555556,0.9555555555555556,1.1777777777777778,6,6,1,2.0,2,0
2025-05-03,ELC,46,Sheffield United FC,Blackburn Rovers FC,83,91,45,91,1.2,1.0,2.0,0.8,1.2,0.8,1.2,1.2,1.3777777777777778,0.7777777777777778,1.1555555555555554,1.0444444444444445,7,6,1,2.0,2,0
2025-05-03,ELC,46,Sunderland AFC,Queens Park Rangers FC,91,91,91,91,0.2,1.2,1.4,2.0,0.6,1.1,1.1,1.8,1.288888888888889,0.9555555555555556,1.1555555555555554,1.4,6,7,3,1.3333333333333333,1,0
2025-05-03,ELC,46,Swansea City AFC,Oxford United FC,91,45,91,45,1.4,0.4,1.0,1.0,1.1,0.7,1.0,1.0,1.0666666666666667,1.1777777777777778,1.0222222222222221,1.3777777777777778,6,6,1,3.0,6,1
2025-05-03,ELC,46,Watford FC,Sheffield Wednesday FC,91,91,91,91,0.8,1.4,1.0,1.4,0.7,1.2,1.2,1.2,1.1555555555555554,1.3333333333333333,1.3111111111111111,1.511111111111111,6,6,3,3.0,2,0
2025-05-03,ELC,46,West Bromwich Albion FC,Luton Town FC,93,83,93,45,0.8,1.6,1.2,0.6,0.7,1.2,1.0,0.9,1.1555555555555554,0.9777777777777777,0.9333333333333333,1.4222222222222223,6,7,1,2.0,8,1
2025-05-03,PL,35,Everton FC,Ipswich Town FC,72,80,72,34,0.4,1.0,1.0,2.4,0.9,1.1,1.1,2.5,1.0,1.2058823529411764,0.9705882352941176,2.176470588235294,7,7,1,2.0,4,1
2025-05-03,PL,35,Leicester City FC,Southampton FC,80,83,34,34,0.4,2.2,0.8,2.0,0.2,2.3,0.7,2.6,0.7941176470588235,2.235294117647059,0.7352941176470589,2.3529411764705883,7,7,3,5.0,2,0
2025-05-03,PL,35,Arsenal FC,AFC Bournemouth,72,72,72,72,2.0,1.0,1.0,1.0,1.4,0.7,1.2,1.3,1.8529411764705883,0.8529411764705882,1.5588235294117647,1.2058823529411764,9,6,3,3.0,3,1
2025-05-04,PL,35,Brentford FC,Manchester United FC,72,72,72,72,1.6,1.0,0.4,1.4,1.6,0.8,1.1,1.3,1.7058823529411764,1.4705882352941178,1.1470588235294117,1.3823529411764706,2,7,3,2.6666666666666665,7,1
2025-05-04,PL,35,Brighton & Hove Albion FC,Newcastle United FC,72,72,72,72,1.6,2.6,3.2,1.0,2.1,1.7,2.3,1.5,1.6470588235294117,1.6176470588235294,1.911764705882353,1.2941176470588236,7,7,3,2.3333333333333335,2,0
2025-05-04,PL,35,West Ham United FC,Tottenham Hotspur FC,72,72,72,72,1.2,1.8,1.4,2.6,1.0,1.2,1.4,1.9,1.1470588235294117,1.7058823529411764,1.8235294117647058,1.6470588235294117,7,6,3,3.3333333333333335,2,0
2025-05-04,PL,35,Chelsea FC,Liverpool FC,72,72,72,72,1.2,0.6,2.2,1.0,1.2,0.9,2.2,0.9,1.7352941176470589,1.1764705882352942,2.3529411764705883,0.9411764705882353,8,7,3,3.3333333333333335,4,1
2025-05-05,PL,35,Crystal Palace FC,Nottingham Forest FC,72,72,72,72,1.2,2.6,0.8,1.2,1.5,1.7,1.3,1.4,1.2647058823529411,1.3823529411764706,1.5588235294117647,1.2058823529411764,12,4,3,1.0,2,0
2025-05-08,ELC,1,Bristol City FC,Sheffield United FC,92,84,92,46,1.2,2.2,1.4,1.0,1.3,1.6,1.2,0.9,1.2826086956521738,1.1956521739130435,1.3695652173913044,0.782608695652174,5,5,2,2.5,3,1
2025-05-09,ELC,1,Coventry City FC,Sunderland AFC,92,92,92,92,1.2,1.0,0.2,1.4,1.2,1.2,0.4,1.1,1.391304347826087,1.2608695652173914,1.2608695652173914,0.9565217391304348,6,6,4,2.5,3,1
2025-05-10,PL,36,Fulham FC,Everton FC,73,73,73,73,1.2,1.4,0.8,1.2,1.2,1.4,0.9,1.2,1.4285714285714286,1.3428571428571427,1.0285714285714285,1.2285714285714286,7,7,3,1.0,4,1
2025-05-10,PL,36,Ipswich Town FC,Brentford FC,81,73,35,73,1.0,2.6,2.2,1.2,1.2,2.6,1.9,1.1,1.0,2.1714285714285713,1.7714285714285714,1.5142857142857142,7,6,1,7.0,1,0
2025-05-10,PL,36,Southampton FC,Manchester City FC,84,73,35,73,0.6,2.2,2.0,0.6,0.6,2.5,1.5,0.8,0.7142857142857143,2.342857142857143,1.9142857142857144,1.2285714285714286,7,7,1,1.0,0,0
2025-05-10,PL,36,Wolverhampton Wanderers FC,Brighton & Hove Albion FC,73,73,73,73,2.0,0.8,1.8,2.2,1.6,0.8,1.9,1.8,1.457142857142857,1.7714285714285714,1.6285714285714286,1.6,7,6,3,3.0,2,0
2025-05-10,PL,36,AFC Bournemouth,Aston Villa FC,73,73,73,73,1.2,0.8,2.2,0.8,1.1,1.3,2.0,1.1,1.5714285714285714,1.2,1.5714285714285714,1.4,7,7,3,3.3333333333333335,1,0
2025-05-11,PL,36,Newcastle United FC,Chelsea FC,73,73,73,73,2.8,1.2,1.6,0.8,2.4,1.2,1.5,0.7,1.8857142857142857,1.2857142857142858,1.7714285714285714,1.1714285714285715,6,6,3,4.333333333333333,2,0
2025-05-11,PL,36,Manchester United FC,West Ham United FC,73,73,73,73,1.0,2.0,1.4,1.8,1.4,1.6,1.1,1.2,1.2,1.457142857142857,1.1428571428571428,1.6857142857142857,7,7,3,2.6666666666666665,2,0
2025-05-11,PL,36,Nottingham Forest FC,Leicester City FC,73,81,73,35,0.8,1.4,0.8,1.8,1.3,1.3,0.4,2.1,1.542857142857143,1.2,0.8285714285714286,2.1714285714285713,5,7,1,4.0,4,1
2025-05-11,PL,36,Tottenham Hotspur FC,Crystal Palace FC,73,73,73,73,1.6,2.6,1.0,2.6,1.4,2.0,1.5,1.6,1.8,1.6285714285714286,1.2571428571428571,1.3714285714285714,7,5,3,2.6666666666666665,2,0
2025-05-11,PL,36,Liverpool FC,Arsenal FC,73,73,73,73,2.2,1.6,1.8,1.2,2.1,1.1,1.3,0.9,2.3142857142857145,1.0,1.8285714285714285,0.8857142857142857,7,7,3,3.3333333333333335,4,1
2025-05-12,ELC,2,Sheffield United FC,Bristol City FC,85,93,47,93,1.8,0.6,1.0,2.6,1.4,0.8,1.2,1.8,1.4042553191489362,0.7659574468085106,1.2553191489361701,1.2340425531914894,4,4,3,2.6666666666666665,3,1
2025-05-13,ELC,2,Sunderland AFC,Coventry City FC,93,93,93,93,0.6,1.4,1.2,1.2,0.5,1.1,1.3,1.2,1.2765957446808511,0.9574468085106383,1.3829787234042554,1.2765957446808511,4,4,5,2.6,2,0
2025-05-16,PL,37,Aston Villa FC,Tottenham Hotspur FC,74,74,74,74,2.0,0.6,1.0,2.8,1.9,0.9,1.0,2.1,1.5555555555555556,1.3611111111111112,1.75,1.6388888888888888,6,5,3,4.0,2,0
2025-05-16,PL,37,Chelsea FC,Manchester United FC,74,74,74,74,1.6,1.2,1.0,2.4,1.4,0.7,1.2,1.6,1.7222222222222223,1.1944444444444444,1.1666666666666667,1.4722222222222223,5,5,3,4.0,1,0
2025-05-18,PL,37,Everton FC,Southampton FC,74,85,74,36,1.2,1.2,0.4,1.6,1.0,1.1,0.6,2.1,1.0833333333333333,1.2222222222222223,0.6944444444444444,2.2777777777777777,7,7,1,1.0,2,0
2025-05-18,PL,37,West Ham United FC,Nottingham Forest FC,74,74,74,74,1.4,1.4,1.0,1.4,1.2,1.2,1.2,1.1,1.1666666666666667,1.6388888888888888,1.5555555555555556,1.2222222222222223,7,7,3,3.3333333333333335,3,1
2025-05-18,PL,37,Brentford FC,Fulham FC,74,74,74,74,2.4,1.2,0.8,1.6,1.6,1.1,1.3,1.5,1.75,1.4722222222222223,1.4166666666666667,1.3888888888888888,8,8,3,2.0,5,1
2025-05-18,PL,37,Leicester City FC,Ipswich Town FC,82,82,36,36,1.2,1.6,0.8,2.4,0.6,1.9,1.1,2.3,0.8611111111111112,2.1666666666666665,0.9722222222222222,2.138888888888889,7,8,3,2.0,2,0
2025-05-18,PL,37,Arsenal FC,Newcastle United FC,74,74,74,74,2.0,1.4,2.4,1.0,1.5,1.0,2.2,0.9,1.8333333333333333,0.9166666666666666,1.8888888888888888,1.25,7,7,3,2.3333333333333335,1,0
2025-05-19,PL,37,Brighton & Hove Albion FC,Liverpool FC,74,74,74,74,2.0,1.8,2.2,1.4,1.7,1.8,2.1,1.1,1.6388888888888888,1.5555555555555556,2.3055555555555554,1.0277777777777777,9,8,3,3.3333333333333335,5,1
2025-05-20,PL,37,Crystal Palace FC,Wolverhampton Wanderers FC,74,74,74,74,1.0,1.6,1.6,1.0,1.5,1.6,1.5,1.0,1.2777777777777777,1.3333333333333333,1.4166666666666667,1.7777777777777777,9,10,3,4.333333333333333,6,1
2025-05-20,PL,37,Manchester City FC,AFC Bournemouth,74,74,74,74,2.0,0.6,0.8,0.6,1.5,0.6,1.1,1.3,1.8611111111111112,1.1944444444444444,1.5277777777777777,1.1944444444444444,10,10,3,3.6666666666666665,4,1
2025-05-24,ELC,,Sheffield United FC,Sunderland AFC,86,94,48,94,2.0,0.6,0.6,1.2,1.6,0.8,0.6,0.9,1.4375,0.75,1.2708333333333333,0.9583333333333334,11,10,2,2.0,3,1
2025-05-25,PL,38,AFC Bournemouth,Leicester City FC,75,83,75,37,0.8,1.2,1.2,1.2,1.1,1.4,0.8,1.7,1.5135135135135136,1.2432432432432432,0.8918918918918919,2.108108108108108,4,7,1,1.0,2,0
2025-05-25,PL,38,Fulham FC,Manchester City FC,75,75,75,75,1.4,1.8,1.6,0.4,1.4,1.6,1.7,0.7,1.4594594594594594,1.4054054054054055,1.8918918918918919,1.1891891891891893,7,4,3,5.0,2,0
2025-05-25,PL,38,Ipswich Town FC,West Ham United FC,83,75,37,75,0.4,2.4,1.4,1.4,0.9,2.2,1.1,1.4,0.9459459459459459,2.135135135135135,1.162162162162162,1.6486486486486487,7,7,1,5.0,4,1
2025-05-25,PL,38,Liverpool FC,Crystal Palace FC,75,75,75,75,2.2,1.8,1.8,1.0,2.1,1.4,1.5,1.7,2.2972972972972974,1.0810810810810811,1.3513513513513513,1.3513513513513513,5,4,3,1.6666666666666667,2,0
2025-05-25,PL,38,Manchester United FC,Aston Villa FC,75,75,75,75,0.8,1.8,1.8,0.6,0.9,1.5,1.9,0.8,1.135135135135135,1.4594594594594594,1.5675675675675675,1.3243243243243243,8,8,3,2.6666666666666665,2,0
2025-05-25,PL,38,Newcastle United FC,Everton FC,75,75,75,75,1.4,1.2,1.4,1.2,2.2,0.8,1.1,1.0,1.837837837837838,1.2432432432432432,1.1081081081081081,1.1891891891891893,6,7,3,1.6666666666666667,1,0
2025-05-25,PL,38,Nottingham Forest FC,Chelsea FC,75,75,75,75,1.4,1.4,1.4,0.8,1.4,1.2,1.1,0.7,1.5675675675675675,1.2162162162162162,1.7027027027027026,1.162162162162162,7,8,3,2.6666666666666665,1,0
2025-05-25,PL,38,Southampton FC,Arsenal FC,86,75,37,75,0.4,1.4,2.0,1.2,0.6,1.9,1.6,1.0,0.6756756756756757,2.27027027027027,1.8108108108108107,0.8918918918918919,7,6,1,4.0,3,1
2025-05-25,PL,38,Tottenham Hotspur FC,Brighton & Hove Albion FC,75,75,75,75,0.6,2.4,2.2,1.8,1.0,2.2,1.8,1.9,1.7027027027027026,1.6486486486486487,1.6756756756756757,1.5675675675675675,8,5,3,4.666666666666667,5,1
2025-05-25,PL,38,Wolverhampton Wanderers FC,Brentford FC,75,75,75,75,1.2,1.4,2.6,1.6,1.6,1.2,1.7,1.3,1.4324324324324325,1.837837837837838,1.7567567567567568,1.5135135135135136,4,7,3,5.0,2,0
2025-08-08,ELC,1,Birmingham City FC,Ipswich Town FC,46,84,46,46,1.0,0.4,0.6,2.2,0.8,0.8,1.0,2.4,,,,,461,75,2,4.0,2,0
2025-08-09,ELC,1,Coventry City FC,Hull City AFC,94,92,94,92,1.0,1.4,0.8,1.0,1.1,1.3,0.8,0.9,,,,,87,98,4,3.0,0,0
2025-08-09,ELC,1,Middlesbrough FC,Swansea City AFC,92,92,92,92,0.6,1.2,1.4,1.0,0.9,0.9,1.3,1.0,,,,,98,98,4,1.75,1,0
2025-08-09,ELC,1,Norwich City FC,Millwall FC,94,92,94,92,1.8,2.4,1.4,1.6,1.4,1.9,1.1,1.2,,,,,98,98,4,3.0,3,1
2025-08-09,ELC,1,Oxford United FC,Portsmouth FC,46,46,46,46,1.4,1.0,2.0,1.4,1.2,1.2,1.4,1.4,,,,,98,98,2,2.0,1,0
2025-08-09,ELC,1,Queens Park Rangers FC,Preston North End FC,92,92,92,92,1.0,1.8,1.2,2.0,1.2,1.7,1.2,1.7,,,,,98,98,4,2.25,2,0
2025-08-09,ELC,1,Stoke City FC,Derby County FC,92,46,92,46,0.6,1.6,1.2,0.8,0.9,1.2,1.3,0.7,,,,,98,98,2,1.5,4,1
2025-08-09,ELC,1,West Bromwich Albion FC,Blackburn Rovers FC,94,92,94,92,1.6,1.8,1.8,0.6,1.1,1.5,1.2,1.1,,,,,98,98,4,2.5,1,0
2025-08-09,ELC,1,Sheffield United FC,Bristol City FC,87,94,49,94,2.0,0.6,0.6,3.0,1.4,0.9,1.0,2.0,,,,,77,88,4,2.75,5,1
2025-08-10,ELC,1,Leicester City FC,Sheffield Wednesday FC,84,92,46,92,1.2,1.4,0.8,1.2,0.8,1.8,1.0,1.3,,,,,77,99,2,2.0,3,1
2025-08-15,PL,1,Liverpool FC,AFC Bournemouth,76,76,76,76,2.2,2.0,1.2,1.2,2.0,1.5,1.1,1.2,,,,,82,82,4,3.25,6,1
2025-08-16,PL,1,Aston Villa FC,Newcastle United FC,76,76,76,76,1.0,0.8,1.2,0.6,1.8,0.6,2.1,0.9,,,,,82,82,4,4.5,0,0
2025-08-16,ELC,2,Derby County FC,Coventry City FC,47,95,47,95,1.0,1.0,0.8,0.8,1.2,1.0,1.0,1.0,1.0,3.0,0.0,0.0,6,7,2,2.5,8,1
2025-08-16,ELC,2,Portsmouth FC,Norwich City FC,47,95,47,95,1.8,1.0,1.8,2.4,1.4,1.2,1.3,1.8,1.0,0.0,1.0,2.0,6,6,2,4.0,3,1
2025-08-16,PL,1,Brighton & Hove Albion FC,Fulham FC,76,76,76,76,2.6,1.2,1.2,1.8,2.0,1.9,1.3,1.6,,,,,82,82,4,3.0,2,0
2025-08-16,PL,1,Sunderland AFC,West Ham United FC,95,76,0,76,1.0,1.2,1.8,1.4,0.7,1.0,1.4,1.4,,,,,83,82,0,,3,1
2025-08-16,PL,1,Tottenham Hotspur FC,Burnley FC,76,84,76,38,0.6,2.8,2.8,0.8,0.9,2.4,2.0,0.6,,,,,82,105,2,5.0,3,1
2025-08-16,ELC,2,Blackburn Rovers FC,Birmingham City FC,93,47,93,47,1.6,0.8,1.2,0.4,1.2,1.1,0.9,0.8,0.0,1.0,1.0,1.0,7,7,2,3.5,3,1
2025-08-16,ELC,2,Millwall FC,Middlesbrough FC,93,93,93,93,1.6,1.8,0.8,1.0,1.3,1.1,0.8,0.8,2.0,1.0,1.0,0.0,7,7,4,1.75,3,1
2025-08-16,ELC,2,Preston North End FC,Leicester City FC,93,85,93,47,1.2,1.8,1.6,1.0,1.2,1.7,1.0,1.6,1.0,1.0,2.0,1.0,7,5,2,3.0,3,1
2025-08-16,ELC,2,Sheffield Wednesday FC,Stoke City FC,93,93,93,93,1.0,1.4,1.0,1.8,0.8,1.3,1.1,1.3,1.0,2.0,3.0,1.0,5,7,4,1.75,3,1
2025-08-16,ELC,2,Swansea City AFC,Sheffield United FC,93,88,93,50,1.2,1.2,1.8,1.4,1.3,1.0,1.5,1.2,0.0,1.0,1.0,4.0,7,6,2,2.0,1,0
2025-08-16,ELC,2,Watford FC,Queens Park Rangers FC,93,93,93,93,0.6,1.4,1.0,1.8,0.6,1.2,1.2,1.6,0.0,1.0,1.0,1.0,7,7,4,2.75,3,1
2025-08-16,PL,1,Wolverhampton Wanderers FC,Manchester City FC,76,76,76,76,1.2,1.6,1.6,0.4,1.6,1.2,1.9,0.6,,,,,83,83,4,3.25,4,1
2025-08-17,ELC,2,Ipswich Town FC,Southampton FC,85,88,47,50,0.8,1.8,0.6,1.4,0.9,2.1,0.7,1.7,1.0,1.0,2.0,1.0,8,7,4,2.75,2,0
2025-08-17,PL,1,Nottingham Forest FC,Brentford FC,76,76,76,76,1.0,1.4,2.0,1.4,1.3,1.3,1.8,1.3,,,,,83,83,4,2.75,4,1
2025-08-17,PL,1,Chelsea FC,Crystal Palace FC,76,76,76,76,1.2,0.6,2.0,1.2,1.1,0.7,1.5,1.8,,,,,83,83,4,2.75,0,0
2025-08-17,ELC,2,Hull City AFC,Oxford United FC,93,47,93,47,0.6,0.8,1.2,1.2,0.6,0.8,1.1,1.1,0.0,0.0,0.0,1.0,8,8,2,2.0,5,1
2025-08-17,PL,1,Manchester United FC,Arsenal FC,76,76,76,76,1.2,1.6,1.6,1.4,1.0,1.4,1.7,1.0,,,,,84,84,4,2.25,1,0
2025-08-18,PL,1,Leeds United FC,Everton FC,95,76,0,76,3.0,0.4,1.6,0.8,2.3,0.7,1.1,0.9,,,,,107,85,0,,1,0
2025-08-22,PL,2,West Ham United FC,Chelsea FC,77,77,77,77,1.4,1.4,1.0,0.6,1.3,1.6,1.1,0.6,0.0,3.0,0.0,0.0,6,5,4,3.75,6,1
2025-08-22,ELC,3,Derby County FC,Bristol City FC,48,96,48,96,1.6,1.8,1.2,1.8,1.2,1.3,1.2,1.9,2.0,4.0,2.0,0.5,6,6,2,2.0,2,0
2025-08-23,PL,2,Manchester City FC,Tottenham Hotspur FC,77,77,77,77,2.0,0.2,1.0,1.8,2.1,0.4,1.2,2.2,4.0,0.0,3.0,0.0,6,6,4,3.25,2,0
2025-08-23,ELC,3,Hull City AFC,Blackburn Rovers FC,94,94,94,94,1.2,1.0,1.0,1.0,0.8,0.9,1.2,1.1,1.5,1.0,0.5,1.5,5,6,4,2.5,3,1
2025-08-23,ELC,3,Swansea City AFC,Watford FC,94,94,94,94,1.2,1.2,0.8,1.2,1.4,0.8,0.8,1.2,0.5,0.5,1.0,1.0,6,6,4,1.25,2,0
2025-08-23,PL,2,AFC Bournemouth,Wolverhampton Wanderers FC,77,77,77,77,1.4,1.8,0.6,2.4,1.2,1.4,1.4,1.5,2.0,4.0,0.0,4.0,7,6,4,2.75,1,0
2025-08-23,PL,2,Brentford FC,Aston Villa FC,77,77,77,77,1.8,2.0,0.8,0.4,1.7,1.5,1.7,0.6,1.0,3.0,0.0,0.0,6,7,4,3.5,1,0
2025-08-23,PL,2,Burnley FC,Sunderland AFC,85,96,39,1,2.4,1.2,1.6,0.8,1.9,0.8,0.9,1.0,0.0,3.0,3.0,0.0,7,7,2,0.5,2,0
2025-08-23,ELC,3,Birmingham City FC,Oxford United FC,48,48,48,48,1.0,0.6,1.6,1.6,1.1,0.8,1.2,1.4,1.5,1.0,1.0,2.0,7,6,0,,1,0
2025-08-23,ELC,3,Coventry City FC,Queens Park Rangers FC,96,94,96,94,1.8,1.2,0.8,2.0,1.4,1.1,1.1,1.6,2.5,1.5,1.0,1.5,7,7,4,2.5,8,1
2025-08-23,ELC,3,Norwich City FC,Middlesbrough FC,96,94,96,94,1.6,1.6,1.0,0.8,1.4,1.7,1.1,0.8,1.5,1.5,2.0,0.0,7,7,4,3.25,3,1
2025-08-23,ELC,3,Preston North End FC,Ipswich Town FC,94,86,94,48,1.4,1.6,0.6,1.6,1.2,1.7,0.8,2.1,1.5,1.0,1.0,1.0,7,6,2,5.5,1,0
2025-08-23,ELC,3,Sheffield United FC,Millwall FC,89,94,51,94,1.6,1.4,1.4,1.6,1.5,1.2,1.2,1.4,0.5,2.5,1.0,2.0,7,7,2,1.0,1,0
2025-08-23,ELC,3,Southampton FC,Stoke City FC,89,94,51,94,0.8,1.2,1.2,1.8,0.7,1.7,1.4,1.2,1.5,1.0,3.0,0.5,6,7,2,1.0,3,1
2025-08-23,ELC,3,West Bromwich Albion FC,Portsmouth FC,96,48,96,48,2.0,1.6,1.0,0.8,1.3,1.5,1.4,1.2,2.0,1.0,1.0,1.0,7,7,2,4.5,2,0
2025-08-23,PL,2,Arsenal FC,Leeds United FC,77,96,77,1,1.4,1.0,2.8,0.2,1.7,1.0,2.2,0.7,1.0,0.0,1.0,0.0,6,4,0,,5,1
2025-08-24,PL,2,Crystal Palace FC,Nottingham Forest FC,77,77,77,77,1.6,0.8,1.6,1.2,1.4,1.7,1.2,1.2,0.0,0.0,3.0,1.0,7,7,4,1.25,2,0
2025-08-24,PL,2,Everton FC,Brighton & Hove Albion FC,77,77,77,77,1.6,0.8,2.2,1.0,1.0,0.9,1.9,1.8,0.0,1.0,1.0,1.0,5,7,4,2.0,2,0
2025-08-24,PL,2,Fulham FC,Manchester United FC,77,77,77,77,1.0,1.8,1.0,1.6,1.2,1.7,0.7,1.5,1.0,1.0,0.0,1.0,8,7,4,1.5,2,0
2025-08-25,PL,2,Newcastle United FC,Liverpool FC,77,77,77,77,0.6,0.6,2.0,2.2,1.9,0.8,2.1,1.6,0.0,0.0,4.0,2.0,9,10,4,4.25,5,1
2025-08-29,ELC,4,Leicester City FC,Birmingham City FC,87,49,49,49,1.2,1.0,1.2,0.6,1.2,1.3,1.1,0.6,1.3333333333333333,1.0,1.3333333333333333,0.6666666666666666,6,6,2,4.0,2,0
2025-08-30,PL,3,Chelsea FC,Fulham FC,78,78,78,78,1.4,0.6,1.2,1.8,1.5,0.7,1.2,1.6,2.5,0.5,1.0,1.0,7,5,4,2.25,2,0
2025-08-30,ELC,4,Middlesbrough FC,Sheffield United FC,95,90,95,52,1.2,0.6,1.0,1.6,1.1,0.8,1.4,1.1,2.0,0.3333333333333333,0.3333333333333333,2.0,6,6,2,2.5,1,0
2025-08-30,ELC,4,Stoke City FC,West Bromwich Albion FC,95,97,95,97,1.6,0.8,2.0,1.2,1.3,1.2,1.4,1.5,2.6666666666666665,0.6666666666666666,1.6666666666666667,1.0,6,6,4,2.75,1,0
2025-08-30,PL,3,Sunderland AFC,Brentford FC,97,78,2,78,1.6,1.0,1.2,1.4,0.9,1.2,1.7,1.3,1.5,1.0,1.0,1.5,7,7,0,,3,1
2025-08-30,PL,3,Manchester United FC,Burnley FC,78,86,78,40,0.6,1.0,2.4,1.0,0.8,1.5,1.9,0.8,0.5,1.0,1.0,1.5,5,7,2,1.5,5,1
2025-08-30,PL,3,Tottenham Hotspur FC,AFC Bournemouth,78,78,78,78,1.2,1.6,1.2,1.6,1.4,2.1,1.2,1.2,2.5,0.0,1.5,2.0,7,7,4,2.75,1,0
2025-08-30,PL,3,Wolverhampton Wanderers FC,Everton FC,78,78,78,78,0.6,2.4,1.6,0.4,1.3,1.6,1.2,0.8,0.0,2.5,1.0,0.5,7,6,4,2.5,5,1
2025-08-30,ELC,4,Blackburn Rovers FC,Norwich City FC,95,97,95,97,1.4,1.0,1.6,1.4,1.5,1.0,1.4,1.9,1.3333333333333333,1.0,1.3333333333333333,1.6666666666666667,7,7,4,3.0,2,0
2025-08-30,ELC,4,Bristol City FC,Hull City AFC,97,95,97,95,1.0,1.6,0.8,1.4,1.1,1.9,0.8,1.1,1.6666666666666667,0.6666666666666666,1.0,1.6666666666666667,7,7,4,2.75,6,1
2025-08-30,ELC,4,Ipswich Town FC,Derby County FC,87,49,49,49,0.6,1.6,1.2,1.8,0.7,2.0,1.1,1.4,0.6666666666666666,1.0,1.6666666666666667,3.0,7,7,0,,4,1
2025-08-30,ELC,4,Oxford United FC,Coventry City FC,49,97,49,97,1.4,1.6,2.8,1.4,1.1,1.3,2.0,1.2,0.6666666666666666,1.6666666666666667,4.0,1.3333333333333333,7,7,2,5.0,4,1
2025-08-30,ELC,4,Portsmouth FC,Preston North End FC,49,95,49,95,1.0,1.0,1.4,1.2,1.4,1.3,1.3,1.5,1.0,1.0,1.3333333333333333,0.6666666666666666,7,7,2,3.5,1,0
2025-08-30,ELC,4,Sheffield Wednesday FC,Swansea City AFC,95,95,95,95,1.0,1.8,1.0,1.2,0.9,1.6,1.3,0.7,1.0,2.3333333333333335,0.6666666666666666,0.6666666666666666,7,7,4,1.5,2,0
2025-08-30,ELC,4,Watford FC,Southampton FC,95,90,95,52,1.0,1.2,1.0,1.6,0.9,1.3,0.7,1.6,1.0,1.0,1.3333333333333333,1.3333333333333333,7,7,2,3.5,4,1
2025-08-30,PL,3,Leeds United FC,Newcastle United FC,97,78,2,78,2.6,1.2,0.8,1.0,2.0,1.0,1.8,1.1,0.5,2.5,1.0,1.5,7,4,0,,0,0
2025-08-31,PL,3,Brighton & Hove Albion FC,Manchester City FC,78,78,78,78,2.0,1.2,1.8,0.6,1.9,1.7,1.9,0.6,0.5,1.5,2.0,1.0,7,8,4,3.5,3,1
2025-08-31,PL,3,Nottingham Forest FC,West Ham United FC,78,78,78,78,1.6,1.2,1.4,2.2,1.2,1.3,1.4,2.0,2.0,1.0,0.5,4.0,7,8,4,3.25,3,1
2025-08-31,PL,3,Liverpool FC,Arsenal FC,78,78,78,78,2.4,2.0,2.2,0.6,2.3,1.8,2.0,0.9,3.5,2.0,3.0,0.0,5,7,4,3.5,1,0
2025-08-31,PL,3,Aston Villa FC,Crystal Palace FC,78,78,78,78,0.6,0.6,1.6,0.8,1.4,0.7,1.3,1.7,0.0,0.5,0.5,0.5,8,7,4,4.5,3,1
2025-09-12,ELC,5,Ipswich Town FC,Sheffield United FC,88,91,50,53,1.0,1.6,0.4,1.8,0.7,2.0,1.2,1.2,1.0,1.25,0.25,1.75,13,13,0,,5,1
2025-09-13,PL,4,Arsenal FC,Nottingham Forest FC,79,79,79,79,1.8,0.4,1.2,1.4,1.9,0.9,1.1,1.4,2.0,0.3333333333333333,1.3333333333333333,1.6666666666666667,12,12,4,2.25,3,1
2025-09-13,ELC,5,Oxford United FC,Leicester City FC,50,88,50,50,1.4,2.0,1.2,1.0,1.2,1.5,1.2,1.1,1.0,1.75,1.5,0.75,13,14,0,,4,1
2025-09-13,ELC,5,Preston North End FC,Middlesbrough FC,96,96,96,96,1.2,1.0,1.4,0.6,1.2,1.5,1.0,0.8,1.0,0.75,1.75,0.25,13,14,4,3.0,4,1
2025-09-13,PL,4,AFC Bournemouth,Brighton & Hove Albion FC,79,79,79,79,1.4,1.4,2.0,1.4,1.1,1.0,2.0,1.6,1.3333333333333333,1.3333333333333333,1.0,1.3333333333333333,14,13,4,3.25,3,1
2025-09-13,PL,4,Crystal Palace FC,Sunderland AFC,79,98,79,3,1.8,0.8,1.6,1.0,1.4,1.2,1.1,1.2,1.3333333333333333,0.3333333333333333,1.6666666666666667,1.0,12,14,0,,0,0
2025-09-13,PL,4,Everton FC,Aston Villa FC,79,79,79,79,1.6,0.6,0.4,1.2,1.4,0.9,1.2,0.9,1.6666666666666667,1.0,0.0,1.3333333333333333,14,12,4,2.5,0,0
2025-09-13,PL,4,Fulham FC,Leeds United FC,79,98,79,3,1.0,1.6,1.4,1.2,0.9,1.6,1.8,0.8,0.6666666666666666,1.3333333333333333,0.3333333333333333,1.6666666666666667,14,13,0,,1,0
2025-09-13,PL,4,Newcastle United FC,Wolverhampton Wanderers FC,79,79,79,79,0.4,1.0,1.0,2.6,1.4,1.0,1.3,1.8,0.6666666666666666,1.0,0.6666666666666666,2.6666666666666665,13,14,4,3.25,1,0
2025-09-13,ELC,5,Coventry City FC,Norwich City FC,98,98,98,98,3.0,1.4,2.0,1.4,2.1,1.3,1.5,1.7,3.5,1.5,1.5,1.25,14,14,4,2.25,2,0
2025-09-13,ELC,5,Sheffield Wednesday FC,Bristol City FC,96,98,96,98,0.8,2.0,1.8,1.4,0.9,1.7,1.4,2.0,0.75,2.25,2.25,1.0,14,14,4,2.0,3,1
2025-09-13,ELC,5,Stoke City FC,Birmingham City FC,96,50,96,50,1.6,0.6,1.0,0.8,1.2,1.2,1.0,0.8,2.0,0.75,1.0,1.0,14,14,2,3.5,1,0
2025-09-13,ELC,5,Swansea City AFC,Hull City AFC,96,96,96,96,1.4,1.0,1.2,2.0,1.4,0.7,0.9,1.5,1.0,0.5,1.25,2.25,14,14,4,2.25,4,1
2025-09-13,ELC,5,Watford FC,Blackburn Rovers FC,96,96,96,96,1.2,1.2,1.0,1.2,1.0,1.3,1.5,1.0,1.25,1.25,1.0,1.25,14,14,4,2.0,1,0
2025-09-13,ELC,5,West Bromwich Albion FC,Derby County FC,98,50,98,50,2.2,1.2,1.4,2.2,1.5,1.4,1.3,1.5,1.5,0.75,1.75,2.75,14,14,2,3.5,1,0
2025-09-13,PL,4,West Ham United FC,Tottenham Hotspur FC,79,79,79,79,1.6,2.2,1.2,1.4,1.5,1.8,1.1,2.1,1.3333333333333333,2.6666666666666665,1.6666666666666667,0.3333333333333333,13,14,4,3.0,3,1
2025-09-13,PL,4,Brentford FC,Chelsea FC,79,79,79,79,1.2,1.8,1.8,0.2,1.8,1.5,1.7,0.7,1.0,1.6666666666666667,2.3333333333333335,0.3333333333333333,14,14,4,2.25,4,1
2025-09-14,ELC,5,Southampton FC,Portsmouth FC,91,50,53,50,1.4,1.6,1.0,0.8,0.9,1.5,1.4,1.1,1.5,1.5,1.0,0.75,14,14,0,,0,0
2025-09-14,PL,4,Burnley FC,Liverpool FC,87,79,41,79,2.4,1.4,2.2,1.6,2.0,1.1,2.2,1.5,1.3333333333333333,2.0,2.6666666666666665,1.3333333333333333,14,13,2,3.0,1,0
2025-09-14,PL,4,Manchester City FC,Manchester United FC,79,79,79,79,2.0,1.0,1.2,1.0,2.0,0.8,1.1,1.7,1.6666666666666667,1.3333333333333333,1.3333333333333333,1.3333333333333333,14,15,4,2.5,3,1
2025-09-19,ELC,6,Middlesbrough FC,West Bromwich Albion FC,97,99,97,99,1.8,0.6,1.2,0.8,1.2,0.9,1.4,1.3,1.8,0.6,1.2,0.8,6,6,4,2.5,3,1
2025-09-20,PL,5,Liverpool FC,Everton FC,80,80,80,80,2.0,1.0,1.2,0.6,2.1,1.4,1.3,0.9,2.25,1.0,1.25,0.75,5,6,4,2.25,3,1
2025-09-20,ELC,6,Birmingham City FC,Swansea City AFC,51,97,51,97,0.8,1.0,1.2,0.8,0.9,0.7,1.3,0.9,0.8,1.0,1.2,0.8,6,6,2,3.0,1,0
2025-09-20,ELC,6,Leicester City FC,Coventry City FC,89,99,51,99,1.6,1.0,3.0,1.4,1.4,1.2,2.0,1.4,1.6,1.0,3.0,1.4,7,6,2,3.5,0,0
2025-09-20,ELC,6,Queens Park Rangers FC,Stoke City FC,97,97,97,97,1.8,2.4,1.8,0.6,1.4,2.1,1.2,1.1,1.8,2.4,1.8,0.6,6,6,4,3.25,1,0
2025-09-20,PL,5,Brighton & Hove Albion FC,Tottenham Hotspur FC,80,80,80,80,1.6,1.4,1.8,1.0,1.9,1.6,1.2,1.7,1.0,1.5,2.0,0.25,7,6,4,4.75,4,1
2025-09-20,PL,5,Burnley FC,Nottingham Forest FC,88,80,42,80,1.4,1.6,0.8,1.8,1.8,1.1,1.1,1.6,1.0,1.75,1.0,2.0,6,7,2,2.5,2,0
2025-09-20,PL,5,West Ham United FC,Crystal Palace FC,80,80,80,80,1.4,2.4,1.0,0.4,1.4,1.9,1.4,0.7,1.0,2.75,1.0,0.25,6,7,4,3.25,3,1
2025-09-20,PL,5,Wolverhampton Wanderers FC,Leeds United FC,80,99,80,4,0.6,2.0,0.6,1.4,0.9,1.7,1.7,0.8,0.5,2.25,0.25,1.5,7,7,0,,4,1
2025-09-20,ELC,6,Derby County FC,Preston North End FC,51,97,51,97,1.6,2.2,1.2,1.0,1.4,1.5,1.2,1.5,1.6,2.2,1.2,1.0,7,7,2,2.0,1,0
2025-09-20,ELC,6,Hull City AFC,Southampton FC,97,92,97,54,1.4,2.2,1.2,1.2,1.1,1.6,0.8,1.4,1.4,2.2,1.2,1.2,7,6,2,3.0,4,1
2025-09-20,ELC,6,Norwich City FC,Wrexham AFC,99,5,99,5,1.4,1.2,1.6,2.0,1.6,1.8,1.6,2.0,1.4,1.2,1.6,2.0,7,7,0,,5,1
2025-09-20,ELC,6,Portsmouth FC,Sheffield Wednesday FC,51,97,51,97,0.8,0.6,0.6,2.4,1.4,1.0,0.7,1.8,0.8,0.6,0.6,2.4,6,7,2,2.5,2,0
2025-09-20,ELC,6,Sheffield United FC,Charlton Athletic FC,92,5,54,5,0.2,2.4,0.6,1.0,1.1,1.5,0.6,1.0,0.2,2.4,0.6,1.0,7,7,0,,1,0
2025-09-20,PL,5,Manchester United FC,Chelsea FC,80,80,80,80,1.2,1.4,2.0,0.6,1.0,1.6,1.7,0.7,1.0,1.75,2.25,0.75,6,6,4,3.25,3,1
2025-09-20,PL,5,Fulham FC,Brentford FC,80,80,80,80,0.6,1.2,1.2,1.6,1.0,1.5,1.9,1.6,0.75,1.0,1.25,1.75,7,7,4,2.75,4,1
2025-09-21,PL,5,AFC Bournemouth,Newcastle United FC,80,80,80,80,1.6,1.0,0.6,0.8,1.2,1.1,1.0,1.0,1.5,1.25,0.75,0.75,7,7,4,3.25,0,0
2025-09-21,PL,5,Sunderland AFC,Aston Villa FC,99,80,4,80,1.4,0.8,0.0,1.2,1.0,1.0,0.9,0.9,1.25,0.75,0.0,1.0,7,7,0,,2,0
2025-09-21,ELC,6,Bristol City FC,Oxford United FC,99,51,99,51,2.4,0.8,1.2,1.8,1.5,1.9,1.3,1.4,2.4,0.8,1.2,1.8,8,8,2,2.5,4,1
2025-09-21,PL,5,Arsenal FC,Manchester City FC,80,80,80,80,2.2,0.4,2.0,0.8,2.1,0.8,1.8,0.6,2.25,0.25,2.0,1.0,8,7,4,2.75,2,0
2025-09-22,ELC,6,Millwall FC,Watford FC,97,97,97,97,0.8,1.4,1.0,1.2,1.1,1.5,0.9,1.4,0.8,1.4,1.0,1.2,9,9,4,3.25,1,0
2025-09-26,ELC,7,West Bromwich Albion FC,Leicester City FC,100,90,100,52,1.2,1.2,1.2,0.8,1.3,1.4,1.4,0.9,1.1666666666666667,1.0,1.3333333333333333,0.8333333333333334,7,6,2,3.0,2,0
2025-09-27,PL,6,Brentford FC,Manchester United FC,81,81,81,81,1.2,2.0,1.2,1.6,1.6,1.7,1.2,1.6,1.2,2.0,1.2,1.6,6,6,4,3.75,4,1
2025-09-27,ELC,7,Coventry City FC,Birmingham City FC,100,52,100,52,3.0,1.4,0.8,0.8,1.9,1.1,1.0,0.6,2.5,1.1666666666666667,0.8333333333333334,0.8333333333333334,7,7,2,2.5,3,1
2025-09-27,ELC,7,Swansea City AFC,Millwall FC,98,98,98,98,1.2,0.8,0.6,1.2,1.2,1.0,1.1,1.5,1.0,0.8333333333333334,0.8333333333333334,1.1666666666666667,7,4,4,1.5,2,0
2025-09-27,ELC,7,Wrexham AFC,Derby County FC,6,52,6,52,2.0,2.0,1.4,1.8,1.8333333333333333,2.0,1.2,1.4,1.8333333333333333,2.0,1.3333333333333333,2.0,6,6,0,,2,0
2025-09-27,PL,6,Crystal Palace FC,Liverpool FC,81,81,81,81,1.2,0.4,2.2,1.0,1.6,0.8,2.2,1.5,1.2,0.4,2.2,1.0,7,7,4,1.75,3,1
2025-09-27,PL,6,Chelsea FC,Brighton & Hove Albion FC,81,81,81,81,2.0,1.0,1.2,1.6,1.6,0.8,1.9,1.4,2.0,1.0,1.2,1.6,6,7,4,4.25,4,1
2025-09-27,PL,6,Leeds United FC,AFC Bournemouth,100,81,5,81,0.8,1.4,1.2,1.0,1.9,0.9,1.2,1.1,0.8,1.4,1.2,1.0,7,6,0,,4,1
2025-09-27,PL,6,Manchester City FC,Burnley FC,81,89,81,43,1.8,1.0,1.0,1.6,1.7,0.7,1.9,1.2,1.8,1.0,1.0,1.6,5,7,2,3.5,6,1
2025-09-27,ELC,7,Charlton Athletic FC,Blackburn Rovers FC,6,97,6,97,0.6,1.0,1.0,1.0,0.6666666666666666,0.8333333333333334,1.4,0.8,0.6666666666666666,0.8333333333333334,1.0,1.0,7,14,0,,3,1
2025-09-27,ELC,7,Ipswich Town FC,Portsmouth FC,89,52,51,52,1.8,1.0,0.6,1.0,1.2,1.6,1.2,1.0,1.8,1.0,0.6666666666666666,0.8333333333333334,14,7,0,,3,1
2025-09-27,ELC,7,Oxford United FC,Sheffield United FC,52,93,52,55,1.8,1.8,0.0,1.8,1.5,1.5,0.9,1.6,1.5,1.6666666666666667,0.16666666666666666,2.1666666666666665,6,7,2,2.0,1,0
2025-09-27,ELC,7,Preston North End FC,Bristol City FC,98,100,98,100,1.2,0.8,1.8,1.2,1.2,1.3,1.5,1.9,1.1666666666666667,0.8333333333333334,2.1666666666666665,1.1666666666666667,7,6,4,3.0,0,0
2025-09-27,ELC,7,Sheffield Wednesday FC,Queens Park Rangers FC,98,98,98,98,0.8,2.0,1.8,2.2,0.9,1.7,1.4,2.0,0.8333333333333334,2.0,1.6666666666666667,2.0,7,7,4,2.25,2,0
2025-09-27,ELC,7,Southampton FC,Middlesbrough FC,93,98,55,98,1.0,1.6,2.0,0.8,0.8,1.5,1.4,0.9,1.1666666666666667,1.5,1.8333333333333333,0.6666666666666666,7,7,2,2.5,2,0
2025-09-27,ELC,7,Stoke City FC,Norwich City FC,98,100,98,100,1.2,0.6,1.6,1.4,1.1,1.2,1.7,1.9,1.5,0.6666666666666666,1.5,1.5,7,7,4,3.0,2,0
2025-09-27,ELC,7,Watford FC,Hull City AFC,98,98,98,98,1.0,1.2,2.0,2.4,0.8,1.3,1.3,1.6,0.8333333333333334,1.1666666666666667,1.6666666666666667,2.0,4,7,4,1.5,3,1
2025-09-27,PL,6,Nottingham Forest FC,Sunderland AFC,81,100,81,5,1.0,1.8,1.2,0.8,1.0,1.6,1.1,1.0,1.0,1.8,1.2,0.8,7,6,0,,1,0
2025-09-27,PL,6,Tottenham Hotspur FC,Wolverhampton Wanderers FC,81,81,81,81,2.0,0.6,0.6,2.4,1.3,1.7,0.9,2.0,2.0,0.6,0.6,2.4,7,7,4,4.0,2,0
2025-09-28,PL,6,Aston Villa FC,Fulham FC,81,81,81,81,0.2,1.0,1.2,1.0,0.6,0.9,1.2,1.4,0.2,1.0,1.2,1.0,7,7,4,3.0,4,1
2025-09-28,PL,6,Newcastle United FC,Arsenal FC,81,81,81,81,0.6,0.6,2.0,0.4,0.9,0.6,1.8,0.9,0.6,0.6,2.0,0.4,7,7,4,2.0,3,1
2025-09-29,PL,6,Everton FC,West Ham United FC,81,81,81,81,1.2,1.0,1.0,2.6,1.4,0.9,1.4,2.0,1.2,1.0,1.0,2.6,9,9,4,1.75,2,0
2025-09-30,ELC,8,Birmingham City FC,Sheffield Wednesday FC,53,99,53,99,0.4,1.2,1.0,1.6,0.7,0.9,1.0,1.6,0.7142857142857143,1.1428571428571428,0.8571428571428571,1.8571428571428572,3,3,2,2.5,4,1
2025-09-30,ELC,8,Blackburn Rovers FC,Swansea City AFC,98,99,98,99,1.0,1.4,1.2,1.0,1.3,1.1,1.2,1.1,0.8333333333333334,1.3333333333333333,1.0,0.8571428571428571,3,3,4,2.0,3,1
2025-09-30,ELC,8,Bristol City FC,Ipswich Town FC,101,90,101,52,1.8,1.2,2.0,1.0,1.5,1.5,1.4,1.4,1.8571428571428572,1.0,1.8333333333333333,1.0,3,3,2,3.0,2,0
2025-09-30,ELC,8,Hull City AFC,Preston North End FC,99,99,99,99,1.6,2.4,0.8,0.6,1.4,1.7,1.1,1.1,1.5714285714285714,2.0,1.0,0.7142857142857143,3,3,4,1.25,4,1
2025-09-30,ELC,8,Leicester City FC,Wrexham AFC,91,7,53,7,1.2,0.6,1.8,1.6,1.3,1.0,1.7142857142857142,1.8571428571428572,1.2857142857142858,0.8571428571428571,1.7142857142857142,1.8571428571428572,3,3,0,,2,0
2025-09-30,ELC,8,Middlesbrough FC,Stoke City FC,99,99,99,99,1.6,1.0,0.8,0.8,1.3,0.9,1.0,1.3,1.7142857142857142,0.7142857142857143,1.4285714285714286,0.7142857142857143,3,3,4,2.5,0,0
2025-09-30,ELC,8,Sheffield United FC,Southampton FC,94,94,56,56,0.2,1.6,1.0,1.6,0.9,1.5,0.9,1.4,0.2857142857142857,1.8571428571428572,1.1428571428571428,1.4285714285714286,3,3,0,,3,1
2025-09-30,ELC,8,Derby County FC,Charlton Athletic FC,53,7,53,7,1.0,1.0,1.2,1.0,1.3,1.4,1.0,0.7142857142857143,1.2857142857142858,1.8571428571428572,1.0,0.7142857142857143,3,3,0,,2,0
2025-10-01,ELC,8,Millwall FC,Coventry City FC,99,101,99,101,0.8,0.8,2.6,0.8,1.1,1.2,2.2,1.0,0.8571428571428571,1.1428571428571428,2.5714285714285716,1.0,4,4,4,1.75,4,1
2025-10-01,ELC,8,Norwich City FC,West Bromwich Albion FC,101,101,101,101,1.4,1.4,0.8,1.0,1.5,1.5,1.4,1.3,1.4285714285714286,1.4285714285714286,1.1428571428571428,1.0,4,4,4,2.0,1,0
2025-10-01,ELC,8,Portsmouth FC,Watford FC,53,99,53,99,0.6,1.0,1.0,1.2,0.8,0.9,0.9,1.2,0.7142857142857143,1.0,1.0,1.1428571428571428,4,4,2,2.0,4,1
2025-10-01,ELC,8,Queens Park Rangers FC,Oxford United FC,99,53,99,53,1.8,2.0,1.4,1.4,1.3,2.0,1.5,1.5,1.5714285714285714,1.8571428571428572,1.2857142857142858,1.5714285714285714,4,4,2,3.0,0,0
2025-10-03,PL,7,AFC Bournemouth,Fulham FC,82,82,82,82,1.2,0.6,1.2,1.4,1.3,1.2,1.1,1.6,1.3333333333333333,1.1666666666666667,1.1666666666666667,1.3333333333333333,6,5,4,3.0,4,1
2025-10-03,ELC,9,Wrexham AFC,Birmingham City FC,8,54,8,54,1.6,1.4,0.6,1.6,1.625,1.75,0.9,1.1,1.625,1.75,0.875,1.25,3,3,0,,2,0
2025-10-04,PL,7,Leeds United FC,Tottenham Hotspur FC,101,82,6,82,1.0,1.8,1.6,0.8,1.9,1.0,1.3,1.3,1.0,1.5,1.8333333333333333,0.6666666666666666,6,6,0,,3,1
2025-10-04,ELC,9,Blackburn Rovers FC,Stoke City FC,99,100,99,100,1.0,1.4,0.4,0.6,1.0,1.2,1.0,0.7,0.8571428571428571,1.4285714285714286,1.25,0.625,3,3,4,2.5,2,0
2025-10-04,ELC,9,Hull City AFC,Sheffield United FC,100,95,100,57,2.0,2.2,0.4,1.8,1.4,1.8,0.7,1.7,1.625,2.0,0.375,1.875,3,3,2,2.5,1,0
2025-10-04,ELC,9,Sheffield Wednesday FC,Coventry City FC,100,102,100,102,1.0,1.6,2.0,0.6,1.0,1.7,2.4,1.0,1.0,1.875,2.75,0.875,3,2,4,2.75,5,1
2025-10-04,PL,7,Arsenal FC,West Ham United FC,82,82,82,82,2.2,0.6,1.2,2.2,1.8,0.8,1.3,1.8,2.0,0.5,1.0,2.3333333333333335,5,4,4,4.0,2,0
2025-10-04,PL,7,Manchester United FC,Sunderland AFC,82,101,82,6,1.4,2.0,0.8,0.8,1.2,1.8,1.2,0.8,1.1666666666666667,1.8333333333333333,1.1666666666666667,0.6666666666666666,7,6,0,,2,0
2025-10-04,ELC,9,Bristol City FC,Queens Park Rangers FC,102,100,102,100,1.8,1.2,1.6,0.6,1.4,1.4,1.2,1.8,1.75,1.0,1.375,1.625,3,2,4,1.25,3,1
2025-10-04,ELC,9,Derby County FC,Southampton FC,54,95,54,57,1.0,1.0,1.2,1.4,1.1,1.4,1.1,1.5,1.25,1.75,1.25,1.375,3,3,0,,2,0
2025-10-04,ELC,9,Millwall FC,West Bromwich Albion FC,100,102,100,102,0.6,1.6,0.8,0.8,0.8,1.5,1.4,1.0,0.75,1.5,1.125,0.875,2,2,4,1.0,3,1
2025-10-04,ELC,9,Portsmouth FC,Middlesbrough FC,54,100,54,100,0.8,1.2,1.2,0.8,0.9,1.1,1.2,0.7,0.875,1.125,1.5,0.625,2,3,2,3.5,1,0
2025-10-04,ELC,9,Preston North End FC,Charlton Athletic FC,100,8,100,8,1.0,1.0,1.4,1.0,1.2,1.1,1.0,0.75,1.125,0.875,1.0,0.75,3,3,0,,2,0
2025-10-04,ELC,9,Swansea City AFC,Leicester City FC,100,92,100,54,1.4,1.0,1.2,0.8,1.2,1.1,1.2,0.9,1.125,0.875,1.25,0.875,3,3,2,4.0,4,1
2025-10-04,ELC,9,Watford FC,Oxford United FC,100,54,100,54,1.2,1.4,1.4,1.2,1.1,1.3,1.4,1.4,1.125,1.25,1.125,1.375,2,2,2,1.0,3,1
2025-10-04,PL,7,Chelsea FC,Liverpool FC,82,82,82,82,2.2,1.6,1.6,1.0,1.6,1.1,1.8,1.6,1.8333333333333333,1.3333333333333333,2.0,1.1666666666666667,7,7,4,3.5,3,1
2025-10-05,ELC,9,Ipswich Town FC,Norwich City FC,91,102,53,102,2.0,1.0,1.2,1.2,1.3,1.3,1.4,1.3,1.7142857142857142,1.0,1.25,1.375,4,3,2,2.5,4,1
2025-10-05,PL,7,Aston Villa FC,Burnley FC,82,90,82,44,0.8,1.2,1.2,2.0,0.8,0.8,1.8,1.6,0.6666666666666666,1.0,1.0,2.1666666666666665,7,7,2,4.5,3,1
2025-10-05,PL,7,Everton FC,Crystal Palace FC,82,82,82,82,1.4,1.0,1.6,0.6,1.5,0.9,1.6,0.7,1.1666666666666667,1.0,1.3333333333333333,0.5,5,7,4,3.25,3,1
2025-10-05,PL,7,Newcastle United FC,Nottingham Forest FC,82,82,82,82,0.8,1.0,0.4,1.8,0.7,0.8,1.0,1.5,0.6666666666666666,0.8333333333333334,0.8333333333333334,1.6666666666666667,6,7,4,5.0,2,0
2025-10-05,PL,7,Wolverhampton Wanderers FC,Brighton & Hove Albion FC,82,82,82,82,0.8,1.8,1.6,1.6,0.7,2.1,1.9,1.3,0.6666666666666666,2.1666666666666665,1.5,1.5,7,7,4,2.75,2,0
2025-10-05,PL,7,Brentford FC,Manchester City FC,82,82,82,82,1.6,1.6,2.0,1.2,1.7,1.8,2.0,0.7,1.5,1.8333333333333333,2.3333333333333335,1.0,8,8,4,3.0,1,0
2025-10-17,ELC,10,Middlesbrough FC,Ipswich Town FC,101,92,101,54,1.0,1.0,2.6,1.0,1.2,0.8,1.6,1.3,1.3333333333333333,0.6666666666666666,1.875,1.0,13,12,2,2.0,3,1
2025-10-18,PL,8,Nottingham Forest FC,Chelsea FC,83,83,83,83,0.2,2.0,1.6,1.6,0.9,1.6,1.5,1.1,0.7142857142857143,1.7142857142857142,1.8571428571428572,1.2857142857142858,12,13,4,2.25,3,1
2025-10-18,ELC,10,Oxford United FC,Derby County FC,55,55,55,55,1.2,1.2,0.8,0.8,1.3,1.6,1.1,1.5,1.1111111111111112,1.4444444444444444,1.2222222222222223,1.6666666666666667,13,13,2,1.0,1,0
2025-10-18,ELC,10,Queens Park Rangers FC,Millwall FC,101,101,101,101,1.4,0.6,1.2,1.2,1.4,1.4,1.0,1.5,1.4444444444444444,1.5555555555555556,1.0,1.3333333333333333,13,13,4,2.25,3,1
2025-10-18,ELC,10,Southampton FC,Swansea City AFC,96,101,58,101,1.0,1.2,1.2,1.6,1.2,1.4,1.3,1.3,1.2222222222222223,1.3333333333333333,1.1111111111111112,1.1111111111111112,13,13,2,4.5,0,0
2025-10-18,PL,8,Brighton & Hove Albion FC,Newcastle United FC,83,83,83,83,1.8,1.4,0.8,0.4,1.9,1.3,0.8,0.7,1.4285714285714286,1.4285714285714286,0.8571428571428571,0.7142857142857143,13,13,4,2.25,3,1
2025-10-18,PL,8,Crystal Palace FC,AFC Bournemouth,83,83,83,83,1.6,0.8,1.6,0.8,1.6,0.8,1.4,1.2,1.2857142857142858,0.7142857142857143,1.5714285714285714,1.1428571428571428,13,14,4,0.75,6,1
2025-10-18,PL,8,Burnley FC,Leeds United FC,91,102,45,7,1.0,2.4,1.2,1.2,1.7,1.7,1.9,1.2,1.0,2.142857142857143,1.0,1.5714285714285714,13,14,2,0.5,2,0
2025-10-18,PL,8,Manchester City FC,Everton FC,83,83,83,83,2.2,0.8,1.4,1.2,2.0,0.7,1.5,0.8,2.142857142857143,0.8571428571428571,1.2857142857142858,1.0,12,13,4,2.5,2,0
2025-10-18,PL,8,Sunderland AFC,Wolverhampton Wanderers FC,102,83,7,83,0.8,0.8,1.0,1.8,1.2,0.9,0.8,2.1,1.0,0.8571428571428571,0.7142857142857143,2.0,14,13,0,,2,0
2025-10-18,ELC,10,Birmingham City FC,Hull City AFC,55,101,55,101,0.8,1.4,1.8,1.4,0.9,1.1,1.5,1.7,0.8888888888888888,1.2222222222222223,1.5555555555555556,1.7777777777777777,14,14,2,2.0,5,1
2025-10-18,ELC,10,Charlton Athletic FC,Sheffield Wednesday FC,9,101,9,101,1.2,0.8,1.0,2.2,0.8888888888888888,0.8888888888888888,0.9,2.1,0.8888888888888888,0.8888888888888888,0.8888888888888888,2.2222222222222223,14,14,0,,3,1
2025-10-18,ELC,10,Coventry City FC,Blackburn Rovers FC,103,100,103,100,2.6,0.2,0.6,1.6,2.8,0.8,1.0,1.3,3.0,0.7777777777777778,0.875,1.375,14,14,4,1.5,2,0
2025-10-18,ELC,10,Norwich City FC,Bristol City FC,103,103,103,103,1.0,1.8,1.2,1.2,1.5,1.6,1.5,1.3,1.2222222222222223,1.5555555555555556,1.6666666666666667,1.1111111111111112,13,14,4,2.5,1,0
2025-10-18,ELC,10,Sheffield United FC,Watford FC,96,101,58,101,0.4,1.8,1.2,1.2,0.4,1.8,1.2,1.2,0.3333333333333333,1.7777777777777777,1.2222222222222223,1.2222222222222223,14,14,2,2.0,1,0
2025-10-18,ELC,10,Stoke City FC,Wrexham AFC,101,9,101,9,0.6,0.6,1.4,1.6,1.1,0.6,1.5555555555555556,1.6666666666666667,1.2222222222222223,0.6666666666666666,1.5555555555555556,1.6666666666666667,14,14,0,,1,0
2025-10-18,ELC,10,West Bromwich Albion FC,Preston North End FC,103,101,103,101,0.6,1.4,1.4,0.8,1.4,1.3,1.3,0.9,1.0,1.1111111111111112,1.2222222222222223,0.7777777777777778,14,14,4,3.25,3,1
2025-10-18,PL,8,Fulham FC,Arsenal FC,83,83,83,83,1.2,1.8,1.6,0.6,1.2,1.8,1.9,0.6,1.1428571428571428,1.5714285714285714,2.0,0.42857142857142855,14,14,4,3.0,1,0
2025-10-18,ELC,10,Leicester City FC,Portsmouth FC,93,55,55,55,1.4,1.0,0.8,1.2,1.3,1.0,0.9,1.0,1.4444444444444444,0.8888888888888888,0.8888888888888888,1.0,14,14,0,,2,0
2025-10-19,PL,8,Tottenham Hotspur FC,Aston Villa FC,83,83,83,83,1.6,1.0,1.2,1.2,1.4,1.3,0.9,0.9,1.8571428571428572,0.7142857142857143,0.8571428571428571,1.0,15,14,4,3.5,3,1
2025-10-19,PL,8,Liverpool FC,Manchester United FC,83,83,83,83,1.2,1.0,1.6,1.8,1.8,1.5,1.1,1.4,1.8571428571428572,1.2857142857142858,1.2857142857142858,1.5714285714285714,14,15,4,2.75,3,1
2025-10-20,PL,8,West Ham United FC,Brentford FC,83,83,83,83,1.0,1.6,1.4,1.8,1.2,1.9,1.3,1.6,0.8571428571428571,2.2857142857142856,1.2857142857142858,1.7142857142857142,16,15,4,3.5,2,0
2025-10-21,ELC,11,Blackburn Rovers FC,Sheffield United FC,101,97,101,59,0.6,1.6,0.6,0.8,0.8,1.4,0.4,1.6,0.7777777777777778,1.4444444444444444,0.4,1.6,3,3,2,2.0,4,1
2025-10-21,ELC,11,Derby County FC,Norwich City FC,56,104,56,104,0.6,1.0,0.8,1.8,1.1,1.6,1.1,1.5,1.1,1.6,1.1,1.5,3,3,2,3.5,1,0
2025-10-21,ELC,11,Hull City AFC,Leicester City FC,102,94,102,56,2.0,1.4,1.2,0.8,1.7,1.8,1.4,0.9,1.7,1.8,1.4,0.9,3,3,2,2.5,3,1
2025-10-21,ELC,11,Ipswich Town FC,Charlton Athletic FC,93,10,55,10,2.4,1.0,1.4,0.8,1.7,1.3,1.0,0.9,1.7777777777777777,1.1111111111111112,1.0,0.9,3,3,0,,3,1
2025-10-21,ELC,11,Millwall FC,Stoke City FC,102,102,102,102,1.4,1.2,0.6,0.6,1.1,1.3,1.2,0.6,1.1,1.3,1.2,0.6,3,3,4,1.0,2,0
2025-10-21,ELC,11,Portsmouth FC,Coventry City FC,56,104,56,104,1.0,1.4,2.8,0.0,0.9,1.0,2.9,0.7,0.9,1.0,2.9,0.7,3,3,2,3.0,3,1
2025-10-21,ELC,11,Preston North End FC,Birmingham City FC,102,56,102,56,1.2,0.8,1.2,1.8,1.2,0.9,1.0,1.4,1.2,0.9,1.0,1.4,3,3,2,2.0,1,0
2025-10-21,ELC,11,Bristol City FC,Southampton FC,104,97,104,59,0.8,1.2,1.0,1.2,1.6,1.0,1.1,1.2,1.6,1.0,1.1,1.2,3,3,2,2.5,4,1
2025-10-22,ELC,11,Swansea City AFC,Queens Park Rangers FC,102,102,102,102,0.8,1.2,1.0,0.8,1.0,1.0,1.4,1.6,1.0,1.0,1.4,1.6,4,4,4,2.25,1,0
2025-10-22,ELC,11,Watford FC,West Bromwich Albion FC,102,104,102,104,1.2,1.2,1.0,1.4,1.1,1.2,1.1,1.1,1.1,1.2,1.1,1.1,4,4,4,3.5,3,1
2025-10-22,ELC,11,Wrexham AFC,Oxford United FC,10,56,10,56,1.2,1.2,1.0,0.8,1.4,1.6,1.1,1.3,1.4,1.6,1.1,1.3,4,4,0,,1,0
2025-10-22,ELC,11,Sheffield Wednesday FC,Middlesbrough FC,102,102,102,102,1.2,2.0,1.0,0.8,0.9,2.2,1.4,0.7,0.9,2.2,1.4,0.7,4,5,4,3.25,1,0
2025-10-24,PL,9,Leeds United FC,West Ham United FC,103,84,8,84,1.2,1.6,0.4,2.0,1.3,1.4,1.0,2.1,0.875,1.625,0.75,2.25,6,4,0,,3,1
2025-10-24,ELC,12,Preston North End FC,Sheffield United FC,103,98,103,60,1.0,1.0,1.2,0.8,1.1,0.9,0.6,1.3,1.0909090909090908,0.9090909090909091,0.6363636363636364,1.5454545454545454,3,3,2,1.5,5,1
2025-10-25,ELC,12,Coventry City FC,Watford FC,105,103,105,103,3.2,0.2,1.6,1.2,3.1,0.8,1.3,1.2,2.8181818181818183,0.7272727272727273,1.1818181818181819,1.1818181818181819,3,2,4,3.5,4,1
2025-10-25,ELC,12,Ipswich Town FC,West Bromwich Albion FC,94,105,56,105,1.4,1.6,1.0,1.4,1.6,1.3,1.1,1.3,1.6,1.3,1.0909090909090908,1.1818181818181819,3,2,2,3.0,1,0
2025-10-25,ELC,12,Portsmouth FC,Stoke City FC,57,103,57,103,1.2,1.4,0.6,0.8,0.9,1.2,0.9,0.7,0.9090909090909091,1.0909090909090908,1.0909090909090908,0.7272727272727273,3,3,2,5.5,1,0
2025-10-25,PL,9,Chelsea FC,Sunderland AFC,84,103,84,8,1.8,1.6,0.8,0.6,1.8,0.9,1.2,0.8,2.0,1.125,1.125,0.75,7,7,0,,3,1
2025-10-25,PL,9,Newcastle United FC,Fulham FC,84,84,84,84,1.0,0.8,1.2,1.6,0.7,0.9,1.1,1.6,0.875,0.875,1.0,1.5,7,6,4,2.75,3,1
2025-10-25,ELC,12,Blackburn Rovers FC,Southampton FC,102,98,102,60,0.6,2.2,1.0,1.2,0.8,1.6,1.0,1.4,0.8,1.6,1.0909090909090908,1.3636363636363635,3,3,2,2.0,3,1
2025-10-25,ELC,12,Bristol City FC,Birmingham City FC,105,57,105,57,1.2,0.8,1.2,1.8,1.5,1.0,1.0,1.3,1.7272727272727273,1.0,1.0,1.2727272727272727,3,3,2,1.0,1,0
2025-10-25,ELC,12,Derby County FC,Queens Park Rangers FC,57,103,57,103,0.8,0.8,1.0,0.8,1.1,1.3,1.4,1.5,1.0909090909090908,1.4545454545454546,1.3636363636363635,1.4545454545454546,3,2,2,3.0,1,0
2025-10-25,ELC,12,Hull City AFC,Charlton Athletic FC,103,11,103,11,1.8,1.4,1.8,0.8,1.9,1.9,1.2,0.9,1.7272727272727273,1.7272727272727273,1.1818181818181819,0.8181818181818182,3,3,0,,2,0
2025-10-25,ELC,12,Middlesbrough FC,Wrexham AFC,103,11,103,11,0.8,0.6,0.8,0.8,1.4,0.7,1.4,1.4,1.3636363636363635,0.6363636363636364,1.3636363636363635,1.4545454545454546,2,2,0,,2,0
2025-10-25,ELC,12,Millwall FC,Leicester City FC,103,95,103,57,1.6,1.2,1.4,1.2,1.1,1.2,1.3,1.0,1.1818181818181819,1.1818181818181819,1.3636363636363635,1.0,3,3,2,3.0,1,0
2025-10-25,ELC,12,Sheffield Wednesday FC,Oxford United FC,103,57,103,57,0.8,2.2,0.4,0.8,0.8,2.1,1.1,1.3,0.8181818181818182,2.090909090909091,1.0,1.2727272727272727,2,2,2,2.5,3,1
2025-10-25,ELC,12,Swansea City AFC,Norwich City FC,103,105,103,105,0.8,1.2,0.4,1.4,1.0,1.0,1.0,1.4,0.9090909090909091,1.0,1.0,1.4545454545454546,2,3,4,3.5,3,1
2025-10-25,PL,9,Manchester United FC,Brighton & Hove Albion FC,84,84,84,84,1.4,1.6,1.8,1.4,1.3,1.3,1.9,1.4,1.375,1.5,1.5,1.375,6,7,4,3.25,6,1
2025-10-25,PL,9,Brentford FC,Liverpool FC,84,84,84,84,1.6,1.4,1.2,1.4,1.4,1.6,1.7,1.5,1.375,1.5,1.75,1.375,5,6,4,3.0,5,1
2025-10-26,PL,9,AFC Bournemouth,Nottingham Forest FC,84,84,84,84,2.0,1.4,0.2,2.0,1.7,1.4,0.7,1.7,1.75,1.375,0.625,1.875,8,8,4,3.5,2,0
2025-10-26,PL,9,Aston Villa FC,Manchester City FC,84,84,84,84,1.6,0.8,2.4,0.4,1.0,1.0,2.2,0.7,1.0,1.0,2.125,0.75,7,8,4,3.0,1,0
2025-10-26,PL,9,Arsenal FC,Crystal Palace FC,84,84,84,84,1.8,0.4,1.6,1.4,1.8,0.4,1.7,1.1,1.875,0.375,1.5,1.0,7,8,4,4.0,1,0
2025-10-26,PL,9,Wolverhampton Wanderers FC,Burnley FC,84,92,84,46,0.6,1.6,1.0,1.8,0.8,2.1,1.7,1.6,0.625,2.0,1.125,1.875,8,8,2,1.5,5,1
2025-10-26,PL,9,Everton FC,Tottenham Hotspur FC,84,84,84,84,0.8,1.2,1.8,1.2,1.2,0.9,1.5,1.3,1.125,1.125,1.75,0.875,8,7,4,4.0,3,1
2025-10-31,ELC,13,Wrexham AFC,Coventry City FC,12,106,12,106,0.8,0.8,3.2,0.4,1.3,1.2,2.9,0.6,1.3333333333333333,1.4166666666666667,2.8333333333333335,0.75,6,6,0,,5,1
2025-11-01,ELC,13,Leicester City FC,Blackburn Rovers FC,96,103,58,103,1.2,1.2,1.0,1.8,1.2,0.9,1.0,1.6,1.25,1.0,0.9090909090909091,1.5454545454545454,6,6,2,3.5,2,0
2025-11-01,ELC,13,Norwich City FC,Hull City AFC,106,104,106,104,0.4,1.6,1.8,1.2,0.9,1.5,1.7,1.8,1.0,1.5,1.6666666666666667,1.6666666666666667,6,6,4,3.0,2,0
2025-11-01,ELC,13,West Bromwich Albion FC,Sheffield Wednesday FC,106,104,106,104,0.8,1.4,0.8,2.4,0.8,1.2,0.9,2.0,1.0,1.1666666666666667,0.8333333333333334,2.0833333333333335,7,6,4,3.0,0,0
2025-11-01,PL,10,Brighton & Hove Albion FC,Leeds United FC,85,104,85,9,2.0,1.8,1.6,1.6,1.8,1.6,1.1,1.5,1.5555555555555556,1.6666666666666667,1.0,1.5555555555555556,6,7,0,,3,1
2025-11-01,PL,10,Crystal Palace FC,Brentford FC,85,85,85,85,1.6,1.6,1.8,1.4,1.3,1.0,1.5,1.5,1.3333333333333333,1.0,1.5555555555555556,1.5555555555555556,6,6,4,3.0,2,0
2025-11-01,PL,10,Burnley FC,Arsenal FC,93,85,47,85,1.6,2.0,1.4,0.4,1.5,1.8,1.8,0.4,1.3333333333333333,1.8888888888888888,1.7777777777777777,0.3333333333333333,6,6,2,4.5,2,0
2025-11-01,PL,10,Fulham FC,Wolverhampton Wanderers FC,85,85,85,85,1.2,2.0,1.0,2.0,0.9,1.6,0.8,2.0,1.0,1.5555555555555556,0.7777777777777778,2.111111111111111,7,6,4,4.0,3,1
2025-11-01,PL,10,Nottingham Forest FC,Manchester United FC,85,85,85,85,0.2,1.8,2.2,1.4,0.5,1.8,1.7,1.4,0.5555555555555556,1.8888888888888888,1.6666666666666667,1.5555555555555556,6,6,4,3.5,4,1
2025-11-01,ELC,13,Birmingham City FC,Portsmouth FC,58,58,58,58,1.2,1.4,1.0,1.2,0.8,1.3,0.8,1.1,0.9166666666666666,1.25,0.8333333333333334,1.0833333333333333,7,7,0,,4,1
2025-11-01,ELC,13,Charlton Athletic FC,Swansea City AFC,12,104,12,104,1.4,1.0,1.0,1.2,1.3,1.0,1.1,1.1,1.1666666666666667,0.8333333333333334,1.0,1.0,7,7,0,,2,0
2025-11-01,ELC,13,Oxford United FC,Millwall FC,58,104,58,104,0.8,0.8,1.6,1.0,1.1,1.1,1.2,0.9,1.0833333333333333,1.25,1.1666666666666667,1.0833333333333333,7,7,2,1.5,4,1
2025-11-01,ELC,13,Queens Park Rangers FC,Ipswich Town FC,104,95,104,57,0.8,0.8,1.2,1.4,1.3,1.4,1.6,1.2,1.25,1.4166666666666667,1.5454545454545454,1.1818181818181819,7,7,2,0.5,5,1
2025-11-01,ELC,13,Sheffield United FC,Derby County FC,99,58,61,58,1.4,1.4,0.8,0.6,0.8,1.5,0.9,0.8,0.75,1.6666666666666667,1.0833333333333333,1.3333333333333333,7,7,2,1.0,4,1
2025-11-01,ELC,13,Southampton FC,Preston North End FC,99,104,61,104,1.0,1.4,1.6,1.4,1.0,1.5,1.2,1.0,1.0833333333333333,1.4166666666666667,1.25,1.0,7,7,2,3.5,2,0
2025-11-01,ELC,13,Stoke City FC,Bristol City FC,104,106,104,106,0.6,0.6,1.4,0.8,0.7,0.7,1.6,1.0,1.0833333333333333,0.6666666666666666,1.6666666666666667,0.9166666666666666,7,7,4,3.75,6,1
2025-11-01,ELC,13,Watford FC,Middlesbrough FC,104,104,104,104,1.4,1.6,0.8,0.6,1.2,1.4,1.2,0.8,1.1666666666666667,1.3333333333333333,1.3333333333333333,0.6666666666666666,7,7,4,3.25,3,1
2025-11-01,PL,10,Tottenham Hotspur FC,Chelsea FC,85,85,85,85,1.8,1.2,1.6,1.6,1.8,1.1,1.8,1.1,1.8888888888888888,0.7777777777777778,1.8888888888888888,1.2222222222222223,6,7,4,3.75,1,0
2025-11-01,PL,10,Liverpool FC,Aston Villa FC,85,85,85,85,1.4,2.0,1.8,0.8,1.7,1.5,0.9,1.0,1.7777777777777777,1.5555555555555556,1.0,0.8888888888888888,7,6,4,3.75,2,0
2025-11-02,PL,10,West Ham United FC,Newcastle United FC,85,85,85,85,0.6,1.8,1.2,1.0,1.0,2.1,0.9,0.9,0.7777777777777778,2.2222222222222223,1.0,0.8888888888888888,8,8,4,3.5,4,1
2025-11-02,PL,10,Manchester City FC,AFC Bournemouth,85,85,85,85,1.8,0.6,2.0,1.2,1.9,0.7,1.8,1.1,1.8888888888888888,0.7777777777777778,1.7777777777777777,1.2222222222222223,7,7,4,3.75,4,1
2025-11-03,PL,10,Sunderland AFC,Everton FC,104,85,9,85,1.2,0.8,0.8,1.8,1.3,0.8,1.0,1.2,1.2222222222222223,0.7777777777777778,1.0,1.3333333333333333,9,8,0,,2,0
2025-11-04,ELC,14,Birmingham City FC,Millwall FC,59,105,59,105,1.6,1.0,2.0,0.6,1.1,1.3,1.3,1.1,1.1538461538461537,1.1538461538461537,1.2307692307692308,1.1538461538461537,3,3,2,1.5,4,1
2025-11-04,ELC,14,Bristol City FC,Blackburn Rovers FC,107,104,107,104,1.4,1.6,1.2,1.4,1.6,1.4,1.1,1.4,1.6153846153846154,1.2307692307692308,1.0,1.4166666666666667,3,3,4,3.5,1,0
2025-11-04,ELC,14,Charlton Athletic FC,West Bromwich Albion FC,13,107,13,107,1.4,1.0,0.6,1.4,1.4,1.0,0.7,1.1,1.1538461538461537,0.8461538461538461,0.9230769230769231,1.0769230769230769,3,3,0,,1,0
2025-11-04,ELC,14,Derby County FC,Hull City AFC,59,105,59,105,1.2,0.6,1.8,0.8,1.1,0.8,1.9,1.5,1.2307692307692308,1.3076923076923077,1.6923076923076923,1.5384615384615385,3,3,2,1.5,3,1
2025-11-04,ELC,14,Ipswich Town FC,Watford FC,96,105,58,105,1.8,1.4,1.6,1.2,1.9,1.2,1.4,1.3,1.75,1.1666666666666667,1.3076923076923077,1.2307692307692308,3,3,2,1.5,2,0
2025-11-04,ELC,14,Leicester City FC,Middlesbrough FC,97,105,59,105,1.0,1.4,0.8,1.2,1.1,1.1,1.0,1.0,1.1538461538461537,1.0769230769230769,1.2307692307692308,0.8461538461538461,3,3,2,2.0,2,0
2025-11-04,ELC,14,Oxford United FC,Stoke City FC,59,105,59,105,1.2,1.2,1.6,0.8,1.3,1.2,1.0,0.7,1.1538461538461537,1.3076923076923077,1.3846153846153846,0.6923076923076923,3,3,2,0.5,3,1
2025-11-04,ELC,14,Coventry City FC,Sheffield United FC,107,100,107,62,2.8,1.0,1.4,1.6,2.4,0.8,0.9,1.7,2.769230769230769,0.9230769230769231,0.7692307692307693,1.7692307692307692,4,3,2,4.0,4,1
2025-11-05,ELC,14,Preston North End FC,Swansea City AFC,105,105,105,105,1.6,1.0,0.8,1.2,1.3,1.0,1.1,1.1,1.3076923076923077,0.9230769230769231,1.0,1.0,4,4,4,2.25,3,1
2025-11-05,ELC,14,Queens Park Rangers FC,Southampton FC,105,100,105,62,1.0,1.6,0.6,1.6,1.3,1.1,0.9,1.5,1.2307692307692308,1.6153846153846154,1.0,1.4615384615384615,4,4,2,2.0,3,1
2025-11-05,ELC,14,Sheffield Wednesday FC,Norwich City FC,105,107,105,107,0.4,2.0,0.4,1.8,0.7,1.8,0.8,1.5,0.7692307692307693,1.9230769230769231,0.9230769230769231,1.5384615384615385,4,4,4,3.75,2,0
2025-11-05,ELC,14,Portsmouth FC,Wrexham AFC,59,13,59,13,0.6,1.6,1.2,1.0,0.7,1.4,1.4,1.2,0.7692307692307693,1.3076923076923077,1.4615384615384615,1.4615384615384615,4,5,0,,0,0
2025-11-07,ELC,15,Watford FC,Bristol City FC,106,108,106,108,1.4,1.2,1.2,1.4,1.3,1.2,1.2,1.3,1.2857142857142858,1.2142857142857142,1.5,1.2142857142857142,3,3,4,2.75,2,0
2025-11-08,PL,11,Tottenham Hotspur FC,Manchester United FC,86,86,86,86,1.4,1.0,2.2,1.6,1.7,0.8,1.7,1.6,1.7,0.8,1.7,1.6,6,6,4,2.5,4,1
2025-11-08,ELC,15,Blackburn Rovers FC,Derby County FC,105,60,105,60,1.2,1.2,1.4,0.6,0.9,1.4,1.1,0.7,1.0,1.3076923076923077,1.2857142857142858,1.2857142857142858,3,3,2,4.5,3,1
2025-11-08,ELC,15,Hull City AFC,Portsmouth FC,106,60,106,60,1.8,1.2,0.4,1.6,1.8,1.3,0.6,1.4,1.6428571428571428,1.5714285714285714,0.7142857142857143,1.2142857142857142,3,2,2,2.0,5,1
2025-11-08,ELC,15,Millwall FC,Preston North End FC,106,106,106,106,1.4,1.4,1.6,1.2,1.3,1.3,1.5,1.0,1.1428571428571428,1.3571428571428572,1.3571428571428572,0.9285714285714286,3,2,4,2.5,2,0
2025-11-08,PL,11,Everton FC,Fulham FC,86,86,86,86,0.8,1.6,1.2,1.8,1.0,1.3,1.2,1.4,1.0,1.3,1.2,1.4,4,7,4,1.75,2,0
2025-11-08,PL,11,West Ham United FC,Burnley FC,86,94,86,48,1.0,1.6,1.4,2.2,1.0,2.1,1.2,1.9,1.0,2.1,1.2,1.9,6,7,2,3.5,5,1
2025-11-08,ELC,15,Middlesbrough FC,Birmingham City FC,106,60,106,60,1.0,1.2,2.2,0.8,1.0,1.1,1.5,1.1,1.2142857142857142,0.8571428571428571,1.3571428571428572,1.0714285714285714,3,3,2,1.0,3,1
2025-11-08,ELC,15,Norwich City FC,Leicester City FC,108,98,108,60,0.4,1.4,0.6,1.4,0.7,1.6,1.0,1.2,0.9285714285714286,1.5,1.1428571428571428,1.0714285714285714,2,3,2,3.0,3,1
2025-11-08,ELC,15,Sheffield United FC,Queens Park Rangers FC,101,106,63,106,1.6,2.0,0.8,1.8,1.0,1.9,1.1,1.2,0.7857142857142857,1.8571428571428572,1.2142857142857142,1.6428571428571428,3,2,2,3.5,0,0
2025-11-08,ELC,15,Southampton FC,Sheffield Wednesday FC,101,106,63,106,0.8,1.6,0.6,1.2,0.9,1.4,0.8,1.7,1.0714285714285714,1.4285714285714286,0.7857142857142857,1.8571428571428572,2,2,2,3.5,4,1
2025-11-08,ELC,15,Stoke City FC,Coventry City FC,106,108,106,108,2.0,0.6,2.4,1.2,1.3,0.6,2.5,0.7,1.5,0.6428571428571429,2.7857142857142856,0.9285714285714286,3,3,4,1.75,1,0
2025-11-08,ELC,15,Swansea City AFC,Ipswich Town FC,106,97,106,59,0.8,1.0,1.4,1.4,1.0,1.3,2.0,1.2,1.0,1.0714285714285714,1.6923076923076923,1.1538461538461537,2,3,2,4.0,5,1
2025-11-08,ELC,15,West Bromwich Albion FC,Oxford United FC,108,60,108,60,0.6,1.0,1.0,1.4,0.6,1.2,1.1,1.3,0.8571428571428571,1.0714285714285714,1.0714285714285714,1.4285714285714286,3,3,2,2.0,3,1
2025-11-08,ELC,15,Wrexham AFC,Charlton Athletic FC,14,14,14,14,1.0,0.8,1.6,0.6,1.2,1.2,1.4,0.7,1.3571428571428572,1.3571428571428572,1.1428571428571428,0.7857142857142857,2,3,0,,1,0
2025-11-08,PL,11,Sunderland AFC,Arsenal FC,105,86,10,86,1.2,0.8,1.6,0.2,1.2,0.8,1.8,0.3,1.2,0.8,1.8,0.3,4,7,0,,4,1
2025-11-08,PL,11,Chelsea FC,Wolverhampton Wanderers FC,86,86,86,86,1.6,1.2,0.8,2.0,1.8,1.1,0.7,2.2,1.8,1.1,0.7,2.2,7,7,4,5.25,3,1
2025-11-09,PL,11,Aston Villa FC,AFC Bournemouth,86,86,86,86,1.6,1.0,2.2,1.8,0.9,1.0,1.7,1.4,0.9,1.0,1.7,1.4,7,6,4,2.75,4,1
2025-11-09,PL,11,Crystal Palace FC,Brighton & Hove Albion FC,86,86,86,86,1.6,1.4,2.2,1.4,1.4,0.9,1.7,1.5,1.4,0.9,1.7,1.5,7,7,4,3.5,0,0
2025-11-09,PL,11,Brentford FC,Newcastle United FC,86,86,86,86,1.6,1.2,1.4,1.6,1.4,1.6,1.0,1.1,1.4,1.6,1.0,1.1,7,7,4,4.0,4,1
2025-11-09,PL,11,Nottingham Forest FC,Leeds United FC,86,105,86,10,0.4,2.0,1.0,2.0,0.7,1.9,0.9,1.7,0.7,1.9,0.9,1.7,7,7,0,,4,1
2025-11-09,PL,11,Manchester City FC,Liverpool FC,86,86,86,86,2.2,0.6,1.4,1.8,2.0,0.8,1.8,1.4,2.0,0.8,1.8,1.4,7,7,4,2.0,3,1
2025-11-21,ELC,16,Preston North End FC,Blackburn Rovers FC,107,106,107,106,1.6,1.0,1.4,1.2,1.4,0.9,1.0,1.4,1.3333333333333333,0.9333333333333333,1.0,1.3571428571428572,13,13,4,2.5,3,1
2025-11-22,PL,12,Burnley FC,Chelsea FC,95,87,49,87,1.6,1.8,2.0,0.6,1.4,1.9,2.1,1.1,1.2727272727272727,2.0,1.9090909090909092,1.0,13,13,2,4.5,2,0
2025-11-22,ELC,16,Bristol City FC,Swansea City AFC,109,107,109,107,1.2,1.6,1.0,1.8,1.0,1.4,0.9,1.5,1.4666666666666666,1.2,1.0,1.2666666666666666,14,13,4,1.75,3,1
2025-11-22,ELC,16,Charlton Athletic FC,Southampton FC,15,102,15,64,1.2,0.6,1.4,1.8,1.3,0.7,1.2,1.5,1.0666666666666667,0.8,1.2,1.4,13,13,0,,6,1
2025-11-22,ELC,16,Coventry City FC,West Bromwich Albion FC,109,109,109,109,2.2,1.2,0.6,1.0,2.5,0.6,0.8,1.2,2.6666666666666665,0.8666666666666667,0.9333333333333333,1.0666666666666667,13,13,4,2.25,5,1
2025-11-22,PL,12,AFC Bournemouth,West Ham United FC,87,87,87,87,1.8,2.2,1.4,1.8,1.5,1.4,1.3,2.0,1.5454545454545454,1.6363636363636365,1.1818181818181819,2.090909090909091,13,14,4,2.5,4,1
2025-11-22,PL,12,Brighton & Hove Albion FC,Brentford FC,87,87,87,87,1.6,1.2,1.6,1.2,1.6,1.4,1.6,1.4,1.5454545454545454,1.3636363636363635,1.5454545454545454,1.5454545454545454,13,13,4,2.25,3,1
2025-11-22,PL,12,Fulham FC,Sunderland AFC,87,106,87,11,1.0,1.6,1.4,1.2,1.1,1.5,1.1,1.0,1.0909090909090908,1.4545454545454546,1.2727272727272727,0.9090909090909091,14,13,0,,1,0
2025-11-22,PL,12,Liverpool FC,Nottingham Forest FC,87,87,87,87,1.2,2.0,1.0,2.0,1.4,1.5,0.7,1.9,1.6363636363636365,1.5454545454545454,0.9090909090909091,1.8181818181818181,12,13,4,1.75,3,1
2025-11-22,PL,12,Wolverhampton Wanderers FC,Crystal Palace FC,87,87,87,87,0.6,2.4,1.2,1.2,0.7,2.1,1.4,0.9,0.6363636363636364,2.272727272727273,1.2727272727272727,0.8181818181818182,13,13,4,4.75,2,0
2025-11-22,ELC,16,Birmingham City FC,Norwich City FC,61,109,61,109,2.0,0.6,0.6,1.6,1.6,1.2,0.7,1.7,1.3333333333333333,1.1333333333333333,0.9333333333333333,1.5333333333333334,14,14,2,1.5,5,1
2025-11-22,ELC,16,Derby County FC,Watford FC,61,107,61,107,1.8,0.6,1.6,1.2,1.2,0.8,1.4,1.2,1.3333333333333333,1.2666666666666666,1.2666666666666666,1.2,14,14,2,2.5,5,1
2025-11-22,ELC,16,Ipswich Town FC,Wrexham AFC,98,15,60,15,2.0,1.2,1.2,0.6,2.2,1.1,1.2,0.9,1.8571428571428572,1.1428571428571428,1.3333333333333333,1.2666666666666666,14,14,0,,0,0
2025-11-22,ELC,16,Leicester City FC,Stoke City FC,99,107,61,107,0.8,1.4,1.8,0.8,1.0,1.1,1.2,0.7,1.2,1.0666666666666667,1.4,0.6666666666666666,14,14,2,3.5,3,1
2025-11-22,ELC,16,Oxford United FC,Middlesbrough FC,61,107,61,107,1.0,1.8,1.0,1.2,1.0,1.3,1.0,1.0,1.0666666666666667,1.4666666666666666,1.2666666666666666,0.8666666666666667,14,14,2,5.5,2,0
2025-11-22,ELC,16,Portsmouth FC,Millwall FC,61,107,61,107,0.6,2.0,1.2,1.4,0.8,1.7,1.3,1.3,0.8,1.3333333333333333,1.1333333333333333,1.3333333333333333,14,14,2,2.0,4,1
2025-11-22,ELC,16,Queens Park Rangers FC,Hull City AFC,107,107,107,107,0.6,1.4,1.8,1.2,0.8,1.1,1.9,1.3,1.1333333333333333,1.5333333333333334,1.7333333333333334,1.6,14,14,4,3.0,5,1
2025-11-22,PL,12,Newcastle United FC,Manchester City FC,87,87,87,87,1.4,1.8,1.8,0.4,1.1,1.4,1.9,0.8,1.0,1.2727272727272727,2.090909090909091,0.7272727272727273,13,13,4,3.0,3,1
2025-11-23,ELC,16,Sheffield Wednesday FC,Sheffield United FC,107,102,107,64,0.6,1.4,1.4,2.0,0.9,1.7,1.0,1.4,0.8,1.9333333333333333,0.7333333333333333,1.7333333333333334,14,14,2,1.0,3,1
2025-11-23,PL,12,Leeds United FC,Aston Villa FC,106,87,11,87,0.8,2.2,1.8,0.8,0.9,2.0,1.3,1.0,0.9090909090909091,1.8181818181818181,1.1818181818181819,0.9090909090909091,14,14,0,,3,1
2025-11-23,PL,12,Arsenal FC,Tottenham Hotspur FC,87,87,87,87,1.6,0.4,1.6,1.2,1.9,0.5,1.6,1.0,1.8181818181818181,0.45454545454545453,1.7272727272727273,0.9090909090909091,14,15,4,3.25,5,1
2025-11-24,PL,12,Manchester United FC,Everton FC,87,87,87,87,2.4,1.4,1.0,1.4,1.9,1.7,1.2,1.2,1.7272727272727273,1.6363636363636365,1.0909090909090908,1.1818181818181819,16,16,4,3.25,1,0
2025-11-25,ELC,17,Hull City AFC,Ipswich Town FC,108,99,108,61,1.8,1.6,2.0,0.6,1.8,1.5,1.7,1.1,1.75,1.6875,1.7333333333333334,1.0666666666666667,3,3,2,4.5,2,0
2025-11-25,ELC,17,Middlesbrough FC,Coventry City FC,108,110,108,110,1.0,1.4,2.4,1.4,0.9,1.0,2.8,0.8,1.25,0.875,2.6875,0.9375,3,3,4,3.0,6,1
2025-11-25,ELC,17,Stoke City FC,Charlton Athletic FC,108,16,108,16,2.0,0.8,0.8,1.6,1.3,0.8,1.3,1.2,1.375,0.75,1.0625,1.0625,3,3,0,,3,1
2025-11-25,ELC,17,Swansea City AFC,Derby County FC,108,62,108,62,1.0,2.2,2.0,1.2,0.9,1.7,1.4,1.0,0.9375,1.375,1.375,1.375,3,3,2,2.0,3,1
2025-11-25,ELC,17,Watford FC,Preston North End FC,108,108,108,108,1.8,1.4,1.8,1.2,1.7,1.3,1.4,1.1,1.375,1.25,1.3125,1.0,3,3,4,3.0,2,0
2025-11-25,ELC,17,Norwich City FC,Oxford United FC,110,62,110,62,0.8,2.2,1.2,1.8,0.6,1.8,0.8,1.3,0.9375,1.6875,1.0625,1.4375,3,3,2,2.0,2,0
2025-11-25,ELC,17,Southampton FC,Leicester City FC,103,100,65,62,2.2,1.4,1.0,1.2,1.6,1.3,1.2,1.2,1.4375,1.375,1.25,1.0625,3,3,4,4.25,3,1
2025-11-26,ELC,17,Millwall FC,Sheffield Wednesday FC,108,108,108,108,1.0,2.0,0.6,1.8,1.3,1.6,0.7,2.0,1.125,1.4375,0.75,2.0,4,3,4,3.25,1,0
2025-11-26,ELC,17,Sheffield United FC,Portsmouth FC,103,62,65,62,1.4,1.8,1.0,1.8,1.3,1.3,1.1,1.6,0.875,1.625,0.9375,1.3125,3,4,2,1.5,3,1
2025-11-26,ELC,17,Blackburn Rovers FC,Queens Park Rangers FC,107,108,107,108,1.6,0.8,1.0,1.8,1.1,1.5,1.0,1.3,1.0666666666666667,1.3333333333333333,1.25,1.5625,4,4,4,3.0,1,0
2025-11-26,ELC,17,Wrexham AFC,Bristol City FC,16,110,16,110,1.0,0.6,1.2,1.4,0.9,0.7,1.2,1.1,1.25,1.1875,1.5625,1.125,4,4,0,,2,0
2025-11-26,ELC,17,West Bromwich Albion FC,Birmingham City FC,110,62,110,62,0.8,1.2,2.6,0.8,0.9,1.3,1.9,1.3,1.0,1.1875,1.5,1.125,4,4,2,2.5,2,0
2025-11-28,ELC,18,Oxford United FC,Ipswich Town FC,63,100,63,62,1.0,1.8,2.2,0.6,0.9,1.3,1.7,1.0,1.0588235294117647,1.411764705882353,1.75,1.0,3,3,0,,3,1
2025-11-29,ELC,18,Leicester City FC,Sheffield United FC,101,104,63,66,1.0,1.6,1.6,1.2,1.1,1.4,1.5,1.3,1.1764705882352942,1.1764705882352942,1.0,1.5294117647058822,3,2,0,,5,1
2025-11-29,ELC,18,Portsmouth FC,Bristol City FC,63,111,63,111,1.0,2.2,1.0,1.8,1.0,1.7,1.2,1.3,0.8823529411764706,1.411764705882353,1.4705882352941178,1.1764705882352942,2,2,2,3.0,1,0
2025-11-29,ELC,18,Stoke City FC,Hull City AFC,109,109,109,109,2.4,0.8,1.6,1.8,1.5,0.7,1.7,1.5,1.4705882352941178,0.7058823529411765,1.6470588235294117,1.7058823529411764,3,3,4,3.25,3,1
2025-11-29,PL,13,Sunderland AFC,AFC Bournemouth,107,88,12,88,1.4,1.0,1.6,2.4,1.1,0.9,1.6,1.6,1.1666666666666667,0.9166666666666666,1.5833333333333333,1.6666666666666667,7,7,0,,5,1
2025-11-29,PL,13,Brentford FC,Burnley FC,88,96,88,50,1.8,1.4,1.4,1.8,1.6,1.6,1.2,2.1,1.5,1.5833333333333333,1.1666666666666667,2.0,7,7,2,3.0,4,1
2025-11-29,PL,13,Manchester City FC,Leeds United FC,88,107,88,12,1.8,0.8,0.8,2.2,2.0,0.8,1.0,1.7,2.0,0.8333333333333334,0.9166666666666666,1.8333333333333333,6,6,0,,5,1
2025-11-29,ELC,18,Coventry City FC,Charlton Athletic FC,111,17,111,17,2.6,1.6,0.6,2.0,2.9,1.0,1.0,1.5,2.764705882352941,1.0,1.0,1.1764705882352942,3,3,0,,4,1
2025-11-29,ELC,18,Middlesbrough FC,Derby County FC,109,63,109,63,1.2,2.0,2.2,1.4,1.0,1.3,1.5,1.0,1.2941176470588236,1.0588235294117647,1.411764705882353,1.3529411764705883,3,3,2,1.0,3,1
2025-11-29,ELC,18,Millwall FC,Southampton FC,109,104,109,66,1.0,2.0,2.6,1.0,1.3,1.5,1.8,1.2,1.1176470588235294,1.3529411764705883,1.5294117647058822,1.2941176470588236,2,3,2,2.0,5,1
2025-11-29,ELC,18,Norwich City FC,Queens Park Rangers FC,111,109,111,109,0.8,2.0,1.2,1.6,0.6,1.8,1.0,1.2,0.9411764705882353,1.6470588235294117,1.2352941176470589,1.4705882352941178,3,2,4,2.5,4,1
2025-11-29,ELC,18,Sheffield Wednesday FC,Preston North End FC,109,109,109,109,0.4,1.6,1.4,1.0,0.6,2.0,1.5,1.2,0.7058823529411765,1.9411764705882353,1.2941176470588236,1.0,2,3,4,2.0,5,1
2025-11-29,ELC,18,West Bromwich Albion FC,Swansea City AFC,111,109,111,109,1.0,1.2,0.8,2.4,0.9,1.3,0.9,1.8,1.0,1.1764705882352942,0.9411764705882353,1.411764705882353,2,3,4,2.25,5,1
2025-11-29,ELC,18,Wrexham AFC,Blackburn Rovers FC,17,108,17,108,1.2,0.4,1.2,0.8,1.0,0.6,1.1,1.3,1.2941176470588236,1.1176470588235294,1.0,1.3125,2,2,0,,2,0
2025-11-29,PL,13,Everton FC,Newcastle United FC,88,88,88,88,0.8,1.2,1.4,2.0,1.1,1.2,1.1,1.2,1.0833333333333333,1.0833333333333333,1.0833333333333333,1.25,4,7,4,1.5,5,1
2025-11-29,PL,13,Tottenham Hotspur FC,Fulham FC,88,88,88,88,1.4,1.8,1.0,1.0,1.5,1.4,1.1,1.4,1.6666666666666667,1.1666666666666667,1.0833333333333333,1.3333333333333333,6,7,4,2.25,3,1
2025-11-30,PL,13,Crystal Palace FC,Manchester United FC,88,88,88,88,1.4,0.8,2.0,1.6,1.5,0.8,1.8,1.7,1.3333333333333333,0.75,1.5833333333333333,1.5833333333333333,7,5,4,1.75,3,1
2025-11-30,PL,13,Aston Villa FC,Wolverhampton Wanderers FC,88,88,88,88,1.8,0.8,0.4,2.6,1.5,1.0,0.7,2.2,1.25,0.9166666666666666,0.5833333333333334,2.25,7,7,4,2.5,1,0
2025-11-30,PL,13,Nottingham Forest FC,Brighton & Hove Albion FC,88,88,88,88,1.6,1.6,1.8,1.2,0.9,1.8,1.8,1.3,1.0833333333333333,1.6666666666666667,1.5833333333333333,1.3333333333333333,7,7,4,4.25,2,0
2025-11-30,PL,13,West Ham United FC,Liverpool FC,88,88,88,88,1.8,1.8,1.0,2.2,1.4,1.7,1.1,1.6,1.25,2.0833333333333335,1.5,1.6666666666666667,7,7,4,4.0,2,0
2025-11-30,PL,13,Chelsea FC,Arsenal FC,88,88,88,88,2.0,0.4,2.0,0.6,1.8,1.0,1.8,0.6,1.9166666666666667,0.9166666666666666,2.0,0.5,8,7,4,3.0,2,0
2025-12-01,ELC,18,Birmingham City FC,Watford FC,63,109,63,109,2.8,0.8,1.8,1.0,2.0,1.1,1.6,1.3,1.4705882352941178,1.1176470588235294,1.3529411764705883,1.2352941176470589,5,6,2,1.5,3,1
2025-12-02,PL,14,AFC Bournemouth,Everton FC,89,89,89,89,1.4,2.4,1.0,1.6,1.7,1.9,0.9,1.4,1.6153846153846154,1.7692307692307692,1.0769230769230769,1.3076923076923077,3,3,4,3.0,1,0
2025-12-02,PL,14,Fulham FC,Manchester City FC,89,89,89,89,1.4,1.0,2.0,1.2,1.3,1.3,2.2,0.8,1.1538461538461537,1.3076923076923077,2.076923076923077,0.9230769230769231,2,3,4,4.25,9,1
2025-12-02,ELC,6,Blackburn Rovers FC,Ipswich Town FC,109,101,109,63,1.0,1.0,1.6,0.8,1.1,1.2,1.7,1.1,1.0,1.2941176470588236,1.7058823529411764,1.0588235294117647,3,3,2,4.0,2,0
2025-12-02,PL,14,Newcastle United FC,Tottenham Hotspur FC,89,89,89,89,2.0,1.8,1.4,1.8,1.5,1.3,1.6,1.5,1.3076923076923077,1.2307692307692308,1.6153846153846154,1.2307692307692308,3,3,4,3.75,4,1
2025-12-03,PL,14,Brighton & Hove Albion FC,Aston Villa FC,89,89,89,89,1.8,1.0,1.6,0.6,1.8,1.2,1.6,0.7,1.6153846153846154,1.2307692307692308,1.2307692307692308,0.8461538461538461,3,3,4,3.75,7,1
2025-12-03,PL,14,Arsenal FC,Brentford FC,89,89,89,89,2.0,0.8,2.0,1.6,1.9,0.6,1.8,1.5,1.9230769230769231,0.5384615384615384,1.6153846153846154,1.5384615384615385,3,4,4,2.5,2,0
2025-12-03,PL,14,Burnley FC,Crystal Palace FC,97,89,51,89,1.2,2.4,1.0,0.6,1.1,2.1,1.3,1.0,1.1538461538461537,2.076923076923077,1.3076923076923077,0.8461538461538461,4,3,2,2.5,1,0
2025-12-03,PL,14,Wolverhampton Wanderers FC,Nottingham Forest FC,89,89,89,89,0.4,2.4,1.6,1.4,0.5,2.0,0.9,1.7,0.5384615384615384,2.1538461538461537,1.0,1.6923076923076923,3,3,4,2.75,1,0
2025-12-03,PL,14,Liverpool FC,Sunderland AFC,89,108,89,13,1.2,1.8,1.6,1.4,1.2,1.6,1.2,1.0,1.5384615384615385,1.5384615384615385,1.3076923076923077,1.0,3,4,0,,2,0
2025-12-03,PL,14,Leeds United FC,Chelsea FC,108,89,13,89,1.2,2.4,1.6,0.6,1.2,2.0,1.7,1.1,1.0,1.9230769230769231,1.8461538461538463,0.9230769230769231,4,3,0,,4,1
2025-12-04,PL,14,Manchester United FC,West Ham United FC,89,89,89,89,2.0,1.6,1.8,1.8,1.7,1.6,1.1,1.9,1.6153846153846154,1.5384615384615385,1.1538461538461537,2.076923076923077,4,4,4,2.5,2,0
2025-12-05,ELC,19,Hull City AFC,Middlesbrough FC,110,110,110,110,1.6,2.0,1.6,1.6,1.7,1.4,1.2,1.4,1.6666666666666667,1.6666666666666667,1.3333333333333333,1.0555555555555556,6,6,4,3.0,5,1
2025-12-06,PL,15,Aston Villa FC,Arsenal FC,90,90,90,90,2.2,1.2,2.2,0.8,2.0,1.0,1.8,0.6,1.4285714285714286,1.0,1.9285714285714286,0.5,2,2,4,2.25,3,1
2025-12-06,ELC,19,Derby County FC,Leicester City FC,64,102,64,64,1.8,1.6,1.4,1.8,1.5,1.1,1.2,1.6,1.3888888888888888,1.3888888888888888,1.2222222222222223,1.2777777777777777,6,7,0,,4,1
2025-12-06,ELC,19,Watford FC,Norwich City FC,110,112,110,112,1.4,1.4,1.4,1.8,1.5,1.3,0.9,1.8,1.3333333333333333,1.2777777777777777,1.0555555555555556,1.6111111111111112,4,6,4,4.25,5,1
2025-12-06,PL,15,AFC Bournemouth,Chelsea FC,90,90,90,90,1.0,2.6,1.6,0.8,1.5,1.9,1.6,1.2,1.5,1.7142857142857142,1.7857142857142858,1.0714285714285714,3,2,4,2.0,0,0
2025-12-06,PL,15,Everton FC,Nottingham Forest FC,90,90,90,90,1.2,1.0,1.8,1.0,1.0,1.4,1.0,1.4,1.0714285714285714,1.2142857142857142,1.0,1.5714285714285714,3,2,4,1.5,3,1
2025-12-06,PL,15,Manchester City FC,Sunderland AFC,90,109,90,14,3.0,1.8,1.4,1.4,2.4,1.2,1.3,1.1,2.2857142857142856,1.1428571428571428,1.2857142857142858,1.0,3,2,0,,3,1
2025-12-06,PL,15,Newcastle United FC,Burnley FC,90,98,90,52,2.0,2.0,0.6,2.2,1.6,1.5,1.1,2.1,1.3571428571428572,1.2857142857142858,1.0714285714285714,2.0,3,2,2,3.5,3,1
2025-12-06,PL,15,Tottenham Hotspur FC,Brentford FC,90,90,90,90,1.2,2.2,1.4,1.6,1.5,1.7,1.6,1.5,1.6428571428571428,1.2857142857142858,1.5,1.5714285714285714,3,2,4,3.75,2,0
2025-12-06,ELC,19,Bristol City FC,Millwall FC,112,110,112,110,1.0,0.8,1.2,2.0,1.2,1.2,1.6,1.3,1.4444444444444444,1.1111111111111112,1.2222222222222223,1.3888888888888888,7,7,4,2.75,1,0
2025-12-06,ELC,19,Ipswich Town FC,Coventry City FC,102,112,64,112,1.6,0.8,2.8,1.2,1.5,1.1,2.8,1.1,1.6666666666666667,1.0555555555555556,2.7777777777777777,1.0,3,7,2,3.0,3,1
2025-12-06,ELC,19,Preston North End FC,Wrexham AFC,110,18,110,18,1.6,1.4,0.8,0.2,1.6,1.2,1.0,0.6,1.3888888888888888,1.0555555555555556,1.2777777777777777,1.1111111111111112,7,7,0,,2,0
2025-12-06,ELC,19,Queens Park Rangers FC,West Bromwich Albion FC,110,112,110,112,1.2,1.4,1.6,1.6,1.1,1.5,1.1,1.5,1.2222222222222223,1.5555555555555556,1.1111111111111112,1.2222222222222223,7,7,4,2.75,4,1
2025-12-06,ELC,19,Sheffield United FC,Stoke City FC,105,110,67,110,2.0,1.0,1.6,1.0,1.7,1.3,1.6,0.9,1.1111111111111112,1.5555555555555556,1.4444444444444444,0.7777777777777778,7,7,2,2.0,4,1
2025-12-06,ELC,19,Southampton FC,Birmingham City FC,105,64,67,64,3.0,1.2,2.4,1.0,1.8,1.4,2.0,1.0,1.5555555555555556,1.3888888888888888,1.5,1.1111111111111112,7,4,2,5.5,4,1
2025-12-06,ELC,19,Swansea City AFC,Oxford United FC,110,64,110,64,1.0,2.8,1.0,1.6,0.9,2.0,1.1,1.4,1.0,1.5,1.1111111111111112,1.3888888888888888,7,7,2,4.5,2,0
2025-12-06,PL,15,Leeds United FC,Liverpool FC,109,90,14,90,1.4,2.4,1.0,1.4,1.5,2.0,1.2,1.7,1.1428571428571428,1.8571428571428572,1.5,1.5,2,2,0,,6,1
2025-12-07,PL,15,Brighton & Hove Albion FC,West Ham United FC,90,90,90,90,2.0,1.0,1.8,1.6,2.0,1.4,1.2,1.7,1.7142857142857142,1.4285714285714286,1.1428571428571428,2.0,3,2,4,2.75,2,0
2025-12-07,PL,15,Fulham FC,Crystal Palace FC,90,90,90,90,2.0,1.6,1.2,0.4,1.6,1.8,1.4,1.0,1.3571428571428572,1.5714285714285714,1.2857142857142858,0.7857142857142857,4,3,4,1.5,3,1
2025-12-08,PL,15,Wolverhampton Wanderers FC,Manchester United FC,90,90,90,90,0.0,2.0,1.4,1.4,0.5,2.0,1.8,1.4,0.5,2.0714285714285716,1.5714285714285714,1.5,5,4,4,2.75,5,1
2025-12-09,ELC,20,Blackburn Rovers FC,Oxford United FC,110,65,110,65,1.0,1.2,1.0,1.4,1.1,1.2,1.0,1.4,1.0,1.2777777777777777,1.0526315789473684,1.4210526315789473,7,3,2,2.0,2,0
2025-12-09,ELC,20,Charlton Athletic FC,Middlesbrough FC,18,111,18,111,0.6,2.4,2.2,1.6,1.0,1.7,1.6,1.4,1.0,1.2777777777777777,1.4736842105263157,1.0526315789473684,10,3,0,,3,1
2025-12-09,ELC,20,Preston North End FC,Coventry City FC,111,113,111,113,1.4,1.4,2.2,1.6,1.5,1.3,2.3,1.4,1.368421052631579,1.0526315789473684,2.6315789473684212,1.105263157894737,3,3,4,3.0,2,0
2025-12-09,ELC,20,Sheffield United FC,Norwich City FC,106,113,68,113,2.6,0.4,1.6,2.2,2.1,1.2,1.0,1.8,1.263157894736842,1.4736842105263157,1.105263157894737,1.6842105263157894,3,3,2,2.0,2,0
2025-12-09,ELC,20,Southampton FC,West Bromwich Albion FC,106,113,68,113,3.2,1.2,1.8,2.0,2.0,1.4,1.2,1.5,1.631578947368421,1.368421052631579,1.105263157894737,1.3157894736842106,3,3,4,2.25,5,1
2025-12-09,ELC,20,Swansea City AFC,Portsmouth FC,111,64,111,64,1.2,2.4,1.0,1.6,1.0,1.7,0.8,1.6,1.0526315789473684,1.4210526315789473,0.8333333333333334,1.3888888888888888,3,10,2,4.0,1,0
2025-12-09,ELC,20,Watford FC,Sheffield Wednesday FC,111,110,111,110,1.8,1.6,0.8,2.2,1.6,1.4,0.6,2.1,1.4210526315789473,1.3157894736842106,0.7777777777777778,2.0,3,10,4,2.75,2,0
2025-12-09,ELC,20,Queens Park Rangers FC,Birmingham City FC,111,65,111,65,1.6,1.2,1.8,1.6,1.2,1.5,2.0,1.2,1.3157894736842106,1.5263157894736843,1.4736842105263157,1.2105263157894737,3,3,2,1.5,3,1
2025-12-10,ELC,20,Bristol City FC,Leicester City FC,113,103,113,65,1.0,0.8,1.8,1.8,1.1,1.1,1.2,1.6,1.368421052631579,1.105263157894737,1.3157894736842106,1.263157894736842,4,4,2,1.0,4,1
2025-12-10,ELC,20,Derby County FC,Millwall FC,65,111,65,111,1.6,2.0,1.4,1.2,1.5,1.3,1.4,1.3,1.368421052631579,1.4736842105263157,1.2105263157894737,1.3157894736842106,4,4,2,1.5,2,0
2025-12-10,ELC,20,Ipswich Town FC,Stoke City FC,103,111,65,111,1.4,0.6,1.0,1.8,1.7,0.9,1.5,1.2,1.736842105263158,1.0,1.368421052631579,0.9473684210526315,4,4,2,1.0,1,0
2025-12-10,ELC,20,Hull City AFC,Wrexham AFC,111,19,111,19,1.6,2.4,1.0,0.4,1.7,1.8,1.0,0.6,1.631578947368421,1.7894736842105263,1.263157894736842,1.105263157894737,4,4,0,,2,0
2025-12-12,ELC,21,West Bromwich Albion FC,Sheffield United FC,114,107,114,69,1.8,2.4,2.8,0.6,1.2,1.7,2.1,1.3,1.15,1.4,1.25,1.45,3,3,2,3.0,2,0
2025-12-13,ELC,21,Norwich City FC,Southampton FC,114,107,114,69,1.6,2.0,3.2,1.4,1.1,1.8,2.3,1.6,1.1,1.65,1.7,1.4,3,3,2,5.0,3,1
2025-12-13,ELC,21,Oxford United FC,Preston North End FC,66,112,66,112,1.0,1.2,1.4,1.4,1.0,1.5,1.5,1.2,1.05,1.4,1.35,1.05,3,3,2,3.0,3,1
2025-12-13,ELC,21,Stoke City FC,Swansea City AFC,112,112,112,112,1.0,1.8,1.2,1.6,1.4,1.3,1.1,1.7,1.3,0.95,1.05,1.35,2,3,4,2.25,3,1
2025-12-13,PL,16,Chelsea FC,Everton FC,91,91,91,91,1.4,0.8,1.6,0.8,1.5,1.0,1.2,1.2,1.6666666666666667,1.0,1.2,1.1333333333333333,7,7,4,2.25,2,0
2025-12-13,PL,16,Liverpool FC,Brighton & Hove Albion FC,91,91,91,91,1.2,2.0,1.6,1.2,1.3,1.9,1.9,1.3,1.6,1.6,1.6666666666666667,1.4,6,6,4,3.75,2,0
2025-12-13,ELC,21,Birmingham City FC,Charlton Athletic FC,66,19,66,19,1.8,1.6,0.6,2.8,1.9,1.1,1.1,1.7,1.45,1.25,1.0,1.3157894736842106,3,3,0,,2,0
2025-12-13,ELC,21,Coventry City FC,Bristol City FC,114,114,114,114,2.2,1.8,1.2,1.0,2.2,1.5,1.2,1.3,2.55,1.1,1.4,1.15,3,2,4,2.0,1,0
2025-12-13,ELC,21,Leicester City FC,Ipswich Town FC,104,104,66,66,1.8,2.0,1.6,0.6,1.3,1.7,1.8,0.6,1.35,1.3,1.7,0.95,2,2,4,2.0,4,1
2025-12-13,ELC,21,Middlesbrough FC,Queens Park Rangers FC,112,112,112,112,2.2,1.6,2.0,1.4,1.6,1.4,1.3,1.4,1.5,1.05,1.35,1.5,3,3,4,3.0,4,1
2025-12-13,ELC,21,Millwall FC,Hull City AFC,112,112,112,112,1.4,1.2,1.4,2.0,1.3,1.3,1.6,1.6,1.2,1.3,1.65,1.7,2,2,4,1.5,4,1
2025-12-13,ELC,21,Portsmouth FC,Blackburn Rovers FC,65,111,65,111,1.0,1.8,1.0,1.0,0.7,1.7,1.2,1.1,0.7894736842105263,1.368421052631579,1.0,1.263157894736842,3,3,2,2.0,3,1
2025-12-13,ELC,21,Wrexham AFC,Watford FC,20,112,20,112,0.8,0.8,1.8,1.6,1.0,0.7,1.7,1.4,1.2,1.15,1.4,1.3,2,3,0,,4,1
2025-12-13,PL,16,Burnley FC,Fulham FC,99,91,53,91,0.8,2.2,1.6,2.0,1.1,2.2,1.4,1.9,1.0666666666666667,2.0,1.3333333333333333,1.6,7,6,2,3.0,5,1
2025-12-13,PL,16,Arsenal FC,Wolverhampton Wanderers FC,91,91,91,91,2.0,1.2,0.2,2.2,1.8,0.7,0.5,2.1,1.8666666666666667,0.6,0.5333333333333333,2.2,7,5,4,2.0,3,1
2025-12-14,PL,16,Sunderland AFC,Newcastle United FC,110,91,15,91,1.2,1.8,2.2,1.6,1.2,1.3,1.8,1.6,1.2,1.1333333333333333,1.4,1.2666666666666666,7,7,0,,1,0
2025-12-14,PL,16,Crystal Palace FC,Manchester City FC,91,91,91,91,1.2,0.6,3.0,1.6,1.4,1.0,2.6,1.1,1.3333333333333333,0.8,2.3333333333333335,1.0666666666666667,6,7,4,5.25,3,1
2025-12-14,PL,16,Nottingham Forest FC,Tottenham Hotspur FC,91,91,91,91,1.4,1.2,1.6,2.0,0.9,1.6,1.5,1.5,0.9333333333333333,1.6666666666666667,1.6666666666666667,1.2,7,7,4,2.5,3,1
2025-12-14,PL,16,West Ham United FC,Aston Villa FC,91,91,91,91,1.4,1.6,2.6,1.0,1.2,1.6,2.1,1.0,1.1333333333333333,1.9333333333333333,1.4666666666666666,1.0,7,8,4,3.0,5,1
2025-12-14,PL,16,Brentford FC,Leeds United FC,91,110,91,15,1.4,1.6,2.0,2.4,1.5,1.4,1.5,2.2,1.4,1.6,1.2666666666666666,1.9333333333333333,8,7,0,,2,0
2025-12-15,PL,16,Manchester United FC,AFC Bournemouth,91,91,91,91,1.8,1.2,0.8,2.0,2.0,1.4,1.5,1.9,1.7333333333333334,1.4666666666666666,1.4,1.6,7,9,4,3.0,8,1
2025-12-15,ELC,21,Sheffield Wednesday FC,Derby County FC,111,66,111,66,0.8,2.2,1.4,2.0,0.7,1.7,1.6,1.3,0.7894736842105263,1.9473684210526316,1.35,1.45,6,5,2,4.5,3,1
2025-12-19,ELC,22,Swansea City AFC,Wrexham AFC,113,21,113,21,1.4,1.4,1.2,1.2,1.2,1.8,1.1,0.9,1.0476190476190477,1.380952380952381,1.2380952380952381,1.1904761904761905,6,6,0,,3,1
2025-12-20,PL,17,Newcastle United FC,Chelsea FC,92,92,92,92,2.0,1.2,1.2,0.8,1.7,1.5,1.6,0.7,1.3125,1.25,1.6875,0.9375,5,6,4,3.75,4,1
2025-12-20,ELC,22,Blackburn Rovers FC,Millwall FC,112,113,112,113,0.8,1.2,1.4,1.2,1.2,1.0,1.2,1.6,1.0,1.3,1.1904761904761905,1.380952380952381,6,6,4,2.75,2,0
2025-12-20,ELC,22,Preston North End FC,Norwich City FC,113,115,113,115,1.6,1.2,1.8,1.4,1.7,1.2,1.3,1.8,1.380952380952381,1.0476190476190477,1.1428571428571428,1.619047619047619,7,7,4,1.5,2,0
2025-12-20,ELC,22,Southampton FC,Coventry City FC,108,115,70,115,2.4,1.6,1.8,1.4,2.3,1.5,2.1,1.4,1.6666666666666667,1.4285714285714286,2.4761904761904763,1.0476190476190477,7,6,2,2.5,2,0
2025-12-20,PL,17,AFC Bournemouth,Burnley FC,92,100,92,54,1.6,2.0,0.8,2.2,1.7,2.1,1.2,2.0,1.5625,1.75,1.125,2.0625,4,6,2,2.5,2,0
2025-12-20,PL,17,Brighton & Hove Albion FC,Sunderland AFC,92,111,92,16,1.6,1.6,1.0,1.4,1.6,1.4,1.2,1.3,1.5625,1.4375,1.1875,1.0625,7,6,0,,0,0
2025-12-20,PL,17,Manchester City FC,West Ham United FC,92,92,92,92,3.0,1.6,1.2,1.8,2.4,1.0,1.3,1.8,2.375,1.0,1.1875,2.0,6,6,4,4.25,3,1
2025-12-20,PL,17,Wolverhampton Wanderers FC,Brentford FC,92,92,92,92,0.4,2.0,1.0,1.6,0.5,2.2,1.3,1.4,0.5625,2.1875,1.375,1.5625,6,5,4,4.25,2,0
2025-12-20,ELC,22,Bristol City FC,Middlesbrough FC,115,113,115,113,0.6,1.2,2.6,1.6,0.9,1.3,1.8,1.5,1.3333333333333333,1.1428571428571428,1.5714285714285714,1.0476190476190477,7,7,4,3.25,2,0
2025-12-20,ELC,22,Charlton Athletic FC,Oxford United FC,20,67,20,67,0.8,2.8,1.0,1.4,1.0,1.7,1.1,1.6,1.0,1.3,1.0476190476190477,1.4285714285714286,7,7,0,,1,0
2025-12-20,ELC,22,Derby County FC,Portsmouth FC,67,66,67,66,1.6,1.4,1.0,1.4,1.8,1.3,0.8,1.7,1.4285714285714286,1.380952380952381,0.85,1.35,4,7,2,4.0,2,0
2025-12-20,ELC,22,Hull City AFC,West Bromwich Albion FC,113,115,113,115,1.6,1.6,1.8,1.8,1.7,1.6,1.3,1.5,1.7142857142857142,1.6666666666666667,1.1904761904761905,1.3333333333333333,7,7,4,2.75,1,0
2025-12-20,ELC,22,Ipswich Town FC,Sheffield Wednesday FC,105,112,67,112,1.4,1.2,0.6,2.2,1.8,0.9,0.6,1.8,1.6666666666666667,1.0476190476190477,0.75,2.0,7,4,2,3.5,4,1
2025-12-20,ELC,22,Queens Park Rangers FC,Leicester City FC,113,105,113,67,1.6,1.6,2.0,2.0,1.3,1.7,1.5,1.6,1.3333333333333333,1.5714285714285714,1.4285714285714286,1.2857142857142858,7,7,2,3.0,5,1
2025-12-20,ELC,22,Sheffield United FC,Birmingham City FC,108,67,70,67,2.2,1.0,1.2,1.6,1.8,1.4,1.9,1.2,1.1904761904761905,1.4761904761904763,1.4285714285714286,1.2380952380952381,7,7,0,,3,1
2025-12-20,ELC,22,Watford FC,Stoke City FC,113,113,113,113,1.6,1.6,1.2,1.6,1.7,1.5,1.6,1.2,1.4285714285714286,1.3333333333333333,1.3333333333333333,0.9523809523809523,7,7,4,1.5,1,0
2025-12-20,PL,17,Tottenham Hotspur FC,Liverpool FC,92,92,92,92,1.2,2.2,1.6,1.4,1.4,1.7,1.4,1.7,1.5625,1.3125,1.625,1.5,6,7,4,6.0,3,1
2025-12-20,PL,17,Everton FC,Arsenal FC,92,92,92,92,1.2,1.2,2.0,1.0,1.1,1.3,1.8,0.7,1.125,1.1875,1.875,0.625,7,7,4,1.5,1,0
2025-12-20,PL,17,Leeds United FC,Crystal Palace FC,111,92,16,92,2.0,2.0,1.2,1.2,1.4,2.1,1.2,1.2,1.25,1.875,1.25,0.9375,6,6,0,,5,1
2025-12-21,PL,17,Aston Villa FC,Manchester United FC,92,92,92,92,2.4,1.4,2.2,1.6,2.1,1.1,2.3,1.5,1.5625,1.0625,1.875,1.625,7,5,4,2.5,3,1
2025-12-22,PL,17,Fulham FC,Nottingham Forest FC,92,92,92,92,2.2,2.0,1.4,1.0,1.6,1.8,1.2,1.5,1.4375,1.625,1.0625,1.5625,9,8,4,3.25,1,0
2025-12-26,ELC,23,Birmingham City FC,Derby County FC,68,68,68,68,1.0,2.0,1.4,1.4,1.9,1.4,1.8,1.4,1.3636363636363635,1.3181818181818181,1.4090909090909092,1.3636363636363635,5,5,0,,2,0
2025-12-26,ELC,23,Millwall FC,Ipswich Town FC,114,106,114,68,1.2,1.6,1.8,1.0,1.1,1.8,1.7,0.9,1.1363636363636365,1.4090909090909092,1.7272727272727273,1.0454545454545454,6,5,2,4.0,0,0
2025-12-26,ELC,23,Coventry City FC,Swansea City AFC,116,114,116,114,1.2,1.2,1.6,1.2,1.9,1.4,1.2,1.8,2.409090909090909,1.0454545454545454,1.0909090909090908,1.3636363636363635,6,6,4,2.75,1,0
2025-12-26,ELC,23,Leicester City FC,Watford FC,106,114,68,114,2.2,2.2,1.6,1.4,1.6,1.9,1.7,1.2,1.4090909090909092,1.4090909090909092,1.4090909090909092,1.2727272727272727,6,6,2,2.5,3,1
2025-12-26,ELC,23,Middlesbrough FC,Blackburn Rovers FC,114,113,114,113,2.2,1.2,1.2,1.0,1.7,1.6,1.2,0.9,1.5,1.0909090909090908,1.0476190476190477,1.2380952380952381,6,6,4,1.5,0,0
2025-12-26,ELC,23,Norwich City FC,Charlton Athletic FC,116,21,116,21,1.8,1.4,0.8,1.8,1.3,1.7,0.8,1.7,1.1363636363636365,1.5909090909090908,1.0,1.2380952380952381,6,6,0,,1,0
2025-12-26,ELC,23,Oxford United FC,Southampton FC,68,109,68,71,0.8,1.4,2.0,1.8,0.9,1.6,2.3,1.4,1.0,1.4090909090909092,1.6363636363636365,1.4090909090909092,6,6,0,,3,1
2025-12-26,ELC,23,Portsmouth FC,Queens Park Rangers FC,67,114,67,114,0.6,1.4,2.2,1.8,0.8,1.6,1.7,1.7,0.8571428571428571,1.3333333333333333,1.4545454545454546,1.5454545454545454,6,6,2,3.0,2,0
2025-12-26,ELC,23,Sheffield Wednesday FC,Hull City AFC,113,114,113,114,0.8,2.2,1.8,1.2,0.7,2.0,1.7,1.5,0.7619047619047619,2.0476190476190474,1.6818181818181819,1.5909090909090908,6,6,4,3.25,4,1
2025-12-26,ELC,23,Stoke City FC,Preston North End FC,114,114,114,114,0.6,1.8,1.6,1.2,1.5,1.3,1.5,1.1,1.2727272727272727,0.9545454545454546,1.3636363636363635,1.0454545454545454,6,6,4,1.75,0,0
2025-12-26,ELC,23,West Bromwich Albion FC,Bristol City FC,116,116,116,116,1.6,1.8,1.0,0.8,1.3,1.5,1.0,1.3,1.1363636363636365,1.3181818181818181,1.3636363636363635,1.0909090909090908,6,6,4,1.75,3,1
2025-12-26,ELC,23,Wrexham AFC,Sheffield United FC,22,109,22,71,1.0,1.6,2.2,1.0,1.1,1.0,1.9,1.1,1.2272727272727273,1.2272727272727273,1.2727272727272727,1.4090909090909092,6,6,0,,8,1
2025-12-26,PL,18,Manchester United FC,Newcastle United FC,93,93,93,93,2.4,1.8,2.0,1.4,2.2,1.7,1.7,1.7,1.8235294117647058,1.6470588235294117,1.3529411764705883,1.2941176470588236,5,6,4,3.25,1,0
2025-12-27,PL,18,Nottingham Forest FC,Manchester City FC,93,93,93,93,0.8,1.2,3.4,1.2,1.2,1.4,2.6,1.0,1.0,1.5294117647058822,2.411764705882353,0.9411764705882353,4,6,4,2.0,3,1
2025-12-27,PL,18,Arsenal FC,Brighton & Hove Albion FC,93,93,93,93,1.4,0.8,1.2,1.4,1.7,0.7,1.5,1.3,1.8235294117647058,0.5882352941176471,1.4705882352941178,1.3529411764705883,6,7,4,2.25,3,1
2025-12-27,PL,18,Brentford FC,AFC Bournemouth,93,93,93,93,1.2,1.2,1.4,1.8,1.5,1.3,1.5,2.1,1.411764705882353,1.4705882352941178,1.5294117647058822,1.7058823529411764,7,7,4,3.75,5,1
2025-12-27,PL,18,Burnley FC,Everton FC,101,93,55,93,1.0,2.0,1.0,1.4,1.2,1.9,0.9,1.3,1.1176470588235294,2.0,1.0588235294117647,1.1764705882352942,7,6,2,1.5,0,0
2025-12-27,PL,18,Liverpool FC,Wolverhampton Wanderers FC,93,93,93,93,2.0,1.0,0.4,2.0,1.5,1.6,0.4,2.3,1.6470588235294117,1.4705882352941178,0.5294117647058824,2.176470588235294,6,7,4,3.0,3,1
2025-12-27,PL,18,West Ham United FC,Fulham FC,93,93,93,93,0.8,2.0,2.2,2.0,1.3,1.9,1.6,1.5,1.1176470588235294,2.0588235294117645,1.411764705882353,1.5294117647058822,7,4,4,3.5,1,0
2025-12-27,PL,18,Chelsea FC,Aston Villa FC,93,93,93,93,1.2,1.2,2.4,1.4,1.6,0.8,2.1,1.1,1.7058823529411764,1.0,1.588235294117647,1.0588235294117647,7,6,4,2.75,3,1
2025-12-28,PL,18,Sunderland AFC,Leeds United FC,112,112,17,17,1.0,1.2,2.6,1.8,1.2,1.1,1.7,2.0,1.1176470588235294,1.0,1.411764705882353,1.8235294117647058,7,7,4,2.0,2,0
2025-12-28,PL,18,Crystal Palace FC,Tottenham Hotspur FC,93,93,93,93,1.0,2.0,1.2,1.8,1.2,1.4,1.3,1.8,1.2352941176470589,1.1176470588235294,1.5294117647058822,1.3529411764705883,7,7,4,2.5,1,0
2025-12-29,ELC,24,Coventry City FC,Ipswich Town FC,117,107,117,69,0.8,1.0,1.6,0.8,1.8,1.1,1.6,0.8,2.347826086956522,1.0,1.6521739130434783,1.0,3,3,3,3.0,2,0
2025-12-29,ELC,24,Leicester City FC,Derby County FC,107,69,69,69,2.0,2.0,1.4,1.2,1.7,1.9,1.6,1.4,1.391304347826087,1.434782608695652,1.391304347826087,1.3478260869565217,3,3,1,4.0,3,1
2025-12-29,ELC,24,Middlesbrough FC,Hull City AFC,115,115,115,115,1.8,1.0,1.8,1.4,1.7,1.3,1.7,1.7,1.434782608695652,1.0434782608695652,1.6956521739130435,1.608695652173913,3,3,5,3.4,1,0
2025-12-29,ELC,24,Millwall FC,Bristol City FC,115,117,115,117,0.6,1.2,1.2,1.0,0.9,1.6,1.1,0.9,1.0869565217391304,1.3478260869565217,1.391304347826087,1.0869565217391304,3,3,5,2.4,3,1
2025-12-29,ELC,24,Norwich City FC,Watford FC,117,115,117,115,1.4,1.2,1.8,1.2,1.4,1.5,1.6,1.3,1.1304347826086956,1.5217391304347827,1.434782608695652,1.2608695652173914,3,3,5,4.4,1,0
2025-12-29,ELC,24,Oxford United FC,Swansea City AFC,69,115,69,115,0.8,1.4,1.2,0.8,0.9,1.5,1.1,1.8,1.0434782608695652,1.391304347826087,1.0434782608695652,1.3478260869565217,3,3,3,3.6666666666666665,1,0
2025-12-29,ELC,24,Portsmouth FC,Charlton Athletic FC,68,22,68,22,0.8,1.0,0.8,1.4,0.9,1.6,0.7,1.7,0.8636363636363636,1.3181818181818181,0.9545454545454546,1.2272727272727273,3,3,0,,3,1
2025-12-29,ELC,24,Sheffield Wednesday FC,Blackburn Rovers FC,114,114,114,114,1.2,2.4,1.0,0.8,0.8,2.0,1.0,0.9,0.8181818181818182,2.0454545454545454,1.0,1.1818181818181819,3,3,4,3.25,0,0
2025-12-29,ELC,24,Stoke City FC,Sheffield United FC,115,110,115,72,0.4,1.4,2.2,1.6,1.0,1.2,2.1,1.3,1.2173913043478262,0.9130434782608695,1.3478260869565217,1.565217391304348,3,3,3,2.6666666666666665,3,1
2025-12-29,ELC,24,West Bromwich Albion FC,Queens Park Rangers FC,117,115,117,115,1.2,1.8,2.2,1.4,1.4,1.7,1.7,1.4,1.1304347826086956,1.3478260869565217,1.434782608695652,1.5217391304347827,3,3,5,3.0,3,1
2025-12-29,ELC,24,Wrexham AFC,Preston North End FC,23,115,23,115,1.8,2.0,1.0,0.8,1.3,1.1,1.3,1.1,1.391304347826087,1.3043478260869565,1.3043478260869565,1.0,3,3,1,2.0,3,1
2025-12-29,ELC,24,Birmingham City FC,Southampton FC,69,110,69,72,0.8,2.0,1.8,1.6,1.6,1.5,2.4,1.4,1.3478260869565217,1.3043478260869565,1.608695652173913,1.434782608695652,3,3,3,5.0,2,0
2025-12-30,PL,19,Burnley FC,Newcastle United FC,102,94,56,94,0.8,1.4,1.2,1.4,1.0,1.9,1.6,1.6,1.0555555555555556,1.8888888888888888,1.2777777777777777,1.2777777777777777,3,3,3,3.3333333333333335,4,1
2025-12-30,PL,19,Chelsea FC,AFC Bournemouth,94,94,94,94,1.2,1.4,1.2,2.0,1.4,1.0,1.3,2.2,1.6666666666666667,1.0555555555555556,1.5,1.8333333333333333,3,3,5,1.6,4,1
2025-12-30,PL,19,Nottingham Forest FC,Everton FC,94,94,94,94,1.0,1.2,0.8,0.6,1.3,1.3,0.9,1.1,1.0,1.5555555555555556,1.0,1.1111111111111112,3,3,5,1.8,2,0
2025-12-30,PL,19,West Ham United FC,Brighton & Hove Albion FC,94,94,94,94,0.8,1.8,1.0,1.8,1.3,1.8,1.4,1.4,1.0555555555555556,2.0,1.4444444444444444,1.3888888888888888,3,3,5,2.6,4,1
2025-12-30,PL,19,Arsenal FC,Aston Villa FC,94,94,94,94,1.6,0.8,2.6,1.6,1.8,0.8,2.1,1.1,1.8333333333333333,0.6111111111111112,1.6111111111111112,1.0555555555555556,3,3,5,2.4,5,1
2025-12-30,PL,19,Manchester United FC,Wolverhampton Wanderers FC,94,94,94,94,2.2,1.6,0.6,2.2,2.1,1.6,0.5,2.3,1.7777777777777777,1.5555555555555556,0.5555555555555556,2.1666666666666665,4,3,5,3.2,2,0
2026-01-01,ELC,25,Blackburn Rovers FC,Wrexham AFC,115,24,115,24,0.8,0.6,2.0,2.0,0.9,0.9,1.5,1.2,0.9565217391304348,1.1304347826086956,1.4166666666666667,1.2916666666666667,2,2,1,2.0,2,0
2026-01-01,ELC,25,Bristol City FC,Portsmouth FC,118,69,118,69,1.4,1.2,1.2,1.0,1.2,1.0,1.1,1.3,1.375,1.125,0.9130434782608695,1.3043478260869565,2,2,3,2.3333333333333335,5,1
2026-01-01,ELC,25,Charlton Athletic FC,Coventry City FC,23,118,23,118,0.8,1.2,0.8,0.8,0.7,1.8,1.5,1.2,0.9565217391304348,1.2608695652173914,2.25,1.0416666666666667,2,2,1,4.0,2,0
2026-01-01,ELC,25,Derby County FC,Middlesbrough FC,70,116,70,116,1.4,1.0,1.0,1.0,1.5,1.5,1.6,1.3,1.375,1.375,1.375,1.0416666666666667,2,2,3,1.6666666666666667,1,0
2026-01-01,ELC,25,Hull City AFC,Stoke City FC,116,116,116,116,1.8,0.6,0.6,1.0,1.7,1.5,0.8,1.4,1.6666666666666667,1.5416666666666667,1.2083333333333333,0.9583333333333334,2,2,5,3.2,1,0
2026-01-01,ELC,25,Ipswich Town FC,Oxford United FC,108,70,70,70,1.4,0.8,0.8,1.2,1.4,0.7,0.9,1.3,1.6666666666666667,0.9583333333333334,1.0,1.375,2,2,1,3.0,3,1
2026-01-01,ELC,25,Preston North End FC,Sheffield Wednesday FC,116,115,116,115,1.0,1.0,0.8,1.8,1.2,1.2,0.8,2.0,1.2916666666666667,1.0416666666666667,0.782608695652174,1.9565217391304348,2,2,5,2.6,3,1
2026-01-01,ELC,25,Queens Park Rangers FC,Norwich City FC,116,118,116,118,1.8,1.6,1.0,0.8,1.7,1.4,1.3,1.5,1.4166666666666667,1.5416666666666667,1.0833333333333333,1.5,2,2,5,2.8,3,1
2026-01-01,ELC,25,Southampton FC,Millwall FC,111,116,73,116,1.4,1.6,0.8,1.4,2.3,1.4,1.1,1.3,1.5833333333333333,1.4166666666666667,1.125,1.3333333333333333,2,2,3,3.0,0,0
2026-01-01,ELC,25,Swansea City AFC,West Bromwich Albion FC,116,118,116,118,1.0,0.8,1.4,1.4,1.1,1.6,1.6,1.7,1.0416666666666667,1.2916666666666667,1.1666666666666667,1.3333333333333333,2,2,5,2.8,1,0
2026-01-01,ELC,25,Watford FC,Birmingham City FC,116,70,116,70,1.4,0.8,0.8,1.6,1.6,1.2,1.3,1.6,1.4166666666666667,1.2083333333333333,1.3333333333333333,1.2916666666666667,2,2,3,2.0,3,1
2026-01-01,PL,19,Crystal Palace FC,Fulham FC,94,94,94,94,0.8,1.8,2.0,1.8,0.9,1.2,1.7,1.4,1.1666666666666667,1.1111111111111112,1.3888888888888888,1.4444444444444444,4,5,5,1.8,2,0
2026-01-01,PL,19,Liverpool FC,Leeds United FC,94,113,94,18,2.0,1.2,2.4,1.4,1.6,1.5,1.8,1.9,1.6666666666666667,1.4444444444444444,1.3888888888888888,1.7777777777777777,5,4,1,6.0,0,0
2026-01-01,ELC,25,Sheffield United FC,Leicester City FC,111,108,73,70,1.8,1.8,1.8,2.0,2.2,1.1,1.8,1.9,1.375,1.5416666666666667,1.4166666666666667,1.4166666666666667,2,2,1,5.0,4,1
2026-01-01,PL,19,Sunderland AFC,Manchester City FC,113,94,18,94,0.6,1.0,3.2,1.0,1.1,1.2,2.6,1.1,1.1111111111111112,1.0,2.388888888888889,0.9444444444444444,4,5,1,3.0,0,0
2026-01-01,PL,19,Brentford FC,Tottenham Hotspur FC,94,94,94,94,1.4,1.2,1.2,1.4,1.7,1.4,1.3,1.6,1.5555555555555556,1.4444444444444444,1.5,1.2777777777777777,5,4,5,3.4,0,0
2026-01-03,PL,20,Aston Villa FC,Nottingham Forest FC,95,95,95,95,2.0,1.8,0.8,1.6,2.1,1.5,1.3,1.3,1.5789473684210527,1.2105263157894737,0.9473684210526315,1.5789473684210527,3,3,4,3.5,4,1
2026-01-03,PL,20,Brighton & Hove Albion FC,Burnley FC,95,103,95,57,0.8,1.4,1.0,1.8,1.4,1.2,0.8,2.0,1.4736842105263157,1.4210526315789473,1.0526315789473684,1.9473684210526316,3,3,2,2.0,2,0
2026-01-03,PL,20,Wolverhampton Wanderers FC,West Ham United FC,95,95,95,95,0.8,2.2,1.0,2.0,0.4,2.1,1.4,1.8,0.5789473684210527,2.1052631578947367,1.105263157894737,2.0,3,3,4,2.5,3,1
2026-01-03,PL,20,AFC Bournemouth,Arsenal FC,95,95,95,95,1.6,2.2,2.0,1.0,1.3,2.4,2.1,0.9,1.5263157894736843,1.8421052631578947,1.9473684210526316,0.631578947368421,3,3,4,3.0,5,1
2026-01-04,ELC,26,Birmingham City FC,Coventry City FC,71,119,71,119,0.6,1.8,0.8,0.8,1.2,1.7,1.5,1.3,1.28,1.36,2.2,1.04,2,2,3,2.6666666666666665,5,1
2026-01-04,ELC,26,Queens Park Rangers FC,Sheffield Wednesday FC,117,116,117,116,1.6,1.8,0.6,2.2,1.8,1.6,0.7,2.2,1.4,1.56,0.75,2.0,2,2,5,2.2,3,1
2026-01-04,PL,20,Leeds United FC,Manchester United FC,114,95,19,95,1.8,1.2,2.2,1.6,1.6,1.8,1.8,1.5,1.3157894736842106,1.6842105263157894,1.736842105263158,1.5263157894736843,2,4,0,,2,0
2026-01-04,PL,20,Everton FC,Brentford FC,95,95,95,95,1.0,0.6,1.4,0.8,1.1,0.8,1.4,1.2,1.0526315789473684,1.0526315789473684,1.4736842105263157,1.368421052631579,4,2,4,1.75,6,1
2026-01-04,PL,20,Newcastle United FC,Crystal Palace FC,95,95,95,95,1.4,1.2,0.8,2.0,1.7,1.6,1.0,1.2,1.368421052631579,1.263157894736842,1.1578947368421053,1.105263157894737,4,2,4,3.25,2,0
2026-01-04,PL,20,Tottenham Hotspur FC,Sunderland AFC,95,114,95,19,0.8,1.0,0.4,0.8,1.0,1.6,0.9,1.1,1.4210526315789473,1.2105263157894737,1.0526315789473684,0.9473684210526315,2,2,0,,2,0
2026-01-04,ELC,26,Blackburn Rovers FC,Charlton Athletic FC,116,24,116,24,0.6,0.8,0.8,1.0,0.8,0.9,0.7,1.9,0.9166666666666666,1.1666666666666667,0.9583333333333334,1.25,3,3,1,3.0,4,1
2026-01-04,ELC,26,Bristol City FC,Preston North End FC,119,117,119,117,2.0,0.8,1.4,0.8,1.6,0.9,1.4,1.1,1.52,1.08,1.36,1.0,3,3,5,2.4,2,0
2026-01-04,ELC,26,Derby County FC,Wrexham AFC,71,25,71,25,1.4,0.8,2.4,1.6,1.4,1.4,1.6,1.2,1.36,1.32,1.44,1.24,3,3,1,2.0,3,1
2026-01-04,ELC,26,Middlesbrough FC,Southampton FC,117,112,117,74,0.6,1.0,0.8,1.2,1.4,1.3,2.0,1.3,1.32,1.04,1.52,1.36,3,3,3,2.3333333333333335,4,1
2026-01-04,ELC,26,Millwall FC,Swansea City AFC,117,117,117,117,0.6,1.2,1.0,0.8,1.0,1.2,1.1,1.2,1.08,1.28,1.04,1.24,3,3,5,1.6,3,1
2026-01-04,ELC,26,Norwich City FC,Stoke City FC,119,117,119,117,1.2,0.8,0.8,0.8,1.4,1.4,0.9,1.3,1.12,1.48,1.2,0.92,3,3,5,2.8,2,0
2026-01-04,PL,20,Fulham FC,Liverpool FC,95,95,95,95,1.4,1.0,1.8,1.0,1.7,1.3,1.4,1.2,1.368421052631579,1.4210526315789473,1.5789473684210527,1.368421052631579,2,2,4,5.0,4,1
2026-01-04,PL,20,Manchester City FC,Chelsea FC,95,95,95,95,2.2,0.2,1.4,1.2,2.6,1.0,1.5,1.0,2.263157894736842,0.8947368421052632,1.6842105263157894,1.105263157894737,2,4,4,4.0,2,0
2026-01-05,ELC,26,Leicester City FC,West Bromwich Albion FC,109,119,71,119,1.6,2.2,1.0,1.0,1.7,2.1,1.4,1.7,1.4,1.48,1.12,1.32,4,4,3,2.6666666666666665,3,1
2026-01-06,PL,21,West Ham United FC,Nottingham Forest FC,96,96,96,96,0.8,2.4,1.0,1.6,1.1,2.0,1.2,1.4,1.05,2.05,0.95,1.65,3,3,5,3.2,3,1
2026-01-07,PL,21,AFC Bournemouth,Tottenham Hotspur FC,96,96,96,96,2.0,2.8,0.6,1.2,1.4,2.4,1.1,1.6,1.55,1.9,1.4,1.2,4,3,5,2.4,5,1
2026-01-07,PL,21,Crystal Palace FC,Aston Villa FC,96,96,96,96,0.4,2.2,2.2,1.8,0.8,1.4,2.4,1.4,1.1,1.15,1.65,1.2,3,4,5,4.2,0,0
2026-01-07,PL,21,Brentford FC,Sunderland AFC,96,115,96,20,2.2,0.8,0.6,0.4,1.8,1.2,0.9,1.1,1.6,1.4,1.05,0.95,3,3,1,3.0,3,1
2026-01-07,PL,21,Everton FC,Wolverhampton Wanderers FC,96,96,96,96,0.8,1.4,1.2,1.4,1.2,1.1,0.7,1.8,1.1,1.2,0.7,2.0,3,4,5,3.0,2,0
2026-01-07,PL,21,Fulham FC,Chelsea FC,96,96,96,96,1.6,1.0,1.6,1.4,1.6,1.5,1.5,1.1,1.4,1.45,1.65,1.1,3,3,5,2.2,3,1
2026-01-07,PL,21,Manchester City FC,Brighton & Hove Albion FC,96,96,96,96,1.8,0.4,1.0,1.2,2.4,1.0,1.3,1.2,2.2,0.9,1.5,1.35,3,4,5,3.4,2,0
2026-01-07,PL,21,Burnley FC,Manchester United FC,104,96,58,96,0.8,1.8,1.6,1.6,0.8,2.0,1.7,1.4,1.0,1.95,1.7,1.5,4,3,3,2.6666666666666665,4,1
2026-01-07,PL,21,Newcastle United FC,Leeds United FC,96,115,96,20,1.4,1.0,1.4,0.8,1.8,1.3,1.7,1.6,1.4,1.2,1.3,1.65,3,3,1,0.0,7,1
2026-01-08,PL,21,Arsenal FC,Liverpool FC,96,96,96,96,2.4,1.0,1.6,0.8,2.2,1.1,1.4,1.4,2.0,0.7,1.6,1.4,5,4,5,3.0,0,0
2026-01-16,ELC,27,West Bromwich Albion FC,Middlesbrough FC,120,118,120,118,0.8,1.4,0.8,0.8,1.3,1.6,1.7,1.2,1.1153846153846154,1.3461538461538463,1.4230769230769231,1.0,11,12,5,2.6,5,1
2026-01-17,PL,22,Manchester United FC,Manchester City FC,97,97,97,97,1.2,1.2,1.4,0.6,1.7,1.4,2.2,1.1,1.7142857142857142,1.5238095238095237,2.142857142857143,0.9047619047619048,9,9,5,2.6,2,0
2026-01-17,ELC,27,Coventry City FC,Leicester City FC,120,110,120,72,1.0,1.4,1.4,2.2,1.4,1.4,1.7,2.1,2.1923076923076925,1.1153846153846154,1.4230769230769231,1.4615384615384615,13,11,3,2.3333333333333335,3,1
2026-01-17,ELC,27,Ipswich Town FC,Blackburn Rovers FC,109,117,71,117,1.6,1.0,0.8,0.8,1.6,0.8,0.8,1.0,1.68,0.96,0.96,1.2,15,12,3,3.3333333333333335,3,1
2026-01-17,ELC,27,Watford FC,Millwall FC,117,118,117,118,1.8,0.6,0.8,0.8,1.8,1.1,1.1,1.0,1.48,1.16,1.1153846153846154,1.2692307692307692,15,12,5,2.8,2,0
2026-01-17,PL,22,Sunderland AFC,Crystal Palace FC,116,97,21,97,0.4,1.0,0.4,1.6,0.7,1.2,0.8,1.4,1.0,1.0476190476190477,1.0476190476190477,1.0952380952380953,9,9,1,0.0,3,1
2026-01-17,PL,22,Chelsea FC,Brentford FC,97,97,97,97,1.4,1.8,2.6,0.6,1.3,1.3,1.8,1.1,1.619047619047619,1.1428571428571428,1.6666666666666667,1.3333333333333333,9,9,5,2.6,2,0
2026-01-17,PL,22,Liverpool FC,Burnley FC,97,105,97,59,1.2,0.8,0.8,1.6,1.4,1.1,0.8,1.9,1.5238095238095237,1.3333333333333333,1.0476190476190477,1.9523809523809523,8,9,3,2.3333333333333335,2,0
2026-01-17,PL,22,Leeds United FC,Fulham FC,116,97,21,97,1.8,1.4,1.4,0.8,1.9,1.7,1.8,1.4,1.380952380952381,1.7619047619047619,1.4285714285714286,1.4285714285714286,9,9,1,1.0,1,0
2026-01-17,PL,22,Tottenham Hotspur FC,West Ham United FC,97,97,97,97,1.0,1.2,0.6,2.2,1.1,1.7,0.9,2.0,1.4285714285714286,1.2857142857142858,1.0476190476190477,2.0476190476190474,9,10,5,3.0,3,1
2026-01-17,ELC,27,Charlton Athletic FC,Sheffield United FC,25,112,25,74,1.0,1.2,2.2,1.8,0.9,2.0,2.5,1.2,1.0,1.28,1.44,1.52,13,15,1,1.0,1,0
2026-01-17,ELC,27,Oxford United FC,Bristol City FC,71,120,71,120,0.8,1.4,2.0,1.0,0.9,1.3,1.3,1.1,1.0,1.4,1.4615384615384615,1.1153846153846154,16,13,3,3.0,0,0
2026-01-17,ELC,27,Preston North End FC,Derby County FC,118,72,118,72,1.4,0.6,1.0,1.2,1.5,0.9,1.3,1.3,1.3846153846153846,0.9615384615384616,1.3461538461538463,1.3461538461538463,13,13,3,1.6666666666666667,1,0
2026-01-17,ELC,27,Sheffield Wednesday FC,Portsmouth FC,117,70,117,70,0.6,2.2,1.2,1.8,0.6,2.2,1.1,1.8,0.72,2.04,0.875,1.4583333333333333,13,16,3,2.3333333333333335,1,0
2026-01-17,ELC,27,Southampton FC,Hull City AFC,113,117,75,117,0.6,1.6,1.4,0.8,1.5,1.6,1.4,1.4,1.4615384615384615,1.4615384615384615,1.6,1.52,13,16,3,3.3333333333333335,3,1
2026-01-17,ELC,27,Stoke City FC,Queens Park Rangers FC,118,118,118,118,0.8,0.6,2.0,1.2,1.0,1.1,1.8,1.4,1.2307692307692308,0.8846153846153846,1.4615384615384615,1.5,13,13,5,2.8,0,0
2026-01-17,ELC,27,Wrexham AFC,Norwich City FC,26,120,26,120,2.4,1.4,0.8,1.0,1.8,1.3,1.3,1.2,1.4615384615384615,1.2307692307692308,1.0769230769230769,1.5,13,13,1,5.0,3,1
2026-01-17,PL,22,Nottingham Forest FC,Arsenal FC,97,97,97,97,0.8,1.8,2.0,0.8,1.1,1.4,2.0,0.9,1.0,1.619047619047619,1.9047619047619047,0.6666666666666666,10,8,5,2.4,0,0
2026-01-17,ELC,27,Swansea City AFC,Birmingham City FC,118,72,118,72,1.0,0.8,1.0,2.0,1.2,1.1,1.1,1.8,1.0384615384615385,1.2692307692307692,1.3461538461538463,1.3846153846153846,13,13,3,2.3333333333333335,2,0
2026-01-18,PL,22,Wolverhampton Wanderers FC,Newcastle United FC,97,97,97,97,1.2,1.2,2.2,1.4,0.8,1.6,2.1,1.3,0.7142857142857143,1.9523809523809523,1.5238095238095237,1.2857142857142858,10,10,5,2.8,0,0
2026-01-18,PL,22,Aston Villa FC,Everton FC,97,97,97,97,1.6,1.4,1.0,1.2,2.0,1.4,1.1,1.2,1.5714285714285714,1.1428571428571428,1.0952380952380953,1.1904761904761905,10,10,5,2.0,1,0
2026-01-19,PL,22,Brighton & Hove Albion FC,AFC Bournemouth,97,97,97,97,1.2,1.0,1.8,2.4,1.4,1.3,1.7,2.2,1.4761904761904763,1.3333333333333333,1.619047619047619,1.9047619047619047,12,12,5,3.2,2,0
2026-01-20,ELC,28,Coventry City FC,Millwall FC,121,119,121,119,1.2,1.4,1.2,0.4,1.2,1.3,1.2,1.0,2.185185185185185,1.1111111111111112,1.1481481481481481,1.2222222222222223,3,3,5,2.2,3,1
2026-01-20,ELC,28,Ipswich Town FC,Bristol City FC,110,121,72,121,2.0,0.4,1.6,1.0,1.7,0.8,1.3,0.9,1.7307692307692308,0.9230769230769231,1.4074074074074074,1.0740740740740742,3,3,3,2.6666666666666665,2,0
2026-01-20,ELC,28,Oxford United FC,Queens Park Rangers FC,72,119,72,119,0.6,1.0,1.2,1.0,0.8,1.2,1.7,1.4,0.9615384615384616,1.3461538461538463,1.4074074074074074,1.4444444444444444,3,3,3,2.0,0,0
2026-01-20,ELC,28,Preston North End FC,Hull City AFC,119,118,119,118,1.2,0.6,1.2,0.8,1.4,0.9,1.4,1.2,1.3333333333333333,0.9629629629629629,1.6153846153846154,1.5,3,3,5,1.8,3,1
2026-01-20,ELC,28,Sheffield Wednesday FC,Birmingham City FC,118,73,118,73,0.4,1.8,1.2,1.6,0.6,2.0,1.1,1.8,0.6923076923076923,2.0,1.3333333333333333,1.3703703703703705,3,3,3,3.0,2,0
2026-01-20,ELC,28,Swansea City AFC,Blackburn Rovers FC,119,118,119,118,0.8,0.8,0.4,1.4,1.2,1.0,0.8,1.2,1.037037037037037,1.2592592592592593,0.9230769230769231,1.2692307692307692,3,3,5,2.2,4,1
2026-01-20,ELC,28,West Bromwich Albion FC,Norwich City FC,121,121,121,121,1.2,1.8,1.0,1.0,1.4,1.8,1.4,1.2,1.1481481481481481,1.4074074074074074,1.1111111111111112,1.4814814814814814,3,3,5,1.8,5,1
2026-01-20,ELC,28,Charlton Athletic FC,Derby County FC,26,73,26,73,1.0,1.2,1.0,1.0,0.9,1.5,1.2,1.2,1.0,1.2307692307692308,1.3333333333333333,1.2962962962962963,3,3,1,2.0,3,1
2026-01-20,ELC,28,Wrexham AFC,Leicester City FC,27,111,27,73,2.4,1.4,1.4,1.8,1.7,1.5,1.8,2.0,1.4444444444444444,1.2592592592592593,1.4074074074074074,1.4814814814814814,3,3,1,2.0,2,0
2026-01-21,ELC,28,Southampton FC,Sheffield United FC,114,113,76,75,0.6,1.8,2.2,1.6,1.3,1.8,2.2,1.3,1.4444444444444444,1.4814814814814814,1.3846153846153846,1.5,4,4,1,3.0,1,0
2026-01-21,ELC,28,Watford FC,Portsmouth FC,118,71,118,71,1.4,0.6,1.0,1.6,1.5,1.1,1.0,1.5,1.4230769230769231,1.1923076923076923,0.88,1.4,4,4,3,2.6666666666666665,2,0
2026-01-21,ELC,28,Stoke City FC,Middlesbrough FC,119,119,119,119,0.8,0.4,1.4,0.8,0.7,1.1,1.8,1.0,1.1851851851851851,0.8518518518518519,1.4814814814814814,1.037037037037037,4,5,5,2.0,3,1
2026-01-23,ELC,29,Derby County FC,West Bromwich Albion FC,74,122,74,122,1.2,1.0,1.0,2.4,1.3,1.1,1.1,2.1,1.3571428571428572,1.2857142857142858,1.1071428571428572,1.5357142857142858,3,3,3,2.6666666666666665,2,0
2026-01-24,PL,23,West Ham United FC,Sunderland AFC,98,117,98,22,1.0,1.8,0.8,1.2,0.9,1.9,0.9,1.2,1.0909090909090908,2.0,1.0454545454545454,1.0454545454545454,6,6,1,3.0,4,1
2026-01-24,ELC,29,Middlesbrough FC,Preston North End FC,120,120,120,120,1.8,1.0,1.2,1.2,1.8,1.0,1.1,1.0,1.5,1.0357142857142858,1.2857142857142858,1.0357142857142858,2,3,5,3.2,4,1
2026-01-24,ELC,29,Millwall FC,Charlton Athletic FC,120,27,120,27,1.4,0.8,1.2,1.4,1.0,1.0,1.0,1.4,1.1428571428571428,1.25,1.0,1.2592592592592593,3,3,1,2.0,4,1
2026-01-24,PL,23,Burnley FC,Tottenham Hotspur FC,106,98,60,98,0.8,1.6,1.0,1.2,0.9,1.8,1.1,1.5,1.0454545454545454,1.9090909090909092,1.4090909090909092,1.3181818181818181,7,7,3,4.333333333333333,4,1
2026-01-24,PL,23,Fulham FC,Brighton & Hove Albion FC,98,98,98,98,1.2,1.0,1.4,1.2,1.7,1.5,1.3,1.3,1.3636363636363635,1.4090909090909092,1.4545454545454546,1.3181818181818181,7,4,5,2.8,3,1
2026-01-24,PL,23,Manchester City FC,Wolverhampton Wanderers FC,98,98,98,98,0.8,1.0,1.2,0.8,2.1,1.1,0.8,1.4,2.0454545454545454,0.9545454545454546,0.6818181818181818,1.8636363636363635,7,6,5,3.4,2,0
2026-01-24,ELC,29,Birmingham City FC,Stoke City FC,74,120,74,120,1.4,1.4,1.0,0.8,1.1,1.7,0.7,1.1,1.3571428571428572,1.3214285714285714,1.1785714285714286,0.8928571428571429,3,2,3,2.6666666666666665,2,0
2026-01-24,ELC,29,Blackburn Rovers FC,Watford FC,119,119,119,119,0.6,2.0,1.4,0.8,0.8,1.4,1.5,1.1,0.9259259259259259,1.3333333333333333,1.4074074074074074,1.1851851851851851,3,2,5,1.8,2,0
2026-01-24,ELC,29,Bristol City FC,Sheffield Wednesday FC,122,119,122,119,1.2,1.2,0.0,1.8,1.2,1.1,0.6,2.1,1.3571428571428572,1.1071428571428572,0.6666666666666666,2.0,3,3,5,2.2,2,0
2026-01-24,ELC,29,Hull City AFC,Swansea City AFC,119,120,119,120,1.6,0.8,1.4,0.8,1.7,1.0,1.3,0.8,1.6666666666666667,1.4444444444444444,1.1071428571428572,1.25,3,3,5,2.6,3,1
2026-01-24,ELC,29,Leicester City FC,Oxford United FC,112,73,74,73,1.4,1.6,0.6,0.8,1.7,1.8,0.7,1.1,1.3928571428571428,1.4642857142857142,0.9259259259259259,1.2962962962962963,3,3,1,4.0,3,1
2026-01-24,ELC,29,Queens Park Rangers FC,Wrexham AFC,120,28,120,28,1.0,0.8,1.6,1.0,1.6,1.1,1.7,1.5,1.3571428571428572,1.3928571428571428,1.4285714285714286,1.25,3,3,1,4.0,5,1
2026-01-24,ELC,29,Sheffield United FC,Ipswich Town FC,114,111,76,73,1.6,1.8,1.8,0.2,1.9,1.4,1.8,0.6,1.3333333333333333,1.4814814814814814,1.7407407407407407,0.8888888888888888,2,3,1,5.0,4,1
2026-01-24,PL,23,AFC Bournemouth,Liverpool FC,98,98,98,98,1.8,2.4,1.0,0.8,1.6,2.1,1.5,0.9,1.5909090909090908,1.8636363636363635,1.5,1.3181818181818181,4,7,5,3.8,5,1
2026-01-25,ELC,29,Portsmouth FC,Southampton FC,72,115,72,77,1.0,1.6,0.6,1.4,0.8,1.5,1.2,1.5,0.8846153846153846,1.3846153846153846,1.4285714285714286,1.4285714285714286,3,3,1,0.0,2,0
2026-01-25,PL,23,Crystal Palace FC,Chelsea FC,98,98,98,98,0.4,1.2,1.4,1.4,0.7,1.6,1.3,1.3,1.0454545454545454,1.1363636363636365,1.6363636363636365,1.0909090909090908,7,7,5,2.2,4,1
2026-01-25,PL,23,Brentford FC,Nottingham Forest FC,98,98,98,98,2.2,1.0,0.8,1.6,1.7,1.1,0.8,1.4,1.5909090909090908,1.3636363636363635,0.9545454545454546,1.5454545454545454,7,7,5,3.0,2,0
2026-01-25,PL,23,Newcastle United FC,Aston Villa FC,98,98,98,98,1.8,1.0,1.2,1.4,1.9,1.2,1.8,1.4,1.4545454545454546,1.2272727272727273,1.5,1.1363636363636365,7,6,5,3.6,2,0
2026-01-25,PL,23,Arsenal FC,Manchester United FC,98,98,98,98,1.8,0.8,1.4,0.8,1.6,0.8,1.9,1.3,1.8181818181818181,0.6363636363636364,1.7272727272727273,1.4545454545454546,7,8,5,2.0,5,1
2026-01-26,PL,23,Everton FC,Leeds United FC,98,117,98,22,1.2,1.0,1.2,1.2,1.1,1.2,1.9,1.5,1.0909090909090908,1.1363636363636365,1.3636363636363635,1.6818181818181819,8,9,1,1.0,2,0
2026-01-26,ELC,29,Norwich City FC,Coventry City FC,122,122,122,122,1.8,1.0,1.4,1.6,1.6,1.1,1.1,1.3,1.25,1.4285714285714286,2.1785714285714284,1.1071428571428572,6,6,5,2.2,3,1
2026-01-30,ELC,30,Bristol City FC,Derby County FC,123,75,123,75,1.4,0.8,1.2,0.8,1.4,1.0,1.3,0.9,1.3793103448275863,1.0689655172413792,1.3448275862068966,1.2758620689655173,6,7,3,2.0,5,1
2026-01-31,ELC,30,Leicester City FC,Charlton Athletic FC,113,28,75,28,1.2,1.8,1.0,1.8,1.5,1.9,0.9,1.5,1.3793103448275863,1.4827586206896552,0.9642857142857143,1.3571428571428572,6,7,1,1.0,2,0
2026-01-31,ELC,30,Sheffield Wednesday FC,Wrexham AFC,120,29,120,29,0.0,2.2,1.8,1.2,0.4,2.0,1.9,1.6,0.6428571428571429,2.0,1.4827586206896552,1.2758620689655173,6,6,1,4.0,1,0
2026-01-31,ELC,30,Stoke City FC,Southampton FC,121,116,121,78,1.0,0.6,0.6,1.4,0.8,0.8,1.0,1.5,1.1724137931034482,0.896551724137931,1.4137931034482758,1.4137931034482758,6,6,3,1.6666666666666667,2,0
2026-01-31,PL,24,Brighton & Hove Albion FC,Everton FC,99,99,99,99,1.4,1.2,1.4,1.2,1.2,1.5,1.1,0.9,1.434782608695652,1.3478260869565217,1.0869565217391304,1.1304347826086956,7,4,5,2.0,2,0
2026-01-31,PL,24,Leeds United FC,Arsenal FC,118,99,23,99,1.2,1.2,1.8,1.2,1.8,1.3,1.7,1.0,1.3478260869565217,1.6521739130434783,1.826086956521739,0.7391304347826086,4,5,1,5.0,4,1
2026-01-31,PL,24,Wolverhampton Wanderers FC,AFC Bournemouth,99,99,99,99,1.0,0.8,2.2,2.0,0.8,1.5,1.7,2.0,0.6521739130434783,1.8695652173913044,1.6521739130434783,1.8695652173913044,7,6,5,2.4,2,0
2026-01-31,ELC,30,Blackburn Rovers FC,Hull City AFC,120,120,120,120,0.8,2.2,1.6,0.6,0.8,1.4,1.7,1.0,0.9285714285714286,1.3214285714285714,1.6785714285714286,1.4285714285714286,7,7,5,2.6,1,0
2026-01-31,ELC,30,Ipswich Town FC,Preston North End FC,112,121,74,121,2.0,0.8,1.0,1.6,1.8,0.8,1.0,1.3,1.7142857142857142,0.9642857142857143,1.2413793103448276,1.1379310344827587,7,7,3,4.0,2,0
2026-01-31,ELC,30,Middlesbrough FC,Norwich City FC,121,123,121,123,2.6,0.8,2.2,1.0,1.8,0.9,1.6,0.9,1.5862068965517242,1.0,1.2758620689655173,1.4137931034482758,7,4,5,3.2,1,0
2026-01-31,ELC,30,Millwall FC,Sheffield United FC,121,115,121,77,1.8,0.6,1.6,1.0,1.3,1.0,1.9,1.3,1.2413793103448276,1.206896551724138,1.3928571428571428,1.4642857142857142,7,7,3,1.0,2,0
2026-01-31,ELC,30,Oxford United FC,Birmingham City FC,74,75,74,75,0.6,0.8,1.4,1.4,0.7,1.1,1.1,1.5,0.9642857142857143,1.2857142857142858,1.3448275862068966,1.3103448275862069,7,7,1,1.0,2,0
2026-01-31,ELC,30,Portsmouth FC,West Bromwich Albion FC,73,123,73,123,1.0,1.6,0.8,2.4,0.9,1.3,1.1,1.9,0.8888888888888888,1.3703703703703705,1.103448275862069,1.5172413793103448,6,7,3,3.6666666666666665,3,1
2026-01-31,ELC,30,Queens Park Rangers FC,Coventry City FC,121,123,121,123,1.2,1.0,1.6,1.6,1.5,1.3,1.2,1.2,1.3793103448275863,1.4482758620689655,2.1379310344827585,1.1379310344827587,7,4,5,3.6,3,1
2026-01-31,ELC,30,Watford FC,Swansea City AFC,120,121,120,121,1.2,0.8,1.4,1.2,1.5,1.0,1.2,1.0,1.3928571428571428,1.1785714285714286,1.103448275862069,1.2758620689655173,7,7,5,1.4,2,0
2026-01-31,PL,24,Chelsea FC,West Ham United FC,99,99,99,99,1.8,1.2,1.6,1.8,1.5,1.3,1.2,1.8,1.6956521739130435,1.0869565217391304,1.173913043478261,1.9565217391304348,6,7,5,4.2,5,1
2026-01-31,PL,24,Liverpool FC,Newcastle United FC,99,99,99,99,1.0,1.2,1.8,1.2,1.5,1.2,1.5,1.3,1.5217391304347827,1.391304347826087,1.391304347826087,1.2608695652173914,7,6,5,4.4,5,1
2026-02-01,PL,24,Aston Villa FC,Brentford FC,99,99,99,99,1.2,1.2,1.4,1.2,1.9,1.4,1.4,1.2,1.5217391304347827,1.0869565217391304,1.5217391304347827,1.391304347826087,7,7,5,3.0,1,0
2026-02-01,PL,24,Manchester United FC,Fulham FC,99,99,99,99,1.8,1.2,1.4,1.2,2.0,1.4,1.7,1.5,1.7826086956521738,1.4782608695652173,1.391304347826087,1.391304347826087,6,7,5,1.6,5,1
2026-02-01,PL,24,Nottingham Forest FC,Crystal Palace FC,99,99,99,99,1.0,1.2,0.6,1.6,1.0,1.2,0.7,1.7,1.0,1.4782608695652173,1.0434782608695652,1.2173913043478262,7,7,5,1.4,2,0
2026-02-01,PL,24,Tottenham Hotspur FC,Manchester City FC,99,99,99,99,1.2,1.6,0.8,0.8,1.2,1.5,2.0,0.9,1.434782608695652,1.3478260869565217,2.0434782608695654,0.9130434782608695,8,8,5,3.0,4,1
2026-02-02,PL,24,Sunderland AFC,Burnley FC,118,107,23,61,0.8,1.6,1.2,2.0,0.7,1.3,1.0,1.7,1.0434782608695652,1.1304347826086956,1.0869565217391304,1.9130434782608696,9,9,3,1.0,3,1
2026-02-03,ELC,19,Blackburn Rovers FC,Sheffield Wednesday FC,121,121,121,121,0.8,2.0,0.0,1.8,0.7,1.4,0.3,2.0,0.896551724137931,1.3103448275862069,0.6206896551724138,1.9655172413793103,3,3,5,2.6,1,0
2026-02-03,ELC,26,Hull City AFC,Watford FC,121,121,121,121,1.6,0.6,1.0,1.2,1.7,0.6,1.2,1.0,1.6551724137931034,1.3793103448275863,1.3448275862068966,1.206896551724138,3,3,5,1.8,0,0
2026-02-03,ELC,26,Sheffield United FC,Oxford United FC,116,75,78,75,1.4,1.0,0.6,1.0,1.6,1.4,0.7,1.1,1.3793103448275863,1.4482758620689655,0.9310344827586207,1.3103448275862069,3,3,3,1.6666666666666667,4,1
2026-02-06,PL,25,Leeds United FC,Nottingham Forest FC,119,100,24,100,1.2,2.0,1.2,1.0,1.5,1.6,1.0,1.3,1.2916666666666667,1.75,1.0,1.4583333333333333,6,5,1,4.0,4,1
2026-02-06,ELC,31,Charlton Athletic FC,Queens Park Rangers FC,29,122,29,122,1.2,1.6,1.4,0.8,1.0,1.3,1.5,1.3,1.0,1.3103448275862069,1.4,1.4333333333333333,6,6,1,4.0,0,0
2026-02-07,PL,25,Manchester United FC,Tottenham Hotspur FC,100,100,100,100,2.2,1.4,1.6,2.0,2.2,1.5,1.2,1.5,1.8333333333333333,1.5,1.4583333333333333,1.375,5,5,5,2.8,2,0
2026-02-07,ELC,31,Derby County FC,Ipswich Town FC,76,113,76,75,2.0,0.8,1.8,1.0,1.7,0.8,1.6,0.9,1.4666666666666666,1.2333333333333334,1.6896551724137931,0.9655172413793104,7,6,1,4.0,3,1
2026-02-07,ELC,31,Norwich City FC,Blackburn Rovers FC,124,122,124,122,1.8,1.0,0.6,1.6,1.5,0.9,0.7,1.2,1.2333333333333334,1.4,0.9,1.2666666666666666,6,3,5,2.8,2,0
2026-02-07,ELC,31,Southampton FC,Watford FC,117,122,79,122,1.0,1.4,0.4,1.2,0.9,1.3,1.1,0.9,1.4333333333333333,1.3666666666666667,1.3,1.1666666666666667,7,3,3,3.6666666666666665,1,0
2026-02-07,PL,25,AFC Bournemouth,Aston Villa FC,100,100,100,100,2.2,1.6,1.0,0.6,1.9,1.9,1.5,1.2,1.6666666666666667,1.7916666666666667,1.4583333333333333,1.0833333333333333,7,6,5,3.0,2,0
2026-02-07,PL,25,Arsenal FC,Sunderland AFC,100,119,100,24,1.8,1.0,1.4,1.6,1.9,1.0,0.9,1.2,1.9166666666666667,0.7083333333333334,1.125,1.0833333333333333,7,4,1,4.0,3,1
2026-02-07,PL,25,Burnley FC,West Ham United FC,108,100,62,100,1.0,2.0,1.6,2.0,1.0,1.9,1.3,2.0,1.0416666666666667,1.9583333333333333,1.2083333333333333,2.0,4,6,3,4.0,2,0
2026-02-07,PL,25,Fulham FC,Everton FC,100,100,100,100,1.6,1.6,1.2,1.4,1.5,1.3,1.1,1.0,1.4166666666666667,1.4583333333333333,1.0833333333333333,1.125,6,7,5,1.8,3,1
2026-02-07,PL,25,Wolverhampton Wanderers FC,Chelsea FC,100,100,100,100,0.8,1.0,2.0,1.2,0.8,1.6,1.7,1.2,0.625,1.875,1.75,1.125,7,6,5,4.8,4,1
2026-02-07,ELC,31,Birmingham City FC,Leicester City FC,76,114,76,76,1.8,0.8,1.0,1.6,1.2,1.3,1.3,1.9,1.3666666666666667,1.2666666666666666,1.3333333333333333,1.5,7,7,3,3.3333333333333335,3,1
2026-02-07,ELC,31,Coventry City FC,Oxford United FC,124,76,124,76,1.6,1.8,0.6,1.2,1.2,1.3,0.7,1.3,2.1,1.1666666666666667,0.9333333333333333,1.3666666666666667,7,3,3,4.666666666666667,0,0
2026-02-07,ELC,31,Hull City AFC,Bristol City FC,122,124,122,124,1.6,0.4,0.4,1.8,1.5,0.6,1.2,1.3,1.6,1.3333333333333333,1.3333333333333333,1.2,3,7,5,3.4,5,1
2026-02-07,ELC,31,Preston North End FC,Portsmouth FC,122,74,122,74,0.6,1.8,1.2,1.4,1.0,1.3,1.2,1.2,1.2333333333333334,1.1333333333333333,0.9642857142857143,1.3214285714285714,7,7,3,2.6666666666666665,1,0
2026-02-07,ELC,31,West Bromwich Albion FC,Stoke City FC,124,122,124,122,0.8,2.8,0.8,1.0,0.9,1.9,0.8,0.9,1.0666666666666667,1.5666666666666667,1.1333333333333333,0.9333333333333333,7,7,5,2.4,0,0
2026-02-07,ELC,31,Wrexham AFC,Millwall FC,30,122,30,122,1.6,1.2,2.0,0.8,2.0,1.4,1.3,1.0,1.4666666666666666,1.2333333333333334,1.2333333333333334,1.2,7,7,1,2.0,2,0
2026-02-07,PL,25,Newcastle United FC,Brentford FC,100,100,100,100,1.4,1.8,1.6,1.2,1.4,1.5,1.5,1.0,1.375,1.375,1.5,1.3333333333333333,6,6,5,4.0,5,1
2026-02-08,ELC,31,Swansea City AFC,Sheffield Wednesday FC,122,122,122,122,1.6,1.2,0.0,1.4,1.3,1.0,0.3,1.8,1.1333333333333333,1.2333333333333334,0.6,1.9333333333333333,7,4,5,1.6,4,1
2026-02-08,PL,25,Brighton & Hove Albion FC,Crystal Palace FC,100,100,100,100,1.2,1.0,0.6,1.6,1.0,1.2,0.7,1.8,1.4166666666666667,1.3333333333333333,1.0416666666666667,1.2083333333333333,7,7,5,2.8,1,0
2026-02-08,PL,25,Liverpool FC,Manchester City FC,100,100,100,100,1.8,1.4,1.2,1.2,1.8,1.2,1.7,0.7,1.625,1.375,2.0416666666666665,0.9583333333333334,7,7,5,2.2,3,1
2026-02-09,ELC,31,Sheffield United FC,Middlesbrough FC,117,122,79,122,1.4,1.0,2.8,0.6,1.8,1.4,1.7,0.8,1.4333333333333333,1.4333333333333333,1.5666666666666667,0.9666666666666667,6,9,3,2.0,3,1
2026-02-10,PL,26,Chelsea FC,Leeds United FC,101,120,101,25,2.4,1.2,1.6,2.0,2.0,1.3,1.5,1.4,1.8,1.12,1.36,1.72,3,3,1,4.0,4,1
2026-02-10,PL,26,Everton FC,AFC Bournemouth,101,101,101,101,1.2,0.8,2.0,1.2,1.0,1.1,2.0,2.0,1.12,1.12,1.64,1.76,3,3,5,2.6,3,1
2026-02-10,PL,26,Tottenham Hotspur FC,Newcastle United FC,101,101,101,101,1.4,2.2,1.4,2.4,1.0,1.7,1.4,1.7,1.4,1.4,1.4,1.44,3,3,5,3.8,3,1
2026-02-10,ELC,32,Leicester City FC,Southampton FC,115,118,77,80,0.8,1.8,1.2,0.6,1.1,2.0,0.9,1.1,1.3225806451612903,1.5161290322580645,1.4193548387096775,1.3225806451612903,3,3,5,4.0,7,1
2026-02-10,ELC,32,Oxford United FC,Norwich City FC,77,125,77,125,0.6,1.2,2.2,0.6,0.6,1.1,1.5,0.8,0.9032258064516129,1.3225806451612903,1.2580645161290323,1.3548387096774193,3,3,3,2.0,3,1
2026-02-10,ELC,32,Birmingham City FC,West Bromwich Albion FC,77,125,77,125,1.6,0.6,0.6,2.4,1.3,1.3,0.7,1.9,1.3870967741935485,1.2580645161290323,1.032258064516129,1.5161290322580645,3,3,3,2.3333333333333335,0,0
2026-02-10,PL,26,West Ham United FC,Manchester United FC,101,101,101,101,2.0,1.4,2.4,1.2,1.4,1.9,2.0,1.4,1.24,1.92,1.84,1.44,3,3,5,2.4,2,0
2026-02-11,PL,26,Aston Villa FC,Brighton & Hove Albion FC,101,101,101,101,0.6,0.6,0.8,1.2,1.4,1.2,0.9,1.2,1.44,1.08,1.36,1.32,4,3,5,4.4,1,0
2026-02-11,PL,26,Manchester City FC,Fulham FC,101,101,101,101,1.4,1.2,1.4,1.6,1.6,0.8,1.5,1.3,2.04,0.96,1.4,1.48,3,4,5,5.2,3,1
2026-02-11,PL,26,Nottingham Forest FC,Wolverhampton Wanderers FC,101,101,101,101,1.2,1.0,0.4,1.6,1.1,1.3,0.8,1.5,1.0,1.52,0.64,1.92,4,4,5,2.4,0,0
2026-02-11,PL,26,Crystal Palace FC,Burnley FC,101,109,101,63,0.8,1.2,1.0,2.0,0.6,1.7,0.9,1.9,1.04,1.16,1.0,1.96,3,4,3,2.0,5,1
2026-02-11,ELC,32,Charlton Athletic FC,Stoke City FC,30,123,30,123,0.8,1.2,0.4,1.0,0.9,1.2,0.6,0.8,0.9666666666666667,1.2666666666666666,1.096774193548387,0.9032258064516129,4,4,1,3.0,1,0
2026-02-11,PL,26,Sunderland AFC,Liverpool FC,120,101,25,101,1.2,2.0,1.6,1.4,0.9,1.2,1.6,1.1,1.08,1.16,1.6,1.4,4,3,1,2.0,1,0
2026-02-12,PL,26,Brentford FC,Arsenal FC,101,101,101,101,1.4,1.2,1.8,0.6,1.8,1.0,2.1,0.8,1.56,1.36,1.96,0.68,5,5,5,2.4,2,0
2026-02-14,ELC,32,Derby County FC,Swansea City AFC,77,123,77,123,2.0,0.8,2.2,0.8,1.5,1.0,1.6,0.8,1.4516129032258065,1.2580645161290323,1.2258064516129032,1.1935483870967742,7,6,3,2.3333333333333335,2,0
2026-02-14,ELC,32,Portsmouth FC,Sheffield United FC,75,118,75,80,1.2,0.6,1.6,1.2,1.2,1.2,1.9,1.4,0.9310344827586207,1.3103448275862069,1.4193548387096775,1.4516129032258065,6,4,3,2.0,1,0
2026-02-14,ELC,32,Preston North End FC,Watford FC,123,123,123,123,0.4,1.8,0.4,1.0,0.9,1.2,0.9,0.8,1.2258064516129032,1.096774193548387,1.2580645161290323,1.1612903225806452,6,7,5,2.8,4,1
2026-02-14,ELC,32,Queens Park Rangers FC,Blackburn Rovers FC,123,123,123,123,0.8,0.8,0.6,1.4,1.4,1.0,0.5,1.4,1.3548387096774193,1.3870967741935485,0.8709677419354839,1.2903225806451613,7,7,5,2.6,4,1
2026-02-14,ELC,32,Sheffield Wednesday FC,Millwall FC,123,123,123,123,0.0,2.0,2.0,0.6,0.2,1.9,1.4,0.7,0.5806451612903226,2.0,1.2580645161290323,1.1612903225806452,6,6,5,2.8,3,1
2026-02-16,ELC,32,Coventry City FC,Middlesbrough FC,125,123,125,123,1.2,1.2,2.4,0.8,1.1,1.3,1.6,0.8,2.032258064516129,1.1290322580645162,1.5806451612903225,0.967741935483871,9,6,5,3.6,4,1
2026-02-17,ELC,19,Charlton Athletic FC,Portsmouth FC,31,76,31,76,0.8,1.2,1.0,0.8,0.9,1.2,1.0,1.2,0.967741935483871,1.2258064516129032,0.9,1.3,6,3,1,3.0,4,1
2026-02-17,ELC,32,Bristol City FC,Wrexham AFC,125,31,125,31,1.0,1.8,1.2,1.4,1.5,1.4,1.8,1.4,1.3870967741935485,1.2258064516129032,1.4193548387096775,1.2580645161290323,10,10,1,2.0,4,1
2026-02-18,PL,31,Wolverhampton Wanderers FC,Arsenal FC,102,102,102,102,0.2,1.4,2.0,0.8,0.7,1.3,2.0,0.8,0.6153846153846154,1.8461538461538463,1.9230769230769231,0.6923076923076923,7,6,5,2.2,4,1
2026-02-20,ELC,33,Blackburn Rovers FC,Preston North End FC,124,124,124,124,1.0,1.0,0.8,2.0,0.8,1.5,1.0,1.3,0.9375,1.28125,1.25,1.125,6,6,5,2.6,1,0
2026-02-21,ELC,33,Hull City AFC,Queens Park Rangers FC,123,124,123,124,1.6,0.8,1.0,1.4,1.4,0.8,1.1,1.2,1.6129032258064515,1.3870967741935485,1.34375,1.4375,13,6,5,3.4,4,1
2026-02-21,ELC,33,Stoke City FC,Leicester City FC,124,116,124,78,0.4,1.2,1.2,2.2,0.6,0.8,1.3,2.0,1.0625,0.90625,1.375,1.59375,9,10,3,3.3333333333333335,4,1
2026-02-21,ELC,33,Swansea City AFC,Bristol City FC,124,126,124,126,2.0,1.0,1.4,2.2,1.4,0.9,1.5,1.6,1.1875,1.21875,1.40625,1.25,6,3,5,2.0,1,0
2026-02-21,ELC,33,West Bromwich Albion FC,Coventry City FC,126,126,126,126,0.2,1.8,1.4,1.2,0.7,1.8,1.3,1.3,1.0,1.46875,2.0625,1.125,10,4,5,2.8,2,0
2026-02-21,PL,27,Aston Villa FC,Leeds United FC,102,121,102,26,0.8,0.6,1.4,1.6,1.2,1.0,1.6,1.5,1.4230769230769231,1.0384615384615385,1.3846153846153846,1.7307692307692308,9,10,1,3.0,2,0
2026-02-21,PL,27,Brentford FC,Brighton & Hove Albion FC,102,102,102,102,1.0,1.4,0.6,1.2,1.8,1.0,0.9,1.1,1.5384615384615385,1.3461538461538463,1.3076923076923077,1.3076923076923077,8,9,5,2.4,2,0
2026-02-21,PL,27,Chelsea FC,Burnley FC,102,110,102,64,2.6,1.2,1.2,2.0,2.0,1.5,1.0,1.8,1.8076923076923077,1.1538461538461537,1.0769230769230769,1.9615384615384615,10,9,3,3.6666666666666665,2,0
2026-02-21,ELC,33,Middlesbrough FC,Oxford United FC,124,78,124,78,2.0,1.0,0.6,1.8,1.7,0.9,0.6,1.3,1.5625,1.03125,0.875,1.375,4,10,3,4.333333333333333,0,0
2026-02-21,ELC,33,Millwall FC,Portsmouth FC,124,77,124,77,2.0,0.8,1.4,0.8,1.6,0.6,1.2,1.2,1.28125,1.15625,0.967741935483871,1.2903225806451613,7,3,3,2.6666666666666665,4,1
2026-02-21,ELC,33,Norwich City FC,Birmingham City FC,126,78,126,78,2.4,0.4,1.4,0.4,1.7,0.7,1.3,1.0,1.3125,1.3125,1.34375,1.21875,10,10,3,2.6666666666666665,3,1
2026-02-21,ELC,33,Southampton FC,Charlton Athletic FC,119,32,81,32,1.8,0.8,0.8,1.4,1.2,1.3,1.0,1.4,1.5,1.375,0.96875,1.28125,10,3,1,6.0,2,0
2026-02-21,ELC,33,Watford FC,Derby County FC,124,78,124,78,0.6,1.2,2.2,0.8,1.0,1.0,1.6,0.9,1.28125,1.1875,1.46875,1.21875,7,7,3,3.3333333333333335,2,0
2026-02-21,ELC,33,Wrexham AFC,Ipswich Town FC,32,114,32,76,1.4,1.4,1.8,1.0,1.9,1.4,1.7,1.0,1.4375,1.28125,1.7,0.9666666666666667,3,14,1,0.0,8,1
2026-02-21,PL,27,West Ham United FC,AFC Bournemouth,102,102,102,102,2.0,1.2,1.8,1.0,1.3,1.7,1.8,1.7,1.2307692307692308,1.8846153846153846,1.6538461538461537,1.7307692307692308,10,10,5,2.8,0,0
2026-02-21,PL,27,Manchester City FC,Newcastle United FC,102,102,102,102,1.8,1.0,1.0,2.0,1.6,0.8,1.6,1.7,2.076923076923077,0.9230769230769231,1.4230769230769231,1.4230769230769231,10,11,5,3.0,3,1
2026-02-22,ELC,33,Sheffield United FC,Sheffield Wednesday FC,119,124,81,124,1.8,1.0,0.2,2.0,1.7,1.4,0.1,1.9,1.40625,1.40625,0.59375,2.0,7,7,3,1.6666666666666667,3,1
2026-02-22,PL,27,Sunderland AFC,Fulham FC,121,102,26,102,1.2,1.6,1.0,2.0,0.8,1.3,1.2,1.4,1.0384615384615385,1.1538461538461537,1.3461538461538463,1.5384615384615385,10,10,1,1.0,4,1
2026-02-22,PL,27,Crystal Palace FC,Wolverhampton Wanderers FC,102,103,102,103,1.2,1.8,0.6,1.8,0.8,1.7,0.9,1.3,1.0769230769230769,1.2307692307692308,0.6666666666666666,1.8518518518518519,10,3,5,4.2,1,0
2026-02-22,PL,27,Nottingham Forest FC,Liverpool FC,102,102,102,102,0.8,0.8,1.8,1.4,0.8,1.3,1.5,1.1,0.9615384615384616,1.4615384615384615,1.5769230769230769,1.3461538461538463,10,10,5,2.0,1,0
2026-02-22,PL,27,Tottenham Hotspur FC,Arsenal FC,102,103,102,103,1.2,2.0,2.4,1.2,1.1,1.6,2.1,1.0,1.3846153846153846,1.4230769230769231,1.9259259259259258,0.7407407407407407,11,3,5,3.6,5,1
2026-02-23,PL,27,Everton FC,Manchester United FC,102,102,102,102,1.2,1.0,2.2,1.0,1.1,1.1,1.7,1.1,1.1153846153846154,1.1538461538461537,1.8076923076923077,1.4230769230769231,13,12,5,2.8,1,0
2026-02-24,ELC,34,Hull City AFC,Derby County FC,124,79,124,79,1.2,1.4,1.8,1.0,1.4,1.1,1.5,1.0,1.59375,1.4375,1.4242424242424243,1.2424242424242424,3,3,3,2.0,6,1
2026-02-24,ELC,34,Middlesbrough FC,Leicester City FC,125,117,125,79,1.6,0.8,1.4,2.4,1.7,0.9,1.4,2.0,1.5151515151515151,1.0,1.393939393939394,1.606060606060606,3,3,3,2.0,2,0
2026-02-24,ELC,34,Swansea City AFC,Preston North End FC,125,125,125,125,1.6,0.8,0.8,1.6,1.5,0.8,1.0,1.4,1.1818181818181819,1.1818181818181819,1.2121212121212122,1.121212121212121,3,3,5,2.4,2,0
2026-02-24,ELC,34,Watford FC,Ipswich Town FC,125,115,125,77,0.8,1.0,1.8,2.0,1.0,0.9,1.9,1.2,1.303030303030303,1.1515151515151516,1.7419354838709677,1.096774193548387,3,3,3,1.6666666666666667,2,0
2026-02-24,ELC,34,West Bromwich Albion FC,Charlton Athletic FC,127,33,127,33,0.2,1.2,1.0,0.8,0.6,1.8,1.0,1.3,0.9696969696969697,1.4848484848484849,0.9696969696969697,1.2727272727272727,3,3,1,1.0,2,0
2026-02-24,ELC,34,Wrexham AFC,Portsmouth FC,33,78,33,78,2.2,1.8,1.8,0.8,1.9,1.4,1.4,1.2,1.5454545454545454,1.3333333333333333,1.03125,1.28125,3,3,1,0.0,3,1
2026-02-24,ELC,34,Blackburn Rovers FC,Bristol City FC,125,127,125,127,1.0,0.8,1.4,2.0,0.9,1.5,1.3,1.6,0.9393939393939394,1.2424242424242424,1.3636363636363635,1.2424242424242424,3,3,5,3.0,3,1
2026-02-24,ELC,34,Southampton FC,Queens Park Rangers FC,120,125,82,125,1.8,1.0,1.6,1.6,1.2,1.2,1.3,1.2,1.4848484848484849,1.3636363636363635,1.393939393939394,1.4242424242424243,3,3,3,2.3333333333333335,5,1
2026-02-25,ELC,34,Millwall FC,Birmingham City FC,125,79,125,79,2.0,1.0,1.4,0.6,1.7,0.9,1.4,1.0,1.2727272727272727,1.2121212121212122,1.3636363636363635,1.2121212121212122,4,4,3,2.3333333333333335,3,1
2026-02-25,ELC,34,Norwich City FC,Sheffield Wednesday FC,127,125,127,125,1.6,0.8,0.4,2.0,1.7,0.9,0.2,2.1,1.303030303030303,1.3333333333333333,0.6060606060606061,2.0,4,3,5,3.4,2,0
2026-02-25,ELC,34,Sheffield United FC,Coventry City FC,120,127,82,127,1.6,1.0,1.4,1.0,1.6,1.0,1.4,1.3,1.4242424242424243,1.393939393939394,2.0606060606060606,1.0909090909090908,3,4,3,4.0,3,1
2026-02-25,ELC,34,Stoke City FC,Oxford United FC,125,79,125,79,0.6,1.2,0.2,1.6,0.8,1.0,0.4,1.2,1.0909090909090908,0.9393939393939394,0.8484848484848485,1.3333333333333333,4,4,3,1.3333333333333333,3,1
2026-02-27,PL,28,Wolverhampton Wanderers FC,Aston Villa FC,104,103,104,103,0.6,1.6,1.0,0.6,0.8,1.2,1.1,1.0,0.6428571428571429,1.8214285714285714,1.4074074074074074,1.037037037037037,5,6,5,2.2,2,0
2026-02-27,ELC,35,Bristol City FC,Watford FC,128,126,128,126,1.4,2.2,0.8,1.0,1.4,1.5,0.9,1.1,1.3823529411764706,1.2352941176470589,1.2647058823529411,1.1764705882352942,3,3,5,2.6,3,1
2026-02-28,PL,28,AFC Bournemouth,Sunderland AFC,103,122,103,27,1.6,0.8,1.0,2.0,1.7,1.6,0.9,1.6,1.5925925925925926,1.6666666666666667,1.037037037037037,1.2222222222222223,6,5,1,5.0,2,0
2026-02-28,ELC,35,Derby County FC,Blackburn Rovers FC,80,126,80,126,2.0,1.6,1.2,1.0,1.6,1.2,1.0,1.5,1.4411764705882353,1.3235294117647058,0.9411764705882353,1.2647058823529411,3,3,3,4.0,4,1
2026-02-28,ELC,35,Leicester City FC,Norwich City FC,118,128,80,128,1.4,2.2,1.6,0.6,1.3,2.0,1.9,0.8,1.3823529411764706,1.588235294117647,1.3235294117647058,1.2941176470588236,3,2,3,3.0,2,0
2026-02-28,ELC,35,Portsmouth FC,Hull City AFC,79,125,79,125,1.4,1.2,1.6,1.6,1.3,1.3,1.6,1.1,1.0303030303030303,1.303030303030303,1.6666666666666667,1.4545454545454546,3,3,3,3.0,1,0
2026-02-28,PL,28,Burnley FC,Brentford FC,111,103,65,103,1.2,2.0,1.0,1.4,1.0,1.8,1.6,1.2,1.0740740740740742,1.9259259259259258,1.4814814814814814,1.3703703703703705,7,7,3,3.3333333333333335,7,1
2026-02-28,PL,28,Liverpool FC,West Ham United FC,103,103,103,103,1.8,1.2,1.6,1.0,1.4,1.0,1.3,1.4,1.5555555555555556,1.2962962962962963,1.1851851851851851,1.8148148148148149,6,6,5,3.6,7,1
2026-02-28,PL,28,Newcastle United FC,Everton FC,103,103,103,103,1.2,2.4,1.0,1.2,1.5,1.7,1.1,1.1,1.4074074074074074,1.4444444444444444,1.0740740740740742,1.1481481481481481,6,4,5,2.2,5,1
2026-02-28,ELC,35,Charlton Athletic FC,Wrexham AFC,34,34,34,34,0.8,1.0,2.0,1.6,1.0,1.3,1.9,1.4,0.9705882352941176,1.2647058823529411,1.5588235294117647,1.3235294117647058,3,3,1,1.0,1,0
2026-02-28,ELC,35,Coventry City FC,Stoke City FC,128,126,128,126,1.6,0.8,0.8,1.2,1.6,1.2,0.9,0.9,2.0588235294117645,1.088235294117647,1.1176470588235294,0.9411764705882353,2,2,5,1.6,3,1
2026-02-28,ELC,35,Ipswich Town FC,Swansea City AFC,116,126,78,126,1.8,2.0,1.6,0.6,1.8,1.1,1.5,0.9,1.75,1.0625,1.1764705882352942,1.1764705882352942,3,3,3,4.333333333333333,3,1
2026-02-28,ELC,35,Oxford United FC,West Bromwich Albion FC,80,128,80,128,0.4,1.6,0.2,1.2,0.5,1.3,0.5,1.8,0.8529411764705882,1.3529411764705883,0.9705882352941176,1.4705882352941178,2,3,3,2.3333333333333335,3,1
2026-02-28,ELC,35,Preston North End FC,Millwall FC,126,126,126,126,1.0,1.0,1.8,1.0,1.0,1.3,1.8,0.8,1.2058823529411764,1.1176470588235294,1.3235294117647058,1.1764705882352942,3,2,5,2.4,2,0
2026-02-28,ELC,35,Queens Park Rangers FC,Sheffield United FC,126,121,126,83,1.2,2.0,1.6,1.2,1.2,1.5,1.5,1.1,1.3529411764705883,1.5294117647058822,1.411764705882353,1.411764705882353,3,2,3,2.3333333333333335,2,0
2026-02-28,ELC,35,Sheffield Wednesday FC,Southampton FC,126,121,126,83,0.4,2.2,2.6,0.8,0.2,2.0,1.6,1.1,0.5882352941176471,2.0,1.588235294117647,1.3235294117647058,2,3,3,3.6666666666666665,4,1
2026-02-28,PL,28,Leeds United FC,Manchester City FC,122,103,27,103,1.4,1.8,2.2,0.8,1.3,1.5,1.5,0.9,1.3703703703703705,1.7037037037037037,2.074074074074074,0.9259259259259259,7,6,1,5.0,1,0
2026-03-01,PL,28,Brighton & Hove Albion FC,Nottingham Forest FC,103,103,103,103,0.8,1.0,0.8,1.0,1.1,1.1,0.8,1.3,1.3333333333333333,1.2592592592592593,0.9259259259259259,1.4444444444444444,7,7,5,3.8,3,1
2026-03-01,PL,28,Fulham FC,Tottenham Hotspur FC,103,103,103,103,1.6,2.0,1.2,2.4,1.4,1.5,1.1,1.8,1.4074074074074074,1.5185185185185186,1.3703703703703705,1.5185185185185186,7,6,5,2.4,3,1
2026-03-01,PL,28,Manchester United FC,Crystal Palace FC,103,103,103,103,2.0,1.0,1.2,1.4,1.7,0.9,0.8,1.3,1.7777777777777777,1.3703703703703705,1.0740740740740742,1.1851851851851851,5,7,5,2.0,3,1
2026-03-01,PL,28,Arsenal FC,Chelsea FC,104,103,104,103,2.8,0.8,2.4,1.4,2.3,1.0,1.9,1.4,2.0,0.75,1.7777777777777777,1.1481481481481481,7,8,5,2.8,3,1
2026-03-02,ELC,35,Birmingham City FC,Middlesbrough FC,80,126,80,126,1.2,1.0,1.0,1.0,1.3,1.2,1.8,0.9,1.3235294117647058,1.2647058823529411,1.5,1.0,5,6,3,1.6666666666666667,4,1
2026-03-03,PL,29,AFC Bournemouth,Brentford FC,104,104,104,104,1.2,0.6,1.8,1.6,1.7,1.3,1.6,1.4,1.5714285714285714,1.6428571428571428,1.5714285714285714,1.4285714285714286,3,3,5,4.0,0,0
2026-03-03,PL,29,Everton FC,Burnley FC,104,112,104,66,1.4,1.4,1.4,2.4,1.4,1.3,1.3,2.2,1.1428571428571428,1.1785714285714286,1.1428571428571428,2.0,3,3,3,1.0,2,0
2026-03-03,PL,29,Leeds United FC,Sunderland AFC,123,123,28,28,1.2,1.8,1.0,1.6,1.2,1.5,0.9,1.6,1.3214285714285714,1.6785714285714286,1.0357142857142858,1.2142857142857142,3,3,5,2.0,1,0
2026-03-03,ELC,32,Ipswich Town FC,Hull City AFC,117,126,79,126,2.2,1.4,1.6,1.6,2.1,1.1,1.6,1.1,1.7878787878787878,1.0303030303030303,1.6470588235294117,1.411764705882353,3,3,3,3.6666666666666665,1,0
2026-03-03,PL,29,Wolverhampton Wanderers FC,Liverpool FC,105,104,105,104,1.0,1.2,2.4,1.0,0.9,1.1,1.7,1.1,0.6896551724137931,1.7586206896551724,1.6785714285714286,1.3214285714285714,4,3,5,3.0,3,1
2026-03-04,PL,29,Aston Villa FC,Chelsea FC,104,104,104,104,0.6,1.0,2.0,1.6,0.9,1.1,1.9,1.4,1.3571428571428572,1.0714285714285714,1.75,1.1785714285714286,4,3,5,2.8,5,1
2026-03-04,PL,29,Brighton & Hove Albion FC,Arsenal FC,104,105,104,105,1.0,0.8,2.4,1.0,1.2,1.0,2.1,1.0,1.3571428571428572,1.25,2.0,0.7586206896551724,3,3,5,2.4,1,0
2026-03-04,PL,29,Fulham FC,West Ham United FC,104,104,104,104,1.6,2.0,1.4,1.8,1.5,1.6,1.5,1.8,1.4285714285714286,1.5,1.2142857142857142,1.9285714285714286,3,4,5,3.0,1,0
2026-03-04,PL,29,Manchester City FC,Nottingham Forest FC,104,104,104,104,2.0,0.8,0.6,1.4,1.4,0.8,0.8,1.3,2.0357142857142856,0.8928571428571429,0.9285714285714286,1.4642857142857142,4,3,5,2.2,4,1
2026-03-04,PL,29,Newcastle United FC,Manchester United FC,104,104,104,104,1.6,2.6,1.8,0.8,1.7,1.9,1.8,1.0,1.4285714285714286,1.5,1.7857142857142858,1.3571428571428572,4,3,5,2.8,3,1
2026-03-05,PL,29,Tottenham Hotspur FC,Crystal Palace FC,104,104,104,104,1.0,2.4,1.2,1.2,1.1,2.0,0.9,1.4,1.3571428571428572,1.5357142857142858,1.0714285714285714,1.2142857142857142,4,4,5,2.2,4,1
2026-03-06,ELC,36,Preston North End FC,Oxford United FC,127,81,127,81,0.8,1.2,0.6,1.2,0.7,1.5,0.6,1.2,1.1714285714285715,1.1428571428571428,0.8857142857142857,1.3428571428571427,6,6,3,3.0,4,1
2026-03-07,ELC,36,Blackburn Rovers FC,Portsmouth FC,127,80,127,80,1.2,1.6,1.4,1.2,0.9,1.6,1.3,0.9,0.9428571428571428,1.3142857142857143,1.0,1.2941176470588236,7,7,3,2.3333333333333335,2,0
2026-03-07,ELC,36,Hull City AFC,Millwall FC,127,127,127,127,1.6,1.8,2.0,0.8,1.6,1.1,2.0,0.8,1.6,1.4,1.3428571428571427,1.1428571428571428,3,6,5,2.0,4,1
2026-03-07,ELC,36,Bristol City FC,Coventry City FC,129,129,129,129,1.6,1.6,1.8,0.6,1.0,1.7,1.7,1.2,1.3714285714285714,1.2571428571428571,2.057142857142857,1.0857142857142856,7,7,5,1.8,2,0
2026-03-07,ELC,36,Charlton Athletic FC,Birmingham City FC,35,81,35,81,0.8,1.2,1.0,1.6,0.8,1.2,1.4,1.2,0.9428571428571428,1.2571428571428571,1.3142857142857143,1.3142857142857143,7,4,1,2.0,1,0
2026-03-07,ELC,36,Derby County FC,Sheffield Wednesday FC,81,127,81,127,1.6,1.8,0.6,2.6,1.8,1.3,0.3,2.0,1.4857142857142858,1.3142857142857143,0.6,2.0285714285714285,7,7,3,4.0,3,1
2026-03-07,ELC,36,Ipswich Town FC,Leicester City FC,118,119,80,81,2.2,1.2,1.4,2.2,2.0,1.1,1.2,1.9,1.7647058823529411,1.0,1.3428571428571427,1.6,3,7,5,2.4,2,0
2026-03-07,ELC,36,Sheffield United FC,West Bromwich Albion FC,122,129,84,129,1.4,1.0,0.4,1.0,1.4,1.0,0.6,1.9,1.4285714285714286,1.3714285714285714,0.9714285714285714,1.4857142857142858,7,7,3,2.6666666666666665,2,0
2026-03-07,ELC,36,Swansea City AFC,Stoke City FC,127,127,127,127,1.2,1.2,1.0,1.2,1.4,1.2,0.9,1.1,1.1428571428571428,1.2285714285714286,1.1142857142857143,0.9714285714285714,7,7,5,2.4,2,0
2026-03-08,ELC,36,Queens Park Rangers FC,Middlesbrough FC,127,127,127,127,0.8,2.2,1.4,1.2,1.1,1.5,2.1,0.9,1.3142857142857143,1.542857142857143,1.542857142857143,1.0,8,5,5,3.2,4,1
2026-03-10,ELC,37,Leicester City FC,Bristol City FC,120,130,82,130,1.4,2.0,1.0,1.6,1.1,1.9,1.0,1.7,1.3333333333333333,1.5833333333333333,1.3333333333333333,1.2777777777777777,3,3,3,2.0,2,0
2026-03-10,ELC,37,Millwall FC,Derby County FC,128,82,128,82,2.2,1.0,1.8,1.6,2.1,0.8,1.9,1.2,1.3888888888888888,1.1388888888888888,1.5,1.3055555555555556,3,3,3,1.6666666666666667,1,0
2026-03-10,ELC,37,Portsmouth FC,Swansea City AFC,81,128,81,128,1.6,1.2,0.8,1.2,1.3,1.0,1.5,1.0,1.0,1.2857142857142858,1.1666666666666667,1.1944444444444444,3,3,3,3.0,3,1
2026-03-10,ELC,37,Sheffield Wednesday FC,Watford FC,128,127,128,127,0.8,2.2,1.2,1.2,0.4,2.1,0.8,1.2,0.6111111111111112,2.0277777777777777,1.2857142857142858,1.1714285714285715,3,10,5,2.6,2,0
2026-03-10,ELC,37,Wrexham AFC,Hull City AFC,35,128,35,128,2.0,1.6,1.4,1.8,1.8,1.4,1.5,1.3,1.542857142857143,1.2857142857142858,1.5833333333333333,1.4444444444444444,10,3,1,2.0,3,1
2026-03-10,ELC,37,Stoke City FC,Ipswich Town FC,128,119,128,81,1.0,1.6,2.0,1.2,0.7,1.3,1.9,1.1,1.0833333333333333,1.0,1.7428571428571429,1.0,3,3,3,1.0,6,1
2026-03-11,ELC,37,Birmingham City FC,Queens Park Rangers FC,82,128,82,128,0.6,1.6,0.8,3.0,1.1,1.1,0.8,1.9,1.2777777777777777,1.3055555555555556,1.2777777777777777,1.6111111111111112,4,3,3,2.0,1,0
2026-03-11,ELC,37,Norwich City FC,Sheffield United FC,129,123,129,85,2.0,0.4,1.4,0.8,1.9,0.7,1.5,1.0,1.3428571428571427,1.2571428571428571,1.4166666666666667,1.3611111111111112,11,4,3,2.0,3,1
2026-03-11,ELC,37,Middlesbrough FC,Charlton Athletic FC,128,36,128,36,1.8,1.0,0.8,1.2,2.1,0.9,0.8,1.2,1.6111111111111112,0.9722222222222222,0.9444444444444444,1.2222222222222223,3,4,1,3.0,1,0
2026-03-11,ELC,37,Oxford United FC,Blackburn Rovers FC,82,128,82,128,1.2,1.4,1.4,1.4,0.9,1.3,1.0,1.4,0.9444444444444444,1.3333333333333333,0.9444444444444444,1.3055555555555556,4,4,3,2.0,1,0
2026-03-11,ELC,37,West Bromwich Albion FC,Southampton FC,130,122,130,84,0.6,1.2,2.8,1.0,0.6,1.8,1.9,1.2,0.9722222222222222,1.4722222222222223,1.6285714285714286,1.3142857142857143,4,11,5,2.8,2,0
2026-03-11,ELC,37,Coventry City FC,Preston North End FC,130,128,130,128,2.2,0.6,0.8,1.8,1.7,0.9,0.6,1.8,2.0555555555555554,1.0555555555555556,1.1666666666666667,1.1944444444444444,4,5,5,2.8,3,1
2026-03-13,ELC,38,Wrexham AFC,Swansea City AFC,36,129,36,129,2.2,1.6,1.2,1.0,1.7,1.5,1.6,1.0,1.5277777777777777,1.3055555555555556,1.1891891891891893,1.1891891891891893,3,3,1,3.0,2,0
2026-03-14,ELC,38,Coventry City FC,Southampton FC,131,123,131,85,2.2,0.4,2.8,1.2,1.8,0.8,2.0,0.9,2.081081081081081,1.027027027027027,1.6111111111111112,1.3055555555555556,2,2,3,2.3333333333333335,3,1
2026-03-14,ELC,38,Middlesbrough FC,Bristol City FC,129,131,129,131,1.6,0.6,0.6,1.6,1.8,0.8,1.0,1.9,1.5675675675675675,0.972972972972973,1.2972972972972974,1.2972972972972974,2,3,5,3.0,2,0
2026-03-14,ELC,38,Oxford United FC,Charlton Athletic FC,83,37,83,37,1.4,0.8,0.8,0.6,1.0,1.3,0.8,1.0,0.9459459459459459,1.2972972972972974,0.9459459459459459,1.1891891891891893,2,2,1,1.0,2,0
2026-03-14,PL,30,Sunderland AFC,Brighton & Hove Albion FC,124,105,29,105,0.6,1.6,0.8,0.8,1.0,1.6,1.0,0.9,1.0344827586206897,1.1724137931034482,1.3103448275862069,1.2413793103448276,10,9,1,0.0,1,0
2026-03-14,PL,30,Burnley FC,AFC Bournemouth,113,105,67,105,1.4,2.2,0.8,0.6,1.2,2.1,1.5,1.1,1.103448275862069,2.0,1.5172413793103448,1.5862068965517242,10,10,3,2.3333333333333335,0,0
2026-03-14,ELC,38,Birmingham City FC,Sheffield United FC,83,124,83,86,0.8,1.6,1.4,1.2,1.1,1.0,1.6,1.1,1.2702702702702702,1.2702702702702702,1.4054054054054055,1.3783783783783783,2,2,1,3.0,2,0
2026-03-14,ELC,38,Leicester City FC,Queens Park Rangers FC,121,129,83,129,1.2,1.2,0.6,2.6,1.2,1.7,0.8,2.0,1.3513513513513513,1.5405405405405406,1.2432432432432432,1.5945945945945945,3,2,3,3.6666666666666665,4,1
2026-03-14,ELC,38,Millwall FC,Blackburn Rovers FC,129,129,129,129,2.0,0.8,0.8,1.4,2.0,0.8,0.9,1.2,1.3783783783783783,1.1081081081081081,0.918918918918919,1.2972972972972974,3,2,5,2.6,3,1
2026-03-14,ELC,38,Norwich City FC,Preston North End FC,130,129,130,129,2.0,0.6,0.4,2.0,2.1,0.6,0.6,2.0,1.3611111111111112,1.25,1.135135135135135,1.2432432432432432,2,2,5,1.6,2,0
2026-03-14,ELC,38,Sheffield Wednesday FC,Ipswich Town FC,129,120,129,82,0.8,2.0,2.0,0.8,0.5,2.0,1.9,1.4,0.6216216216216216,2.0,1.7777777777777777,1.0555555555555556,3,3,3,3.6666666666666665,2,0
2026-03-14,ELC,38,Stoke City FC,Watford FC,129,128,129,128,1.6,2.0,1.4,1.2,1.0,1.6,0.9,1.1,1.135135135135135,1.054054054054054,1.2777777777777777,1.1666666666666667,3,3,5,1.4,4,1
2026-03-14,ELC,38,West Bromwich Albion FC,Hull City AFC,131,129,131,129,0.8,1.4,1.6,1.4,0.5,1.6,1.4,1.4,0.972972972972973,1.4594594594594594,1.5945945945945945,1.4324324324324325,2,3,5,2.4,3,1
2026-03-14,PL,30,Arsenal FC,Everton FC,106,105,106,105,2.0,1.0,1.6,1.2,1.9,0.8,1.4,1.3,1.9666666666666666,0.7333333333333333,1.1724137931034482,1.1379310344827587,9,10,5,1.4,2,0
2026-03-14,PL,30,Chelsea FC,Newcastle United FC,105,105,105,105,2.2,1.4,1.8,2.0,2.1,1.3,1.6,1.9,1.8275862068965518,1.1724137931034482,1.4482758620689655,1.4827586206896552,9,9,5,3.8,1,0
2026-03-14,PL,30,West Ham United FC,Manchester City FC,105,105,105,105,1.2,1.2,2.0,0.8,1.4,1.6,1.6,1.0,1.206896551724138,1.8620689655172413,2.0344827586206895,0.9310344827586207,10,10,5,4.0,2,0
2026-03-15,PL,30,Crystal Palace FC,Leeds United FC,105,124,105,29,1.6,1.2,1.2,1.2,1.1,1.4,1.2,1.6,1.1379310344827587,1.206896551724138,1.2758620689655173,1.6551724137931034,9,11,1,5.0,0,0
2026-03-15,PL,30,Manchester United FC,Aston Villa FC,105,105,105,105,1.4,0.8,0.8,1.6,1.8,1.1,0.9,1.1,1.7586206896551724,1.3793103448275863,1.3448275862068966,1.1724137931034482,10,10,5,2.6,4,1
2026-03-15,PL,30,Nottingham Forest FC,Fulham FC,105,105,105,105,0.8,1.6,1.2,1.6,1.0,1.3,1.4,1.6,0.9655172413793104,1.4827586206896552,1.3793103448275863,1.4827586206896552,10,10,5,2.8,0,0
2026-03-15,PL,30,Liverpool FC,Tottenham Hotspur FC,105,105,105,105,1.8,1.2,0.8,2.6,1.8,1.3,1.2,2.3,1.6551724137931034,1.3448275862068966,1.3448275862068966,1.5862068965517242,11,9,5,5.4,2,0
2026-03-16,PL,30,Brentford FC,Wolverhampton Wanderers FC,105,106,105,106,1.6,1.6,1.2,0.8,1.6,1.4,0.8,1.2,1.5172413793103448,1.3793103448275863,0.7333333333333333,1.7333333333333334,13,12,5,3.8,4,1
2026-03-16,ELC,38,Portsmouth FC,Derby County FC,82,83,82,83,1.2,1.4,1.4,1.8,1.3,1.1,1.8,1.3,1.0,1.3055555555555556,1.4594594594594594,1.2972972972972974,6,6,3,3.3333333333333335,1,0
2026-03-17,ELC,36,Watford FC,Wrexham AFC,129,37,129,37,1.2,1.4,2.2,1.2,0.9,1.3,1.8,1.3,1.2702702702702702,1.2162162162162162,1.5405405405405406,1.2702702702702702,3,3,1,4.0,4,1
2026-03-18,ELC,36,Southampton FC,Norwich City FC,124,131,86,131,2.4,0.8,1.8,0.6,2.1,0.8,2.1,0.5,1.6216216216216217,1.2972972972972974,1.3783783783783783,1.2162162162162162,4,4,3,4.333333333333333,1,0
2026-03-20,PL,31,AFC Bournemouth,Manchester United FC,106,106,106,106,0.6,0.4,1.6,1.0,1.3,0.8,2.0,1.1,1.4666666666666666,1.5333333333333334,1.8,1.3666666666666667,6,5,5,4.0,4,1
2026-03-20,ELC,39,Preston North End FC,Stoke City FC,130,130,130,130,0.4,2.2,1.8,1.8,0.6,1.9,1.2,1.5,1.105263157894737,1.263157894736842,1.1842105263157894,1.0526315789473684,6,6,5,1.4,4,1
2026-03-21,ELC,39,Blackburn Rovers FC,Middlesbrough FC,130,130,130,130,1.0,1.6,1.8,0.8,1.0,1.2,1.7,0.8,0.9473684210526315,1.2894736842105263,1.5526315789473684,0.9736842105263158,6,7,5,1.2,0,0
2026-03-21,ELC,39,Derby County FC,Birmingham City FC,84,84,84,84,1.6,1.4,0.6,1.6,1.7,1.2,1.0,1.1,1.4473684210526316,1.263157894736842,1.263157894736842,1.263157894736842,4,6,1,2.0,1,0
2026-03-21,ELC,39,Ipswich Town FC,Millwall FC,121,130,83,130,2.0,0.8,2.0,0.6,1.9,1.4,2.0,0.8,1.7837837837837838,1.027027027027027,1.368421052631579,1.131578947368421,6,6,3,2.6666666666666665,2,0
2026-03-21,PL,31,Brighton & Hove Albion FC,Liverpool FC,106,106,106,106,1.0,0.6,1.8,1.0,0.9,0.9,1.7,1.2,1.3,1.2,1.6333333333333333,1.3333333333333333,6,5,5,3.4,3,1
2026-03-21,PL,31,Fulham FC,Burnley FC,106,114,106,68,1.0,1.2,1.4,1.8,1.2,1.4,1.2,1.9,1.3333333333333333,1.4333333333333333,1.0666666666666667,1.9333333333333333,6,7,3,3.6666666666666665,4,1
2026-03-21,ELC,39,Bristol City FC,West Bromwich Albion FC,132,132,132,132,0.8,1.6,1.4,1.0,1.1,1.8,0.8,1.1,1.2894736842105263,1.2894736842105263,1.0263157894736843,1.4210526315789473,7,7,5,2.0,1,0
2026-03-21,ELC,39,Charlton Athletic FC,Norwich City FC,38,132,38,132,0.8,0.6,1.6,0.4,0.9,0.7,1.6,0.6,0.9473684210526315,1.1842105263157894,1.3421052631578947,1.2105263157894737,7,2,1,1.0,1,0
2026-03-21,ELC,39,Hull City AFC,Sheffield Wednesday FC,130,130,130,130,0.8,1.6,0.6,2.0,1.2,1.6,0.5,2.0,1.5526315789473684,1.4736842105263157,0.6052631578947368,2.0,7,7,5,3.4,4,1
2026-03-21,ELC,39,Queens Park Rangers FC,Portsmouth FC,130,83,130,83,0.6,2.6,0.6,1.4,1.1,2.1,1.2,1.1,1.2894736842105263,1.5789473684210527,0.972972972972973,1.2972972972972974,7,4,3,2.6666666666666665,7,1
2026-03-21,ELC,39,Sheffield United FC,Wrexham AFC,125,38,87,38,1.2,1.2,1.4,1.2,1.4,1.1,1.8,1.5,1.394736842105263,1.368421052631579,1.5263157894736843,1.3157894736842106,7,3,1,8.0,3,1
2026-03-21,ELC,39,Southampton FC,Oxford United FC,125,84,87,84,2.4,0.6,1.6,1.0,2.1,0.8,0.9,1.3,1.605263157894737,1.263157894736842,0.9473684210526315,1.2894736842105263,2,7,1,3.0,2,0
2026-03-21,ELC,39,Watford FC,Leicester City FC,130,122,130,84,1.4,1.6,1.0,1.4,1.1,1.3,1.2,1.9,1.3157894736842106,1.2105263157894737,1.3421052631578947,1.5789473684210527,3,7,3,2.6666666666666665,0,0
2026-03-21,ELC,39,Swansea City AFC,Coventry City FC,130,132,130,132,1.0,1.4,2.0,0.8,1.3,1.1,1.7,0.9,1.1578947368421053,1.2105263157894737,2.0526315789473686,1.0526315789473684,7,7,5,2.4,3,1
2026-03-21,PL,31,Everton FC,Chelsea FC,106,106,106,106,1.2,1.4,1.6,1.4,1.2,1.1,2.0,1.3,1.1333333333333333,1.1666666666666667,1.7666666666666666,1.1666666666666667,7,7,5,2.2,3,1
2026-03-21,PL,31,Leeds United FC,Brentford FC,125,106,30,106,0.6,1.0,1.4,1.6,1.1,1.5,1.4,1.4,1.2333333333333334,1.6,1.5333333333333334,1.4,6,5,1,2.0,0,0
2026-03-22,PL,31,Newcastle United FC,Sunderland AFC,106,125,106,30,1.6,1.4,0.6,1.2,1.5,1.9,0.9,1.6,1.4333333333333333,1.4333333333333333,1.0,1.1666666666666667,7,7,1,1.0,3,1
2026-03-22,PL,31,Aston Villa FC,West Ham United FC,106,106,106,106,0.8,2.0,1.0,1.4,0.7,1.3,1.5,1.4,1.3333333333333333,1.2333333333333334,1.2,1.8333333333333333,7,7,5,3.4,2,0
2026-03-22,PL,31,Tottenham Hotspur FC,Nottingham Forest FC,106,106,106,106,1.0,2.4,0.6,1.0,1.2,2.3,0.9,1.0,1.3333333333333333,1.5666666666666667,0.9333333333333333,1.4333333333333333,6,7,5,2.6,3,1
2026-04-03,ELC,40,Middlesbrough FC,Millwall FC,131,131,131,131,1.6,0.6,1.6,0.8,1.3,0.8,1.7,0.9,1.5128205128205128,0.9487179487179487,1.358974358974359,1.1282051282051282,12,12,5,2.0,3,1
2026-04-03,ELC,40,Norwich City FC,Portsmouth FC,133,84,133,84,1.4,0.4,0.6,2.2,1.5,0.5,1.0,1.7,1.3333333333333333,1.1794871794871795,0.9736842105263158,1.4210526315789473,12,12,3,3.6666666666666665,2,0
2026-04-03,ELC,40,Oxford United FC,Hull City AFC,85,131,85,131,1.4,1.0,1.2,1.8,0.9,1.3,1.4,1.7,0.9230769230769231,1.3076923076923077,1.5897435897435896,1.4615384615384615,12,12,3,3.0,2,0
2026-04-03,ELC,40,Queens Park Rangers FC,Watford FC,131,131,131,131,1.8,1.8,1.4,1.2,1.5,1.9,1.1,1.1,1.4102564102564104,1.564102564102564,1.2820512820512822,1.1794871794871795,12,12,5,2.8,3,1
2026-04-03,ELC,40,Sheffield United FC,Swansea City AFC,126,131,88,131,1.2,1.2,0.8,1.8,1.4,1.2,1.2,1.2,1.3846153846153846,1.3846153846153846,1.1282051282051282,1.2564102564102564,12,12,3,1.6666666666666667,6,1
2026-04-03,ELC,40,Stoke City FC,Sheffield Wednesday FC,131,131,131,131,1.6,2.2,0.8,2.2,1.2,1.7,0.6,2.2,1.1794871794871795,1.1025641025641026,0.6153846153846154,2.0256410256410255,13,12,5,2.0,2,0
2026-04-03,ELC,40,West Bromwich Albion FC,Wrexham AFC,133,39,133,39,1.4,0.8,1.4,1.2,0.8,1.0,1.7,1.4,1.0256410256410255,1.3846153846153846,1.5384615384615385,1.3076923076923077,12,12,1,5.0,4,1
2026-04-03,ELC,40,Birmingham City FC,Blackburn Rovers FC,85,131,85,131,0.6,1.2,0.8,1.2,0.9,1.1,1.0,1.1,1.2307692307692308,1.2564102564102564,0.9230769230769231,1.2564102564102564,13,13,3,3.3333333333333335,1,0
2026-04-03,ELC,40,Charlton Athletic FC,Bristol City FC,39,133,39,133,0.6,0.6,0.4,1.6,0.7,0.8,0.9,1.9,0.9230769230769231,1.1794871794871795,1.2564102564102564,1.2820512820512822,12,12,1,0.0,3,1
2026-04-03,ELC,40,Leicester City FC,Preston North End FC,123,131,85,131,0.8,1.2,0.8,2.2,1.1,1.7,0.9,1.6,1.3076923076923077,1.5384615384615385,1.1538461538461537,1.2564102564102564,12,13,3,3.0,4,1
2026-04-03,ELC,40,Coventry City FC,Derby County FC,133,85,133,85,2.2,0.6,1.4,0.6,1.9,0.7,1.7,1.1,2.076923076923077,1.0256410256410255,1.435897435897436,1.2307692307692308,13,13,3,4.333333333333333,5,1
2026-04-06,ELC,41,Portsmouth FC,Oxford United FC,85,86,85,86,0.8,2.2,1.2,1.0,1.1,1.7,0.9,1.1,0.9743589743589743,1.4102564102564104,0.925,1.3,2,2,3,1.6666666666666667,4,1
2026-04-06,ELC,41,Millwall FC,Norwich City FC,132,134,132,134,1.6,1.0,1.2,0.6,1.8,0.9,1.6,0.5,1.375,1.125,1.325,1.175,3,2,5,3.0,3,1
2026-04-06,ELC,41,Blackburn Rovers FC,West Bromwich Albion FC,132,134,132,134,0.8,0.6,1.6,0.8,1.0,1.1,1.0,0.9,0.925,1.225,1.05,1.4,3,3,5,2.2,0,0
2026-04-06,ELC,41,Bristol City FC,Sheffield United FC,134,127,134,89,0.6,1.4,1.4,1.8,1.1,1.5,1.4,1.4,1.275,1.275,1.425,1.425,3,3,5,3.2,1,0
2026-04-06,ELC,41,Derby County FC,Stoke City FC,86,132,86,132,1.2,1.0,1.8,1.8,1.4,1.4,1.4,1.5,1.45,1.275,1.2,1.075,2,3,3,2.3333333333333335,2,0
2026-04-06,ELC,41,Ipswich Town FC,Birmingham City FC,122,86,84,86,1.6,1.0,0.4,0.8,1.9,1.2,0.7,1.2,1.763157894736842,1.0263157894736843,1.2,1.25,16,3,3,3.3333333333333335,3,1
2026-04-06,ELC,41,Preston North End FC,Queens Park Rangers FC,132,132,132,132,1.2,2.2,2.2,1.6,1.0,1.7,1.5,1.9,1.175,1.275,1.425,1.55,3,3,5,2.2,2,0
2026-04-06,ELC,41,Sheffield Wednesday FC,Leicester City FC,132,124,132,86,0.6,2.0,1.2,1.2,0.6,2.3,1.3,1.7,0.6,2.025,1.325,1.55,3,3,3,2.3333333333333335,2,0
2026-04-06,ELC,41,Watford FC,Charlton Athletic FC,132,40,132,40,1.2,1.4,0.8,0.8,1.2,1.3,0.8,1.0,1.275,1.2,0.925,1.2,3,3,1,1.0,2,0
2026-04-06,ELC,41,Swansea City AFC,Middlesbrough FC,132,132,132,132,1.4,1.8,1.2,0.8,1.3,1.5,1.3,1.0,1.175,1.3,1.5,0.975,3,3,5,1.6,4,1
2026-04-06,ELC,41,Hull City AFC,Coventry City FC,132,134,132,134,1.4,1.8,2.4,0.8,1.5,1.8,2.1,0.7,1.575,1.45,2.1,1.05,3,3,5,2.4,0,0
2026-04-07,ELC,41,Wrexham AFC,Southampton FC,40,126,40,88,1.6,1.6,1.8,0.6,1.8,1.6,2.2,0.7,1.55,1.325,1.6153846153846154,1.2307692307692308,4,17,1,3.0,6,1
2026-04-10,PL,32,West Ham United FC,Wolverhampton Wanderers FC,107,107,107,107,0.8,1.6,1.6,1.2,1.4,1.4,0.9,1.3,1.1612903225806452,1.8387096774193548,0.7741935483870968,1.7419354838709677,19,24,5,2.6,4,1
2026-04-10,ELC,42,West Bromwich Albion FC,Millwall FC,135,133,135,133,1.4,0.6,1.2,1.2,1.0,0.9,1.7,1.1,1.024390243902439,1.3658536585365855,1.3658536585365855,1.146341463414634,4,4,5,1.4,0,0
2026-04-11,PL,32,Arsenal FC,AFC Bournemouth,107,107,107,107,2.2,0.8,0.6,0.6,2.1,0.8,1.2,0.8,1.967741935483871,0.7096774193548387,1.4838709677419355,1.5483870967741935,27,21,5,3.4,3,1
2026-04-11,ELC,42,Coventry City FC,Sheffield Wednesday FC,135,133,135,133,2.0,0.8,0.6,1.8,2.1,0.7,0.7,2.0,2.048780487804878,1.024390243902439,0.6097560975609756,2.0,4,4,5,3.2,0,0
2026-04-11,ELC,42,Norwich City FC,Ipswich Town FC,135,123,135,85,1.2,0.6,1.8,1.2,1.6,0.6,2.0,1.2,1.3414634146341464,1.170731707317073,1.7692307692307692,1.0256410256410255,4,4,3,3.0,2,0
2026-04-11,ELC,42,Queens Park Rangers FC,Bristol City FC,133,135,133,135,2.4,1.0,0.8,1.0,1.6,2.0,0.9,1.3,1.4146341463414633,1.5365853658536586,1.2682926829268293,1.2439024390243902,4,4,5,1.6,0,0
2026-04-11,PL,32,Brentford FC,Everton FC,107,107,107,107,1.2,1.4,1.6,1.0,1.1,1.4,1.4,1.0,1.4838709677419355,1.3548387096774193,1.1935483870967742,1.1290322580645162,20,20,5,2.6,4,1
2026-04-11,PL,32,Burnley FC,Brighton & Hove Albion FC,115,107,69,107,1.0,2.0,1.4,0.6,1.1,2.0,1.0,0.9,1.064516129032258,1.967741935483871,1.3225806451612903,1.1935483870967742,20,21,3,2.0,2,0
2026-04-11,ELC,42,Charlton Athletic FC,Preston North End FC,41,133,41,133,0.8,1.0,1.2,1.8,0.8,1.1,1.0,1.8,0.926829268292683,1.1951219512195121,1.170731707317073,1.2682926829268293,5,5,1,2.0,3,1
2026-04-11,ELC,42,Leicester City FC,Swansea City AFC,125,133,87,133,1.2,1.2,1.4,2.2,1.3,1.6,1.1,1.7,1.3170731707317074,1.5365853658536586,1.1951219512195121,1.3170731707317074,5,4,3,4.0,1,0
2026-04-11,ELC,42,Middlesbrough FC,Portsmouth FC,133,86,133,86,0.8,1.2,1.0,2.4,1.3,1.1,1.3,1.8,1.5121951219512195,1.0,1.0,1.425,4,5,3,2.6666666666666665,1,0
2026-04-11,ELC,42,Oxford United FC,Watford FC,87,133,87,133,1.0,1.2,1.2,1.4,1.1,1.3,1.3,1.3,0.9512195121951219,1.3170731707317074,1.2682926829268293,1.1951219512195121,5,5,3,1.6666666666666667,2,0
2026-04-11,ELC,42,Sheffield United FC,Hull City AFC,128,133,90,133,1.2,1.8,1.2,1.2,1.3,1.3,1.3,1.5,1.3902439024390243,1.4146341463414633,1.5365853658536586,1.4146341463414633,5,4,3,2.0,3,1
2026-04-11,ELC,42,Southampton FC,Derby County FC,127,87,89,87,2.2,0.6,1.2,0.8,2.5,0.8,1.5,1.2,1.7,1.225,1.4634146341463414,1.2439024390243902,3,5,1,2.0,3,1
2026-04-11,ELC,42,Stoke City FC,Blackburn Rovers FC,133,133,133,133,1.8,1.8,0.6,0.4,1.4,1.7,1.0,0.9,1.170731707317073,1.0975609756097562,0.9024390243902439,1.1951219512195121,5,5,5,2.4,2,0
2026-04-11,PL,32,Liverpool FC,Fulham FC,107,107,107,107,1.8,1.4,1.6,0.8,1.8,1.4,1.3,1.4,1.6129032258064515,1.3548387096774193,1.3870967741935485,1.4193548387096775,21,21,5,4.8,2,0
2026-04-12,ELC,42,Birmingham City FC,Wrexham AFC,87,41,87,41,0.6,1.0,1.6,2.2,0.6,1.3,1.9,1.9,1.1951219512195121,1.2682926829268293,1.5365853658536586,1.4146341463414633,5,4,1,2.0,2,0
2026-04-12,PL,32,Sunderland AFC,Tottenham Hotspur FC,126,107,31,107,1.0,1.2,0.8,2.6,1.1,1.4,1.0,2.3,1.032258064516129,1.1612903225806452,1.2903225806451613,1.6129032258064515,21,20,1,2.0,1,0
2026-04-12,PL,32,Crystal Palace FC,Newcastle United FC,106,107,106,107,1.4,1.2,1.4,1.6,1.1,1.2,1.2,1.8,1.1,1.1666666666666667,1.4193548387096775,1.4516129032258065,27,21,5,3.0,3,1
2026-04-12,PL,32,Nottingham Forest FC,Aston Villa FC,107,107,107,107,1.2,1.0,1.0,2.0,1.0,0.9,0.9,1.3,1.0,1.3870967741935485,1.3548387096774193,1.1935483870967742,20,20,5,3.6,2,0
2026-04-12,PL,32,Chelsea FC,Manchester City FC,107,106,107,106,1.2,1.6,1.8,0.8,1.9,1.4,1.6,1.0,1.7096774193548387,1.2258064516129032,2.0,0.9333333333333333,21,28,5,3.6,3,1
2026-04-13,PL,32,Manchester United FC,Leeds United FC,107,126,107,31,1.8,1.2,0.2,0.6,2.0,1.1,0.8,1.1,1.8064516129032258,1.3870967741935485,1.1935483870967742,1.5483870967741935,23,22,1,2.0,3,1
2026-04-14,ELC,45,Southampton FC,Blackburn Rovers FC,128,134,90,134,2.4,0.6,0.8,0.4,2.6,0.9,0.8,0.9,1.7073170731707317,1.2195121951219512,0.9047619047619048,1.1904761904761905,3,3,3,2.3333333333333335,3,1
2026-04-14,ELC,26,Portsmouth FC,Ipswich Town FC,87,124,87,86,1.0,2.0,2.0,1.0,1.1,1.7,2.0,1.1,1.0,1.3902439024390243,1.775,1.0,3,3,1,3.0,2,0
2026-04-17,ELC,43,Blackburn Rovers FC,Coventry City FC,135,136,135,136,0.4,0.8,1.4,0.8,0.7,1.2,1.8,0.6,0.8837209302325582,1.2325581395348837,2.0,1.0,3,6,5,1.6,2,0
2026-04-18,PL,33,Brentford FC,Fulham FC,108,108,108,108,1.6,1.4,1.0,1.0,1.3,1.4,1.3,1.5,1.5,1.375,1.34375,1.4375,6,6,5,3.0,0,0
2026-04-18,ELC,43,Derby County FC,Oxford United FC,88,88,88,88,1.4,1.0,1.2,1.2,1.4,1.4,1.3,1.0,1.4523809523809523,1.2619047619047619,0.9761904761904762,1.2857142857142858,6,6,3,1.0,1,0
2026-04-18,ELC,43,Millwall FC,Queens Park Rangers FC,134,134,134,134,1.0,1.2,2.4,0.8,1.5,1.0,1.5,1.7,1.3333333333333333,1.119047619047619,1.380952380952381,1.5,7,7,5,2.4,2,0
2026-04-18,ELC,43,Portsmouth FC,Leicester City FC,88,126,88,88,1.4,1.8,0.8,1.4,1.0,1.6,1.0,1.3,1.0238095238095237,1.3571428571428572,1.2857142857142858,1.5238095238095237,3,6,1,2.0,1,0
2026-04-18,PL,33,Newcastle United FC,AFC Bournemouth,108,108,108,108,1.4,1.6,1.0,0.8,1.3,2.0,1.3,0.8,1.40625,1.46875,1.5,1.53125,6,7,5,2.6,3,1
2026-04-18,PL,33,Leeds United FC,Wolverhampton Wanderers FC,127,108,32,108,0.4,0.6,1.2,1.6,0.9,1.2,0.9,1.7,1.21875,1.53125,0.75,1.8125,4,7,1,4.0,3,1
2026-04-18,ELC,43,Bristol City FC,Norwich City FC,136,136,136,136,0.8,0.6,0.8,1.0,0.7,1.1,1.3,0.8,1.2380952380952381,1.2142857142857142,1.3095238095238095,1.1904761904761905,7,7,5,2.2,6,1
2026-04-18,ELC,43,Hull City AFC,Birmingham City FC,134,88,134,88,1.0,1.4,0.8,1.0,1.3,1.4,0.8,1.3,1.5238095238095237,1.4285714285714286,1.2142857142857142,1.2380952380952381,7,6,3,3.0,2,0
2026-04-18,ELC,43,Preston North End FC,West Bromwich Albion FC,134,136,134,136,1.6,1.4,1.2,0.4,1.0,1.7,1.0,0.9,1.1904761904761905,1.2619047619047619,1.0,1.3333333333333333,7,7,5,3.2,2,0
2026-04-18,ELC,43,Sheffield Wednesday FC,Charlton Athletic FC,134,42,134,42,0.4,1.6,0.8,1.4,0.6,1.8,0.8,1.0,0.5952380952380952,1.9523809523809523,0.9285714285714286,1.2142857142857142,7,7,1,3.0,2,0
2026-04-18,ELC,43,Swansea City AFC,Southampton FC,134,129,134,91,1.2,2.0,2.6,0.4,1.2,1.5,2.5,0.6,1.1904761904761905,1.2857142857142858,1.7380952380952381,1.1904761904761905,7,3,3,3.0,3,1
2026-04-18,ELC,43,Watford FC,Sheffield United FC,134,129,134,91,1.0,1.2,1.4,1.6,1.1,1.3,1.4,1.4,1.2380952380952381,1.2142857142857142,1.4047619047619047,1.4047619047619047,7,7,3,1.6666666666666667,2,0
2026-04-18,ELC,43,Wrexham AFC,Stoke City FC,42,134,42,134,1.2,2.6,1.4,1.4,1.7,1.9,1.5,1.7,1.5,1.4285714285714286,1.1666666666666667,1.0952380952380953,6,7,1,1.0,2,0
2026-04-18,PL,33,Tottenham Hotspur FC,Brighton & Hove Albion FC,108,108,108,108,0.6,2.0,1.4,0.6,0.9,2.2,1.1,0.8,1.25,1.59375,1.34375,1.15625,6,7,5,4.6,4,1
2026-04-18,PL,33,Chelsea FC,Manchester United FC,108,108,108,108,1.0,2.0,1.8,1.6,1.7,1.7,1.9,1.3,1.65625,1.28125,1.78125,1.40625,6,5,5,3.2,1,0
2026-04-19,ELC,43,Ipswich Town FC,Middlesbrough FC,125,134,87,134,1.4,0.8,0.8,1.2,1.7,0.8,1.2,0.9,1.7317073170731707,1.024390243902439,1.4761904761904763,1.0,4,7,3,2.3333333333333335,4,1
2026-04-19,PL,33,Nottingham Forest FC,Burnley FC,108,116,108,70,1.4,1.0,0.8,2.2,1.1,1.0,1.0,2.1,1.0,1.375,1.03125,1.96875,7,7,3,2.3333333333333335,5,1
2026-04-19,PL,33,Aston Villa FC,Sunderland AFC,108,127,108,32,1.0,2.0,1.0,0.6,1.0,1.3,1.0,1.3,1.34375,1.1875,1.03125,1.125,7,7,1,2.0,7,1
2026-04-19,PL,33,Everton FC,Liverpool FC,108,108,108,108,2.0,1.2,2.0,1.4,1.5,1.2,1.9,1.3,1.21875,1.15625,1.625,1.3125,7,7,5,2.4,3,1
2026-04-19,PL,33,Manchester City FC,Arsenal FC,107,108,107,108,1.8,0.8,2.0,0.8,1.8,0.9,2.2,1.0,2.032258064516129,0.9032258064516129,1.9375,0.75,7,8,5,2.6,3,1
2026-04-20,PL,33,Crystal Palace FC,West Ham United FC,107,108,107,108,1.4,0.8,1.6,1.6,1.3,1.3,1.6,1.3,1.1290322580645162,1.1612903225806452,1.25,1.78125,8,10,5,3.2,0,0
2026-04-21,ELC,44,Coventry City FC,Portsmouth FC,137,89,137,89,1.4,0.6,1.4,0.6,1.7,0.7,1.0,1.4,1.9767441860465116,1.0,1.0232558139534884,1.3255813953488371,3,3,3,3.0,6,1
2026-04-21,ELC,44,Norwich City FC,Derby County FC,137,89,137,89,1.6,1.2,1.4,1.0,1.6,0.8,1.5,1.2,1.372093023255814,1.2093023255813953,1.441860465116279,1.2325581395348837,3,3,3,2.6666666666666665,3,1
2026-04-21,ELC,44,Oxford United FC,Wrexham AFC,89,43,89,43,1.0,1.2,1.4,2.0,1.3,1.1,1.4,1.6,0.9534883720930233,1.2790697674418605,1.5116279069767442,1.3953488372093024,3,3,1,1.0,1,0
2026-04-21,ELC,44,Queens Park Rangers FC,Swansea City AFC,135,135,135,135,1.8,1.0,1.4,2.0,1.2,1.8,1.2,1.7,1.3488372093023255,1.5116279069767442,1.186046511627907,1.302325581395349,3,3,5,2.0,3,1
2026-04-21,ELC,44,Southampton FC,Bristol City FC,130,137,92,137,2.8,0.6,1.0,1.2,2.6,0.6,0.9,1.4,1.744186046511628,1.186046511627907,1.255813953488372,1.2790697674418605,3,3,3,3.0,4,1
2026-04-21,ELC,44,Stoke City FC,Millwall FC,135,135,135,135,0.8,1.6,1.2,0.8,1.3,1.7,1.6,0.7,1.1395348837209303,1.1162790697674418,1.3488372093023255,1.0930232558139534,3,3,5,1.2,4,1
2026-04-21,ELC,44,West Bromwich Albion FC,Watford FC,137,135,137,135,1.0,0.4,0.4,1.4,1.2,0.7,0.9,1.5,1.0232558139534884,1.302325581395349,1.2093023255813953,1.2325581395348837,3,3,5,3.4,3,1
2026-04-21,ELC,44,Leicester City FC,Hull City AFC,127,135,89,135,0.6,1.0,1.2,1.0,0.8,1.2,1.0,1.3,1.255813953488372,1.5116279069767442,1.5116279069767442,1.4186046511627908,3,3,3,2.6666666666666665,4,1
2026-04-21,PL,34,Brighton & Hove Albion FC,Chelsea FC,109,109,109,109,1.4,0.8,0.8,1.8,1.2,0.8,1.4,1.7,1.3636363636363635,1.1818181818181819,1.606060606060606,1.2727272727272727,3,3,5,4.2,3,1
2026-04-22,ELC,44,Middlesbrough FC,Sheffield Wednesday FC,135,135,135,135,1.0,1.4,0.6,1.4,1.4,1.1,0.6,1.7,1.4883720930232558,1.0232558139534884,0.6046511627906976,1.930232558139535,3,4,5,2.8,1,0
2026-04-22,ELC,44,Birmingham City FC,Preston North End FC,89,135,89,135,0.8,1.0,1.6,1.4,0.7,1.3,1.0,1.8,1.2093023255813953,1.2325581395348837,1.1627906976744187,1.2790697674418605,4,4,3,1.6666666666666667,3,1
2026-04-22,ELC,44,Charlton Athletic FC,Ipswich Town FC,43,126,43,88,0.8,1.4,1.4,1.2,0.8,1.0,1.7,1.0,0.9302325581395349,1.2093023255813953,1.7380952380952381,1.0476190476190477,4,3,1,3.0,3,1
2026-04-22,ELC,44,Sheffield United FC,Blackburn Rovers FC,130,136,92,136,1.6,1.4,0.6,1.0,1.4,1.3,0.7,1.1,1.4186046511627908,1.372093023255814,0.8863636363636364,1.2272727272727273,4,4,3,2.6666666666666665,4,1
2026-04-22,PL,34,AFC Bournemouth,Leeds United FC,109,128,109,33,1.2,0.8,1.0,0.4,1.2,0.7,1.1,1.1,1.5151515151515151,1.5151515151515151,1.2727272727272727,1.4848484848484849,4,4,1,4.0,4,1
2026-04-22,PL,34,Burnley FC,Manchester City FC,117,108,71,108,0.4,2.2,1.8,0.8,0.9,2.3,2.0,0.8,1.0303030303030303,2.0303030303030303,2.03125,0.90625,3,3,3,4.333333333333333,1,0
2026-04-24,PL,34,Sunderland AFC,Nottingham Forest FC,128,109,33,109,1.4,1.2,2.0,0.8,1.2,1.4,1.3,1.1,1.0909090909090908,1.2121212121212122,1.0909090909090908,1.3636363636363635,5,5,1,1.0,5,1
2026-04-24,ELC,45,Leicester City FC,Millwall FC,128,136,90,136,1.0,1.4,1.6,0.8,0.9,1.3,1.6,0.8,1.2727272727272727,1.5227272727272727,1.3863636363636365,1.0909090909090908,3,3,3,2.3333333333333335,2,0
2026-04-25,PL,34,Fulham FC,Aston Villa FC,109,109,109,109,0.6,0.8,1.8,2.2,1.1,1.4,1.2,1.6,1.303030303030303,1.393939393939394,1.4242424242424243,1.2424242424242424,7,5,5,3.2,1,0
2026-04-25,ELC,45,Charlton Athletic FC,Hull City AFC,44,136,44,136,1.0,1.6,1.0,1.2,0.8,1.1,1.1,1.5,0.9318181818181818,1.2272727272727273,1.5227272727272727,1.4318181818181819,2,3,1,2.0,3,1
2026-04-25,ELC,45,Middlesbrough FC,Watford FC,136,136,136,136,1.2,1.4,0.4,2.0,1.4,1.0,0.9,1.6,1.4772727272727273,1.0,1.1818181818181819,1.2727272727272727,2,3,5,3.2,6,1
2026-04-25,ELC,45,West Bromwich Albion FC,Ipswich Town FC,138,127,138,89,1.4,0.4,1.6,1.2,1.4,0.6,1.6,1.1,1.0681818181818181,1.2727272727272727,1.744186046511628,1.0465116279069768,3,2,3,2.3333333333333335,0,0
2026-04-25,PL,34,Liverpool FC,Crystal Palace FC,109,108,109,108,1.4,1.2,1.2,0.8,1.9,1.1,1.2,1.1,1.6363636363636365,1.303030303030303,1.09375,1.125,6,4,5,2.0,4,1
2026-04-25,PL,34,West Ham United FC,Everton FC,109,109,109,109,1.2,0.6,1.6,1.2,1.3,1.2,1.5,1.3,1.2121212121212122,1.7272727272727273,1.2121212121212122,1.1818181818181819,4,6,5,1.8,3,1
2026-04-25,PL,34,Wolverhampton Wanderers FC,Tottenham Hotspur FC,109,109,109,109,1.2,2.0,0.8,2.0,0.9,1.8,0.9,2.2,0.7272727272727273,1.8484848484848484,1.2727272727272727,1.606060606060606,7,6,5,3.6,1,0
2026-04-25,ELC,45,Birmingham City FC,Bristol City FC,90,138,90,138,1.2,1.0,1.4,1.4,0.9,1.1,0.9,1.5,1.2272727272727273,1.2272727272727273,1.2727272727272727,1.2954545454545454,2,3,3,1.0,3,1
2026-04-25,ELC,45,Norwich City FC,Swansea City AFC,138,136,138,136,1.8,1.4,1.8,1.6,1.6,0.9,1.3,1.7,1.3863636363636365,1.2045454545454546,1.2045454545454546,1.2954545454545454,3,3,5,3.4,2,0
2026-04-25,ELC,45,Oxford United FC,Sheffield Wednesday FC,90,136,90,136,1.0,1.0,0.4,1.0,1.2,1.0,0.6,1.6,0.9318181818181818,1.2727272727272727,0.5909090909090909,1.9090909090909092,3,2,3,2.6666666666666665,5,1
2026-04-25,ELC,45,Queens Park Rangers FC,Derby County FC,136,90,136,90,0.8,1.2,1.4,1.4,1.3,1.5,1.4,1.0,1.3409090909090908,1.5227272727272727,1.4318181818181819,1.25,3,3,3,2.3333333333333335,5,1
2026-04-25,ELC,45,Sheffield United FC,Preston North End FC,131,136,93,136,1.6,1.6,1.2,1.6,1.4,1.4,1.0,1.9,1.4090909090909092,1.4090909090909092,1.1590909090909092,1.2954545454545454,2,2,3,2.6666666666666665,5,1
2026-04-25,ELC,45,Stoke City FC,Portsmouth FC,136,90,136,90,0.8,1.6,1.4,1.4,1.2,1.9,1.1,1.8,1.1363636363636365,1.1590909090909092,1.0227272727272727,1.4090909090909092,3,3,3,4.0,4,1
2026-04-25,PL,34,Arsenal FC,Newcastle United FC,109,109,109,109,1.4,1.0,1.2,1.4,2.1,0.9,1.4,2.0,1.9090909090909092,0.7878787878787878,1.393939393939394,1.4848484848484849,6,7,5,2.2,1,0
2026-04-26,ELC,45,Coventry City FC,Wrexham AFC,138,44,138,44,1.8,0.8,1.2,1.8,2.0,0.7,1.3,1.5,2.0454545454545454,1.0,1.5,1.3636363636363635,4,4,1,5.0,4,1
2026-04-27,PL,34,Manchester United FC,Brentford FC,109,109,109,109,1.6,1.4,0.8,0.8,1.7,1.1,1.3,1.2,1.7575757575757576,1.3636363636363635,1.4545454545454546,1.3333333333333333,9,9,5,3.8,3,1
2026-04-28,ELC,40,Southampton FC,Ipswich Town FC,131,128,93,90,2.8,1.0,1.2,1.0,2.3,0.8,1.5,1.1,1.75,1.2045454545454546,1.7045454545454546,1.0227272727272727,7,3,5,2.6,4,1
2026-05-01,PL,35,Leeds United FC,Burnley FC,129,118,34,72,1.4,0.6,0.4,2.0,1.3,0.9,0.9,2.1,1.2941176470588236,1.5,1.0,2.0,9,9,3,1.0,4,1
2026-05-02,ELC,46,Blackburn Rovers FC,Leicester City FC,137,129,137,91,1.0,1.2,0.8,1.2,0.9,0.9,1.0,1.2,0.9333333333333333,1.2222222222222223,1.2666666666666666,1.511111111111111,9,7,3,3.0,1,0
2026-05-02,ELC,46,Bristol City FC,Stoke City FC,139,137,139,137,1.2,1.6,0.6,2.2,0.9,1.5,1.2,2.0,1.2666666666666666,1.3111111111111111,1.1333333333333333,1.2,6,6,5,4.2,2,0
2026-05-02,ELC,46,Derby County FC,Sheffield United FC,91,132,91,94,1.6,1.2,1.4,1.6,1.4,1.1,1.4,1.7,1.4666666666666666,1.2666666666666666,1.4222222222222223,1.4444444444444444,6,6,3,2.0,3,1
2026-05-02,ELC,46,Hull City AFC,Norwich City FC,137,139,137,139,1.0,1.4,1.8,1.4,1.2,1.6,1.5,1.0,1.511111111111111,1.4444444444444444,1.3777777777777778,1.2,7,6,5,2.8,3,1
2026-05-02,ELC,46,Ipswich Town FC,Queens Park Rangers FC,129,137,91,137,1.2,1.4,0.8,1.6,1.6,1.2,1.5,1.6,1.711111111111111,1.0444444444444445,1.3555555555555556,1.5555555555555556,3,6,3,2.0,3,1
2026-05-02,ELC,46,Millwall FC,Oxford United FC,137,91,137,91,1.4,0.8,1.6,1.0,1.5,0.9,1.4,1.0,1.3777777777777778,1.0888888888888888,1.0,1.2666666666666666,7,6,3,2.3333333333333335,2,0
2026-05-02,ELC,46,Portsmouth FC,Birmingham City FC,91,91,91,91,1.6,1.2,1.6,1.0,1.3,1.8,1.0,0.9,1.0666666666666667,1.4,1.2444444444444445,1.2222222222222223,6,6,1,4.0,2,0
2026-05-02,ELC,46,Preston North End FC,Southampton FC,137,132,137,94,1.4,1.6,2.2,1.2,1.3,1.9,2.2,0.9,1.2,1.3111111111111111,1.7555555555555555,1.2222222222222223,6,3,3,3.0,4,1
2026-05-02,ELC,46,Sheffield Wednesday FC,West Bromwich Albion FC,137,139,137,139,0.6,1.4,1.0,0.0,0.6,1.7,1.3,0.4,0.6,1.9555555555555555,1.0444444444444445,1.2444444444444445,6,7,5,2.4,3,1
2026-05-02,ELC,46,Swansea City AFC,Charlton Athletic FC,137,45,137,45,1.4,1.2,1.2,1.4,1.4,1.5,1.0,1.1,1.2,1.288888888888889,0.9555555555555556,1.2222222222222223,6,7,1,2.0,4,1
2026-05-02,ELC,46,Watford FC,Coventry City FC,137,139,137,139,0.4,2.6,1.8,0.6,0.8,2.0,2.1,0.7,1.1777777777777778,1.3555555555555556,2.066666666666667,1.0,7,6,5,3.6,4,1
2026-05-02,ELC,46,Wrexham AFC,Middlesbrough FC,45,137,45,137,1.0,2.0,2.0,1.2,1.3,1.8,1.6,1.0,1.488888888888889,1.4,1.5555555555555556,1.0,6,7,1,2.0,4,1
2026-05-02,PL,35,Brentford FC,West Ham United FC,110,110,110,110,1.0,1.2,1.4,0.8,1.3,1.4,1.3,1.0,1.4411764705882353,1.3529411764705883,1.2352941176470589,1.7058823529411764,4,7,5,3.2,3,1
2026-05-02,PL,35,Newcastle United FC,Brighton & Hove Albion FC,110,110,110,110,0.8,1.4,2.0,0.6,1.3,1.7,1.4,0.7,1.3529411764705883,1.4705882352941178,1.411764705882353,1.1470588235294117,6,10,5,2.4,4,1
2026-05-02,PL,35,Wolverhampton Wanderers FC,Sunderland AFC,110,129,110,34,0.8,2.2,1.2,2.2,0.9,1.7,0.9,1.9,0.7058823529411765,1.8235294117647058,1.0588235294117647,1.3235294117647058,7,7,1,2.0,2,0
2026-05-02,PL,35,Arsenal FC,Fulham FC,110,110,110,110,1.2,0.8,0.8,0.6,1.8,0.9,1.0,1.1,1.8823529411764706,0.7647058823529411,1.2941176470588236,1.3529411764705883,7,7,5,2.6,3,1
2026-05-03,PL,35,AFC Bournemouth,Crystal Palace FC,110,109,110,109,1.6,1.2,1.2,1.0,1.2,0.9,1.2,1.1,1.5294117647058822,1.5294117647058822,1.0909090909090908,1.1818181818181819,10,7,5,1.8,3,1
2026-05-03,PL,35,Manchester United FC,Liverpool FC,110,110,110,110,1.8,1.2,1.8,1.0,1.6,1.0,1.8,1.1,1.7647058823529411,1.3529411764705883,1.6764705882352942,1.2941176470588236,5,8,5,2.8,5,1
2026-05-03,PL,35,Aston Villa FC,Tottenham Hotspur FC,110,110,110,110,1.6,1.6,0.8,1.4,1.2,1.6,0.8,2.0,1.3823529411764706,1.2352941176470589,1.2647058823529411,1.5588235294117647,8,8,5,3.4,3,1
2026-05-04,PL,35,Chelsea FC,Nottingham Forest FC,110,110,110,110,0.0,2.2,2.6,0.4,1.1,1.8,1.7,1.0,1.5588235294117647,1.3235294117647058,1.2058823529411764,1.3235294117647058,12,9,5,2.4,4,1
2026-05-04,PL,35,Everton FC,Manchester City FC,110,109,110,109,1.4,1.6,1.8,0.8,1.5,1.4,1.9,0.8,1.2058823529411764,1.2058823529411764,2.0,0.8787878787878788,9,12,5,2.4,6,1
2026-05-08,ELC,,Hull City AFC,Millwall FC,138,138,138,138,1.4,1.6,1.6,0.4,1.3,1.4,1.4,0.8,1.5217391304347827,1.434782608695652,1.391304347826087,1.065217391304348,6,6,6,2.3333333333333335,0,0
2026-05-09,PL,36,Liverpool FC,Chelsea FC,111,111,111,111,2.0,1.4,0.2,2.6,1.9,1.2,0.9,2.0,1.6857142857142857,1.3428571428571427,1.542857142857143,1.3714285714285714,5,4,5,3.4,2,0
2026-05-09,ELC,,Middlesbrough FC,Southampton FC,138,133,138,95,2.0,1.2,2.4,1.2,1.4,1.2,2.4,0.9,1.565217391304348,1.0217391304347827,1.7826086956521738,1.2173913043478262,7,7,4,2.75,0,0
2026-05-09,PL,36,Sunderland AFC,Manchester United FC,130,111,35,111,1.4,2.2,1.8,1.4,1.0,1.7,1.7,1.2,1.0571428571428572,1.3142857142857143,1.8,1.3714285714285714,7,5,1,2.0,0,0
2026-05-09,PL,36,Brighton & Hove Albion FC,Wolverhampton Wanderers FC,111,111,111,111,2.0,1.2,0.6,2.2,1.5,0.9,0.9,1.5,1.4,1.2,0.7142857142857143,1.8,7,7,5,2.6,3,1
2026-05-09,PL,36,Fulham FC,AFC Bournemouth,111,111,111,111,0.8,1.2,2.2,1.2,0.9,1.2,1.4,0.8,1.2571428571428571,1.4,1.5714285714285714,1.4857142857142858,6,6,5,3.2,1,0
2026-05-09,PL,36,Manchester City FC,Brentford FC,110,111,110,111,2.0,1.0,1.2,0.8,2.0,0.9,1.3,1.2,2.0294117647058822,0.9411764705882353,1.4857142857142858,1.3142857142857143,4,7,5,2.6,3,1
2026-05-10,PL,36,Crystal Palace FC,Everton FC,110,111,110,111,0.6,1.4,2.0,1.8,1.1,1.3,1.6,1.6,1.0588235294117647,1.2352941176470589,1.2571428571428571,1.2571428571428571,7,5,5,3.2,4,1
2026-05-10,PL,36,Burnley FC,Aston Villa FC,119,111,73,111,0.6,2.6,1.6,1.4,1.0,2.2,1.2,1.7,1.0,2.0285714285714285,1.3714285714285714,1.2571428571428571,8,6,3,4.0,4,1
2026-05-10,PL,36,Nottingham Forest FC,Newcastle United FC,111,111,111,111,3.2,0.6,1.2,1.6,1.9,0.8,1.4,1.5,1.2571428571428571,1.3142857142857143,1.4,1.457142857142857,5,7,5,4.4,2,0
2026-05-10,PL,36,West Ham United FC,Arsenal FC,111,111,111,111,1.2,1.2,1.6,0.8,1.1,1.3,1.8,0.9,1.2,1.7428571428571429,1.9142857142857144,0.7428571428571429,8,7,5,3.6,1,0
2026-05-11,PL,36,Tottenham Hotspur FC,Leeds United FC,111,130,111,35,1.0,1.4,2.0,0.8,1.0,1.9,1.3,0.9,1.2857142857142858,1.542857142857143,1.3428571428571427,1.4857142857142858,8,10,1,3.0,2,0
2026-05-11,ELC,,Millwall FC,Hull City AFC,139,139,139,139,1.6,0.4,1.2,1.2,1.3,0.8,1.1,1.3,1.3617021276595744,1.0425531914893618,1.4893617021276595,1.4042553191489362,3,3,7,2.0,2,0
2026-05-12,ELC,,Southampton FC,Middlesbrough FC,134,139,96,139,1.8,1.2,2.0,1.0,2.2,0.8,1.4,1.1,1.7446808510638299,1.1914893617021276,1.5319148936170213,1.0,3,3,5,2.2,3,1
2026-05-13,PL,31,Manchester City FC,Crystal Palace FC,111,111,111,111,2.4,0.8,1.0,1.8,2.1,0.8,1.2,1.5,2.057142857142857,0.9142857142857143,1.0857142857142856,1.2571428571428571,4,3,5,4.8,3,1
2026-05-15,PL,37,Aston Villa FC,Liverpool FC,112,112,112,112,1.6,1.8,2.0,1.2,1.3,1.9,1.9,1.3,1.3888888888888888,1.2777777777777777,1.6666666666666667,1.3333333333333333,5,6,5,3.4,6,1
2026-05-17,PL,37,Manchester United FC,Nottingham Forest FC,112,112,112,112,1.4,1.0,2.8,0.8,1.6,1.1,2.0,0.9,1.75,1.3333333333333333,1.25,1.3055555555555556,7,6,5,3.6,5,1
2026-05-17,PL,37,Brentford FC,Crystal Palace FC,112,112,112,112,1.2,1.4,0.6,2.2,1.2,1.4,1.0,1.5,1.4444444444444444,1.3611111111111112,1.0555555555555556,1.3055555555555556,7,3,5,2.8,4,1
2026-05-17,PL,37,Everton FC,Sunderland AFC,112,131,112,36,1.8,2.2,1.0,2.0,1.7,1.6,1.0,1.6,1.2777777777777777,1.2777777777777777,1.0277777777777777,1.2777777777777777,7,8,1,2.0,4,1
2026-05-17,PL,37,Leeds United FC,Brighton & Hove Albion FC,131,112,36,112,2.2,1.0,2.2,1.0,1.2,0.8,1.8,0.8,1.3333333333333333,1.4722222222222223,1.4444444444444444,1.1666666666666667,5,8,1,3.0,1,0
2026-05-17,PL,37,Wolverhampton Wanderers FC,Fulham FC,112,112,112,112,0.2,2.4,0.2,1.2,0.9,1.8,0.9,1.0,0.6944444444444444,1.8333333333333333,1.2222222222222223,1.3888888888888888,8,8,5,3.8,2,0
2026-05-17,PL,37,Newcastle United FC,West Ham United FC,112,112,112,112,1.2,1.4,1.2,1.0,1.3,1.5,1.0,1.3,1.3888888888888888,1.4444444444444444,1.1666666666666667,1.7222222222222223,7,7,5,3.6,4,1
2026-05-18,PL,37,Arsenal FC,Burnley FC,112,120,112,74,1.4,0.8,0.8,2.4,1.8,0.8,0.9,2.2,1.8888888888888888,0.7222222222222222,1.0277777777777777,2.0277777777777777,8,8,3,3.6666666666666665,1,0
2026-05-19,PL,37,AFC Bournemouth,Manchester City FC,112,112,112,112,2.0,0.8,2.4,0.8,1.3,0.7,2.1,0.8,1.5555555555555556,1.4444444444444444,2.0833333333333335,0.8888888888888888,10,5,5,3.8,2,0
2026-05-19,PL,37,Chelsea FC,Tottenham Hotspur FC,112,112,112,112,0.4,2.2,1.2,1.0,0.8,1.9,1.0,1.8,1.5277777777777777,1.3611111111111112,1.2777777777777777,1.5277777777777777,10,8,5,3.2,3,1
2026-05-23,ELC,,Hull City AFC,Middlesbrough FC,140,140,140,140,1.4,1.0,1.8,1.0,1.3,1.0,1.4,1.2,1.5,1.375,1.5208333333333333,1.0208333333333333,11,10,6,3.0,1,0
2026-05-24,PL,38,Sunderland AFC,Chelsea FC,132,113,37,113,1.4,2.2,0.8,1.8,1.2,1.4,0.9,1.9,1.0810810810810811,1.2702702702702702,1.5405405405405406,1.3513513513513513,7,4,1,3.0,3,1
2026-05-24,PL,38,Brighton & Hove Albion FC,Manchester United FC,113,113,113,113,1.8,1.2,1.8,1.0,1.6,0.9,1.8,1.3,1.4054054054054055,1.162162162162162,1.7837837837837838,1.3513513513513513,7,7,5,3.8,3,1
2026-05-24,PL,38,Crystal Palace FC,Arsenal FC,113,113,113,113,1.0,2.6,1.4,0.4,1.1,1.7,1.7,0.6,1.0810810810810811,1.3243243243243243,1.864864864864865,0.7027027027027027,7,5,5,3.4,3,1
2026-05-24,PL,38,Burnley FC,Wolverhampton Wanderers FC,121,113,75,113,0.8,2.2,0.4,1.8,0.8,2.2,0.8,1.7,1.0,2.0,0.7027027027027027,1.8108108108108107,5,7,3,2.6666666666666665,2,0
2026-05-24,PL,38,Fulham FC,Newcastle United FC,113,113,113,113,0.4,1.0,1.6,1.2,0.7,1.0,1.5,1.4,1.2162162162162162,1.3783783783783783,1.4324324324324325,1.4324324324324325,7,6,5,2.8,2,0
2026-05-24,PL,38,Liverpool FC,Brentford FC,113,113,113,113,2.0,2.0,1.2,1.4,2.0,1.7,1.4,1.4,1.6756756756756757,1.4054054054054055,1.4594594594594594,1.3783783783783783,8,7,5,3.4,2,0
2026-05-24,PL,38,Manchester City FC,Aston Villa FC,113,113,113,113,2.2,0.8,2.2,2.0,2.0,0.8,1.6,2.0,2.054054054054054,0.8918918918918919,1.4594594594594594,1.2972972972972974,4,8,5,2.6,3,1
2026-05-24,PL,38,Nottingham Forest FC,AFC Bournemouth,113,113,113,113,3.0,1.2,1.8,0.8,2.2,1.1,1.4,0.8,1.2702702702702702,1.3513513513513513,1.5405405405405406,1.4324324324324325,7,4,5,3.2,2,0
2026-05-24,PL,38,Tottenham Hotspur FC,Everton FC,113,113,113,113,1.4,1.2,1.6,2.4,1.0,1.6,1.8,1.8,1.2702702702702702,1.5405405405405406,1.2702702702702702,1.3243243243243243,4,7,5,3.8,1,0
2026-05-24,PL,38,West Ham United FC,Leeds United FC,113,132,113,37,0.6,1.6,2.0,0.8,1.1,1.6,1.2,0.7,1.162162162162162,1.7567567567567568,1.3243243243243243,1.4324324324324325,6,7,1,3.0,3,1
2026-08-14,ELC,1,Wolverhampton Wanderers FC,Blackburn Rovers FC,114,138,0,138,0.6,1.4,1.0,1.4,0.9,1.7,0.8,0.9,,,,,82,104,0,,4,1
2026-08-15,ELC,1,Norwich City FC,West Bromwich Albion FC,140,140,140,140,1.6,1.6,1.2,0.4,1.4,1.1,1.3,0.5,,,,,105,105,6,2.3333333333333335,3,1
2026-08-15,ELC,1,Bristol City FC,Millwall FC,140,140,140,140,1.4,1.6,1.2,0.8,1.1,1.3,1.2,0.8,,,,,105,95,6,2.5,2,0
2026-08-15,ELC,1,Stoke City FC,Swansea City AFC,138,138,138,138,0.6,2.2,1.6,1.0,1.2,2.0,1.5,1.6,,,,,105,105,6,2.3333333333333335,3,1
2026-08-15,ELC,1,Charlton Athletic FC,Derby County FC,46,92,46,92,1.2,1.8,1.4,1.6,1.0,1.4,1.3,1.2,,,,,105,105,2,2.5,3,1
2026-08-15,ELC,1,Portsmouth FC,Queens Park Rangers FC,92,138,92,138,1.6,1.4,0.6,2.0,1.3,1.7,1.5,1.5,,,,,105,105,4,3.75,4,1
2026-08-15,ELC,1,Sheffield United FC,Birmingham City FC,133,92,95,92,1.8,1.6,1.6,0.8,1.5,1.7,1.1,0.9,,,,,105,105,2,2.5,0,0
2026-08-16,ELC,1,Watford FC,Southampton FC,138,135,138,97,0.2,3.2,1.8,1.2,0.7,2.3,2.3,0.9,,,,,106,95,4,3.0,3,1
2026-08-16,ELC,1,Burnley FC,West Ham United FC,122,114,46,0,0.8,1.6,1.2,1.6,0.6,1.9,1.2,1.1,,,,,84,84,4,3.5,4,1
2026-08-17,ELC,1,Cardiff City FC,Wrexham AFC,92,46,92,46,0.6,1.6,1.2,1.4,0.9,1.4,1.4,1.8,,,,,471,107,0,,2,0
2026-08-21,PL,1,Arsenal FC,Coventry City FC,114,140,114,0,1.6,0.2,2.6,0.6,1.5,0.6,2.3,0.7,,,,,89,111,0,,3,1
2026-08-22,PL,1,Hull City AFC,Manchester United FC,141,114,0,114,1.2,0.6,2.2,1.0,1.1,0.9,1.9,1.2,,,,,90,89,0,,2,0
2026-08-22,ELC,2,Birmingham City FC,Bristol City FC,93,141,93,141,1.2,0.8,1.4,2.0,1.0,0.9,1.1,1.3,0.0,0.0,0.0,2.0,6,6,4,1.5,4,1
2026-08-22,ELC,2,Millwall FC,Norwich City FC,141,141,141,141,1.0,0.6,1.8,1.6,1.3,0.7,1.3,1.3,2.0,0.0,1.0,2.0,6,6,6,3.0,3,1
2026-08-22,PL,1,Ipswich Town FC,Sunderland AFC,130,133,38,38,1.8,1.0,1.2,1.6,1.6,0.9,1.3,1.4,,,,,112,89,2,3.0,3,1
2026-08-22,PL,1,Nottingham Forest FC,Leeds United FC,114,133,114,38,2.4,1.2,1.4,1.4,2.2,1.0,1.2,0.9,,,,,89,89,2,4.0,1,0
2026-08-22,PL,1,Everton FC,Crystal Palace FC,114,114,114,114,1.4,2.2,1.0,2.4,1.5,1.7,1.1,1.7,,,,,89,89,6,3.3333333333333335,2,0
2026-08-22,ELC,2,Swansea City AFC,Sheffield United FC,139,134,139,96,1.8,1.2,1.4,1.4,1.5,1.6,1.4,1.5,2.0,1.0,0.0,0.0,7,6,4,2.75,0,0
2026-08-22,ELC,2,West Ham United FC,Charlton Athletic FC,115,47,1,47,1.2,1.8,1.4,1.6,1.3,1.3,1.1,1.5,2.0,2.0,2.0,1.0,5,7,0,,3,1
2026-08-22,ELC,2,Derby County FC,Cardiff City FC,93,93,93,93,1.4,1.6,0.8,1.6,1.4,1.3,0.9,1.3,1.0,2.0,1.0,1.0,7,4,2,2.0,4,1
2026-08-22,ELC,2,Preston North End FC,Wolverhampton Wanderers FC,139,115,139,1,1.2,2.2,1.0,1.6,1.4,1.8,0.9,1.9,1.0,2.0,2.0,2.0,7,7,0,,4,1
2026-08-22,ELC,2,Wrexham AFC,Watford FC,47,139,47,139,1.4,1.2,0.6,3.0,1.3,1.9,0.8,2.1,1.0,1.0,2.0,1.0,4,6,2,4.0,2,0
2026-08-22,ELC,2,Blackburn Rovers FC,Middlesbrough FC,139,142,139,142,1.2,1.6,1.0,1.2,1.0,1.0,1.5,1.2,2.0,2.0,2.0,1.0,7,7,6,1.0,3,1
2026-08-22,ELC,2,Southampton FC,Stoke City FC,136,139,98,139,1.6,1.2,0.6,2.4,2.2,1.1,1.0,1.9,1.0,2.0,1.0,2.0,6,7,4,1.75,4,1
2026-08-22,PL,1,Brentford FC,Tottenham Hotspur FC,114,114,114,114,1.4,1.6,1.2,0.8,1.1,1.2,1.0,1.4,,,,,90,90,6,2.8333333333333335,3,1
2026-08-23,ELC,2,West Bromwich Albion FC,Burnley FC,141,123,141,47,1.6,0.6,1.2,1.8,1.4,0.5,0.8,1.9,2.0,1.0,2.0,2.0,7,6,2,1.0,4,1
2026-08-23,PL,1,Manchester City FC,AFC Bournemouth,114,114,114,114,2.2,1.2,1.6,0.8,2.0,1.0,1.4,0.8,,,,,90,90,6,3.5,3,1
2026-08-23,PL,1,Brighton & Hove Albion FC,Aston Villa FC,114,114,114,114,1.4,1.4,1.8,1.6,1.4,1.1,1.8,1.9,,,,,90,90,6,3.8333333333333335,4,1
2026-08-23,PL,1,Newcastle United FC,Liverpool FC,114,114,114,114,1.4,1.2,1.8,2.0,1.3,1.3,1.6,1.6,,,,,91,91,6,4.5,4,1
2026-08-24,PL,1,Fulham FC,Chelsea FC,114,114,114,114,0.8,1.0,1.0,2.0,0.7,0.9,0.9,1.9,,,,,92,92,6,2.3333333333333335,5,1
