fixture_id,date,home_xg_last10,away_xg_last10,home_xg_against_last10,away_xg_against_last10
194197,2010-08-14,,,,
194198,2010-08-14,,,,
194199,2010-08-14,,,,
194200,2010-08-14,,,,
194201,2010-08-14,,,,
194202,2010-08-14,,,,
194203,2010-08-14,,,,
194204,2010-08-14,,,,
194205,2010-08-15,,,,
194206,2010-08-16,,,,
194557,2010-08-21,,,,
194558,2010-08-21,,,,
194559,2010-08-21,,,,
194560,2010-08-21,,,,
194561,2010-08-21,,,,
194562,2010-08-21,,,,
194563,2010-08-21,,,,
194564,2010-08-22,,,,
194565,2010-08-22,,,,
194566,2010-08-23,,,,
194547,2010-08-28,,,,
194548,2010-08-28,,,,
194549,2010-08-28,,,,
194550,2010-08-28,,,,
194551,2010-08-28,,,,
194552,2010-08-28,,,,
194553,2010-08-29,,,,
194554,2010-08-29,,,,
194555,2010-08-29,,,,
194556,2010-08-29,,,,
194537,2010-09-11,,,,
194538,2010-09-11,,,,
194539,2010-09-11,,,,
194540,2010-09-11,,,,
194541,2010-09-11,,,,
194542,2010-09-11,,,,
194543,2010-09-11,,,,
194544,2010-09-11,,,,
194545,2010-09-12,,,,
194546,2010-09-13,,,,
194527,2010-09-18,,,,
194528,2010-09-18,,,,
194529,2010-09-18,,,,
194530,2010-09-18,,,,
194531,2010-09-18,,,,
194532,2010-09-18,,,,
194533,2010-09-18,,,,
194534,2010-09-19,,,,
194535,2010-09-19,,,,
194536,2010-09-19,,,,
194517,2010-09-25,,,,
194518,2010-09-25,,,,
194519,2010-09-25,,,,
194520,2010-09-25,,,,
194521,2010-09-25,,,,
194522,2010-09-25,,,,
194523,2010-09-25,,,,
194524,2010-09-26,,,,
194525,2010-09-26,,,,
194526,2010-09-26,,,,
194507,2010-10-02,,,,
194508,2010-10-02,,,,
194509,2010-10-02,,,,
194510,2010-10-02,,,,
194512,2010-10-02,,,,
194513,2010-10-02,,,,
194511,2010-10-02,,,,
194514,2010-10-03,,,,
194515,2010-10-03,,,,
194516,2010-10-03,,,,
194497,2010-10-16,,,,
194498,2010-10-16,,,,
194499,2010-10-16,,,,
194500,2010-10-16,,,,
194501,2010-10-16,,,,
194502,2010-10-16,,,,
194503,2010-10-16,,,,
194504,2010-10-17,,,,
194505,2010-10-17,,,,
194506,2010-10-18,,,,
194487,2010-10-23,,,,
194488,2010-10-23,,,,
194489,2010-10-23,,,,
194490,2010-10-23,,,,
194491,2010-10-23,,,,
194492,2010-10-23,,,,
194493,2010-10-23,,,,
194494,2010-10-24,,,,
194495,2010-10-24,,,,
194496,2010-10-24,,,,
194477,2010-10-30,,,,
194478,2010-10-30,,,,
194479,2010-10-30,,,,
194480,2010-10-30,,,,
194481,2010-10-30,,,,
194482,2010-10-30,,,,
194483,2010-10-31,,,,
194484,2010-10-31,,,,
194485,2010-10-31,,,,
194486,2010-11-01,,,,
194467,2010-11-06,,,,
194468,2010-11-06,,,,
194469,2010-11-06,,,,
194470,2010-11-06,,,,
194471,2010-11-06,,,,
194472,2010-11-06,,,,
194473,2010-11-06,,,,
194474,2010-11-07,,,,
194475,2010-11-07,,,,
194476,2010-11-07,,,,
194457,2010-11-09,,,,
194458,2010-11-09,,,,
194459,2010-11-10,,,,
194460,2010-11-10,,,,
194461,2010-11-10,,,,
194462,2010-11-10,,,,
194463,2010-11-10,,,,
194464,2010-11-10,,,,
194465,2010-11-10,,,,
194466,2010-11-10,,,,
194447,2010-11-13,,,,
194448,2010-11-13,,,,
194449,2010-11-13,,,,
194450,2010-11-13,,,,
194451,2010-11-13,,,,
194452,2010-11-13,,,,
194453,2010-11-13,,,,
194454,2010-11-13,,,,
194455,2010-11-14,,,,
194456,2010-11-14,,,,
194437,2010-11-20,,,,
194438,2010-11-20,,,,
194439,2010-11-20,,,,
194440,2010-11-20,,,,
194441,2010-11-20,,,,
194442,2010-11-20,,,,
194443,2010-11-20,,,,
194444,2010-11-21,,,,
194445,2010-11-21,,,,
194446,2010-11-22,,,,
194427,2010-11-27,,,,
194428,2010-11-27,,,,
194429,2010-11-27,,,,
194430,2010-11-27,,,,
194431,2010-11-27,,,,
194432,2010-11-27,,,,
194433,2010-11-27,,,,
194434,2010-11-27,,,,
194435,2010-11-28,,,,
194436,2010-11-28,,,,
194417,2010-12-04,,,,
194418,2010-12-04,,,,
194419,2010-12-04,,,,
194420,2010-12-04,,,,
194421,2010-12-04,,,,
194422,2010-12-04,,,,
194423,2010-12-05,,,,
194424,2010-12-05,,,,
194425,2010-12-06,,,,
194407,2010-12-11,,,,
194408,2010-12-11,,,,
194409,2010-12-11,,,,
194410,2010-12-11,,,,
194426,2010-12-11,,,,
194411,2010-12-11,,,,
194412,2010-12-12,,,,
194413,2010-12-12,,,,
194414,2010-12-12,,,,
194415,2010-12-13,,,,
194416,2010-12-18,,,,
194397,2010-12-18,,,,
194398,2010-12-20,,,,
194399,2010-12-26,,,,
194400,2010-12-26,,,,
194401,2010-12-26,,,,
194402,2010-12-26,,,,
194403,2010-12-26,,,,
194404,2010-12-26,,,,
194405,2010-12-26,,,,
194406,2010-12-27,,,,
194387,2010-12-28,,,,
194388,2010-12-28,,,,
194389,2010-12-28,,,,
194390,2010-12-28,,,,
194391,2010-12-28,,,,
194392,2010-12-28,,,,
194393,2010-12-28,,,,
194394,2010-12-29,,,,
194395,2010-12-29,,,,
194396,2010-12-29,,,,
194377,2011-01-01,,,,
194378,2011-01-01,,,,
194379,2011-01-01,,,,
194380,2011-01-01,,,,
194381,2011-01-01,,,,
194382,2011-01-01,,,,
194383,2011-01-01,,,,
194384,2011-01-01,,,,
194385,2011-01-02,,,,
194386,2011-01-02,,,,
194367,2011-01-04,,,,
194368,2011-01-04,,,,
194369,2011-01-04,,,,
194370,2011-01-05,,,,
194371,2011-01-05,,,,
194372,2011-01-05,,,,
194373,2011-01-05,,,,
194374,2011-01-05,,,,
194375,2011-01-05,,,,
194376,2011-01-05,,,,
194357,2011-01-12,,,,
194358,2011-01-15,,,,
194359,2011-01-15,,,,
194360,2011-01-15,,,,
194361,2011-01-15,,,,
194362,2011-01-15,,,,
194363,2011-01-15,,,,
194364,2011-01-16,,,,
194365,2011-01-16,,,,
194366,2011-01-16,,,,
194347,2011-01-16,,,,
194348,2011-01-22,,,,
194349,2011-01-22,,,,
194350,2011-01-22,,,,
194351,2011-01-22,,,,
194352,2011-01-22,,,,
194353,2011-01-22,,,,
194354,2011-01-22,,,,
194355,2011-01-22,,,,
194356,2011-01-23,,,,
194337,2011-01-24,,,,
194338,2011-01-25,,,,
194339,2011-01-25,,,,
194340,2011-01-26,,,,
194341,2011-02-01,,,,
194342,2011-02-01,,,,
194343,2011-02-01,,,,
194344,2011-02-01,,,,
194345,2011-02-02,,,,
194327,2011-02-02,,,,
194328,2011-02-02,,,,
194329,2011-02-02,,,,
194330,2011-02-02,,,,
194346,2011-02-02,,,,
194331,2011-02-05,,,,
194317,2011-02-05,,,,
194332,2011-02-05,,,,
194333,2011-02-05,,,,
194334,2011-02-05,,,,
194335,2011-02-05,,,,
194336,2011-02-05,,,,
194318,2011-02-05,,,,
194319,2011-02-06,,,,
194320,2011-02-06,,,,
194321,2011-02-12,,,,
194307,2011-02-12,,,,
194322,2011-02-12,,,,
194323,2011-02-12,,,,
194324,2011-02-12,,,,
194325,2011-02-12,,,,
194326,2011-02-12,,,,
194308,2011-02-12,,,,
194309,2011-02-13,,,,
194310,2011-02-14,,,,
194311,2011-02-15,,,,
194312,2011-02-20,,,,
194313,2011-02-22,,,,
194314,2011-02-23,,,,
194297,2011-02-26,,,,
194298,2011-02-26,,,,
194299,2011-02-26,,,,
194315,2011-02-26,,,,
194316,2011-02-26,,,,
194300,2011-02-27,,,,
194301,2011-02-27,,,,
194302,2011-02-28,,,,
194303,2011-03-01,,,,
194304,2011-03-05,,,,
194287,2011-03-05,,,,
194288,2011-03-05,,,,
194289,2011-03-05,,,,
194305,2011-03-05,,,,
194306,2011-03-05,,,,
194290,2011-03-05,,,,
194291,2011-03-06,,,,
194292,2011-03-06,,,,
194293,2011-03-07,,,,
194294,2011-03-09,,,,
194295,2011-03-19,,,,
194277,2011-03-19,,,,
194278,2011-03-19,,,,
194279,2011-03-19,,,,
194280,2011-03-19,,,,
194281,2011-03-19,,,,
194296,2011-03-19,,,,
194282,2011-03-19,,,,
194283,2011-03-20,,,,
194284,2011-03-20,,,,
194285,2011-04-02,,,,
194267,2011-04-02,,,,
194268,2011-04-02,,,,
194269,2011-04-02,,,,
194270,2011-04-02,,,,
194271,2011-04-02,,,,
194286,2011-04-02,,,,
194272,2011-04-02,,,,
194273,2011-04-03,,,,
194274,2011-04-03,,,,
194275,2011-04-09,,,,
194257,2011-04-09,,,,
194258,2011-04-09,,,,
194259,2011-04-09,,,,
194260,2011-04-09,,,,
194261,2011-04-09,,,,
194276,2011-04-09,,,,
194262,2011-04-10,,,,
194263,2011-04-10,,,,
194264,2011-04-11,,,,
194247,2011-04-16,,,,
194248,2011-04-16,,,,
194249,2011-04-16,,,,
194265,2011-04-16,,,,
194266,2011-04-16,,,,
194250,2011-04-17,,,,
194251,2011-04-19,,,,
194252,2011-04-20,,,,
194253,2011-04-20,,,,
194254,2011-04-23,,,,
194237,2011-04-23,,,,
194238,2011-04-23,,,,
194239,2011-04-23,,,,
194240,2011-04-23,,,,
194255,2011-04-23,,,,
194256,2011-04-23,,,,
194241,2011-04-23,,,,
194242,2011-04-24,,,,
194243,2011-04-25,,,,
194244,2011-04-26,,,,
194245,2011-04-27,,,,
194227,2011-04-30,,,,
194228,2011-04-30,,,,
194229,2011-04-30,,,,
194230,2011-04-30,,,,
194246,2011-04-30,,,,
194231,2011-04-30,,,,
194232,2011-05-01,,,,
194233,2011-05-01,,,,
194234,2011-05-01,,,,
194235,2011-05-01,,,,
194217,2011-05-07,,,,
194218,2011-05-07,,,,
194219,2011-05-07,,,,
194220,2011-05-07,,,,
194236,2011-05-07,,,,
194221,2011-05-07,,,,
194222,2011-05-08,,,,
194223,2011-05-08,,,,
194224,2011-05-08,,,,
194225,2011-05-09,,,,
194226,2011-05-10,,,,
194207,2011-05-14,,,,
194208,2011-05-14,,,,
194209,2011-05-14,,,,
194210,2011-05-14,,,,
194211,2011-05-15,,,,
194212,2011-05-15,,,,
194213,2011-05-15,,,,
194214,2011-05-15,,,,
194215,2011-05-15,,,,
194216,2011-05-17,,,,
1539075,2011-05-22,,,,
1539076,2011-05-22,,,,
1539077,2011-05-22,,,,
1539078,2011-05-22,,,,
1539079,2011-05-22,,,,
1539080,2011-05-22,,,,
1539081,2011-05-22,,,,
1539082,2011-05-22,,,,
1539083,2011-05-22,,,,
1539084,2011-05-22,,,,
447104,2011-08-05,,,,
447105,2011-08-06,,,,
447106,2011-08-06,,,,
447113,2011-08-06,,,,
447107,2011-08-06,,,,
447110,2011-08-06,,,,
447108,2011-08-06,,,,
447112,2011-08-06,,,,
447109,2011-08-06,,,,
447111,2011-08-06,,,,
447114,2011-08-06,,,,
447115,2011-08-07,,,,
193817,2011-08-13,,,,
193818,2011-08-13,,,,
193819,2011-08-13,,,,
193820,2011-08-13,,,,
193821,2011-08-13,,,,
447118,2011-08-13,,,,
447121,2011-08-13,,,,
447124,2011-08-13,,,,
447119,2011-08-13,,,,
447123,2011-08-13,,,,
447122,2011-08-13,,,,
447117,2011-08-13,,,,
447116,2011-08-13,,,,
447125,2011-08-13,,,,
447120,2011-08-13,,,,
193822,2011-08-13,,,,
193823,2011-08-14,,,,
447127,2011-08-14,,,,
447126,2011-08-14,,,,
193824,2011-08-14,,,,
193825,2011-08-15,,,,
447130,2011-08-16,,,,
447133,2011-08-16,,,,
447129,2011-08-16,,,,
447131,2011-08-16,,,,
447128,2011-08-16,,,,
447132,2011-08-16,,,,
447134,2011-08-16,,,,
447137,2011-08-17,,,,
447136,2011-08-17,,,,
447135,2011-08-17,,,,
447138,2011-08-17,,,,
193827,2011-08-20,,,,
193828,2011-08-20,,,,
193829,2011-08-20,,,,
193830,2011-08-20,,,,
193831,2011-08-20,,,,
447146,2011-08-20,,,,
447144,2011-08-20,,,,
447141,2011-08-20,,,,
447147,2011-08-20,,,,
447140,2011-08-20,,,,
447143,2011-08-20,,,,
447145,2011-08-20,,,,
447142,2011-08-20,,,,
447148,2011-08-20,,,,
447149,2011-08-20,,,,
193832,2011-08-20,,,,
447150,2011-08-21,,,,
193833,2011-08-21,,,,
193834,2011-08-21,,,,
447151,2011-08-21,,,,
193835,2011-08-21,,,,
193836,2011-08-22,,,,
193837,2011-08-27,,,,
193838,2011-08-27,,,,
193839,2011-08-27,,,,
193840,2011-08-27,,,,
193841,2011-08-27,,,,
447157,2011-08-27,,,,
447154,2011-08-27,,,,
447153,2011-08-27,,,,
447155,2011-08-27,,,,
447156,2011-08-27,,,,
447159,2011-08-27,,,,
447158,2011-08-27,,,,
447152,2011-08-27,,,,
447161,2011-08-27,,,,
447160,2011-08-27,,,,
193842,2011-08-27,,,,
193843,2011-08-28,,,,
447162,2011-08-28,,,,
193844,2011-08-28,,,,
193845,2011-08-28,,,,
447163,2011-08-28,,,,
193846,2011-08-28,,,,
193847,2011-09-10,,,,
193848,2011-09-10,,,,
193849,2011-09-10,,,,
193850,2011-09-10,,,,
193851,2011-09-10,,,,
193852,2011-09-10,,,,
447171,2011-09-10,,,,
447166,2011-09-10,,,,
447167,2011-09-10,,,,
447170,2011-09-10,,,,
447169,2011-09-10,,,,
447168,2011-09-10,,,,
447165,2011-09-10,,,,
447172,2011-09-10,,,,
447173,2011-09-10,,,,
447164,2011-09-10,,,,
447174,2011-09-10,,,,
193853,2011-09-10,,,,
447175,2011-09-11,,,,
193854,2011-09-11,,,,
193855,2011-09-11,,,,
193856,2011-09-12,,,,
447176,2011-09-17,,,,
193857,2011-09-17,,,,
447177,2011-09-17,,,,
193858,2011-09-17,,,,
193859,2011-09-17,,,,
193860,2011-09-17,,,,
193861,2011-09-17,,,,
193862,2011-09-17,,,,
447179,2011-09-17,,,,
447178,2011-09-17,,,,
447182,2011-09-17,,,,
447185,2011-09-17,,,,
447181,2011-09-17,,,,
447180,2011-09-17,,,,
447184,2011-09-17,,,,
447183,2011-09-17,,,,
193863,2011-09-18,,,,
193864,2011-09-18,,,,
193865,2011-09-18,,,,
447186,2011-09-18,,,,
193866,2011-09-18,,,,
447187,2011-09-19,,,,
447188,2011-09-23,,,,
193867,2011-09-24,,,,
193868,2011-09-24,,,,
193869,2011-09-24,,,,
193870,2011-09-24,,,,
193871,2011-09-24,,,,
193872,2011-09-24,,,,
193873,2011-09-24,,,,
447192,2011-09-24,,,,
447193,2011-09-24,,,,
447194,2011-09-24,,,,
447189,2011-09-24,,,,
447191,2011-09-24,,,,
447190,2011-09-24,,,,
447197,2011-09-24,,,,
447195,2011-09-24,,,,
447196,2011-09-24,,,,
447198,2011-09-24,,,,
193874,2011-09-24,,,,
447199,2011-09-25,,,,
193875,2011-09-25,,,,
193876,2011-09-26,,,,
447203,2011-09-27,,,,
447206,2011-09-27,,,,
447204,2011-09-27,,,,
447202,2011-09-27,,,,
447208,2011-09-27,,,,
447200,2011-09-27,,,,
447205,2011-09-27,,,,
447207,2011-09-27,,,,
447201,2011-09-27,,,,
447210,2011-09-28,,,,
447209,2011-09-28,,,,
193877,2011-10-01,,,,
193878,2011-10-01,,,,
193879,2011-10-01,,,,
193880,2011-10-01,,,,
193881,2011-10-01,,,,
193882,2011-10-01,,,,
447219,2011-10-01,,,,
447216,2011-10-01,,,,
447218,2011-10-01,,,,
447212,2011-10-01,,,,
447213,2011-10-01,,,,
447217,2011-10-01,,,,
447221,2011-10-01,,,,
447215,2011-10-01,,,,
447214,2011-10-01,,,,
447220,2011-10-01,,,,
447222,2011-10-01,,,,
193883,2011-10-02,,,,
193884,2011-10-02,,,,
193885,2011-10-02,,,,
447223,2011-10-02,,,,
193886,2011-10-02,,,,
447224,2011-10-14,,,,
193887,2011-10-15,,,,
193888,2011-10-15,,,,
193889,2011-10-15,,,,
193890,2011-10-15,,,,
193891,2011-10-15,,,,
193892,2011-10-15,,,,
447229,2011-10-15,,,,
447232,2011-10-15,,,,
447225,2011-10-15,,,,
447231,2011-10-15,,,,
447227,2011-10-15,,,,
447226,2011-10-15,,,,
447228,2011-10-15,,,,
447230,2011-10-15,,,,
447233,2011-10-15,,,,
193893,2011-10-15,,,,
447234,2011-10-15,,,,
193894,2011-10-16,,,,
447235,2011-10-16,,,,
193895,2011-10-16,,,,
193896,2011-10-16,,,,
447236,2011-10-18,,,,
447241,2011-10-18,,,,
447240,2011-10-18,,,,
447238,2011-10-18,,,,
447237,2011-10-18,,,,
447239,2011-10-18,,,,
447242,2011-10-18,,,,
447243,2011-10-18,,,,
447244,2011-10-18,,,,
447245,2011-10-18,,,,
447246,2011-10-19,,,,
447248,2011-10-22,,,,
193897,2011-10-22,,,,
193898,2011-10-22,,,,
193899,2011-10-22,,,,
193900,2011-10-22,,,,
447249,2011-10-22,,,,
447252,2011-10-22,,,,
447251,2011-10-22,,,,
447253,2011-10-22,,,,
447250,2011-10-22,,,,
447256,2011-10-22,,,,
447255,2011-10-22,,,,
447254,2011-10-22,,,,
447257,2011-10-22,,,,
193901,2011-10-22,,,,
193902,2011-10-23,,,,
193903,2011-10-23,,,,
193904,2011-10-23,,,,
193905,2011-10-23,,,,
447258,2011-10-23,,,,
193906,2011-10-23,,,,
447259,2011-10-24,,,,
447211,2011-10-26,,,,
193907,2011-10-29,,,,
193908,2011-10-29,,,,
193909,2011-10-29,,,,
193910,2011-10-29,,,,
193911,2011-10-29,,,,
193912,2011-10-29,,,,
193913,2011-10-29,,,,
447268,2011-10-29,,,,
447264,2011-10-29,,,,
447260,2011-10-29,,,,
447261,2011-10-29,,,,
447267,2011-10-29,,,,
447265,2011-10-29,,,,
447266,2011-10-29,,,,
447262,2011-10-29,,,,
447269,2011-10-29,,,,
447263,2011-10-29,,,,
447270,2011-10-29,,,,
193914,2011-10-29,,,,
447271,2011-10-30,,,,
193915,2011-10-30,,,,
193916,2011-10-31,,,,
447273,2011-11-01,,,,
447274,2011-11-01,,,,
447279,2011-11-01,,,,
447277,2011-11-01,,,,
447272,2011-11-01,,,,
447275,2011-11-01,,,,
447276,2011-11-01,,,,
447278,2011-11-01,,,,
447280,2011-11-01,,,,
447282,2011-11-02,,,,
447281,2011-11-02,,,,
193917,2011-11-05,,,,
193918,2011-11-05,,,,
193919,2011-11-05,,,,
193920,2011-11-05,,,,
193921,2011-11-05,,,,
193922,2011-11-05,,,,
447291,2011-11-05,,,,
447286,2011-11-05,,,,
447285,2011-11-05,,,,
447288,2011-11-05,,,,
447287,2011-11-05,,,,
447289,2011-11-05,,,,
447290,2011-11-05,,,,
447284,2011-11-05,,,,
447292,2011-11-05,,,,
193923,2011-11-05,,,,
193924,2011-11-06,,,,
193925,2011-11-06,,,,
447293,2011-11-06,,,,
447295,2011-11-06,,,,
447294,2011-11-06,,,,
193926,2011-11-06,,,,
193927,2011-11-19,,,,
447296,2011-11-19,,,,
193928,2011-11-19,,,,
193929,2011-11-19,,,,
193930,2011-11-19,,,,
193931,2011-11-19,,,,
193932,2011-11-19,,,,
193933,2011-11-19,,,,
447298,2011-11-19,,,,
447304,2011-11-19,,,,
447305,2011-11-19,,,,
447299,2011-11-19,,,,
447297,2011-11-19,,,,
447302,2011-11-19,,,,
447300,2011-11-19,,,,
447303,2011-11-19,,,,
447301,2011-11-19,,,,
193934,2011-11-19,,,,
447306,2011-11-20,,,,
447307,2011-11-20,,,,
193935,2011-11-20,,,,
193936,2011-11-21,,,,
447139,2011-11-22,,,,
447320,2011-11-22,,,,
193937,2011-11-26,,,,
193938,2011-11-26,,,,
193939,2011-11-26,,,,
193940,2011-11-26,,,,
193941,2011-11-26,,,,
193942,2011-11-26,,,,
193943,2011-11-26,,,,
447315,2011-11-26,,,,
447308,2011-11-26,,,,
447318,2011-11-26,,,,
447311,2011-11-26,,,,
447316,2011-11-26,,,,
447312,2011-11-26,,,,
447314,2011-11-26,,,,
447310,2011-11-26,,,,
447317,2011-11-26,,,,
447309,2011-11-26,,,,
447313,2011-11-26,,,,
447319,2011-11-26,,,,
193944,2011-11-26,,,,
193945,2011-11-27,,,,
193946,2011-11-27,,,,
447327,2011-11-29,,,,
447328,2011-11-29,,,,
447323,2011-11-29,,,,
447326,2011-11-29,,,,
447325,2011-11-29,,,,
447321,2011-11-29,,,,
447324,2011-11-29,,,,
447322,2011-11-29,,,,
447329,2011-11-29,,,,
447332,2011-12-02,,,,
447333,2011-12-03,,,,
193947,2011-12-03,,,,
193948,2011-12-03,,,,
193949,2011-12-03,,,,
193950,2011-12-03,,,,
193951,2011-12-03,,,,
193952,2011-12-03,,,,
447337,2011-12-03,,,,
447336,2011-12-03,,,,
447334,2011-12-03,,,,
447340,2011-12-03,,,,
447338,2011-12-03,,,,
447339,2011-12-03,,,,
447341,2011-12-03,,,,
447335,2011-12-03,,,,
447342,2011-12-03,,,,
193953,2011-12-03,,,,
447343,2011-12-04,,,,
193954,2011-12-04,,,,
193955,2011-12-04,,,,
193956,2011-12-05,,,,
447330,2011-12-06,,,,
447247,2011-12-07,,,,
447344,2011-12-10,,,,
193957,2011-12-10,,,,
193958,2011-12-10,,,,
193959,2011-12-10,,,,
193960,2011-12-10,,,,
193961,2011-12-10,,,,
193962,2011-12-10,,,,
193963,2011-12-10,,,,
447346,2011-12-10,,,,
447353,2011-12-10,,,,
447354,2011-12-10,,,,
447347,2011-12-10,,,,
447351,2011-12-10,,,,
447349,2011-12-10,,,,
447350,2011-12-10,,,,
447348,2011-12-10,,,,
447345,2011-12-10,,,,
447352,2011-12-10,,,,
447355,2011-12-10,,,,
193964,2011-12-11,,,,
193965,2011-12-11,,,,
193966,2011-12-12,,,,
193967,2011-12-17,,,,
193968,2011-12-17,,,,
193969,2011-12-17,,,,
193970,2011-12-17,,,,
193971,2011-12-17,,,,
447359,2011-12-17,,,,
447356,2011-12-17,,,,
447362,2011-12-17,,,,
447360,2011-12-17,,,,
447365,2011-12-17,,,,
447357,2011-12-17,,,,
447363,2011-12-17,,,,
447358,2011-12-17,,,,
447364,2011-12-17,,,,
447361,2011-12-17,,,,
193972,2011-12-17,,,,
193973,2011-12-18,,,,
447366,2011-12-18,,,,
193974,2011-12-18,,,,
193975,2011-12-18,,,,
193976,2011-12-18,,,,
447367,2011-12-19,,,,
193977,2011-12-20,,,,
193978,2011-12-20,,,,
193979,2011-12-21,,,,
193980,2011-12-21,,,,
193981,2011-12-21,,,,
193982,2011-12-21,,,,
193983,2011-12-21,,,,
193984,2011-12-21,,,,
193985,2011-12-21,,,,
193986,2011-12-22,,,,
447368,2011-12-26,,,,
193987,2011-12-26,,,,
447371,2011-12-26,,,,
447370,2011-12-26,,,,
447369,2011-12-26,,,,
193988,2011-12-26,,,,
193989,2011-12-26,,,,
193990,2011-12-26,,,,
193991,2011-12-26,,,,
193992,2011-12-26,,,,
447377,2011-12-26,,,,
447372,2011-12-26,,,,
447373,2011-12-26,,,,
447375,2011-12-26,,,,
447376,2011-12-26,,,,
447374,2011-12-26,,,,
447378,2011-12-26,,,,
447379,2011-12-26,,,,
193993,2011-12-26,,,,
193994,2011-12-27,,,,
193995,2011-12-27,,,,
193996,2011-12-27,,,,
193997,2011-12-30,,,,
447380,2011-12-30,,,,
447381,2011-12-31,,,,
193998,2011-12-31,,,,
447382,2011-12-31,,,,
447385,2011-12-31,,,,
447383,2011-12-31,,,,
447384,2011-12-31,,,,
193999,2011-12-31,,,,
194000,2011-12-31,,,,
194001,2011-12-31,,,,
194002,2011-12-31,,,,
194003,2011-12-31,,,,
194004,2011-12-31,,,,
447387,2011-12-31,,,,
447391,2011-12-31,,,,
447390,2011-12-31,,,,
447389,2011-12-31,,,,
447388,2011-12-31,,,,
447386,2011-12-31,,,,
194005,2012-01-01,,,,
194006,2012-01-01,,,,
447392,2012-01-02,,,,
194007,2012-01-02,,,,
194008,2012-01-02,,,,
194009,2012-01-02,,,,
194010,2012-01-02,,,,
447397,2012-01-02,,,,
447396,2012-01-02,,,,
447401,2012-01-02,,,,
447394,2012-01-02,,,,
447398,2012-01-02,,,,
447399,2012-01-02,,,,
447402,2012-01-02,,,,
447393,2012-01-02,,,,
447395,2012-01-02,,,,
447400,2012-01-02,,,,
194011,2012-01-02,,,,
194012,2012-01-03,,,,
194013,2012-01-03,,,,
447403,2012-01-03,,,,
194014,2012-01-03,,,,
194015,2012-01-04,,,,
194016,2012-01-04,,,,
193826,2012-01-11,,,,
447283,2012-01-11,,,,
194017,2012-01-14,,,,
194018,2012-01-14,,,,
194019,2012-01-14,,,,
194020,2012-01-14,,,,
194021,2012-01-14,,,,
194022,2012-01-14,,,,
194023,2012-01-14,,,,
447408,2012-01-14,,,,
447413,2012-01-14,,,,
447414,2012-01-14,,,,
447404,2012-01-14,,,,
447407,2012-01-14,,,,
447405,2012-01-14,,,,
447410,2012-01-14,,,,
447412,2012-01-14,,,,
447409,2012-01-14,,,,
447406,2012-01-14,,,,
447411,2012-01-14,,,,
447415,2012-01-14,,,,
194024,2012-01-15,,,,
194025,2012-01-15,,,,
194026,2012-01-16,,,,
194027,2012-01-21,,,,
194028,2012-01-21,,,,
194029,2012-01-21,,,,
194030,2012-01-21,,,,
194031,2012-01-21,,,,
194032,2012-01-21,,,,
194033,2012-01-21,,,,
447424,2012-01-21,,,,
447426,2012-01-21,,,,
447417,2012-01-21,,,,
447418,2012-01-21,,,,
447423,2012-01-21,,,,
447419,2012-01-21,,,,
447425,2012-01-21,,,,
447422,2012-01-21,,,,
447416,2012-01-21,,,,
447421,2012-01-21,,,,
447420,2012-01-21,,,,
194034,2012-01-21,,,,
194035,2012-01-22,,,,
194036,2012-01-22,,,,
447427,2012-01-23,,,,
447428,2012-01-28,,,,
447429,2012-01-28,,,,
194037,2012-01-31,,,,
194038,2012-01-31,,,,
194039,2012-01-31,,,,
447431,2012-01-31,,,,
447433,2012-01-31,,,,
447436,2012-01-31,,,,
447435,2012-01-31,,,,
447430,2012-01-31,,,,
447432,2012-01-31,,,,
447434,2012-01-31,,,,
194040,2012-01-31,,,,
194041,2012-01-31,,,,
447438,2012-01-31,,,,
447437,2012-01-31,,,,
194042,2012-02-01,,,,
447439,2012-02-01,,,,
194043,2012-02-01,,,,
194044,2012-02-01,,,,
194045,2012-02-01,,,,
194046,2012-02-01,,,,
447440,2012-02-04,,,,
194047,2012-02-04,,,,
194048,2012-02-04,,,,
194049,2012-02-04,,,,
194050,2012-02-04,,,,
194051,2012-02-04,,,,
194052,2012-02-04,,,,
447443,2012-02-04,,,,
447445,2012-02-04,,,,
447446,2012-02-04,,,,
447444,2012-02-04,,,,
447447,2012-02-04,,,,
447441,2012-02-04,,,,
447442,2012-02-04,,,,
447448,2012-02-04,,,,
194053,2012-02-04,,,,
194054,2012-02-05,,,,
194055,2012-02-05,,,,
194056,2012-02-06,,,,
447331,2012-02-07,,,,
194057,2012-02-11,,,,
194058,2012-02-11,,,,
194059,2012-02-11,,,,
194060,2012-02-11,,,,
194061,2012-02-11,,,,
194062,2012-02-11,,,,
194063,2012-02-11,,,,
447453,2012-02-11,,,,
447452,2012-02-11,,,,
447455,2012-02-11,,,,
447457,2012-02-11,,,,
447456,2012-02-11,,,,
447454,2012-02-11,,,,
447458,2012-02-11,,,,
447459,2012-02-11,,,,
194064,2012-02-11,,,,
194065,2012-02-12,,,,
194066,2012-02-12,,,,
447471,2012-02-14,,,,
447467,2012-02-14,,,,
447474,2012-02-14,,,,
447475,2012-02-14,,,,
447468,2012-02-14,,,,
447464,2012-02-14,,,,
447465,2012-02-14,,,,
447469,2012-02-14,,,,
447470,2012-02-14,,,,
447472,2012-02-14,,,,
447466,2012-02-14,,,,
447473,2012-02-14,,,,
447476,2012-02-17,,,,
447481,2012-02-18,,,,
447482,2012-02-18,,,,
447480,2012-02-18,,,,
447477,2012-02-18,,,,
447479,2012-02-18,,,,
447478,2012-02-18,,,,
447483,2012-02-18,,,,
447484,2012-02-21,,,,
447460,2012-02-21,,,,
447485,2012-02-21,,,,
447486,2012-02-22,,,,
447488,2012-02-23,,,,
447489,2012-02-25,,,,
194067,2012-02-25,,,,
194068,2012-02-25,,,,
194069,2012-02-25,,,,
194070,2012-02-25,,,,
194071,2012-02-25,,,,
447491,2012-02-25,,,,
447495,2012-02-25,,,,
447494,2012-02-25,,,,
447490,2012-02-25,,,,
447497,2012-02-25,,,,
447493,2012-02-25,,,,
447498,2012-02-25,,,,
447496,2012-02-25,,,,
447492,2012-02-25,,,,
194072,2012-02-25,,,,
194073,2012-02-26,,,,
194074,2012-02-26,,,,
194075,2012-02-26,,,,
447500,2012-03-02,,,,
194077,2012-03-03,,,,
194078,2012-03-03,,,,
194079,2012-03-03,,,,
194080,2012-03-03,,,,
194081,2012-03-03,,,,
194082,2012-03-03,,,,
194083,2012-03-03,,,,
447506,2012-03-03,,,,
447507,2012-03-03,,,,
447503,2012-03-03,,,,
447508,2012-03-03,,,,
447505,2012-03-03,,,,
447502,2012-03-03,,,,
447504,2012-03-03,,,,
447501,2012-03-03,,,,
447509,2012-03-03,,,,
447510,2012-03-03,,,,
194084,2012-03-04,,,,
447511,2012-03-04,,,,
194085,2012-03-04,,,,
194086,2012-03-04,,,,
447518,2012-03-06,,,,
447512,2012-03-06,,,,
447515,2012-03-06,,,,
447516,2012-03-06,,,,
447514,2012-03-06,,,,
447517,2012-03-06,,,,
447519,2012-03-06,,,,
447513,2012-03-06,,,,
447520,2012-03-06,,,,
447521,2012-03-07,,,,
447522,2012-03-07,,,,
447524,2012-03-10,,,,
194087,2012-03-10,,,,
194088,2012-03-10,,,,
194089,2012-03-10,,,,
194090,2012-03-10,,,,
194091,2012-03-10,,,,
447532,2012-03-10,,,,
447529,2012-03-10,,,,
447530,2012-03-10,,,,
447531,2012-03-10,,,,
447525,2012-03-10,,,,
447533,2012-03-10,,,,
447527,2012-03-10,,,,
447526,2012-03-10,,,,
447528,2012-03-10,,,,
447534,2012-03-10,,,,
194092,2012-03-10,,,,
447535,2012-03-11,,,,
194093,2012-03-11,,,,
194094,2012-03-11,,,,
194095,2012-03-11,,,,
194096,2012-03-12,,,,
447499,2012-03-13,,,,
447487,2012-03-13,,,,
447449,2012-03-13,,,,
447450,2012-03-13,,,,
194076,2012-03-13,,,,
194097,2012-03-17,,,,
194098,2012-03-17,,,,
447544,2012-03-17,,,,
447537,2012-03-17,,,,
447541,2012-03-17,,,,
447542,2012-03-17,,,,
447545,2012-03-17,,,,
447536,2012-03-17,,,,
447538,2012-03-17,,,,
447539,2012-03-17,,,,
447543,2012-03-17,,,,
447540,2012-03-17,,,,
194099,2012-03-18,,,,
447546,2012-03-18,,,,
194100,2012-03-18,,,,
447549,2012-03-20,,,,
447554,2012-03-20,,,,
447550,2012-03-20,,,,
447553,2012-03-20,,,,
447551,2012-03-20,,,,
447555,2012-03-20,,,,
447548,2012-03-20,,,,
447552,2012-03-20,,,,
194101,2012-03-20,,,,
447556,2012-03-20,,,,
194102,2012-03-21,,,,
194103,2012-03-21,,,,
447558,2012-03-21,,,,
447557,2012-03-21,,,,
194104,2012-03-21,,,,
194105,2012-03-21,,,,
447559,2012-03-21,,,,
194107,2012-03-24,,,,
194108,2012-03-24,,,,
194109,2012-03-24,,,,
194110,2012-03-24,,,,
194111,2012-03-24,,,,
194112,2012-03-24,,,,
194113,2012-03-24,,,,
447568,2012-03-24,,,,
447562,2012-03-24,,,,
447560,2012-03-24,,,,
447561,2012-03-24,,,,
447564,2012-03-24,,,,
447569,2012-03-24,,,,
447567,2012-03-24,,,,
447563,2012-03-24,,,,
447570,2012-03-24,,,,
447565,2012-03-24,,,,
447566,2012-03-24,,,,
194114,2012-03-24,,,,
447571,2012-03-25,,,,
194115,2012-03-25,,,,
194116,2012-03-26,,,,
447547,2012-03-27,,,,
447462,2012-03-27,,,,
447461,2012-03-27,,,,
447451,2012-03-27,,,,
447463,2012-03-27,,,,
447572,2012-03-30,,,,
447573,2012-03-31,,,,
194117,2012-03-31,,,,
194118,2012-03-31,,,,
194119,2012-03-31,,,,
194120,2012-03-31,,,,
194121,2012-03-31,,,,
194122,2012-03-31,,,,
194123,2012-03-31,,,,
447577,2012-03-31,,,,
447578,2012-03-31,,,,
447580,2012-03-31,,,,
447574,2012-03-31,,,,
447581,2012-03-31,,,,
447576,2012-03-31,,,,
447582,2012-03-31,,,,
447579,2012-03-31,,,,
447575,2012-03-31,,,,
447583,2012-03-31,,,,
194124,2012-04-01,,,,
194125,2012-04-01,,,,
194126,2012-04-02,,,,
447523,2012-04-03,,,,
447584,2012-04-06,,,,
447586,2012-04-06,,,,
447585,2012-04-06,,,,
194127,2012-04-06,,,,
447587,2012-04-06,,,,
194128,2012-04-07,,,,
447588,2012-04-07,,,,
194129,2012-04-07,,,,
194130,2012-04-07,,,,
194131,2012-04-07,,,,
194132,2012-04-07,,,,
194133,2012-04-07,,,,
447592,2012-04-07,,,,
447591,2012-04-07,,,,
447593,2012-04-07,,,,
447594,2012-04-07,,,,
447590,2012-04-07,,,,
447589,2012-04-07,,,,
447595,2012-04-07,,,,
194134,2012-04-07,,,,
194135,2012-04-08,,,,
194136,2012-04-08,,,,
194137,2012-04-09,,,,
194138,2012-04-09,,,,
194139,2012-04-09,,,,
447601,2012-04-09,,,,
447604,2012-04-09,,,,
447602,2012-04-09,,,,
447603,2012-04-09,,,,
447599,2012-04-09,,,,
447596,2012-04-09,,,,
447597,2012-04-09,,,,
447600,2012-04-09,,,,
447598,2012-04-09,,,,
447605,2012-04-09,,,,
194140,2012-04-09,,,,
194141,2012-04-09,,,,
447607,2012-04-10,,,,
447606,2012-04-10,,,,
194142,2012-04-10,,,,
194143,2012-04-11,,,,
194144,2012-04-11,,,,
194145,2012-04-11,,,,
194146,2012-04-11,,,,
447608,2012-04-13,,,,
194147,2012-04-14,,,,
194148,2012-04-14,,,,
194149,2012-04-14,,,,
194150,2012-04-14,,,,
447616,2012-04-14,,,,
447613,2012-04-14,,,,
447612,2012-04-14,,,,
447619,2012-04-14,,,,
447609,2012-04-14,,,,
447615,2012-04-14,,,,
447618,2012-04-14,,,,
447617,2012-04-14,,,,
447610,2012-04-14,,,,
447611,2012-04-14,,,,
447614,2012-04-14,,,,
194151,2012-04-15,,,,
194152,2012-04-16,,,,
447621,2012-04-17,,,,
447626,2012-04-17,,,,
447628,2012-04-17,,,,
447625,2012-04-17,,,,
447623,2012-04-17,,,,
447624,2012-04-17,,,,
447622,2012-04-17,,,,
447629,2012-04-17,,,,
447620,2012-04-17,,,,
447627,2012-04-17,,,,
447630,2012-04-17,,,,
447631,2012-04-17,,,,
447632,2012-04-21,,,,
194157,2012-04-21,,,,
194158,2012-04-21,,,,
194159,2012-04-21,,,,
194160,2012-04-21,,,,
194161,2012-04-21,,,,
194162,2012-04-21,,,,
447640,2012-04-21,,,,
447635,2012-04-21,,,,
447641,2012-04-21,,,,
447636,2012-04-21,,,,
447633,2012-04-21,,,,
447634,2012-04-21,,,,
447637,2012-04-21,,,,
447638,2012-04-21,,,,
447639,2012-04-21,,,,
447642,2012-04-21,,,,
194163,2012-04-21,,,,
194164,2012-04-22,,,,
194165,2012-04-22,,,,
194166,2012-04-22,,,,
447643,2012-04-23,,,,
194106,2012-04-24,,,,
447652,2012-04-28,,,,
447650,2012-04-28,,,,
447645,2012-04-28,,,,
447649,2012-04-28,,,,
447654,2012-04-28,,,,
447646,2012-04-28,,,,
447651,2012-04-28,,,,
447647,2012-04-28,,,,
447648,2012-04-28,,,,
447644,2012-04-28,,,,
447655,2012-04-28,,,,
447653,2012-04-28,,,,
194167,2012-04-28,,,,
194168,2012-04-28,,,,
194169,2012-04-28,,,,
194170,2012-04-28,,,,
194171,2012-04-28,,,,
194172,2012-04-28,,,,
194173,2012-04-28,,,,
194174,2012-04-29,,,,
194175,2012-04-29,,,,
194176,2012-04-30,,,,
194153,2012-05-01,,,,
194154,2012-05-01,,,,
194155,2012-05-02,,,,
194156,2012-05-02,,,,
447100,2012-05-03,,,,
447102,2012-05-04,,,,
194177,2012-05-05,,,,
194178,2012-05-06,,,,
194179,2012-05-06,,,,
194180,2012-05-06,,,,
194181,2012-05-06,,,,
194182,2012-05-06,,,,
194183,2012-05-06,,,,
194184,2012-05-06,,,,
447101,2012-05-07,,,,
194185,2012-05-07,,,,
194186,2012-05-08,,,,
447103,2012-05-09,,,,
194187,2012-05-13,,,,
194188,2012-05-13,,,,
194189,2012-05-13,,,,
194190,2012-05-13,,,,
194191,2012-05-13,,,,
194192,2012-05-13,,,,
194193,2012-05-13,,,,
194194,2012-05-13,,,,
194195,2012-05-13,,,,
194196,2012-05-13,,,,
447099,2012-05-19,,,,
446547,2012-08-17,,,,
446548,2012-08-18,,,,
193438,2012-08-18,,,,
193437,2012-08-18,,,,
193442,2012-08-18,,,,
193440,2012-08-18,,,,
193441,2012-08-18,,,,
193439,2012-08-18,,,,
446549,2012-08-18,,,,
446555,2012-08-18,,,,
446551,2012-08-18,,,,
446554,2012-08-18,,,,
446550,2012-08-18,,,,
446556,2012-08-18,,,,
446558,2012-08-18,,,,
446557,2012-08-18,,,,
446552,2012-08-18,,,,
446553,2012-08-18,,,,
193443,2012-08-18,,,,
193444,2012-08-19,,,,
193445,2012-08-19,,,,
193446,2012-08-20,,,,
446565,2012-08-21,,,,
446567,2012-08-21,,,,
446560,2012-08-21,,,,
446566,2012-08-21,,,,
446561,2012-08-21,,,,
446563,2012-08-21,,,,
446559,2012-08-21,,,,
446562,2012-08-21,,,,
446564,2012-08-21,,,,
446568,2012-08-21,,,,
446569,2012-08-21,,,,
193457,2012-08-22,,,,
446570,2012-08-22,,,,
446571,2012-08-24,,,,
193447,2012-08-25,,,,
446572,2012-08-25,,,,
193449,2012-08-25,,,,
193451,2012-08-25,,,,
193452,2012-08-25,,,,
193448,2012-08-25,,,,
193450,2012-08-25,,,,
446575,2012-08-25,,,,
446578,2012-08-25,,,,
446577,2012-08-25,,,,
446581,2012-08-25,,,,
446576,2012-08-25,,,,
446574,2012-08-25,,,,
446573,2012-08-25,,,,
446580,2012-08-25,,,,
446579,2012-08-25,,,,
446582,2012-08-25,,,,
193453,2012-08-25,,,,
193454,2012-08-26,,,,
193455,2012-08-26,,,,
193458,2012-09-01,,,,
446583,2012-09-01,,,,
193460,2012-09-01,,,,
193461,2012-09-01,,,,
193462,2012-09-01,,,,
193459,2012-09-01,,,,
446584,2012-09-01,,,,
446591,2012-09-01,,,,
446589,2012-09-01,,,,
446586,2012-09-01,,,,
446592,2012-09-01,,,,
446585,2012-09-01,,,,
446587,2012-09-01,,,,
446590,2012-09-01,,,,
446588,2012-09-01,,,,
446593,2012-09-01,,,,
193463,2012-09-01,,,,
193464,2012-09-02,,,,
446594,2012-09-02,,,,
193465,2012-09-02,,,,
193466,2012-09-02,,,,
446596,2012-09-14,,,,
446595,2012-09-14,,,,
193467,2012-09-15,,,,
193471,2012-09-15,,,,
193470,2012-09-15,,,,
193468,2012-09-15,,,,
193469,2012-09-15,,,,
193472,2012-09-15,,,,
193473,2012-09-15,,,,
446605,2012-09-15,,,,
446600,2012-09-15,,,,
446597,2012-09-15,,,,
446598,2012-09-15,,,,
446602,2012-09-15,,,,
446599,2012-09-15,,,,
446603,2012-09-15,,,,
446601,2012-09-15,,,,
446604,2012-09-15,,,,
193474,2012-09-15,,,,
446606,2012-09-16,,,,
193475,2012-09-16,,,,
193476,2012-09-17,,,,
446611,2012-09-18,,,,
446607,2012-09-18,,,,
446609,2012-09-18,,,,
446612,2012-09-18,,,,
446613,2012-09-18,,,,
446610,2012-09-18,,,,
446608,2012-09-18,,,,
446614,2012-09-18,,,,
446615,2012-09-18,,,,
446618,2012-09-19,,,,
446616,2012-09-19,,,,
446617,2012-09-19,,,,
446619,2012-09-21,,,,
193477,2012-09-22,,,,
193479,2012-09-22,,,,
193481,2012-09-22,,,,
193478,2012-09-22,,,,
193480,2012-09-22,,,,
193482,2012-09-22,,,,
446622,2012-09-22,,,,
446626,2012-09-22,,,,
446627,2012-09-22,,,,
446625,2012-09-22,,,,
446624,2012-09-22,,,,
446621,2012-09-22,,,,
446620,2012-09-22,,,,
446623,2012-09-22,,,,
446628,2012-09-22,,,,
193483,2012-09-23,,,,
193484,2012-09-23,,,,
446629,2012-09-23,,,,
193486,2012-09-23,,,,
193485,2012-09-23,,,,
446630,2012-09-24,,,,
193487,2012-09-29,,,,
193489,2012-09-29,,,,
193488,2012-09-29,,,,
193491,2012-09-29,,,,
193490,2012-09-29,,,,
193492,2012-09-29,,,,
193493,2012-09-29,,,,
446634,2012-09-29,,,,
446640,2012-09-29,,,,
446637,2012-09-29,,,,
446633,2012-09-29,,,,
446639,2012-09-29,,,,
446638,2012-09-29,,,,
446631,2012-09-29,,,,
446632,2012-09-29,,,,
446636,2012-09-29,,,,
446635,2012-09-29,,,,
193494,2012-09-29,,,,
446641,2012-09-29,,,,
446642,2012-09-30,,,,
193495,2012-09-30,,,,
193496,2012-10-01,,,,
446644,2012-10-02,,,,
446647,2012-10-02,,,,
446646,2012-10-02,,,,
446649,2012-10-02,,,,
446645,2012-10-02,,,,
446643,2012-10-02,,,,
446650,2012-10-02,,,,
446651,2012-10-02,,,,
446648,2012-10-02,,,,
446652,2012-10-02,,,,
446654,2012-10-03,,,,
446653,2012-10-03,,,,
193497,2012-10-06,,,,
193498,2012-10-06,,,,
193500,2012-10-06,,,,
193501,2012-10-06,,,,
193499,2012-10-06,,,,
446664,2012-10-06,,,,
446661,2012-10-06,,,,
446655,2012-10-06,,,,
446657,2012-10-06,,,,
446659,2012-10-06,,,,
446665,2012-10-06,,,,
446662,2012-10-06,,,,
446663,2012-10-06,,,,
446656,2012-10-06,,,,
446660,2012-10-06,,,,
446658,2012-10-06,,,,
446666,2012-10-06,,,,
193502,2012-10-06,,,,
193503,2012-10-07,,,,
193504,2012-10-07,,,,
193505,2012-10-07,,,,
193506,2012-10-07,,,,
446667,2012-10-19,,,,
193507,2012-10-20,,,,
446668,2012-10-20,,,,
193510,2012-10-20,,,,
193508,2012-10-20,,,,
193509,2012-10-20,,,,
193513,2012-10-20,,,,
193512,2012-10-20,,,,
193511,2012-10-20,,,,
446672,2012-10-20,,,,
446674,2012-10-20,,,,
446673,2012-10-20,,,,
446676,2012-10-20,,,,
446669,2012-10-20,,,,
446677,2012-10-20,,,,
446670,2012-10-20,,,,
446671,2012-10-20,,,,
446675,2012-10-20,,,,
446678,2012-10-20,,,,
193514,2012-10-20,,,,
193515,2012-10-21,,,,
193516,2012-10-21,,,,
446688,2012-10-23,,,,
446684,2012-10-23,,,,
446686,2012-10-23,,,,
446683,2012-10-23,,,,
446679,2012-10-23,,,,
446680,2012-10-23,,,,
446685,2012-10-23,,,,
446687,2012-10-23,,,,
446682,2012-10-23,,,,
446681,2012-10-23,,,,
446689,2012-10-23,,,,
446690,2012-10-24,,,,
193517,2012-10-27,,,,
193518,2012-10-27,,,,
193519,2012-10-27,,,,
193521,2012-10-27,,,,
193520,2012-10-27,,,,
446697,2012-10-27,,,,
446691,2012-10-27,,,,
446698,2012-10-27,,,,
446692,2012-10-27,,,,
446699,2012-10-27,,,,
446695,2012-10-27,,,,
446696,2012-10-27,,,,
446700,2012-10-27,,,,
446694,2012-10-27,,,,
446693,2012-10-27,,,,
446701,2012-10-27,,,,
446702,2012-10-27,,,,
193522,2012-10-27,,,,
193523,2012-10-28,,,,
193524,2012-10-28,,,,
193525,2012-10-28,,,,
193526,2012-10-28,,,,
446703,2012-11-02,,,,
193527,2012-11-03,,,,
193528,2012-11-03,,,,
193532,2012-11-03,,,,
193529,2012-11-03,,,,
193531,2012-11-03,,,,
193530,2012-11-03,,,,
446705,2012-11-03,,,,
446709,2012-11-03,,,,
446708,2012-11-03,,,,
446711,2012-11-03,,,,
446707,2012-11-03,,,,
446712,2012-11-03,,,,
446706,2012-11-03,,,,
446710,2012-11-03,,,,
446704,2012-11-03,,,,
446713,2012-11-03,,,,
446714,2012-11-03,,,,
193533,2012-11-03,,,,
193534,2012-11-04,,,,
193535,2012-11-04,,,,
193536,2012-11-05,,,,
446721,2012-11-06,,,,
446716,2012-11-06,,,,
446720,2012-11-06,,,,
446719,2012-11-06,,,,
446715,2012-11-06,,,,
446717,2012-11-06,,,,
446723,2012-11-06,,,,
446722,2012-11-06,,,,
446718,2012-11-06,,,,
446724,2012-11-06,,,,
446726,2012-11-06,,,,
446725,2012-11-06,,,,
446727,2012-11-09,,,,
446728,2012-11-10,,,,
193540,2012-11-10,,,,
193537,2012-11-10,,,,
193538,2012-11-10,,,,
193539,2012-11-10,,,,
193542,2012-11-10,,,,
193541,2012-11-10,,,,
446735,2012-11-10,,,,
446732,2012-11-10,,,,
446731,2012-11-10,,,,
446737,2012-11-10,,,,
446736,2012-11-10,,,,
446730,2012-11-10,,,,
446733,2012-11-10,,,,
446734,2012-11-10,,,,
446729,2012-11-10,,,,
193543,2012-11-10,,,,
193544,2012-11-11,,,,
193545,2012-11-11,,,,
446738,2012-11-11,,,,
193546,2012-11-11,,,,
193547,2012-11-17,,,,
193550,2012-11-17,,,,
193548,2012-11-17,,,,
193549,2012-11-17,,,,
193552,2012-11-17,,,,
193553,2012-11-17,,,,
193551,2012-11-17,,,,
446741,2012-11-17,,,,
446744,2012-11-17,,,,
446745,2012-11-17,,,,
446747,2012-11-17,,,,
446739,2012-11-17,,,,
446748,2012-11-17,,,,
446742,2012-11-17,,,,
446740,2012-11-17,,,,
446743,2012-11-17,,,,
446746,2012-11-17,,,,
446749,2012-11-17,,,,
193554,2012-11-17,,,,
446750,2012-11-18,,,,
193555,2012-11-18,,,,
193556,2012-11-19,,,,
193557,2012-11-24,,,,
193559,2012-11-24,,,,
193558,2012-11-24,,,,
193561,2012-11-24,,,,
193560,2012-11-24,,,,
446759,2012-11-24,,,,
446751,2012-11-24,,,,
446754,2012-11-24,,,,
446761,2012-11-24,,,,
446755,2012-11-24,,,,
446757,2012-11-24,,,,
446760,2012-11-24,,,,
446752,2012-11-24,,,,
446758,2012-11-24,,,,
446753,2012-11-24,,,,
446756,2012-11-24,,,,
446762,2012-11-24,,,,
193562,2012-11-24,,,,
193563,2012-11-25,,,,
193564,2012-11-25,,,,
193566,2012-11-25,,,,
193565,2012-11-25,,,,
193567,2012-11-27,,,,
446767,2012-11-27,,,,
446771,2012-11-27,,,,
446769,2012-11-27,,,,
446772,2012-11-27,,,,
446764,2012-11-27,,,,
446765,2012-11-27,,,,
446763,2012-11-27,,,,
446768,2012-11-27,,,,
446766,2012-11-27,,,,
446770,2012-11-27,,,,
193568,2012-11-27,,,,
446773,2012-11-27,,,,
193569,2012-11-28,,,,
193574,2012-11-28,,,,
193572,2012-11-28,,,,
193573,2012-11-28,,,,
193570,2012-11-28,,,,
193571,2012-11-28,,,,
446774,2012-11-28,,,,
193575,2012-11-28,,,,
193576,2012-11-28,,,,
446775,2012-11-30,,,,
446776,2012-12-01,,,,
193577,2012-12-01,,,,
193579,2012-12-01,,,,
193580,2012-12-01,,,,
193578,2012-12-01,,,,
193581,2012-12-01,,,,
193583,2012-12-01,,,,
193582,2012-12-01,,,,
446781,2012-12-01,,,,
446780,2012-12-01,,,,
446783,2012-12-01,,,,
446777,2012-12-01,,,,
446782,2012-12-01,,,,
446778,2012-12-01,,,,
446779,2012-12-01,,,,
446784,2012-12-01,,,,
193584,2012-12-01,,,,
446785,2012-12-02,,,,
446786,2012-12-02,,,,
193585,2012-12-02,,,,
193586,2012-12-03,,,,
446787,2012-12-07,,,,
446788,2012-12-08,,,,
193589,2012-12-08,,,,
193587,2012-12-08,,,,
193592,2012-12-08,,,,
193588,2012-12-08,,,,
193591,2012-12-08,,,,
193590,2012-12-08,,,,
446789,2012-12-08,,,,
446792,2012-12-08,,,,
446790,2012-12-08,,,,
446796,2012-12-08,,,,
446797,2012-12-08,,,,
446793,2012-12-08,,,,
446794,2012-12-08,,,,
446795,2012-12-08,,,,
446791,2012-12-08,,,,
446798,2012-12-08,,,,
193593,2012-12-09,,,,
193594,2012-12-09,,,,
193595,2012-12-09,,,,
193596,2012-12-10,,,,
193456,2012-12-11,,,,
446799,2012-12-15,,,,
193597,2012-12-15,,,,
193599,2012-12-15,,,,
193598,2012-12-15,,,,
193600,2012-12-15,,,,
193601,2012-12-15,,,,
193602,2012-12-15,,,,
446801,2012-12-15,,,,
446803,2012-12-15,,,,
446802,2012-12-15,,,,
446805,2012-12-15,,,,
446808,2012-12-15,,,,
446800,2012-12-15,,,,
446809,2012-12-15,,,,
446807,2012-12-15,,,,
446804,2012-12-15,,,,
446806,2012-12-15,,,,
446810,2012-12-15,,,,
193603,2012-12-16,,,,
193604,2012-12-16,,,,
193605,2012-12-17,,,,
446823,2012-12-18,,,,
446812,2012-12-21,,,,
446811,2012-12-21,,,,
193607,2012-12-22,,,,
193609,2012-12-22,,,,
193610,2012-12-22,,,,
193611,2012-12-22,,,,
193613,2012-12-22,,,,
193608,2012-12-22,,,,
193612,2012-12-22,,,,
446817,2012-12-22,,,,
446819,2012-12-22,,,,
446820,2012-12-22,,,,
446815,2012-12-22,,,,
446816,2012-12-22,,,,
446814,2012-12-22,,,,
446818,2012-12-22,,,,
446813,2012-12-22,,,,
446821,2012-12-22,,,,
193614,2012-12-22,,,,
193615,2012-12-23,,,,
193616,2012-12-23,,,,
446824,2012-12-26,,,,
446825,2012-12-26,,,,
193619,2012-12-26,,,,
193618,2012-12-26,,,,
193617,2012-12-26,,,,
193621,2012-12-26,,,,
193620,2012-12-26,,,,
193622,2012-12-26,,,,
446827,2012-12-26,,,,
446828,2012-12-26,,,,
446833,2012-12-26,,,,
446830,2012-12-26,,,,
446829,2012-12-26,,,,
446826,2012-12-26,,,,
446831,2012-12-26,,,,
446832,2012-12-26,,,,
193623,2012-12-26,,,,
193624,2012-12-26,,,,
193625,2012-12-26,,,,
446836,2012-12-29,,,,
446835,2012-12-29,,,,
193627,2012-12-29,,,,
193630,2012-12-29,,,,
193629,2012-12-29,,,,
193632,2012-12-29,,,,
193628,2012-12-29,,,,
193631,2012-12-29,,,,
193633,2012-12-29,,,,
446841,2012-12-29,,,,
446838,2012-12-29,,,,
446839,2012-12-29,,,,
446837,2012-12-29,,,,
446843,2012-12-29,,,,
446840,2012-12-29,,,,
446844,2012-12-29,,,,
446845,2012-12-29,,,,
446842,2012-12-29,,,,
446846,2012-12-29,,,,
193634,2012-12-29,,,,
193635,2012-12-30,,,,
193636,2012-12-30,,,,
193637,2013-01-01,,,,
446847,2013-01-01,,,,
193640,2013-01-01,,,,
193641,2013-01-01,,,,
193638,2013-01-01,,,,
193642,2013-01-01,,,,
193639,2013-01-01,,,,
446857,2013-01-01,,,,
446849,2013-01-01,,,,
446856,2013-01-01,,,,
446850,2013-01-01,,,,
446854,2013-01-01,,,,
446853,2013-01-01,,,,
446848,2013-01-01,,,,
446851,2013-01-01,,,,
446855,2013-01-01,,,,
446858,2013-01-01,,,,
446852,2013-01-01,,,,
193643,2013-01-01,,,,
193645,2013-01-02,,,,
193644,2013-01-02,,,,
193646,2013-01-02,,,,
446859,2013-01-11,,,,
193647,2013-01-12,,,,
193650,2013-01-12,,,,
193649,2013-01-12,,,,
193652,2013-01-12,,,,
193648,2013-01-12,,,,
193651,2013-01-12,,,,
193653,2013-01-12,,,,
193654,2013-01-12,,,,
446868,2013-01-12,,,,
446865,2013-01-12,,,,
446869,2013-01-12,,,,
446864,2013-01-12,,,,
446867,2013-01-12,,,,
446862,2013-01-12,,,,
446861,2013-01-12,,,,
446860,2013-01-12,,,,
446866,2013-01-12,,,,
446863,2013-01-12,,,,
446870,2013-01-12,,,,
193655,2013-01-13,,,,
193656,2013-01-13,,,,
193606,2013-01-16,,,,
446871,2013-01-18,,,,
446872,2013-01-19,,,,
193659,2013-01-19,,,,
193657,2013-01-19,,,,
193661,2013-01-19,,,,
193658,2013-01-19,,,,
193662,2013-01-19,,,,
193660,2013-01-19,,,,
446873,2013-01-19,,,,
446881,2013-01-19,,,,
446880,2013-01-19,,,,
446879,2013-01-19,,,,
446874,2013-01-19,,,,
446875,2013-01-19,,,,
446878,2013-01-19,,,,
446876,2013-01-19,,,,
446877,2013-01-19,,,,
446882,2013-01-19,,,,
193663,2013-01-19,,,,
193664,2013-01-20,,,,
193665,2013-01-20,,,,
193666,2013-01-21,,,,
446822,2013-01-22,,,,
193626,2013-01-23,,,,
446885,2013-01-26,,,,
446883,2013-01-26,,,,
446884,2013-01-26,,,,
446886,2013-01-26,,,,
446887,2013-01-26,,,,
193667,2013-01-29,,,,
193668,2013-01-29,,,,
193669,2013-01-29,,,,
193670,2013-01-29,,,,
446834,2013-01-29,,,,
446888,2013-01-29,,,,
193671,2013-01-30,,,,
193673,2013-01-30,,,,
193672,2013-01-30,,,,
446889,2013-01-30,,,,
193674,2013-01-30,,,,
193676,2013-01-30,,,,
193675,2013-01-30,,,,
446895,2013-01-31,,,,
193677,2013-02-02,,,,
193680,2013-02-02,,,,
193678,2013-02-02,,,,
193679,2013-02-02,,,,
193682,2013-02-02,,,,
193681,2013-02-02,,,,
193683,2013-02-02,,,,
446896,2013-02-02,,,,
446897,2013-02-02,,,,
446900,2013-02-02,,,,
446904,2013-02-02,,,,
446902,2013-02-02,,,,
446901,2013-02-02,,,,
446906,2013-02-02,,,,
446898,2013-02-02,,,,
446899,2013-02-02,,,,
446903,2013-02-02,,,,
446905,2013-02-02,,,,
193684,2013-02-02,,,,
193685,2013-02-03,,,,
193686,2013-02-03,,,,
446907,2013-02-08,,,,
193687,2013-02-09,,,,
193688,2013-02-09,,,,
193689,2013-02-09,,,,
193690,2013-02-09,,,,
193692,2013-02-09,,,,
193691,2013-02-09,,,,
446917,2013-02-09,,,,
446910,2013-02-09,,,,
446915,2013-02-09,,,,
446914,2013-02-09,,,,
446908,2013-02-09,,,,
446912,2013-02-09,,,,
446916,2013-02-09,,,,
446913,2013-02-09,,,,
446909,2013-02-09,,,,
446911,2013-02-09,,,,
446918,2013-02-09,,,,
193693,2013-02-09,,,,
193694,2013-02-10,,,,
193695,2013-02-10,,,,
193696,2013-02-11,,,,
446890,2013-02-12,,,,
446892,2013-02-12,,,,
446891,2013-02-12,,,,
446919,2013-02-16,,,,
446921,2013-02-16,,,,
446925,2013-02-16,,,,
446923,2013-02-16,,,,
446922,2013-02-16,,,,
446920,2013-02-16,,,,
446924,2013-02-16,,,,
193697,2013-02-17,,,,
446934,2013-02-19,,,,
446932,2013-02-19,,,,
446933,2013-02-19,,,,
446937,2013-02-19,,,,
446939,2013-02-19,,,,
446940,2013-02-19,,,,
446931,2013-02-19,,,,
446936,2013-02-19,,,,
446935,2013-02-19,,,,
446938,2013-02-19,,,,
446941,2013-02-19,,,,
446942,2013-02-20,,,,
193698,2013-02-23,,,,
193699,2013-02-23,,,,
193702,2013-02-23,,,,
193703,2013-02-23,,,,
193700,2013-02-23,,,,
193701,2013-02-23,,,,
446944,2013-02-23,,,,
446943,2013-02-23,,,,
446949,2013-02-23,,,,
446947,2013-02-23,,,,
446945,2013-02-23,,,,
446951,2013-02-23,,,,
446950,2013-02-23,,,,
446952,2013-02-23,,,,
446948,2013-02-23,,,,
446946,2013-02-23,,,,
446953,2013-02-23,,,,
193705,2013-02-24,,,,
193704,2013-02-24,,,,
446954,2013-02-24,,,,
193706,2013-02-25,,,,
446927,2013-02-26,,,,
446926,2013-02-26,,,,
446893,2013-02-26,,,,
446955,2013-03-01,,,,
446956,2013-03-01,,,,
446957,2013-03-02,,,,
193709,2013-03-02,,,,
193710,2013-03-02,,,,
193708,2013-03-02,,,,
193707,2013-03-02,,,,
193711,2013-03-02,,,,
193713,2013-03-02,,,,
193712,2013-03-02,,,,
446965,2013-03-02,,,,
446963,2013-03-02,,,,
446961,2013-03-02,,,,
446962,2013-03-02,,,,
446959,2013-03-02,,,,
446960,2013-03-02,,,,
446958,2013-03-02,,,,
446964,2013-03-02,,,,
446966,2013-03-02,,,,
193714,2013-03-02,,,,
193715,2013-03-03,,,,
193716,2013-03-04,,,,
446967,2013-03-05,,,,
446972,2013-03-05,,,,
446975,2013-03-05,,,,
446973,2013-03-05,,,,
446976,2013-03-05,,,,
446969,2013-03-05,,,,
446971,2013-03-05,,,,
446968,2013-03-05,,,,
446974,2013-03-05,,,,
446970,2013-03-05,,,,
446977,2013-03-05,,,,
446978,2013-03-05,,,,
193719,2013-03-09,,,,
193720,2013-03-09,,,,
193717,2013-03-09,,,,
193718,2013-03-09,,,,
446984,2013-03-09,,,,
446985,2013-03-09,,,,
446987,2013-03-09,,,,
446980,2013-03-09,,,,
446982,2013-03-09,,,,
446979,2013-03-09,,,,
446986,2013-03-09,,,,
446983,2013-03-09,,,,
446981,2013-03-09,,,,
193721,2013-03-10,,,,
193722,2013-03-10,,,,
446988,2013-03-11,,,,
446894,2013-03-12,,,,
446929,2013-03-12,,,,
446928,2013-03-12,,,,
446991,2013-03-16,,,,
446992,2013-03-16,,,,
193727,2013-03-16,,,,
193729,2013-03-16,,,,
193728,2013-03-16,,,,
193730,2013-03-16,,,,
193731,2013-03-16,,,,
446999,2013-03-16,,,,
446997,2013-03-16,,,,
446998,2013-03-16,,,,
446996,2013-03-16,,,,
446993,2013-03-16,,,,
446995,2013-03-16,,,,
446994,2013-03-16,,,,
447000,2013-03-16,,,,
193732,2013-03-16,,,,
447001,2013-03-17,,,,
447002,2013-03-17,,,,
193733,2013-03-17,,,,
193734,2013-03-17,,,,
193735,2013-03-17,,,,
193736,2013-03-17,,,,
447003,2013-03-29,,,,
447004,2013-03-29,,,,
447005,2013-03-29,,,,
447007,2013-03-29,,,,
447006,2013-03-29,,,,
193737,2013-03-30,,,,
193740,2013-03-30,,,,
193738,2013-03-30,,,,
193742,2013-03-30,,,,
193739,2013-03-30,,,,
193743,2013-03-30,,,,
193741,2013-03-30,,,,
447008,2013-03-30,,,,
447009,2013-03-30,,,,
447012,2013-03-30,,,,
447010,2013-03-30,,,,
447011,2013-03-30,,,,
447013,2013-03-30,,,,
447014,2013-03-30,,,,
193744,2013-03-30,,,,
193745,2013-03-31,,,,
447021,2013-04-01,,,,
447019,2013-04-01,,,,
447017,2013-04-01,,,,
447020,2013-04-01,,,,
447015,2013-04-01,,,,
447016,2013-04-01,,,,
447018,2013-04-01,,,,
447022,2013-04-01,,,,
193746,2013-04-01,,,,
447024,2013-04-02,,,,
447025,2013-04-02,,,,
447023,2013-04-02,,,,
447026,2013-04-02,,,,
193747,2013-04-06,,,,
193750,2013-04-06,,,,
193748,2013-04-06,,,,
193749,2013-04-06,,,,
447027,2013-04-06,,,,
447035,2013-04-06,,,,
447031,2013-04-06,,,,
447033,2013-04-06,,,,
447037,2013-04-06,,,,
447032,2013-04-06,,,,
447028,2013-04-06,,,,
447036,2013-04-06,,,,
447029,2013-04-06,,,,
447034,2013-04-06,,,,
447030,2013-04-06,,,,
447038,2013-04-06,,,,
193751,2013-04-07,,,,
193752,2013-04-07,,,,
193754,2013-04-07,,,,
193753,2013-04-07,,,,
193755,2013-04-07,,,,
193756,2013-04-08,,,,
446989,2013-04-09,,,,
446930,2013-04-09,,,,
447039,2013-04-12,,,,
447040,2013-04-13,,,,
193761,2013-04-13,,,,
193757,2013-04-13,,,,
193759,2013-04-13,,,,
193760,2013-04-13,,,,
193758,2013-04-13,,,,
447048,2013-04-13,,,,
447041,2013-04-13,,,,
447044,2013-04-13,,,,
447045,2013-04-13,,,,
447043,2013-04-13,,,,
447046,2013-04-13,,,,
447049,2013-04-13,,,,
447042,2013-04-13,,,,
447047,2013-04-13,,,,
193762,2013-04-14,,,,
193763,2013-04-14,,,,
193723,2013-04-16,,,,
447059,2013-04-16,,,,
447053,2013-04-16,,,,
447060,2013-04-16,,,,
447052,2013-04-16,,,,
447058,2013-04-16,,,,
447054,2013-04-16,,,,
447057,2013-04-16,,,,
447061,2013-04-16,,,,
447051,2013-04-16,,,,
447056,2013-04-16,,,,
447055,2013-04-16,,,,
447062,2013-04-16,,,,
193725,2013-04-17,,,,
193724,2013-04-17,,,,
193726,2013-04-17,,,,
447063,2013-04-19,,,,
447064,2013-04-20,,,,
447065,2013-04-20,,,,
193767,2013-04-20,,,,
193773,2013-04-20,,,,
193772,2013-04-20,,,,
193768,2013-04-20,,,,
193769,2013-04-20,,,,
193771,2013-04-20,,,,
193770,2013-04-20,,,,
447066,2013-04-20,,,,
447073,2013-04-20,,,,
447069,2013-04-20,,,,
447070,2013-04-20,,,,
447067,2013-04-20,,,,
447068,2013-04-20,,,,
447072,2013-04-20,,,,
447071,2013-04-20,,,,
447074,2013-04-20,,,,
193774,2013-04-21,,,,
193775,2013-04-21,,,,
193776,2013-04-22,,,,
446990,2013-04-23,,,,
447075,2013-04-26,,,,
193777,2013-04-27,,,,
193779,2013-04-27,,,,
193778,2013-04-27,,,,
193781,2013-04-27,,,,
193780,2013-04-27,,,,
447078,2013-04-27,,,,
447079,2013-04-27,,,,
447081,2013-04-27,,,,
447080,2013-04-27,,,,
447077,2013-04-27,,,,
447084,2013-04-27,,,,
447076,2013-04-27,,,,
447083,2013-04-27,,,,
447085,2013-04-27,,,,
447082,2013-04-27,,,,
447086,2013-04-27,,,,
193782,2013-04-27,,,,
193783,2013-04-28,,,,
193784,2013-04-28,,,,
193785,2013-04-28,,,,
193786,2013-04-29,,,,
447050,2013-04-30,,,,
447091,2013-05-04,,,,
447088,2013-05-04,,,,
447087,2013-05-04,,,,
447095,2013-05-04,,,,
447097,2013-05-04,,,,
447098,2013-05-04,,,,
447094,2013-05-04,,,,
447089,2013-05-04,,,,
447092,2013-05-04,,,,
447096,2013-05-04,,,,
447090,2013-05-04,,,,
447093,2013-05-04,,,,
193787,2013-05-04,,,,
193791,2013-05-04,,,,
193790,2013-05-04,,,,
193788,2013-05-04,,,,
193789,2013-05-04,,,,
193792,2013-05-04,,,,
193793,2013-05-04,,,,
193794,2013-05-05,,,,
193795,2013-05-05,,,,
193796,2013-05-06,,,,
193764,2013-05-07,,,,
193765,2013-05-07,,,,
193766,2013-05-08,,,,
446543,2013-05-09,,,,
446545,2013-05-10,,,,
193797,2013-05-11,,,,
446544,2013-05-12,,,,
193798,2013-05-12,,,,
193800,2013-05-12,,,,
193799,2013-05-12,,,,
193801,2013-05-12,,,,
193802,2013-05-12,,,,
193803,2013-05-12,,,,
193804,2013-05-12,,,,
446546,2013-05-13,,,,
193805,2013-05-14,,,,
193806,2013-05-14,,,,
193810,2013-05-19,,,,
193808,2013-05-19,,,,
193811,2013-05-19,,,,
193813,2013-05-19,,,,
193815,2013-05-19,,,,
193807,2013-05-19,,,,
193809,2013-05-19,,,,
193814,2013-05-19,,,,
193816,2013-05-19,,,,
193812,2013-05-19,,,,
445990,2013-08-03,,,,
445991,2013-08-03,,,,
446000,2013-08-03,,,,
445993,2013-08-03,,,,
445997,2013-08-03,,,,
445995,2013-08-03,,,,
445998,2013-08-03,,,,
445996,2013-08-03,,,,
445999,2013-08-03,,,,
445992,2013-08-03,,,,
445994,2013-08-03,,,,
446001,2013-08-04,,,,
446007,2013-08-10,,,,
446010,2013-08-10,,,,
446005,2013-08-10,,,,
446008,2013-08-10,,,,
446002,2013-08-10,,,,
446004,2013-08-10,,,,
446009,2013-08-10,,,,
446006,2013-08-10,,,,
446003,2013-08-10,,,,
446011,2013-08-10,,,,
446012,2013-08-11,,,,
446014,2013-08-16,,,,
446015,2013-08-17,,,,
193057,2013-08-17,,,,
193058,2013-08-17,,,,
193062,2013-08-17,,,,
193061,2013-08-17,,,,
193059,2013-08-17,,,,
193060,2013-08-17,,,,
446023,2013-08-17,,,,
446020,2013-08-17,,,,
446024,2013-08-17,,,,
446021,2013-08-17,,,,
446025,2013-08-17,,,,
446019,2013-08-17,,,,
446016,2013-08-17,,,,
446022,2013-08-17,,,,
446017,2013-08-17,,,,
446018,2013-08-17,,,,
193063,2013-08-17,,,,
193064,2013-08-18,,,,
193065,2013-08-18,,,,
193066,2013-08-19,,,,
446013,2013-08-20,,,,
193077,2013-08-21,,,,
446026,2013-08-24,,,,
193067,2013-08-24,,,,
193070,2013-08-24,,,,
193071,2013-08-24,,,,
193068,2013-08-24,,,,
193069,2013-08-24,,,,
193072,2013-08-24,,,,
446027,2013-08-24,,,,
446032,2013-08-24,,,,
446031,2013-08-24,,,,
446030,2013-08-24,,,,
446029,2013-08-24,,,,
446034,2013-08-24,,,,
446033,2013-08-24,,,,
446028,2013-08-24,,,,
193073,2013-08-24,,,,
446035,2013-08-25,,,,
446036,2013-08-25,,,,
193074,2013-08-25,,,,
193075,2013-08-25,,,,
193076,2013-08-26,,,,
446038,2013-08-31,,,,
193078,2013-08-31,,,,
193080,2013-08-31,,,,
193079,2013-08-31,,,,
193082,2013-08-31,,,,
193081,2013-08-31,,,,
446044,2013-08-31,,,,
446039,2013-08-31,,,,
446048,2013-08-31,,,,
446042,2013-08-31,,,,
446047,2013-08-31,,,,
446043,2013-08-31,,,,
446045,2013-08-31,,,,
446041,2013-08-31,,,,
446040,2013-08-31,,,,
446049,2013-08-31,,,,
446046,2013-08-31,,,,
193083,2013-08-31,,,,
193084,2013-09-01,,,,
193085,2013-09-01,,,,
193086,2013-09-01,,,,
446050,2013-09-14,,,,
193087,2013-09-14,,,,
193089,2013-09-14,,,,
193093,2013-09-14,,,,
193090,2013-09-14,,,,
193088,2013-09-14,,,,
193091,2013-09-14,,,,
193092,2013-09-14,,,,
446053,2013-09-14,,,,
446059,2013-09-14,,,,
446060,2013-09-14,,,,
446054,2013-09-14,,,,
446052,2013-09-14,,,,
446057,2013-09-14,,,,
446055,2013-09-14,,,,
446051,2013-09-14,,,,
446058,2013-09-14,,,,
446056,2013-09-14,,,,
193094,2013-09-14,,,,
446061,2013-09-15,,,,
193095,2013-09-15,,,,
193096,2013-09-16,,,,
446068,2013-09-17,,,,
446062,2013-09-17,,,,
446067,2013-09-17,,,,
446066,2013-09-17,,,,
446069,2013-09-17,,,,
446064,2013-09-17,,,,
446065,2013-09-17,,,,
446063,2013-09-17,,,,
446070,2013-09-17,,,,
446071,2013-09-18,,,,
446072,2013-09-18,,,,
446074,2013-09-21,,,,
193097,2013-09-21,,,,
193099,2013-09-21,,,,
193098,2013-09-21,,,,
193101,2013-09-21,,,,
193100,2013-09-21,,,,
446081,2013-09-21,,,,
446078,2013-09-21,,,,
446082,2013-09-21,,,,
446075,2013-09-21,,,,
446079,2013-09-21,,,,
446077,2013-09-21,,,,
446083,2013-09-21,,,,
446080,2013-09-21,,,,
446076,2013-09-21,,,,
446084,2013-09-21,,,,
193102,2013-09-21,,,,
193103,2013-09-22,,,,
193104,2013-09-22,,,,
446085,2013-09-22,,,,
193105,2013-09-22,,,,
193106,2013-09-22,,,,
446086,2013-09-27,,,,
446087,2013-09-28,,,,
193107,2013-09-28,,,,
193111,2013-09-28,,,,
193109,2013-09-28,,,,
193112,2013-09-28,,,,
193110,2013-09-28,,,,
193108,2013-09-28,,,,
446090,2013-09-28,,,,
446088,2013-09-28,,,,
446096,2013-09-28,,,,
446094,2013-09-28,,,,
446091,2013-09-28,,,,
446092,2013-09-28,,,,
446093,2013-09-28,,,,
446089,2013-09-28,,,,
446097,2013-09-28,,,,
446095,2013-09-28,,,,
193113,2013-09-28,,,,
193114,2013-09-29,,,,
193115,2013-09-29,,,,
193116,2013-09-30,,,,
446104,2013-10-01,,,,
446103,2013-10-01,,,,
446100,2013-10-01,,,,
446106,2013-10-01,,,,
446105,2013-10-01,,,,
446102,2013-10-01,,,,
446101,2013-10-01,,,,
446099,2013-10-01,,,,
446107,2013-10-01,,,,
446098,2013-10-01,,,,
446108,2013-10-01,,,,
446110,2013-10-05,,,,
193117,2013-10-05,,,,
193119,2013-10-05,,,,
193121,2013-10-05,,,,
193118,2013-10-05,,,,
193120,2013-10-05,,,,
446117,2013-10-05,,,,
446113,2013-10-05,,,,
446112,2013-10-05,,,,
446115,2013-10-05,,,,
446118,2013-10-05,,,,
446111,2013-10-05,,,,
446119,2013-10-05,,,,
446116,2013-10-05,,,,
446114,2013-10-05,,,,
193122,2013-10-05,,,,
446120,2013-10-05,,,,
193124,2013-10-06,,,,
193123,2013-10-06,,,,
446121,2013-10-06,,,,
193125,2013-10-06,,,,
193126,2013-10-06,,,,
446122,2013-10-19,,,,
193127,2013-10-19,,,,
193131,2013-10-19,,,,
193128,2013-10-19,,,,
193130,2013-10-19,,,,
193129,2013-10-19,,,,
193132,2013-10-19,,,,
193133,2013-10-19,,,,
446126,2013-10-19,,,,
446129,2013-10-19,,,,
446123,2013-10-19,,,,
446131,2013-10-19,,,,
446132,2013-10-19,,,,
446124,2013-10-19,,,,
446127,2013-10-19,,,,
446125,2013-10-19,,,,
446128,2013-10-19,,,,
446130,2013-10-19,,,,
193134,2013-10-19,,,,
446133,2013-10-20,,,,
193135,2013-10-20,,,,
193136,2013-10-21,,,,
446134,2013-10-25,,,,
446135,2013-10-26,,,,
446136,2013-10-26,,,,
193137,2013-10-26,,,,
193140,2013-10-26,,,,
193139,2013-10-26,,,,
193138,2013-10-26,,,,
193141,2013-10-26,,,,
446140,2013-10-26,,,,
446143,2013-10-26,,,,
446142,2013-10-26,,,,
446138,2013-10-26,,,,
446139,2013-10-26,,,,
446137,2013-10-26,,,,
446141,2013-10-26,,,,
193142,2013-10-26,,,,
193143,2013-10-27,,,,
446144,2013-10-27,,,,
193146,2013-10-27,,,,
193144,2013-10-27,,,,
193145,2013-10-27,,,,
446145,2013-10-28,,,,
446109,2013-10-30,,,,
446146,2013-11-01,,,,
446147,2013-11-02,,,,
193147,2013-11-02,,,,
193148,2013-11-02,,,,
193153,2013-11-02,,,,
193150,2013-11-02,,,,
193152,2013-11-02,,,,
193149,2013-11-02,,,,
193151,2013-11-02,,,,
446154,2013-11-02,,,,
446148,2013-11-02,,,,
446156,2013-11-02,,,,
446155,2013-11-02,,,,
446153,2013-11-02,,,,
446157,2013-11-02,,,,
446151,2013-11-02,,,,
446152,2013-11-02,,,,
446150,2013-11-02,,,,
446149,2013-11-02,,,,
193154,2013-11-02,,,,
193155,2013-11-03,,,,
193156,2013-11-03,,,,
446158,2013-11-09,,,,
193160,2013-11-09,,,,
193161,2013-11-09,,,,
193158,2013-11-09,,,,
193159,2013-11-09,,,,
193157,2013-11-09,,,,
446162,2013-11-09,,,,
446165,2013-11-09,,,,
446159,2013-11-09,,,,
446163,2013-11-09,,,,
446167,2013-11-09,,,,
446161,2013-11-09,,,,
446160,2013-11-09,,,,
446166,2013-11-09,,,,
446164,2013-11-09,,,,
446168,2013-11-09,,,,
193162,2013-11-09,,,,
193163,2013-11-10,,,,
193164,2013-11-10,,,,
446169,2013-11-10,,,,
193165,2013-11-10,,,,
193166,2013-11-10,,,,
446170,2013-11-22,,,,
446171,2013-11-23,,,,
193167,2013-11-23,,,,
193170,2013-11-23,,,,
193168,2013-11-23,,,,
193169,2013-11-23,,,,
193171,2013-11-23,,,,
446175,2013-11-23,,,,
446177,2013-11-23,,,,
446180,2013-11-23,,,,
446174,2013-11-23,,,,
446172,2013-11-23,,,,
446179,2013-11-23,,,,
446178,2013-11-23,,,,
446181,2013-11-23,,,,
446173,2013-11-23,,,,
446176,2013-11-23,,,,
193172,2013-11-23,,,,
193173,2013-11-23,,,,
193174,2013-11-24,,,,
193175,2013-11-24,,,,
193176,2013-11-25,,,,
446037,2013-11-26,,,,
446182,2013-11-29,,,,
446183,2013-11-30,,,,
193178,2013-11-30,,,,
193179,2013-11-30,,,,
193181,2013-11-30,,,,
193177,2013-11-30,,,,
193180,2013-11-30,,,,
446185,2013-11-30,,,,
446189,2013-11-30,,,,
446192,2013-11-30,,,,
446184,2013-11-30,,,,
446186,2013-11-30,,,,
446190,2013-11-30,,,,
446187,2013-11-30,,,,
446188,2013-11-30,,,,
446191,2013-11-30,,,,
193182,2013-11-30,,,,
193183,2013-12-01,,,,
193184,2013-12-01,,,,
446193,2013-12-01,,,,
193185,2013-12-01,,,,
193186,2013-12-01,,,,
446201,2013-12-03,,,,
446195,2013-12-03,,,,
446197,2013-12-03,,,,
446196,2013-12-03,,,,
446199,2013-12-03,,,,
446198,2013-12-03,,,,
446194,2013-12-03,,,,
446200,2013-12-03,,,,
193187,2013-12-03,,,,
446203,2013-12-03,,,,
446202,2013-12-03,,,,
193190,2013-12-04,,,,
193189,2013-12-04,,,,
193191,2013-12-04,,,,
193188,2013-12-04,,,,
193192,2013-12-04,,,,
193194,2013-12-04,,,,
193193,2013-12-04,,,,
446205,2013-12-04,,,,
446204,2013-12-04,,,,
193195,2013-12-04,,,,
193196,2013-12-04,,,,
446206,2013-12-07,,,,
193197,2013-12-07,,,,
193199,2013-12-07,,,,
193200,2013-12-07,,,,
193198,2013-12-07,,,,
193202,2013-12-07,,,,
193201,2013-12-07,,,,
446214,2013-12-07,,,,
446207,2013-12-07,,,,
446211,2013-12-07,,,,
446208,2013-12-07,,,,
446212,2013-12-07,,,,
446216,2013-12-07,,,,
446210,2013-12-07,,,,
446209,2013-12-07,,,,
446217,2013-12-07,,,,
446215,2013-12-07,,,,
446213,2013-12-07,,,,
193203,2013-12-07,,,,
193204,2013-12-08,,,,
193205,2013-12-08,,,,
193206,2013-12-09,,,,
446218,2013-12-14,,,,
193207,2013-12-14,,,,
193211,2013-12-14,,,,
193208,2013-12-14,,,,
193210,2013-12-14,,,,
193212,2013-12-14,,,,
193209,2013-12-14,,,,
446221,2013-12-14,,,,
446228,2013-12-14,,,,
446224,2013-12-14,,,,
446225,2013-12-14,,,,
446220,2013-12-14,,,,
446223,2013-12-14,,,,
446222,2013-12-14,,,,
446219,2013-12-14,,,,
446227,2013-12-14,,,,
446226,2013-12-14,,,,
193213,2013-12-14,,,,
193214,2013-12-15,,,,
193215,2013-12-15,,,,
446229,2013-12-15,,,,
193216,2013-12-15,,,,
446230,2013-12-21,,,,
193217,2013-12-21,,,,
193220,2013-12-21,,,,
193219,2013-12-21,,,,
193218,2013-12-21,,,,
193223,2013-12-21,,,,
193221,2013-12-21,,,,
193222,2013-12-21,,,,
446238,2013-12-21,,,,
446233,2013-12-21,,,,
446239,2013-12-21,,,,
446235,2013-12-21,,,,
446240,2013-12-21,,,,
446234,2013-12-21,,,,
446237,2013-12-21,,,,
446231,2013-12-21,,,,
446232,2013-12-21,,,,
446236,2013-12-21,,,,
446241,2013-12-21,,,,
193224,2013-12-22,,,,
193225,2013-12-22,,,,
193226,2013-12-23,,,,
446242,2013-12-26,,,,
193227,2013-12-26,,,,
446243,2013-12-26,,,,
193232,2013-12-26,,,,
193229,2013-12-26,,,,
193231,2013-12-26,,,,
193234,2013-12-26,,,,
193235,2013-12-26,,,,
193230,2013-12-26,,,,
193228,2013-12-26,,,,
193233,2013-12-26,,,,
446248,2013-12-26,,,,
446249,2013-12-26,,,,
446244,2013-12-26,,,,
446250,2013-12-26,,,,
446246,2013-12-26,,,,
446245,2013-12-26,,,,
446247,2013-12-26,,,,
446251,2013-12-26,,,,
446252,2013-12-26,,,,
193236,2013-12-26,,,,
446253,2013-12-26,,,,
193237,2013-12-28,,,,
193240,2013-12-28,,,,
193239,2013-12-28,,,,
193238,2013-12-28,,,,
193241,2013-12-28,,,,
193242,2013-12-28,,,,
193244,2013-12-29,,,,
193243,2013-12-29,,,,
446256,2013-12-29,,,,
446265,2013-12-29,,,,
446261,2013-12-29,,,,
446254,2013-12-29,,,,
446263,2013-12-29,,,,
446257,2013-12-29,,,,
446262,2013-12-29,,,,
446259,2013-12-29,,,,
446255,2013-12-29,,,,
446258,2013-12-29,,,,
446260,2013-12-29,,,,
446264,2013-12-29,,,,
193246,2013-12-29,,,,
193245,2013-12-29,,,,
193247,2014-01-01,,,,
193250,2014-01-01,,,,
193251,2014-01-01,,,,
193252,2014-01-01,,,,
193248,2014-01-01,,,,
193249,2014-01-01,,,,
193255,2014-01-01,,,,
193253,2014-01-01,,,,
193254,2014-01-01,,,,
446270,2014-01-01,,,,
446273,2014-01-01,,,,
446274,2014-01-01,,,,
446268,2014-01-01,,,,
446266,2014-01-01,,,,
446272,2014-01-01,,,,
446276,2014-01-01,,,,
446275,2014-01-01,,,,
446269,2014-01-01,,,,
446271,2014-01-01,,,,
446267,2014-01-01,,,,
193256,2014-01-01,,,,
446278,2014-01-10,,,,
446279,2014-01-11,,,,
193257,2014-01-11,,,,
193260,2014-01-11,,,,
193261,2014-01-11,,,,
193258,2014-01-11,,,,
193259,2014-01-11,,,,
193262,2014-01-11,,,,
446285,2014-01-11,,,,
446282,2014-01-11,,,,
446283,2014-01-11,,,,
446287,2014-01-11,,,,
446288,2014-01-11,,,,
446286,2014-01-11,,,,
446281,2014-01-11,,,,
446284,2014-01-11,,,,
446280,2014-01-11,,,,
193263,2014-01-11,,,,
193264,2014-01-12,,,,
193265,2014-01-12,,,,
193266,2014-01-13,,,,
446290,2014-01-18,,,,
193267,2014-01-18,,,,
193268,2014-01-18,,,,
193272,2014-01-18,,,,
193270,2014-01-18,,,,
193269,2014-01-18,,,,
193271,2014-01-18,,,,
446298,2014-01-18,,,,
446291,2014-01-18,,,,
446300,2014-01-18,,,,
446301,2014-01-18,,,,
446292,2014-01-18,,,,
446293,2014-01-18,,,,
446294,2014-01-18,,,,
446299,2014-01-18,,,,
446296,2014-01-18,,,,
446295,2014-01-18,,,,
446297,2014-01-18,,,,
193273,2014-01-18,,,,
193274,2014-01-19,,,,
193275,2014-01-19,,,,
193276,2014-01-20,,,,
446305,2014-01-25,,,,
446302,2014-01-25,,,,
446304,2014-01-25,,,,
446303,2014-01-25,,,,
193277,2014-01-28,,,,
193279,2014-01-28,,,,
193278,2014-01-28,,,,
193280,2014-01-28,,,,
446315,2014-01-28,,,,
446317,2014-01-28,,,,
446322,2014-01-28,,,,
446319,2014-01-28,,,,
446321,2014-01-28,,,,
446314,2014-01-28,,,,
446320,2014-01-28,,,,
446316,2014-01-28,,,,
446323,2014-01-28,,,,
446318,2014-01-28,,,,
193282,2014-01-28,,,,
193281,2014-01-28,,,,
446324,2014-01-28,,,,
193286,2014-01-29,,,,
193285,2014-01-29,,,,
193283,2014-01-29,,,,
193284,2014-01-29,,,,
446325,2014-01-30,,,,
446326,2014-02-01,,,,
193287,2014-02-01,,,,
193288,2014-02-01,,,,
193291,2014-02-01,,,,
193289,2014-02-01,,,,
193290,2014-02-01,,,,
193292,2014-02-01,,,,
193293,2014-02-01,,,,
446327,2014-02-01,,,,
446334,2014-02-01,,,,
446331,2014-02-01,,,,
446330,2014-02-01,,,,
446332,2014-02-01,,,,
446329,2014-02-01,,,,
446333,2014-02-01,,,,
446335,2014-02-01,,,,
446328,2014-02-01,,,,
193294,2014-02-02,,,,
446336,2014-02-02,,,,
446337,2014-02-02,,,,
193295,2014-02-02,,,,
193296,2014-02-03,,,,
446338,2014-02-08,,,,
193297,2014-02-08,,,,
193302,2014-02-08,,,,
193299,2014-02-08,,,,
193300,2014-02-08,,,,
193298,2014-02-08,,,,
193301,2014-02-08,,,,
193303,2014-02-08,,,,
446342,2014-02-08,,,,
446344,2014-02-08,,,,
446348,2014-02-08,,,,
446346,2014-02-08,,,,
446345,2014-02-08,,,,
446340,2014-02-08,,,,
446347,2014-02-08,,,,
446341,2014-02-08,,,,
446343,2014-02-08,,,,
446339,2014-02-08,,,,
193304,2014-02-08,,,,
193305,2014-02-09,,,,
193306,2014-02-09,,,,
446349,2014-02-10,,,,
193307,2014-02-11,,,,
193309,2014-02-11,,,,
193308,2014-02-11,,,,
446306,2014-02-11,,,,
446308,2014-02-11,,,,
446307,2014-02-11,,,,
446073,2014-02-11,,,,
446309,2014-02-11,,,,
193310,2014-02-11,,,,
446310,2014-02-11,,,,
193312,2014-02-12,,,,
193311,2014-02-12,,,,
193314,2014-02-12,,,,
193313,2014-02-12,,,,
446353,2014-02-15,,,,
446355,2014-02-15,,,,
446350,2014-02-15,,,,
446352,2014-02-15,,,,
446354,2014-02-15,,,,
446351,2014-02-15,,,,
446356,2014-02-16,,,,
446311,2014-02-18,,,,
446357,2014-02-18,,,,
446277,2014-02-18,,,,
446358,2014-02-19,,,,
446362,2014-02-22,,,,
193317,2014-02-22,,,,
193318,2014-02-22,,,,
193319,2014-02-22,,,,
193322,2014-02-22,,,,
193320,2014-02-22,,,,
193321,2014-02-22,,,,
446372,2014-02-22,,,,
446363,2014-02-22,,,,
446366,2014-02-22,,,,
446367,2014-02-22,,,,
446368,2014-02-22,,,,
446364,2014-02-22,,,,
446365,2014-02-22,,,,
446370,2014-02-22,,,,
446371,2014-02-22,,,,
446373,2014-02-22,,,,
446369,2014-02-22,,,,
193323,2014-02-22,,,,
193325,2014-02-23,,,,
193324,2014-02-23,,,,
193326,2014-02-23,,,,
446374,2014-03-01,,,,
193328,2014-03-01,,,,
193327,2014-03-01,,,,
193329,2014-03-01,,,,
193330,2014-03-01,,,,
446380,2014-03-01,,,,
446381,2014-03-01,,,,
446376,2014-03-01,,,,
446378,2014-03-01,,,,
446385,2014-03-01,,,,
446375,2014-03-01,,,,
446384,2014-03-01,,,,
446379,2014-03-01,,,,
446377,2014-03-01,,,,
446382,2014-03-01,,,,
446383,2014-03-01,,,,
193331,2014-03-01,,,,
193334,2014-03-02,,,,
193332,2014-03-02,,,,
193333,2014-03-02,,,,
193337,2014-03-08,,,,
193338,2014-03-08,,,,
193339,2014-03-08,,,,
193340,2014-03-08,,,,
446389,2014-03-08,,,,
446391,2014-03-08,,,,
446386,2014-03-08,,,,
446392,2014-03-08,,,,
446387,2014-03-08,,,,
446388,2014-03-08,,,,
446394,2014-03-08,,,,
446393,2014-03-08,,,,
446390,2014-03-08,,,,
193341,2014-03-08,,,,
446395,2014-03-09,,,,
446398,2014-03-11,,,,
446403,2014-03-11,,,,
446399,2014-03-11,,,,
446402,2014-03-11,,,,
446401,2014-03-11,,,,
446400,2014-03-11,,,,
446404,2014-03-11,,,,
446405,2014-03-11,,,,
446409,2014-03-12,,,,
446408,2014-03-12,,,,
446406,2014-03-12,,,,
446407,2014-03-12,,,,
193347,2014-03-15,,,,
193349,2014-03-15,,,,
193350,2014-03-15,,,,
193348,2014-03-15,,,,
193351,2014-03-15,,,,
193353,2014-03-15,,,,
193352,2014-03-15,,,,
446413,2014-03-15,,,,
446414,2014-03-15,,,,
446416,2014-03-15,,,,
446410,2014-03-15,,,,
446417,2014-03-15,,,,
446411,2014-03-15,,,,
446418,2014-03-15,,,,
446412,2014-03-15,,,,
446415,2014-03-15,,,,
446421,2014-03-15,,,,
446420,2014-03-15,,,,
446419,2014-03-15,,,,
193354,2014-03-15,,,,
193355,2014-03-16,,,,
193356,2014-03-16,,,,
446359,2014-03-18,,,,
446312,2014-03-18,,,,
446313,2014-03-18,,,,
446422,2014-03-22,,,,
193357,2014-03-22,,,,
193362,2014-03-22,,,,
193358,2014-03-22,,,,
193359,2014-03-22,,,,
193361,2014-03-22,,,,
193360,2014-03-22,,,,
193363,2014-03-22,,,,
446433,2014-03-22,,,,
446431,2014-03-22,,,,
446424,2014-03-22,,,,
446428,2014-03-22,,,,
446429,2014-03-22,,,,
446423,2014-03-22,,,,
446427,2014-03-22,,,,
446425,2014-03-22,,,,
446430,2014-03-22,,,,
446426,2014-03-22,,,,
446432,2014-03-22,,,,
193364,2014-03-22,,,,
193365,2014-03-23,,,,
193366,2014-03-23,,,,
193335,2014-03-25,,,,
193343,2014-03-25,,,,
193342,2014-03-25,,,,
446440,2014-03-25,,,,
446438,2014-03-25,,,,
446439,2014-03-25,,,,
446441,2014-03-25,,,,
446436,2014-03-25,,,,
446435,2014-03-25,,,,
446443,2014-03-25,,,,
446437,2014-03-25,,,,
446442,2014-03-25,,,,
446434,2014-03-25,,,,
446444,2014-03-25,,,,
446445,2014-03-25,,,,
193344,2014-03-26,,,,
193345,2014-03-26,,,,
446446,2014-03-29,,,,
193367,2014-03-29,,,,
193369,2014-03-29,,,,
193368,2014-03-29,,,,
193372,2014-03-29,,,,
193370,2014-03-29,,,,
193371,2014-03-29,,,,
446448,2014-03-29,,,,
446451,2014-03-29,,,,
446450,2014-03-29,,,,
446457,2014-03-29,,,,
446453,2014-03-29,,,,
446447,2014-03-29,,,,
446455,2014-03-29,,,,
446456,2014-03-29,,,,
446454,2014-03-29,,,,
446452,2014-03-29,,,,
446449,2014-03-29,,,,
193373,2014-03-29,,,,
193374,2014-03-30,,,,
193375,2014-03-30,,,,
193376,2014-03-31,,,,
446396,2014-04-01,,,,
446361,2014-04-01,,,,
446360,2014-04-01,,,,
446458,2014-04-04,,,,
446459,2014-04-05,,,,
193377,2014-04-05,,,,
193381,2014-04-05,,,,
193379,2014-04-05,,,,
193380,2014-04-05,,,,
193378,2014-04-05,,,,
193382,2014-04-05,,,,
446462,2014-04-05,,,,
446461,2014-04-05,,,,
446466,2014-04-05,,,,
446463,2014-04-05,,,,
446465,2014-04-05,,,,
446469,2014-04-05,,,,
446464,2014-04-05,,,,
446468,2014-04-05,,,,
446460,2014-04-05,,,,
446467,2014-04-05,,,,
193383,2014-04-05,,,,
193384,2014-04-06,,,,
193385,2014-04-06,,,,
193386,2014-04-07,,,,
446475,2014-04-08,,,,
446476,2014-04-08,,,,
446480,2014-04-08,,,,
446471,2014-04-08,,,,
446472,2014-04-08,,,,
446473,2014-04-08,,,,
446474,2014-04-08,,,,
446470,2014-04-08,,,,
446478,2014-04-08,,,,
446477,2014-04-08,,,,
446479,2014-04-08,,,,
446481,2014-04-08,,,,
446482,2014-04-12,,,,
193388,2014-04-12,,,,
193389,2014-04-12,,,,
193387,2014-04-12,,,,
193392,2014-04-12,,,,
193390,2014-04-12,,,,
193391,2014-04-12,,,,
446484,2014-04-12,,,,
446483,2014-04-12,,,,
446486,2014-04-12,,,,
446490,2014-04-12,,,,
446489,2014-04-12,,,,
446488,2014-04-12,,,,
446491,2014-04-12,,,,
446485,2014-04-12,,,,
446487,2014-04-12,,,,
193393,2014-04-13,,,,
193394,2014-04-13,,,,
446492,2014-04-14,,,,
193395,2014-04-15,,,,
446289,2014-04-15,,,,
193315,2014-04-16,,,,
193316,2014-04-16,,,,
446496,2014-04-18,,,,
446494,2014-04-18,,,,
446497,2014-04-18,,,,
446495,2014-04-18,,,,
446498,2014-04-18,,,,
446499,2014-04-18,,,,
446500,2014-04-18,,,,
446501,2014-04-19,,,,
193397,2014-04-19,,,,
193400,2014-04-19,,,,
193399,2014-04-19,,,,
193401,2014-04-19,,,,
193398,2014-04-19,,,,
446502,2014-04-19,,,,
446503,2014-04-19,,,,
446504,2014-04-19,,,,
446505,2014-04-19,,,,
193402,2014-04-19,,,,
193403,2014-04-20,,,,
193404,2014-04-20,,,,
193405,2014-04-20,,,,
446512,2014-04-21,,,,
446511,2014-04-21,,,,
446510,2014-04-21,,,,
446509,2014-04-21,,,,
446513,2014-04-21,,,,
446508,2014-04-21,,,,
446514,2014-04-21,,,,
446507,2014-04-21,,,,
446506,2014-04-21,,,,
446515,2014-04-21,,,,
193406,2014-04-21,,,,
446516,2014-04-22,,,,
446517,2014-04-22,,,,
446518,2014-04-25,,,,
446519,2014-04-26,,,,
193407,2014-04-26,,,,
193408,2014-04-26,,,,
193411,2014-04-26,,,,
193409,2014-04-26,,,,
193410,2014-04-26,,,,
446521,2014-04-26,,,,
446524,2014-04-26,,,,
446529,2014-04-26,,,,
446527,2014-04-26,,,,
446528,2014-04-26,,,,
446526,2014-04-26,,,,
446525,2014-04-26,,,,
446520,2014-04-26,,,,
446523,2014-04-26,,,,
446522,2014-04-26,,,,
193412,2014-04-26,,,,
193413,2014-04-27,,,,
193414,2014-04-27,,,,
193415,2014-04-27,,,,
193416,2014-04-28,,,,
446493,2014-04-29,,,,
446397,2014-04-29,,,,
446534,2014-05-03,,,,
446536,2014-05-03,,,,
446532,2014-05-03,,,,
446538,2014-05-03,,,,
446541,2014-05-03,,,,
446535,2014-05-03,,,,
446530,2014-05-03,,,,
446533,2014-05-03,,,,
446531,2014-05-03,,,,
446537,2014-05-03,,,,
446540,2014-05-03,,,,
446539,2014-05-03,,,,
193417,2014-05-03,,,,
193419,2014-05-03,,,,
193420,2014-05-03,,,,
193418,2014-05-03,,,,
193421,2014-05-03,,,,
193422,2014-05-03,,,,
193423,2014-05-03,,,,
193424,2014-05-04,,,,
193425,2014-05-04,,,,
193426,2014-05-05,,,,
193396,2014-05-06,,,,
193346,2014-05-07,,,,
193336,2014-05-07,,,,
445986,2014-05-08,,,,
445988,2014-05-09,,,,
193428,2014-05-11,,,,
193430,2014-05-11,,,,
193433,2014-05-11,,,,
193427,2014-05-11,,,,
193435,2014-05-11,,,,
193431,2014-05-11,,,,
193436,2014-05-11,,,,
193429,2014-05-11,,,,
193432,2014-05-11,,,,
193434,2014-05-11,,,,
445987,2014-05-11,,,,
445985,2014-05-24,,,,
445433,2014-08-08,,,,
445437,2014-08-09,,,,
445441,2014-08-09,,,,
445435,2014-08-09,,,,
445434,2014-08-09,,,,
445439,2014-08-09,,,,
445442,2014-08-09,,,,
445440,2014-08-09,,,,
445436,2014-08-09,,,,
445438,2014-08-09,,,,
445443,2014-08-09,,,,
445444,2014-08-10,,,,
445445,2014-08-16,,,,
192677,2014-08-16,,,,
192678,2014-08-16,,,,
192682,2014-08-16,,,,
192681,2014-08-16,,,,
192679,2014-08-16,,,,
192680,2014-08-16,,,,
445446,2014-08-16,,,,
445452,2014-08-16,,,,
445450,2014-08-16,,,,
445454,2014-08-16,,,,
445447,2014-08-16,,,,
445449,2014-08-16,,,,
445453,2014-08-16,,,,
445455,2014-08-16,,,,
445456,2014-08-16,,,,
445451,2014-08-16,,,,
445448,2014-08-16,,,,
192683,2014-08-16,,,,
192684,2014-08-17,,,,
192685,2014-08-17,,,,
192686,2014-08-18,,,,
445457,2014-08-19,,,,
445460,2014-08-19,,,,
445458,2014-08-19,,,,
445462,2014-08-19,,,,
445463,2014-08-19,,,,
445464,2014-08-19,,,,
445465,2014-08-19,,,,
445461,2014-08-19,,,,
445459,2014-08-19,,,,
445467,2014-08-19,,,,
445466,2014-08-19,,,,
445468,2014-08-20,,,,
445469,2014-08-23,,,,
192687,2014-08-23,,,,
192690,2014-08-23,,,,
192688,2014-08-23,,,,
192689,2014-08-23,,,,
192691,2014-08-23,,,,
445474,2014-08-23,,,,
445478,2014-08-23,,,,
445480,2014-08-23,,,,
445472,2014-08-23,,,,
445471,2014-08-23,,,,
445476,2014-08-23,,,,
445479,2014-08-23,,,,
445477,2014-08-23,,,,
445470,2014-08-23,,,,
445473,2014-08-23,,,,
445475,2014-08-23,,,,
192692,2014-08-23,,,,
192694,2014-08-24,,,,
192693,2014-08-24,,,,
192695,2014-08-24,,,,
192696,2014-08-25,,,,
445481,2014-08-30,,,,
192697,2014-08-30,,,,
192699,2014-08-30,,,,
192702,2014-08-30,,,,
192698,2014-08-30,,,,
192700,2014-08-30,,,,
192701,2014-08-30,,,,
445484,2014-08-30,,,,
445490,2014-08-30,,,,
445492,2014-08-30,,,,
445482,2014-08-30,,,,
445487,2014-08-30,,,,
445491,2014-08-30,,,,
445485,2014-08-30,,,,
445483,2014-08-30,,,,
445486,2014-08-30,,,,
445488,2014-08-30,,,,
445489,2014-08-30,,,,
192703,2014-08-30,,,,
192705,2014-08-31,,,,
192704,2014-08-31,,,,
192706,2014-08-31,,,,
445493,2014-09-13,,,,
192707,2014-09-13,,,,
192710,2014-09-13,,,,
192708,2014-09-13,,,,
192709,2014-09-13,,,,
192713,2014-09-13,,,,
192711,2014-09-13,,,,
192712,2014-09-13,,,,
445494,2014-09-13,,,,
445501,2014-09-13,,,,
445499,2014-09-13,,,,
445503,2014-09-13,,,,
445498,2014-09-13,,,,
445502,2014-09-13,,,,
445495,2014-09-13,,,,
445497,2014-09-13,,,,
445500,2014-09-13,,,,
445496,2014-09-13,,,,
192714,2014-09-13,,,,
445504,2014-09-14,,,,
192715,2014-09-14,,,,
192716,2014-09-15,,,,
445505,2014-09-16,,,,
445511,2014-09-16,,,,
445509,2014-09-16,,,,
445506,2014-09-16,,,,
445508,2014-09-16,,,,
445512,2014-09-16,,,,
445510,2014-09-16,,,,
445507,2014-09-16,,,,
445514,2014-09-16,,,,
445513,2014-09-16,,,,
445516,2014-09-17,,,,
445515,2014-09-17,,,,
445517,2014-09-20,,,,
192717,2014-09-20,,,,
192720,2014-09-20,,,,
192719,2014-09-20,,,,
192718,2014-09-20,,,,
192721,2014-09-20,,,,
445520,2014-09-20,,,,
445527,2014-09-20,,,,
445518,2014-09-20,,,,
445523,2014-09-20,,,,
445521,2014-09-20,,,,
445519,2014-09-20,,,,
445522,2014-09-20,,,,
445524,2014-09-20,,,,
445525,2014-09-20,,,,
445526,2014-09-20,,,,
192722,2014-09-20,,,,
192723,2014-09-21,,,,
192724,2014-09-21,,,,
192725,2014-09-21,,,,
192726,2014-09-21,,,,
445528,2014-09-22,,,,
192727,2014-09-27,,,,
192731,2014-09-27,,,,
192732,2014-09-27,,,,
192728,2014-09-27,,,,
192729,2014-09-27,,,,
192730,2014-09-27,,,,
192733,2014-09-27,,,,
445529,2014-09-27,,,,
445537,2014-09-27,,,,
445535,2014-09-27,,,,
445530,2014-09-27,,,,
445534,2014-09-27,,,,
445538,2014-09-27,,,,
445539,2014-09-27,,,,
445531,2014-09-27,,,,
445533,2014-09-27,,,,
445536,2014-09-27,,,,
445532,2014-09-27,,,,
192734,2014-09-27,,,,
445540,2014-09-28,,,,
192735,2014-09-28,,,,
192736,2014-09-29,,,,
445548,2014-09-30,,,,
445541,2014-09-30,,,,
445544,2014-09-30,,,,
445549,2014-09-30,,,,
445542,2014-09-30,,,,
445543,2014-09-30,,,,
445545,2014-09-30,,,,
445546,2014-09-30,,,,
445547,2014-09-30,,,,
445551,2014-10-01,,,,
445550,2014-10-01,,,,
445552,2014-10-01,,,,
445553,2014-10-03,,,,
445554,2014-10-04,,,,
192739,2014-10-04,,,,
192738,2014-10-04,,,,
192737,2014-10-04,,,,
192741,2014-10-04,,,,
192740,2014-10-04,,,,
445562,2014-10-04,,,,
445563,2014-10-04,,,,
445557,2014-10-04,,,,
445555,2014-10-04,,,,
445556,2014-10-04,,,,
445559,2014-10-04,,,,
445560,2014-10-04,,,,
445561,2014-10-04,,,,
445558,2014-10-04,,,,
192742,2014-10-04,,,,
192743,2014-10-05,,,,
192744,2014-10-05,,,,
192745,2014-10-05,,,,
445564,2014-10-05,,,,
192746,2014-10-05,,,,
445565,2014-10-17,,,,
445566,2014-10-18,,,,
192747,2014-10-18,,,,
192752,2014-10-18,,,,
192748,2014-10-18,,,,
192749,2014-10-18,,,,
192751,2014-10-18,,,,
192750,2014-10-18,,,,
445567,2014-10-18,,,,
445570,2014-10-18,,,,
445571,2014-10-18,,,,
445569,2014-10-18,,,,
445574,2014-10-18,,,,
445568,2014-10-18,,,,
445572,2014-10-18,,,,
445573,2014-10-18,,,,
445576,2014-10-18,,,,
445575,2014-10-18,,,,
192753,2014-10-18,,,,
192754,2014-10-19,,,,
192755,2014-10-19,,,,
192756,2014-10-20,,,,
445577,2014-10-21,,,,
445583,2014-10-21,,,,
445586,2014-10-21,,,,
445588,2014-10-21,,,,
445581,2014-10-21,,,,
445580,2014-10-21,,,,
445587,2014-10-21,,,,
445578,2014-10-21,,,,
445584,2014-10-21,,,,
445585,2014-10-21,,,,
445582,2014-10-21,,,,
445579,2014-10-21,,,,
445589,2014-10-24,,,,
445590,2014-10-25,,,,
192757,2014-10-25,,,,
192758,2014-10-25,,,,
192759,2014-10-25,,,,
192761,2014-10-25,,,,
192760,2014-10-25,,,,
445593,2014-10-25,,,,
445599,2014-10-25,,,,
445591,2014-10-25,,,,
445595,2014-10-25,,,,
445596,2014-10-25,,,,
445598,2014-10-25,,,,
445592,2014-10-25,,,,
445594,2014-10-25,,,,
445597,2014-10-25,,,,
445600,2014-10-25,,,,
192762,2014-10-25,,,,
192763,2014-10-26,,,,
192764,2014-10-26,,,,
192765,2014-10-26,,,,
192766,2014-10-27,,,,
445601,2014-10-31,,,,
445602,2014-11-01,,,,
192767,2014-11-01,,,,
192768,2014-11-01,,,,
192770,2014-11-01,,,,
192772,2014-11-01,,,,
192769,2014-11-01,,,,
192771,2014-11-01,,,,
192773,2014-11-01,,,,
445608,2014-11-01,,,,
445610,2014-11-01,,,,
445606,2014-11-01,,,,
445605,2014-11-01,,,,
445611,2014-11-01,,,,
445603,2014-11-01,,,,
445609,2014-11-01,,,,
445607,2014-11-01,,,,
445604,2014-11-01,,,,
445612,2014-11-01,,,,
192774,2014-11-02,,,,
192775,2014-11-02,,,,
192776,2014-11-03,,,,
445614,2014-11-04,,,,
445613,2014-11-04,,,,
445616,2014-11-04,,,,
445619,2014-11-04,,,,
445617,2014-11-04,,,,
445615,2014-11-04,,,,
445618,2014-11-04,,,,
445620,2014-11-04,,,,
445622,2014-11-04,,,,
445621,2014-11-04,,,,
445623,2014-11-05,,,,
445624,2014-11-05,,,,
445625,2014-11-07,,,,
445626,2014-11-08,,,,
192777,2014-11-08,,,,
192779,2014-11-08,,,,
192780,2014-11-08,,,,
192778,2014-11-08,,,,
192781,2014-11-08,,,,
445629,2014-11-08,,,,
445628,2014-11-08,,,,
445635,2014-11-08,,,,
445627,2014-11-08,,,,
445630,2014-11-08,,,,
445633,2014-11-08,,,,
445631,2014-11-08,,,,
445634,2014-11-08,,,,
445632,2014-11-08,,,,
445636,2014-11-08,,,,
192782,2014-11-08,,,,
192784,2014-11-09,,,,
192785,2014-11-09,,,,
192783,2014-11-09,,,,
192786,2014-11-09,,,,
445638,2014-11-21,,,,
445637,2014-11-21,,,,
445639,2014-11-22,,,,
192791,2014-11-22,,,,
192788,2014-11-22,,,,
192789,2014-11-22,,,,
192787,2014-11-22,,,,
192790,2014-11-22,,,,
192792,2014-11-22,,,,
445640,2014-11-22,,,,
445646,2014-11-22,,,,
445648,2014-11-22,,,,
445647,2014-11-22,,,,
445641,2014-11-22,,,,
445644,2014-11-22,,,,
445645,2014-11-22,,,,
445643,2014-11-22,,,,
445642,2014-11-22,,,,
192793,2014-11-22,,,,
192794,2014-11-23,,,,
192795,2014-11-23,,,,
192796,2014-11-24,,,,
445649,2014-11-29,,,,
192797,2014-11-29,,,,
192800,2014-11-29,,,,
192799,2014-11-29,,,,
192798,2014-11-29,,,,
192803,2014-11-29,,,,
192801,2014-11-29,,,,
192802,2014-11-29,,,,
445650,2014-11-29,,,,
445660,2014-11-29,,,,
445654,2014-11-29,,,,
445651,2014-11-29,,,,
445653,2014-11-29,,,,
445655,2014-11-29,,,,
445652,2014-11-29,,,,
445656,2014-11-29,,,,
445657,2014-11-29,,,,
445658,2014-11-29,,,,
445659,2014-11-29,,,,
192804,2014-11-29,,,,
192805,2014-11-30,,,,
192806,2014-11-30,,,,
192809,2014-12-02,,,,
192807,2014-12-02,,,,
192808,2014-12-02,,,,
192810,2014-12-02,,,,
192811,2014-12-02,,,,
192812,2014-12-02,,,,
192813,2014-12-03,,,,
192815,2014-12-03,,,,
192814,2014-12-03,,,,
192816,2014-12-03,,,,
445661,2014-12-05,,,,
192817,2014-12-06,,,,
192819,2014-12-06,,,,
192822,2014-12-06,,,,
192818,2014-12-06,,,,
192820,2014-12-06,,,,
192821,2014-12-06,,,,
445666,2014-12-06,,,,
445672,2014-12-06,,,,
445664,2014-12-06,,,,
445670,2014-12-06,,,,
445667,2014-12-06,,,,
445668,2014-12-06,,,,
445671,2014-12-06,,,,
445669,2014-12-06,,,,
445662,2014-12-06,,,,
445665,2014-12-06,,,,
445663,2014-12-06,,,,
192823,2014-12-06,,,,
192824,2014-12-07,,,,
192825,2014-12-07,,,,
192826,2014-12-08,,,,
445673,2014-12-12,,,,
445674,2014-12-13,,,,
192827,2014-12-13,,,,
192830,2014-12-13,,,,
192828,2014-12-13,,,,
192829,2014-12-13,,,,
192832,2014-12-13,,,,
192831,2014-12-13,,,,
445675,2014-12-13,,,,
445684,2014-12-13,,,,
445676,2014-12-13,,,,
445678,2014-12-13,,,,
445680,2014-12-13,,,,
445677,2014-12-13,,,,
445681,2014-12-13,,,,
445682,2014-12-13,,,,
445683,2014-12-13,,,,
445679,2014-12-13,,,,
192833,2014-12-13,,,,
192834,2014-12-14,,,,
192835,2014-12-14,,,,
192836,2014-12-15,,,,
445685,2014-12-19,,,,
445686,2014-12-20,,,,
192837,2014-12-20,,,,
192841,2014-12-20,,,,
192842,2014-12-20,,,,
192843,2014-12-20,,,,
192839,2014-12-20,,,,
192838,2014-12-20,,,,
192840,2014-12-20,,,,
445690,2014-12-20,,,,
445691,2014-12-20,,,,
445695,2014-12-20,,,,
445689,2014-12-20,,,,
445693,2014-12-20,,,,
445692,2014-12-20,,,,
445694,2014-12-20,,,,
445687,2014-12-20,,,,
445688,2014-12-20,,,,
445696,2014-12-20,,,,
192844,2014-12-21,,,,
192845,2014-12-21,,,,
192846,2014-12-22,,,,
192847,2014-12-26,,,,
445697,2014-12-26,,,,
445698,2014-12-26,,,,
192852,2014-12-26,,,,
192848,2014-12-26,,,,
192850,2014-12-26,,,,
192851,2014-12-26,,,,
192849,2014-12-26,,,,
192855,2014-12-26,,,,
192854,2014-12-26,,,,
192853,2014-12-26,,,,
445699,2014-12-26,,,,
445702,2014-12-26,,,,
445700,2014-12-26,,,,
445703,2014-12-26,,,,
445701,2014-12-26,,,,
445704,2014-12-26,,,,
445705,2014-12-26,,,,
445706,2014-12-26,,,,
445707,2014-12-26,,,,
192856,2014-12-26,,,,
445708,2014-12-26,,,,
192857,2014-12-28,,,,
445709,2014-12-28,,,,
192858,2014-12-28,,,,
192864,2014-12-28,,,,
192861,2014-12-28,,,,
192860,2014-12-28,,,,
192859,2014-12-28,,,,
192862,2014-12-28,,,,
192863,2014-12-28,,,,
445713,2014-12-28,,,,
445716,2014-12-28,,,,
445712,2014-12-28,,,,
445715,2014-12-28,,,,
445714,2014-12-28,,,,
445710,2014-12-28,,,,
445711,2014-12-28,,,,
192865,2014-12-28,,,,
192866,2014-12-29,,,,
445717,2014-12-29,,,,
445719,2014-12-30,,,,
445720,2014-12-30,,,,
445718,2014-12-30,,,,
192867,2015-01-01,,,,
192872,2015-01-01,,,,
192870,2015-01-01,,,,
192874,2015-01-01,,,,
192875,2015-01-01,,,,
192871,2015-01-01,,,,
192869,2015-01-01,,,,
192868,2015-01-01,,,,
192873,2015-01-01,,,,
192876,2015-01-01,,,,
445721,2015-01-10,,,,
192877,2015-01-10,,,,
192878,2015-01-10,,,,
192880,2015-01-10,,,,
192881,2015-01-10,,,,
192879,2015-01-10,,,,
192883,2015-01-10,,,,
192882,2015-01-10,,,,
445722,2015-01-10,,,,
445729,2015-01-10,,,,
445727,2015-01-10,,,,
445731,2015-01-10,,,,
445723,2015-01-10,,,,
445726,2015-01-10,,,,
445730,2015-01-10,,,,
445725,2015-01-10,,,,
445728,2015-01-10,,,,
445724,2015-01-10,,,,
192884,2015-01-10,,,,
192885,2015-01-11,,,,
445732,2015-01-11,,,,
192886,2015-01-11,,,,
445733,2015-01-17,,,,
192888,2015-01-17,,,,
192889,2015-01-17,,,,
192892,2015-01-17,,,,
192887,2015-01-17,,,,
192890,2015-01-17,,,,
192891,2015-01-17,,,,
445735,2015-01-17,,,,
445742,2015-01-17,,,,
445744,2015-01-17,,,,
445734,2015-01-17,,,,
445738,2015-01-17,,,,
445743,2015-01-17,,,,
445736,2015-01-17,,,,
445737,2015-01-17,,,,
445739,2015-01-17,,,,
445740,2015-01-17,,,,
445741,2015-01-17,,,,
192893,2015-01-17,,,,
192894,2015-01-18,,,,
192895,2015-01-18,,,,
192896,2015-01-19,,,,
445745,2015-01-20,,,,
445746,2015-01-20,,,,
445748,2015-01-21,,,,
445747,2015-01-21,,,,
445750,2015-01-24,,,,
445752,2015-01-24,,,,
445751,2015-01-24,,,,
445749,2015-01-24,,,,
445754,2015-01-27,,,,
445753,2015-01-27,,,,
445755,2015-01-27,,,,
445756,2015-01-27,,,,
445757,2015-01-30,,,,
445758,2015-01-31,,,,
445759,2015-01-31,,,,
192897,2015-01-31,,,,
192900,2015-01-31,,,,
192899,2015-01-31,,,,
192898,2015-01-31,,,,
192903,2015-01-31,,,,
192901,2015-01-31,,,,
192902,2015-01-31,,,,
445764,2015-01-31,,,,
445768,2015-01-31,,,,
445760,2015-01-31,,,,
445766,2015-01-31,,,,
445767,2015-01-31,,,,
445761,2015-01-31,,,,
445763,2015-01-31,,,,
445765,2015-01-31,,,,
445762,2015-01-31,,,,
192904,2015-01-31,,,,
192905,2015-02-01,,,,
192906,2015-02-01,,,,
192907,2015-02-07,,,,
192909,2015-02-07,,,,
192910,2015-02-07,,,,
192908,2015-02-07,,,,
192911,2015-02-07,,,,
192912,2015-02-07,,,,
445771,2015-02-07,,,,
445778,2015-02-07,,,,
445780,2015-02-07,,,,
445769,2015-02-07,,,,
445774,2015-02-07,,,,
445779,2015-02-07,,,,
445772,2015-02-07,,,,
445770,2015-02-07,,,,
445773,2015-02-07,,,,
445775,2015-02-07,,,,
445776,2015-02-07,,,,
445777,2015-02-07,,,,
192913,2015-02-07,,,,
192914,2015-02-08,,,,
192915,2015-02-08,,,,
192916,2015-02-08,,,,
192917,2015-02-10,,,,
192918,2015-02-10,,,,
192919,2015-02-10,,,,
445781,2015-02-10,,,,
445788,2015-02-10,,,,
445786,2015-02-10,,,,
445782,2015-02-10,,,,
445785,2015-02-10,,,,
445789,2015-02-10,,,,
445783,2015-02-10,,,,
445787,2015-02-10,,,,
445784,2015-02-10,,,,
192920,2015-02-10,,,,
445791,2015-02-10,,,,
445790,2015-02-10,,,,
192921,2015-02-11,,,,
192922,2015-02-11,,,,
192923,2015-02-11,,,,
192924,2015-02-11,,,,
445792,2015-02-11,,,,
192925,2015-02-11,,,,
192926,2015-02-11,,,,
445793,2015-02-14,,,,
445797,2015-02-14,,,,
445798,2015-02-14,,,,
445795,2015-02-14,,,,
445799,2015-02-14,,,,
445800,2015-02-14,,,,
445796,2015-02-14,,,,
445794,2015-02-14,,,,
445801,2015-02-17,,,,
445802,2015-02-17,,,,
445803,2015-02-17,,,,
445804,2015-02-18,,,,
445805,2015-02-20,,,,
445806,2015-02-21,,,,
192928,2015-02-21,,,,
192929,2015-02-21,,,,
192930,2015-02-21,,,,
192927,2015-02-21,,,,
192932,2015-02-21,,,,
192931,2015-02-21,,,,
445811,2015-02-21,,,,
445815,2015-02-21,,,,
445816,2015-02-21,,,,
445809,2015-02-21,,,,
445808,2015-02-21,,,,
445812,2015-02-21,,,,
445813,2015-02-21,,,,
445814,2015-02-21,,,,
445807,2015-02-21,,,,
445810,2015-02-21,,,,
192933,2015-02-21,,,,
192934,2015-02-22,,,,
192935,2015-02-22,,,,
192936,2015-02-22,,,,
445821,2015-02-24,,,,
445825,2015-02-24,,,,
445827,2015-02-24,,,,
445819,2015-02-24,,,,
445818,2015-02-24,,,,
445822,2015-02-24,,,,
445824,2015-02-24,,,,
445826,2015-02-24,,,,
445817,2015-02-24,,,,
445820,2015-02-24,,,,
445823,2015-02-24,,,,
445828,2015-02-25,,,,
192937,2015-02-28,,,,
192939,2015-02-28,,,,
192940,2015-02-28,,,,
192938,2015-02-28,,,,
192942,2015-02-28,,,,
192941,2015-02-28,,,,
445834,2015-02-28,,,,
445832,2015-02-28,,,,
445836,2015-02-28,,,,
445829,2015-02-28,,,,
445835,2015-02-28,,,,
445831,2015-02-28,,,,
445837,2015-02-28,,,,
445838,2015-02-28,,,,
445833,2015-02-28,,,,
445830,2015-02-28,,,,
445839,2015-02-28,,,,
192943,2015-03-01,,,,
192944,2015-03-01,,,,
445840,2015-03-01,,,,
192949,2015-03-03,,,,
192948,2015-03-03,,,,
192947,2015-03-03,,,,
445841,2015-03-03,,,,
445847,2015-03-03,,,,
445843,2015-03-03,,,,
445842,2015-03-03,,,,
445845,2015-03-03,,,,
445846,2015-03-03,,,,
445844,2015-03-03,,,,
445848,2015-03-03,,,,
192953,2015-03-04,,,,
192955,2015-03-04,,,,
192951,2015-03-04,,,,
192952,2015-03-04,,,,
192950,2015-03-04,,,,
192954,2015-03-04,,,,
445849,2015-03-04,,,,
445850,2015-03-04,,,,
445851,2015-03-04,,,,
445852,2015-03-04,,,,
192956,2015-03-04,,,,
445853,2015-03-06,,,,
192945,2015-03-07,,,,
445857,2015-03-07,,,,
445862,2015-03-07,,,,
445855,2015-03-07,,,,
445858,2015-03-07,,,,
445859,2015-03-07,,,,
445861,2015-03-07,,,,
445860,2015-03-07,,,,
445856,2015-03-07,,,,
445854,2015-03-07,,,,
445863,2015-03-10,,,,
445864,2015-03-11,,,,
445865,2015-03-14,,,,
192957,2015-03-14,,,,
192958,2015-03-14,,,,
192959,2015-03-14,,,,
192961,2015-03-14,,,,
192960,2015-03-14,,,,
445866,2015-03-14,,,,
445876,2015-03-14,,,,
445870,2015-03-14,,,,
445867,2015-03-14,,,,
445869,2015-03-14,,,,
445872,2015-03-14,,,,
445868,2015-03-14,,,,
445873,2015-03-14,,,,
445874,2015-03-14,,,,
445875,2015-03-14,,,,
445871,2015-03-14,,,,
192962,2015-03-14,,,,
192963,2015-03-15,,,,
192965,2015-03-15,,,,
192964,2015-03-15,,,,
192966,2015-03-16,,,,
445881,2015-03-17,,,,
445885,2015-03-17,,,,
445879,2015-03-17,,,,
445882,2015-03-17,,,,
445883,2015-03-17,,,,
445884,2015-03-17,,,,
445877,2015-03-17,,,,
445880,2015-03-17,,,,
445878,2015-03-17,,,,
445886,2015-03-18,,,,
445887,2015-03-18,,,,
445889,2015-03-20,,,,
445890,2015-03-21,,,,
192967,2015-03-21,,,,
445891,2015-03-21,,,,
192969,2015-03-21,,,,
192970,2015-03-21,,,,
192972,2015-03-21,,,,
192968,2015-03-21,,,,
192971,2015-03-21,,,,
445896,2015-03-21,,,,
445899,2015-03-21,,,,
445894,2015-03-21,,,,
445900,2015-03-21,,,,
445892,2015-03-21,,,,
445897,2015-03-21,,,,
445898,2015-03-21,,,,
445895,2015-03-21,,,,
445893,2015-03-21,,,,
192973,2015-03-21,,,,
192974,2015-03-22,,,,
192975,2015-03-22,,,,
192976,2015-03-22,,,,
445903,2015-04-03,,,,
445902,2015-04-03,,,,
445901,2015-04-03,,,,
445905,2015-04-03,,,,
445906,2015-04-03,,,,
445904,2015-04-03,,,,
445907,2015-04-03,,,,
445908,2015-04-03,,,,
192977,2015-04-04,,,,
192980,2015-04-04,,,,
192978,2015-04-04,,,,
192979,2015-04-04,,,,
192982,2015-04-04,,,,
192981,2015-04-04,,,,
445911,2015-04-04,,,,
445910,2015-04-04,,,,
445909,2015-04-04,,,,
445912,2015-04-04,,,,
192983,2015-04-04,,,,
192984,2015-04-05,,,,
192985,2015-04-05,,,,
445913,2015-04-06,,,,
445914,2015-04-06,,,,
445917,2015-04-06,,,,
445916,2015-04-06,,,,
445915,2015-04-06,,,,
445920,2015-04-06,,,,
445918,2015-04-06,,,,
445919,2015-04-06,,,,
445921,2015-04-06,,,,
192986,2015-04-06,,,,
192997,2015-04-07,,,,
445923,2015-04-07,,,,
445922,2015-04-07,,,,
445925,2015-04-10,,,,
445926,2015-04-10,,,,
445927,2015-04-11,,,,
192987,2015-04-11,,,,
192988,2015-04-11,,,,
192990,2015-04-11,,,,
192992,2015-04-11,,,,
192991,2015-04-11,,,,
192989,2015-04-11,,,,
445935,2015-04-11,,,,
445928,2015-04-11,,,,
445930,2015-04-11,,,,
445933,2015-04-11,,,,
445931,2015-04-11,,,,
445934,2015-04-11,,,,
445929,2015-04-11,,,,
445932,2015-04-11,,,,
445936,2015-04-11,,,,
192993,2015-04-11,,,,
192994,2015-04-12,,,,
192995,2015-04-12,,,,
192996,2015-04-13,,,,
445938,2015-04-14,,,,
445937,2015-04-14,,,,
445940,2015-04-14,,,,
445943,2015-04-14,,,,
445941,2015-04-14,,,,
445939,2015-04-14,,,,
445942,2015-04-14,,,,
445944,2015-04-14,,,,
445946,2015-04-14,,,,
445945,2015-04-14,,,,
445947,2015-04-15,,,,
445948,2015-04-15,,,,
445949,2015-04-17,,,,
445950,2015-04-18,,,,
192999,2015-04-18,,,,
193000,2015-04-18,,,,
192998,2015-04-18,,,,
193001,2015-04-18,,,,
445951,2015-04-18,,,,
445957,2015-04-18,,,,
445958,2015-04-18,,,,
445955,2015-04-18,,,,
445954,2015-04-18,,,,
445959,2015-04-18,,,,
445952,2015-04-18,,,,
445956,2015-04-18,,,,
445953,2015-04-18,,,,
193002,2015-04-18,,,,
193003,2015-04-19,,,,
193004,2015-04-19,,,,
445924,2015-04-21,,,,
445888,2015-04-22,,,,
445961,2015-04-25,,,,
445962,2015-04-25,,,,
193007,2015-04-25,,,,
193010,2015-04-25,,,,
193008,2015-04-25,,,,
193009,2015-04-25,,,,
193013,2015-04-25,,,,
193011,2015-04-25,,,,
193012,2015-04-25,,,,
445965,2015-04-25,,,,
445966,2015-04-25,,,,
445964,2015-04-25,,,,
445969,2015-04-25,,,,
445963,2015-04-25,,,,
445967,2015-04-25,,,,
445968,2015-04-25,,,,
445971,2015-04-25,,,,
445970,2015-04-25,,,,
193014,2015-04-25,,,,
193015,2015-04-26,,,,
193016,2015-04-26,,,,
445972,2015-04-27,,,,
193005,2015-04-28,,,,
445960,2015-04-28,,,,
192946,2015-04-29,,,,
445983,2015-05-02,,,,
445984,2015-05-02,,,,
445976,2015-05-02,,,,
445979,2015-05-02,,,,
445982,2015-05-02,,,,
445973,2015-05-02,,,,
445975,2015-05-02,,,,
445978,2015-05-02,,,,
445980,2015-05-02,,,,
445981,2015-05-02,,,,
445977,2015-05-02,,,,
445974,2015-05-02,,,,
193017,2015-05-02,,,,
193019,2015-05-02,,,,
193022,2015-05-02,,,,
193018,2015-05-02,,,,
193021,2015-05-02,,,,
193020,2015-05-02,,,,
193023,2015-05-02,,,,
193024,2015-05-03,,,,
193025,2015-05-03,,,,
193026,2015-05-04,,,,
445429,2015-05-08,,,,
445431,2015-05-09,,,,
193027,2015-05-09,,,,
193031,2015-05-09,,,,
193030,2015-05-09,,,,
193029,2015-05-09,,,,
193028,2015-05-09,,,,
193032,2015-05-09,,,,
193033,2015-05-09,,,,
193034,2015-05-10,,,,
193035,2015-05-10,,,,
193036,2015-05-11,,,,
445430,2015-05-15,,,,
445432,2015-05-16,,,,
193037,2015-05-16,,,,
193038,2015-05-16,,,,
193041,2015-05-16,,,,
193042,2015-05-16,,,,
193039,2015-05-16,,,,
193040,2015-05-16,,,,
193043,2015-05-16,,,,
193044,2015-05-17,,,,
193045,2015-05-17,,,,
193046,2015-05-18,,,,
193006,2015-05-20,,,,
193055,2015-05-24,,,,
193047,2015-05-24,,,,
193051,2015-05-24,,,,
193053,2015-05-24,,,,
193049,2015-05-24,,,,
193054,2015-05-24,,,,
193050,2015-05-24,,,,
193052,2015-05-24,,,,
193048,2015-05-24,,,,
193056,2015-05-24,,,,
445428,2015-05-25,,,,
370807,2015-08-07,,,,
370808,2015-08-08,,,,
370809,2015-08-08,,,,
192297,2015-08-08,,,,
192298,2015-08-08,,,,
192301,2015-08-08,,,,
192300,2015-08-08,,,,
192299,2015-08-08,,,,
370810,2015-08-08,,,,
370813,2015-08-08,,,,
370815,2015-08-08,,,,
370811,2015-08-08,,,,
370812,2015-08-08,,,,
370816,2015-08-08,,,,
370817,2015-08-08,,,,
370814,2015-08-08,,,,
192302,2015-08-08,,,,
370818,2015-08-09,,,,
192303,2015-08-09,,,,
192304,2015-08-09,,,,
192305,2015-08-09,,,,
192306,2015-08-10,,,,
192307,2015-08-14,,,,
370819,2015-08-15,,,,
192308,2015-08-15,,,,
192313,2015-08-15,,,,
192312,2015-08-15,,,,
192309,2015-08-15,,,,
192310,2015-08-15,,,,
192311,2015-08-15,,,,
370822,2015-08-15,,,,
370823,2015-08-15,,,,
370820,2015-08-15,,,,
370824,2015-08-15,,,,
370827,2015-08-15,,,,
370821,2015-08-15,,,,
370825,2015-08-15,,,,
370826,2015-08-15,,,,
370828,2015-08-15,,,,
370829,2015-08-16,,,,
192314,2015-08-16,,,,
370830,2015-08-16,,,,
192315,2015-08-16,,,,
192316,2015-08-17,,,,
370833,2015-08-18,,,,
370834,2015-08-18,,,,
370836,2015-08-18,,,,
370831,2015-08-18,,,,
370832,2015-08-18,,,,
370837,2015-08-18,,,,
370835,2015-08-18,,,,
370841,2015-08-19,,,,
370838,2015-08-19,,,,
370839,2015-08-19,,,,
370840,2015-08-19,,,,
370843,2015-08-21,,,,
370844,2015-08-22,,,,
192317,2015-08-22,,,,
192322,2015-08-22,,,,
192319,2015-08-22,,,,
192318,2015-08-22,,,,
192320,2015-08-22,,,,
192321,2015-08-22,,,,
370848,2015-08-22,,,,
370846,2015-08-22,,,,
370852,2015-08-22,,,,
370850,2015-08-22,,,,
370845,2015-08-22,,,,
370849,2015-08-22,,,,
370851,2015-08-22,,,,
370847,2015-08-22,,,,
370853,2015-08-22,,,,
370854,2015-08-22,,,,
192323,2015-08-23,,,,
192325,2015-08-23,,,,
192324,2015-08-23,,,,
192326,2015-08-24,,,,
370855,2015-08-28,,,,
370856,2015-08-29,,,,
192327,2015-08-29,,,,
192329,2015-08-29,,,,
192333,2015-08-29,,,,
192328,2015-08-29,,,,
192331,2015-08-29,,,,
192330,2015-08-29,,,,
192332,2015-08-29,,,,
370859,2015-08-29,,,,
370866,2015-08-29,,,,
370857,2015-08-29,,,,
370858,2015-08-29,,,,
370861,2015-08-29,,,,
370860,2015-08-29,,,,
370863,2015-08-29,,,,
370864,2015-08-29,,,,
370865,2015-08-29,,,,
370862,2015-08-29,,,,
192334,2015-08-29,,,,
192335,2015-08-30,,,,
192336,2015-08-30,,,,
370867,2015-09-11,,,,
370868,2015-09-12,,,,
192337,2015-09-12,,,,
192342,2015-09-12,,,,
192341,2015-09-12,,,,
192339,2015-09-12,,,,
192340,2015-09-12,,,,
192338,2015-09-12,,,,
370873,2015-09-12,,,,
370872,2015-09-12,,,,
370871,2015-09-12,,,,
370869,2015-09-12,,,,
370877,2015-09-12,,,,
370875,2015-09-12,,,,
370870,2015-09-12,,,,
370876,2015-09-12,,,,
370874,2015-09-12,,,,
192343,2015-09-12,,,,
370878,2015-09-13,,,,
192344,2015-09-13,,,,
192345,2015-09-13,,,,
192346,2015-09-14,,,,
370882,2015-09-15,,,,
370881,2015-09-15,,,,
370880,2015-09-15,,,,
370879,2015-09-15,,,,
370886,2015-09-15,,,,
370884,2015-09-15,,,,
370885,2015-09-15,,,,
370883,2015-09-15,,,,
370888,2015-09-15,,,,
370887,2015-09-15,,,,
370889,2015-09-16,,,,
370891,2015-09-18,,,,
370892,2015-09-19,,,,
192347,2015-09-19,,,,
192351,2015-09-19,,,,
192350,2015-09-19,,,,
192352,2015-09-19,,,,
192349,2015-09-19,,,,
192348,2015-09-19,,,,
370896,2015-09-19,,,,
370901,2015-09-19,,,,
370894,2015-09-19,,,,
370895,2015-09-19,,,,
370897,2015-09-19,,,,
370893,2015-09-19,,,,
370899,2015-09-19,,,,
370900,2015-09-19,,,,
370898,2015-09-19,,,,
192353,2015-09-19,,,,
192354,2015-09-20,,,,
192356,2015-09-20,,,,
192355,2015-09-20,,,,
370902,2015-09-21,,,,
370903,2015-09-24,,,,
370904,2015-09-25,,,,
370905,2015-09-26,,,,
192357,2015-09-26,,,,
192362,2015-09-26,,,,
192359,2015-09-26,,,,
192363,2015-09-26,,,,
192358,2015-09-26,,,,
192361,2015-09-26,,,,
192360,2015-09-26,,,,
370910,2015-09-26,,,,
370909,2015-09-26,,,,
370906,2015-09-26,,,,
370908,2015-09-26,,,,
370912,2015-09-26,,,,
370913,2015-09-26,,,,
370911,2015-09-26,,,,
370907,2015-09-26,,,,
192364,2015-09-26,,,,
370914,2015-09-27,,,,
192365,2015-09-27,,,,
192366,2015-09-28,,,,
370890,2015-09-29,,,,
370842,2015-09-29,,,,
370915,2015-10-02,,,,
370916,2015-10-03,,,,
192367,2015-10-03,,,,
192371,2015-10-03,,,,
192369,2015-10-03,,,,
192370,2015-10-03,,,,
192368,2015-10-03,,,,
192372,2015-10-03,,,,
370918,2015-10-03,,,,
370924,2015-10-03,,,,
370919,2015-10-03,,,,
370921,2015-10-03,,,,
370922,2015-10-03,,,,
370917,2015-10-03,,,,
370920,2015-10-03,,,,
370923,2015-10-03,,,,
370925,2015-10-03,,,,
192373,2015-10-03,,,,
370926,2015-10-04,,,,
192374,2015-10-04,,,,
192375,2015-10-04,,,,
192376,2015-10-04,,,,
370927,2015-10-16,,,,
370928,2015-10-17,,,,
192377,2015-10-17,,,,
192380,2015-10-17,,,,
192381,2015-10-17,,,,
192378,2015-10-17,,,,
192379,2015-10-17,,,,
192383,2015-10-17,,,,
192382,2015-10-17,,,,
370931,2015-10-17,,,,
370937,2015-10-17,,,,
370929,2015-10-17,,,,
370930,2015-10-17,,,,
370932,2015-10-17,,,,
370936,2015-10-17,,,,
370933,2015-10-17,,,,
370934,2015-10-17,,,,
370935,2015-10-17,,,,
192384,2015-10-17,,,,
370938,2015-10-18,,,,
192385,2015-10-18,,,,
192386,2015-10-19,,,,
370942,2015-10-20,,,,
370940,2015-10-20,,,,
370939,2015-10-20,,,,
370943,2015-10-20,,,,
370944,2015-10-20,,,,
370945,2015-10-20,,,,
370946,2015-10-20,,,,
370941,2015-10-20,,,,
370947,2015-10-20,,,,
370949,2015-10-21,,,,
370950,2015-10-21,,,,
370948,2015-10-21,,,,
370951,2015-10-23,,,,
370952,2015-10-24,,,,
370953,2015-10-24,,,,
192388,2015-10-24,,,,
192387,2015-10-24,,,,
192389,2015-10-24,,,,
192391,2015-10-24,,,,
192390,2015-10-24,,,,
370957,2015-10-24,,,,
370961,2015-10-24,,,,
370955,2015-10-24,,,,
370958,2015-10-24,,,,
370959,2015-10-24,,,,
370954,2015-10-24,,,,
370960,2015-10-24,,,,
370956,2015-10-24,,,,
192392,2015-10-24,,,,
192393,2015-10-25,,,,
192394,2015-10-25,,,,
192395,2015-10-25,,,,
192396,2015-10-25,,,,
370962,2015-10-26,,,,
370963,2015-10-29,,,,
370964,2015-10-30,,,,
370965,2015-10-31,,,,
192397,2015-10-31,,,,
192402,2015-10-31,,,,
192403,2015-10-31,,,,
192401,2015-10-31,,,,
192400,2015-10-31,,,,
192399,2015-10-31,,,,
192398,2015-10-31,,,,
370967,2015-10-31,,,,
370972,2015-10-31,,,,
370966,2015-10-31,,,,
370969,2015-10-31,,,,
370968,2015-10-31,,,,
370970,2015-10-31,,,,
370973,2015-10-31,,,,
370971,2015-10-31,,,,
370974,2015-10-31,,,,
192404,2015-11-01,,,,
192405,2015-11-01,,,,
192406,2015-11-02,,,,
370978,2015-11-03,,,,
370975,2015-11-03,,,,
370976,2015-11-03,,,,
370977,2015-11-03,,,,
370980,2015-11-03,,,,
370984,2015-11-03,,,,
370981,2015-11-03,,,,
370979,2015-11-03,,,,
370982,2015-11-03,,,,
370985,2015-11-03,,,,
370983,2015-11-03,,,,
370986,2015-11-03,,,,
370987,2015-11-06,,,,
370988,2015-11-07,,,,
192407,2015-11-07,,,,
192412,2015-11-07,,,,
192411,2015-11-07,,,,
192408,2015-11-07,,,,
192410,2015-11-07,,,,
192409,2015-11-07,,,,
370994,2015-11-07,,,,
370998,2015-11-07,,,,
370992,2015-11-07,,,,
370991,2015-11-07,,,,
370995,2015-11-07,,,,
370989,2015-11-07,,,,
370990,2015-11-07,,,,
370996,2015-11-07,,,,
370997,2015-11-07,,,,
370993,2015-11-07,,,,
192413,2015-11-07,,,,
192414,2015-11-08,,,,
192415,2015-11-08,,,,
192416,2015-11-08,,,,
370999,2015-11-20,,,,
371000,2015-11-21,,,,
192417,2015-11-21,,,,
192421,2015-11-21,,,,
192423,2015-11-21,,,,
192419,2015-11-21,,,,
192422,2015-11-21,,,,
192418,2015-11-21,,,,
192420,2015-11-21,,,,
371008,2015-11-21,,,,
371001,2015-11-21,,,,
371002,2015-11-21,,,,
371004,2015-11-21,,,,
371007,2015-11-21,,,,
371005,2015-11-21,,,,
371003,2015-11-21,,,,
371009,2015-11-21,,,,
371006,2015-11-21,,,,
192424,2015-11-21,,,,
371010,2015-11-22,,,,
192425,2015-11-22,,,,
192426,2015-11-23,,,,
371011,2015-11-27,,,,
371012,2015-11-28,,,,
192427,2015-11-28,,,,
192429,2015-11-28,,,,
192428,2015-11-28,,,,
192431,2015-11-28,,,,
192430,2015-11-28,,,,
371016,2015-11-28,,,,
371017,2015-11-28,,,,
371021,2015-11-28,,,,
371015,2015-11-28,,,,
371014,2015-11-28,,,,
371018,2015-11-28,,,,
371013,2015-11-28,,,,
371019,2015-11-28,,,,
371020,2015-11-28,,,,
192432,2015-11-28,,,,
192433,2015-11-29,,,,
192434,2015-11-29,,,,
192436,2015-11-29,,,,
192435,2015-11-29,,,,
371022,2015-11-30,,,,
371023,2015-12-03,,,,
371024,2015-12-04,,,,
192437,2015-12-05,,,,
192443,2015-12-05,,,,
192440,2015-12-05,,,,
192438,2015-12-05,,,,
192441,2015-12-05,,,,
192442,2015-12-05,,,,
192439,2015-12-05,,,,
371030,2015-12-05,,,,
371028,2015-12-05,,,,
371025,2015-12-05,,,,
371027,2015-12-05,,,,
371029,2015-12-05,,,,
371031,2015-12-05,,,,
371032,2015-12-05,,,,
371026,2015-12-05,,,,
371033,2015-12-05,,,,
192444,2015-12-05,,,,
371034,2015-12-06,,,,
192445,2015-12-06,,,,
192446,2015-12-07,,,,
371036,2015-12-11,,,,
371035,2015-12-11,,,,
371037,2015-12-12,,,,
192447,2015-12-12,,,,
192449,2015-12-12,,,,
192450,2015-12-12,,,,
192448,2015-12-12,,,,
192451,2015-12-12,,,,
371041,2015-12-12,,,,
371042,2015-12-12,,,,
371038,2015-12-12,,,,
371045,2015-12-12,,,,
371043,2015-12-12,,,,
371040,2015-12-12,,,,
371044,2015-12-12,,,,
371046,2015-12-12,,,,
371039,2015-12-12,,,,
192452,2015-12-12,,,,
192453,2015-12-13,,,,
192455,2015-12-13,,,,
192454,2015-12-13,,,,
371047,2015-12-14,,,,
192456,2015-12-14,,,,
371051,2015-12-15,,,,
371052,2015-12-15,,,,
371048,2015-12-15,,,,
371055,2015-12-15,,,,
371050,2015-12-15,,,,
371053,2015-12-15,,,,
371056,2015-12-15,,,,
371049,2015-12-15,,,,
371054,2015-12-15,,,,
371057,2015-12-16,,,,
371058,2015-12-17,,,,
371059,2015-12-18,,,,
371060,2015-12-19,,,,
192460,2015-12-19,,,,
192462,2015-12-19,,,,
192459,2015-12-19,,,,
192461,2015-12-19,,,,
192457,2015-12-19,,,,
192458,2015-12-19,,,,
371064,2015-12-19,,,,
371062,2015-12-19,,,,
371063,2015-12-19,,,,
371065,2015-12-19,,,,
371066,2015-12-19,,,,
371061,2015-12-19,,,,
371067,2015-12-19,,,,
192463,2015-12-19,,,,
192464,2015-12-20,,,,
371068,2015-12-20,,,,
371070,2015-12-20,,,,
371069,2015-12-20,,,,
192465,2015-12-20,,,,
192466,2015-12-21,,,,
192467,2015-12-26,,,,
371071,2015-12-26,,,,
192468,2015-12-26,,,,
192469,2015-12-26,,,,
192470,2015-12-26,,,,
192472,2015-12-26,,,,
192471,2015-12-26,,,,
192474,2015-12-26,,,,
192473,2015-12-26,,,,
371074,2015-12-26,,,,
371072,2015-12-26,,,,
371076,2015-12-26,,,,
371075,2015-12-26,,,,
371073,2015-12-26,,,,
371078,2015-12-26,,,,
371079,2015-12-26,,,,
371077,2015-12-26,,,,
371080,2015-12-26,,,,
192475,2015-12-26,,,,
192476,2015-12-26,,,,
371081,2015-12-27,,,,
371083,2015-12-28,,,,
192481,2015-12-28,,,,
192479,2015-12-28,,,,
192480,2015-12-28,,,,
192478,2015-12-28,,,,
192477,2015-12-28,,,,
371085,2015-12-28,,,,
371089,2015-12-28,,,,
371084,2015-12-28,,,,
371087,2015-12-28,,,,
371088,2015-12-28,,,,
371086,2015-12-28,,,,
371090,2015-12-28,,,,
192483,2015-12-28,,,,
192482,2015-12-28,,,,
192484,2015-12-28,,,,
192485,2015-12-29,,,,
371093,2015-12-29,,,,
371092,2015-12-29,,,,
371091,2015-12-29,,,,
371094,2015-12-29,,,,
192486,2015-12-30,,,,
371095,2016-01-01,,,,
371096,2016-01-01,,,,
192487,2016-01-02,,,,
192493,2016-01-02,,,,
192490,2016-01-02,,,,
192489,2016-01-02,,,,
192492,2016-01-02,,,,
192491,2016-01-02,,,,
192488,2016-01-02,,,,
371102,2016-01-02,,,,
371100,2016-01-02,,,,
371099,2016-01-02,,,,
371106,2016-01-02,,,,
371097,2016-01-02,,,,
371105,2016-01-02,,,,
371103,2016-01-02,,,,
371098,2016-01-02,,,,
371104,2016-01-02,,,,
371101,2016-01-02,,,,
192494,2016-01-02,,,,
192495,2016-01-03,,,,
192496,2016-01-03,,,,
192499,2016-01-12,,,,
192498,2016-01-12,,,,
192497,2016-01-12,,,,
371111,2016-01-12,,,,
371108,2016-01-12,,,,
371109,2016-01-12,,,,
371112,2016-01-12,,,,
371114,2016-01-12,,,,
371107,2016-01-12,,,,
371110,2016-01-12,,,,
371115,2016-01-12,,,,
371116,2016-01-12,,,,
371113,2016-01-12,,,,
371117,2016-01-12,,,,
192503,2016-01-13,,,,
192504,2016-01-13,,,,
192501,2016-01-13,,,,
192502,2016-01-13,,,,
192500,2016-01-13,,,,
371118,2016-01-13,,,,
192505,2016-01-13,,,,
192506,2016-01-13,,,,
371119,2016-01-15,,,,
371120,2016-01-16,,,,
192507,2016-01-16,,,,
192512,2016-01-16,,,,
192510,2016-01-16,,,,
192511,2016-01-16,,,,
192509,2016-01-16,,,,
192508,2016-01-16,,,,
371124,2016-01-16,,,,
371130,2016-01-16,,,,
371122,2016-01-16,,,,
371126,2016-01-16,,,,
371125,2016-01-16,,,,
371128,2016-01-16,,,,
371121,2016-01-16,,,,
371123,2016-01-16,,,,
371129,2016-01-16,,,,
371127,2016-01-16,,,,
192513,2016-01-16,,,,
192514,2016-01-17,,,,
192515,2016-01-17,,,,
192516,2016-01-18,,,,
371131,2016-01-23,,,,
192517,2016-01-23,,,,
192521,2016-01-23,,,,
192520,2016-01-23,,,,
192522,2016-01-23,,,,
192523,2016-01-23,,,,
192518,2016-01-23,,,,
192519,2016-01-23,,,,
371137,2016-01-23,,,,
371135,2016-01-23,,,,
371134,2016-01-23,,,,
371141,2016-01-23,,,,
371132,2016-01-23,,,,
371140,2016-01-23,,,,
371138,2016-01-23,,,,
371133,2016-01-23,,,,
371139,2016-01-23,,,,
371136,2016-01-23,,,,
192524,2016-01-23,,,,
192525,2016-01-24,,,,
192526,2016-01-24,,,,
371142,2016-01-25,,,,
371143,2016-01-26,,,,
371144,2016-01-26,,,,
371146,2016-01-30,,,,
371145,2016-01-30,,,,
371147,2016-01-30,,,,
192530,2016-02-02,,,,
192528,2016-02-02,,,,
192527,2016-02-02,,,,
192531,2016-02-02,,,,
192529,2016-02-02,,,,
371151,2016-02-02,,,,
371149,2016-02-02,,,,
371148,2016-02-02,,,,
371150,2016-02-02,,,,
192533,2016-02-02,,,,
192532,2016-02-02,,,,
192534,2016-02-02,,,,
192535,2016-02-03,,,,
192536,2016-02-03,,,,
371155,2016-02-05,,,,
192537,2016-02-06,,,,
192543,2016-02-06,,,,
192541,2016-02-06,,,,
192542,2016-02-06,,,,
192540,2016-02-06,,,,
192539,2016-02-06,,,,
192538,2016-02-06,,,,
371161,2016-02-06,,,,
371159,2016-02-06,,,,
371158,2016-02-06,,,,
371166,2016-02-06,,,,
371156,2016-02-06,,,,
371164,2016-02-06,,,,
371162,2016-02-06,,,,
371157,2016-02-06,,,,
371163,2016-02-06,,,,
371165,2016-02-06,,,,
371160,2016-02-06,,,,
192544,2016-02-06,,,,
192545,2016-02-07,,,,
192546,2016-02-07,,,,
371152,2016-02-09,,,,
371167,2016-02-13,,,,
192547,2016-02-13,,,,
192549,2016-02-13,,,,
192551,2016-02-13,,,,
192550,2016-02-13,,,,
192552,2016-02-13,,,,
192548,2016-02-13,,,,
371177,2016-02-13,,,,
371169,2016-02-13,,,,
371174,2016-02-13,,,,
371170,2016-02-13,,,,
371173,2016-02-13,,,,
371168,2016-02-13,,,,
371172,2016-02-13,,,,
371175,2016-02-13,,,,
371176,2016-02-13,,,,
371171,2016-02-13,,,,
192553,2016-02-13,,,,
192554,2016-02-14,,,,
192555,2016-02-14,,,,
192556,2016-02-14,,,,
371178,2016-02-15,,,,
371154,2016-02-16,,,,
371153,2016-02-16,,,,
371179,2016-02-20,,,,
371183,2016-02-20,,,,
371184,2016-02-20,,,,
371182,2016-02-20,,,,
371181,2016-02-20,,,,
371186,2016-02-20,,,,
371180,2016-02-20,,,,
371185,2016-02-20,,,,
371194,2016-02-23,,,,
371191,2016-02-23,,,,
371192,2016-02-23,,,,
371193,2016-02-23,,,,
371195,2016-02-23,,,,
371199,2016-02-23,,,,
371196,2016-02-23,,,,
371197,2016-02-23,,,,
371200,2016-02-23,,,,
371198,2016-02-23,,,,
371201,2016-02-23,,,,
371202,2016-02-24,,,,
371203,2016-02-26,,,,
371204,2016-02-27,,,,
192557,2016-02-27,,,,
192559,2016-02-27,,,,
192560,2016-02-27,,,,
192561,2016-02-27,,,,
192558,2016-02-27,,,,
371209,2016-02-27,,,,
371210,2016-02-27,,,,
371207,2016-02-27,,,,
371211,2016-02-27,,,,
371205,2016-02-27,,,,
371206,2016-02-27,,,,
371212,2016-02-27,,,,
371213,2016-02-27,,,,
371208,2016-02-27,,,,
192562,2016-02-27,,,,
192563,2016-02-28,,,,
192564,2016-02-28,,,,
371214,2016-02-29,,,,
192570,2016-03-01,,,,
192571,2016-03-01,,,,
192569,2016-03-01,,,,
192567,2016-03-01,,,,
192568,2016-03-01,,,,
371082,2016-03-01,,,,
192572,2016-03-02,,,,
192573,2016-03-02,,,,
192574,2016-03-02,,,,
192576,2016-03-02,,,,
192575,2016-03-02,,,,
371215,2016-03-03,,,,
371216,2016-03-04,,,,
371217,2016-03-05,,,,
371218,2016-03-05,,,,
192577,2016-03-05,,,,
192579,2016-03-05,,,,
192582,2016-03-05,,,,
192583,2016-03-05,,,,
192581,2016-03-05,,,,
192578,2016-03-05,,,,
192580,2016-03-05,,,,
371225,2016-03-05,,,,
371219,2016-03-05,,,,
371221,2016-03-05,,,,
371224,2016-03-05,,,,
371222,2016-03-05,,,,
371220,2016-03-05,,,,
371226,2016-03-05,,,,
371223,2016-03-05,,,,
192584,2016-03-05,,,,
192585,2016-03-06,,,,
192586,2016-03-06,,,,
371230,2016-03-08,,,,
371231,2016-03-08,,,,
371235,2016-03-08,,,,
371228,2016-03-08,,,,
371232,2016-03-08,,,,
371227,2016-03-08,,,,
371233,2016-03-08,,,,
371234,2016-03-08,,,,
371229,2016-03-08,,,,
371237,2016-03-08,,,,
371236,2016-03-08,,,,
371239,2016-03-12,,,,
192587,2016-03-12,,,,
192589,2016-03-12,,,,
192588,2016-03-12,,,,
371242,2016-03-12,,,,
371243,2016-03-12,,,,
371241,2016-03-12,,,,
371244,2016-03-12,,,,
371245,2016-03-12,,,,
371240,2016-03-12,,,,
371246,2016-03-12,,,,
371247,2016-03-12,,,,
371248,2016-03-13,,,,
371249,2016-03-13,,,,
192590,2016-03-13,,,,
192591,2016-03-14,,,,
371250,2016-03-15,,,,
371188,2016-03-15,,,,
371187,2016-03-15,,,,
371251,2016-03-18,,,,
371252,2016-03-19,,,,
192597,2016-03-19,,,,
192600,2016-03-19,,,,
192601,2016-03-19,,,,
192598,2016-03-19,,,,
192599,2016-03-19,,,,
371256,2016-03-19,,,,
371261,2016-03-19,,,,
371253,2016-03-19,,,,
371254,2016-03-19,,,,
371255,2016-03-19,,,,
371257,2016-03-19,,,,
371260,2016-03-19,,,,
371258,2016-03-19,,,,
371262,2016-03-19,,,,
371259,2016-03-19,,,,
192602,2016-03-19,,,,
192604,2016-03-20,,,,
192603,2016-03-20,,,,
192605,2016-03-20,,,,
192606,2016-03-20,,,,
371263,2016-04-01,,,,
371265,2016-04-02,,,,
371264,2016-04-02,,,,
192607,2016-04-02,,,,
192609,2016-04-02,,,,
192612,2016-04-02,,,,
192608,2016-04-02,,,,
192610,2016-04-02,,,,
192611,2016-04-02,,,,
192613,2016-04-02,,,,
371269,2016-04-02,,,,
371270,2016-04-02,,,,
371274,2016-04-02,,,,
371267,2016-04-02,,,,
371271,2016-04-02,,,,
371272,2016-04-02,,,,
371266,2016-04-02,,,,
371273,2016-04-02,,,,
371268,2016-04-02,,,,
192614,2016-04-02,,,,
192615,2016-04-03,,,,
192616,2016-04-03,,,,
371278,2016-04-05,,,,
371275,2016-04-05,,,,
371276,2016-04-05,,,,
371277,2016-04-05,,,,
371280,2016-04-05,,,,
371284,2016-04-05,,,,
371281,2016-04-05,,,,
371279,2016-04-05,,,,
371282,2016-04-05,,,,
371285,2016-04-05,,,,
371283,2016-04-05,,,,
371286,2016-04-05,,,,
371287,2016-04-09,,,,
192617,2016-04-09,,,,
192620,2016-04-09,,,,
192621,2016-04-09,,,,
192622,2016-04-09,,,,
192618,2016-04-09,,,,
192619,2016-04-09,,,,
371290,2016-04-09,,,,
371291,2016-04-09,,,,
371297,2016-04-09,,,,
371296,2016-04-09,,,,
371288,2016-04-09,,,,
371292,2016-04-09,,,,
371289,2016-04-09,,,,
371293,2016-04-09,,,,
371295,2016-04-09,,,,
371294,2016-04-09,,,,
192623,2016-04-09,,,,
192624,2016-04-10,,,,
192625,2016-04-10,,,,
192626,2016-04-10,,,,
371298,2016-04-11,,,,
371189,2016-04-12,,,,
371190,2016-04-12,,,,
192637,2016-04-13,,,,
371299,2016-04-15,,,,
371300,2016-04-15,,,,
371301,2016-04-16,,,,
192627,2016-04-16,,,,
192628,2016-04-16,,,,
192630,2016-04-16,,,,
192629,2016-04-16,,,,
192631,2016-04-16,,,,
371305,2016-04-16,,,,
371302,2016-04-16,,,,
371304,2016-04-16,,,,
371308,2016-04-16,,,,
371307,2016-04-16,,,,
371303,2016-04-16,,,,
371309,2016-04-16,,,,
371310,2016-04-16,,,,
371306,2016-04-16,,,,
192632,2016-04-16,,,,
192633,2016-04-17,,,,
192634,2016-04-17,,,,
192635,2016-04-17,,,,
192636,2016-04-18,,,,
192565,2016-04-19,,,,
371315,2016-04-19,,,,
371313,2016-04-19,,,,
371311,2016-04-19,,,,
371312,2016-04-19,,,,
371314,2016-04-19,,,,
371316,2016-04-19,,,,
371317,2016-04-19,,,,
371318,2016-04-19,,,,
371319,2016-04-19,,,,
371320,2016-04-19,,,,
371322,2016-04-19,,,,
371321,2016-04-19,,,,
192592,2016-04-20,,,,
192593,2016-04-20,,,,
192566,2016-04-20,,,,
192594,2016-04-21,,,,
371323,2016-04-22,,,,
371324,2016-04-23,,,,
192638,2016-04-23,,,,
192639,2016-04-23,,,,
192640,2016-04-23,,,,
192641,2016-04-23,,,,
371328,2016-04-23,,,,
371329,2016-04-23,,,,
371334,2016-04-23,,,,
371326,2016-04-23,,,,
371330,2016-04-23,,,,
371325,2016-04-23,,,,
371331,2016-04-23,,,,
371333,2016-04-23,,,,
371327,2016-04-23,,,,
371332,2016-04-23,,,,
192642,2016-04-24,,,,
192643,2016-04-24,,,,
192644,2016-04-25,,,,
371238,2016-04-26,,,,
371335,2016-04-29,,,,
371336,2016-04-30,,,,
192649,2016-04-30,,,,
192647,2016-04-30,,,,
192648,2016-04-30,,,,
192651,2016-04-30,,,,
192650,2016-04-30,,,,
371342,2016-04-30,,,,
371337,2016-04-30,,,,
371338,2016-04-30,,,,
371339,2016-04-30,,,,
371340,2016-04-30,,,,
371341,2016-04-30,,,,
371343,2016-04-30,,,,
371344,2016-04-30,,,,
192652,2016-04-30,,,,
192653,2016-05-01,,,,
192654,2016-05-01,,,,
192655,2016-05-01,,,,
371345,2016-05-02,,,,
371346,2016-05-02,,,,
192656,2016-05-02,,,,
371351,2016-05-07,,,,
371352,2016-05-07,,,,
371358,2016-05-07,,,,
371348,2016-05-07,,,,
371356,2016-05-07,,,,
371353,2016-05-07,,,,
371347,2016-05-07,,,,
371350,2016-05-07,,,,
371354,2016-05-07,,,,
371357,2016-05-07,,,,
371349,2016-05-07,,,,
371355,2016-05-07,,,,
192657,2016-05-07,,,,
192662,2016-05-07,,,,
192661,2016-05-07,,,,
192660,2016-05-07,,,,
192659,2016-05-07,,,,
192658,2016-05-07,,,,
192663,2016-05-07,,,,
192664,2016-05-08,,,,
192666,2016-05-08,,,,
192665,2016-05-08,,,,
192645,2016-05-10,,,,
192646,2016-05-11,,,,
192595,2016-05-11,,,,
192596,2016-05-11,,,,
370803,2016-05-13,,,,
370805,2016-05-14,,,,
192674,2016-05-15,,,,
192673,2016-05-15,,,,
192668,2016-05-15,,,,
192667,2016-05-15,,,,
192672,2016-05-15,,,,
192669,2016-05-15,,,,
192670,2016-05-15,,,,
192675,2016-05-15,,,,
192671,2016-05-15,,,,
370804,2016-05-16,,,,
370806,2016-05-17,,,,
192676,2016-05-17,,,,
370802,2016-05-28,,,,
18248,2016-08-05,,,,
18243,2016-08-06,,,,
18246,2016-08-06,,,,
18239,2016-08-06,,,,
18241,2016-08-06,,,,
18244,2016-08-06,,,,
18245,2016-08-06,,,,
18240,2016-08-06,,,,
18242,2016-08-06,,,,
18247,2016-08-06,,,,
18238,2016-08-07,,,,
18237,2016-08-07,,,,
18236,2016-08-12,,,,
17696,2016-08-13,,,,
17695,2016-08-13,,,,
17691,2016-08-13,,,,
17693,2016-08-13,,,,
17692,2016-08-13,,,,
17694,2016-08-13,,,,
18232,2016-08-13,,,,
18235,2016-08-13,,,,
18229,2016-08-13,,,,
18233,2016-08-13,,,,
18234,2016-08-13,,,,
18231,2016-08-13,,,,
18227,2016-08-13,,,,
18228,2016-08-13,,,,
18230,2016-08-13,,,,
17690,2016-08-13,,,,
18226,2016-08-13,,,,
17689,2016-08-14,,,,
18225,2016-08-14,,,,
17688,2016-08-14,,,,
17687,2016-08-15,,,,
18224,2016-08-16,,,,
18218,2016-08-16,,,,
18217,2016-08-16,,,,
18222,2016-08-16,,,,
18223,2016-08-16,,,,
18220,2016-08-16,,,,
18216,2016-08-16,,,,
18221,2016-08-16,,,,
18219,2016-08-16,,,,
18215,2016-08-17,,,,
18214,2016-08-17,,,,
18213,2016-08-17,,,,
17686,2016-08-19,,,,
17685,2016-08-20,,,,
18212,2016-08-20,,,,
17683,2016-08-20,,,,
17680,2016-08-20,,,,
17682,2016-08-20,,,,
17684,2016-08-20,,,,
17681,2016-08-20,,,,
18206,2016-08-20,,,,
18207,2016-08-20,,,,
18210,2016-08-20,,,,
18203,2016-08-20,,,,
18205,2016-08-20,,,,
18208,2016-08-20,,,,
18204,2016-08-20,,,,
18209,2016-08-20,,,,
18211,2016-08-20,,,,
17679,2016-08-20,,,,
18202,2016-08-20,,,,
18201,2016-08-21,,,,
17678,2016-08-21,,,,
17677,2016-08-21,,,,
18200,2016-08-26,,,,
17676,2016-08-27,,,,
17675,2016-08-27,,,,
17674,2016-08-27,,,,
17672,2016-08-27,,,,
17673,2016-08-27,,,,
17670,2016-08-27,,,,
17671,2016-08-27,,,,
18196,2016-08-27,,,,
18195,2016-08-27,,,,
18191,2016-08-27,,,,
18193,2016-08-27,,,,
18194,2016-08-27,,,,
18197,2016-08-27,,,,
18199,2016-08-27,,,,
18198,2016-08-27,,,,
18192,2016-08-27,,,,
18190,2016-08-27,,,,
17669,2016-08-27,,,,
18189,2016-08-27,,,,
17668,2016-08-28,,,,
17667,2016-08-28,,,,
18188,2016-09-09,,,,
17666,2016-09-10,,,,
17661,2016-09-10,,,,
17660,2016-09-10,,,,
17662,2016-09-10,,,,
17665,2016-09-10,,,,
17663,2016-09-10,,,,
17664,2016-09-10,,,,
18180,2016-09-10,,,,
18187,2016-09-10,,,,
18179,2016-09-10,,,,
18183,2016-09-10,,,,
18181,2016-09-10,,,,
18182,2016-09-10,,,,
18184,2016-09-10,,,,
18185,2016-09-10,,,,
18186,2016-09-10,,,,
17659,2016-09-10,,,,
18178,2016-09-10,,,,
18177,2016-09-11,,,,
17658,2016-09-11,,,,
17657,2016-09-12,,,,
18171,2016-09-13,,,,
18176,2016-09-13,,,,
18169,2016-09-13,,,,
18174,2016-09-13,,,,
18172,2016-09-13,,,,
18170,2016-09-13,,,,
18173,2016-09-13,,,,
18175,2016-09-13,,,,
18167,2016-09-13,,,,
18168,2016-09-13,,,,
18165,2016-09-14,,,,
18166,2016-09-14,,,,
17656,2016-09-16,,,,
18164,2016-09-17,,,,
17653,2016-09-17,,,,
17654,2016-09-17,,,,
17655,2016-09-17,,,,
17652,2016-09-17,,,,
18161,2016-09-17,,,,
18159,2016-09-17,,,,
18156,2016-09-17,,,,
18157,2016-09-17,,,,
18160,2016-09-17,,,,
18163,2016-09-17,,,,
18162,2016-09-17,,,,
18155,2016-09-17,,,,
18154,2016-09-17,,,,
18158,2016-09-17,,,,
17651,2016-09-17,,,,
18153,2016-09-17,,,,
17650,2016-09-18,,,,
17649,2016-09-18,,,,
17648,2016-09-18,,,,
17647,2016-09-18,,,,
18152,2016-09-23,,,,
17646,2016-09-24,,,,
17640,2016-09-24,,,,
17641,2016-09-24,,,,
17642,2016-09-24,,,,
17643,2016-09-24,,,,
17645,2016-09-24,,,,
17644,2016-09-24,,,,
18144,2016-09-24,,,,
18151,2016-09-24,,,,
18142,2016-09-24,,,,
18148,2016-09-24,,,,
18145,2016-09-24,,,,
18143,2016-09-24,,,,
18146,2016-09-24,,,,
18147,2016-09-24,,,,
18149,2016-09-24,,,,
18150,2016-09-24,,,,
17639,2016-09-24,,,,
18141,2016-09-24,,,,
17638,2016-09-25,,,,
17637,2016-09-26,,,,
18137,2016-09-27,,,,
18136,2016-09-27,,,,
18131,2016-09-27,,,,
18133,2016-09-27,,,,
18134,2016-09-27,,,,
18138,2016-09-27,,,,
18140,2016-09-27,,,,
18139,2016-09-27,,,,
18132,2016-09-27,,,,
18130,2016-09-27,,,,
18135,2016-09-27,,,,
18129,2016-09-28,,,,
17636,2016-09-30,,,,
17635,2016-10-01,,,,
18128,2016-10-01,,,,
17633,2016-10-01,,,,
17634,2016-10-01,,,,
17631,2016-10-01,,,,
17632,2016-10-01,,,,
18125,2016-10-01,,,,
18118,2016-10-01,,,,
18119,2016-10-01,,,,
18120,2016-10-01,,,,
18122,2016-10-01,,,,
18124,2016-10-01,,,,
18123,2016-10-01,,,,
18126,2016-10-01,,,,
18127,2016-10-01,,,,
18121,2016-10-01,,,,
18117,2016-10-01,,,,
17630,2016-10-02,,,,
17628,2016-10-02,,,,
17629,2016-10-02,,,,
17627,2016-10-02,,,,
18115,2016-10-14,,,,
18116,2016-10-14,,,,
17626,2016-10-15,,,,
17622,2016-10-15,,,,
17621,2016-10-15,,,,
17623,2016-10-15,,,,
17625,2016-10-15,,,,
17624,2016-10-15,,,,
18111,2016-10-15,,,,
18109,2016-10-15,,,,
18114,2016-10-15,,,,
18108,2016-10-15,,,,
18110,2016-10-15,,,,
18112,2016-10-15,,,,
18113,2016-10-15,,,,
18107,2016-10-15,,,,
17620,2016-10-15,,,,
18106,2016-10-15,,,,
18105,2016-10-16,,,,
17619,2016-10-16,,,,
17618,2016-10-16,,,,
17617,2016-10-17,,,,
18101,2016-10-18,,,,
18099,2016-10-18,,,,
18097,2016-10-18,,,,
18102,2016-10-18,,,,
18103,2016-10-18,,,,
18098,2016-10-18,,,,
18100,2016-10-18,,,,
18104,2016-10-18,,,,
18096,2016-10-18,,,,
18095,2016-10-18,,,,
18093,2016-10-19,,,,
18094,2016-10-19,,,,
18092,2016-10-21,,,,
17616,2016-10-22,,,,
17610,2016-10-22,,,,
17611,2016-10-22,,,,
17613,2016-10-22,,,,
17615,2016-10-22,,,,
17612,2016-10-22,,,,
17614,2016-10-22,,,,
18086,2016-10-22,,,,
18085,2016-10-22,,,,
18091,2016-10-22,,,,
18083,2016-10-22,,,,
18084,2016-10-22,,,,
18090,2016-10-22,,,,
18082,2016-10-22,,,,
18087,2016-10-22,,,,
18088,2016-10-22,,,,
18089,2016-10-22,,,,
17609,2016-10-22,,,,
18081,2016-10-22,,,,
17608,2016-10-23,,,,
17607,2016-10-23,,,,
18080,2016-10-28,,,,
17606,2016-10-29,,,,
17601,2016-10-29,,,,
17604,2016-10-29,,,,
17603,2016-10-29,,,,
17605,2016-10-29,,,,
17602,2016-10-29,,,,
18075,2016-10-29,,,,
18073,2016-10-29,,,,
18072,2016-10-29,,,,
18079,2016-10-29,,,,
18076,2016-10-29,,,,
18078,2016-10-29,,,,
18077,2016-10-29,,,,
18074,2016-10-29,,,,
18071,2016-10-29,,,,
17600,2016-10-29,,,,
18070,2016-10-29,,,,
18069,2016-10-30,,,,
17599,2016-10-30,,,,
17598,2016-10-30,,,,
17597,2016-10-31,,,,
18068,2016-11-04,,,,
18067,2016-11-05,,,,
17593,2016-11-05,,,,
17594,2016-11-05,,,,
17596,2016-11-05,,,,
17595,2016-11-05,,,,
18061,2016-11-05,,,,
18060,2016-11-05,,,,
18066,2016-11-05,,,,
18063,2016-11-05,,,,
18058,2016-11-05,,,,
18062,2016-11-05,,,,
18064,2016-11-05,,,,
18065,2016-11-05,,,,
18059,2016-11-05,,,,
17592,2016-11-05,,,,
18057,2016-11-05,,,,
17591,2016-11-06,,,,
17590,2016-11-06,,,,
17589,2016-11-06,,,,
17588,2016-11-06,,,,
17587,2016-11-06,,,,
18056,2016-11-18,,,,
17586,2016-11-19,,,,
17585,2016-11-19,,,,
17582,2016-11-19,,,,
17581,2016-11-19,,,,
17580,2016-11-19,,,,
17583,2016-11-19,,,,
17584,2016-11-19,,,,
18052,2016-11-19,,,,
18050,2016-11-19,,,,
18055,2016-11-19,,,,
18048,2016-11-19,,,,
18053,2016-11-19,,,,
18049,2016-11-19,,,,
18051,2016-11-19,,,,
18054,2016-11-19,,,,
18047,2016-11-19,,,,
17579,2016-11-19,,,,
18046,2016-11-19,,,,
18045,2016-11-20,,,,
17578,2016-11-20,,,,
17577,2016-11-21,,,,
18044,2016-11-25,,,,
17576,2016-11-26,,,,
17574,2016-11-26,,,,
17573,2016-11-26,,,,
17572,2016-11-26,,,,
17575,2016-11-26,,,,
18040,2016-11-26,,,,
18043,2016-11-26,,,,
18037,2016-11-26,,,,
18042,2016-11-26,,,,
18036,2016-11-26,,,,
18039,2016-11-26,,,,
18041,2016-11-26,,,,
18035,2016-11-26,,,,
18038,2016-11-26,,,,
17571,2016-11-26,,,,
18034,2016-11-26,,,,
17570,2016-11-27,,,,
17569,2016-11-27,,,,
17567,2016-11-27,,,,
17568,2016-11-27,,,,
18033,2016-11-28,,,,
18032,2016-12-01,,,,
18031,2016-12-02,,,,
17566,2016-12-03,,,,
17564,2016-12-03,,,,
17561,2016-12-03,,,,
17565,2016-12-03,,,,
17562,2016-12-03,,,,
17563,2016-12-03,,,,
18027,2016-12-03,,,,
18026,2016-12-03,,,,
18022,2016-12-03,,,,
18024,2016-12-03,,,,
18030,2016-12-03,,,,
18023,2016-12-03,,,,
18028,2016-12-03,,,,
18029,2016-12-03,,,,
18025,2016-12-03,,,,
17560,2016-12-03,,,,
18021,2016-12-03,,,,
17559,2016-12-04,,,,
17558,2016-12-04,,,,
17557,2016-12-05,,,,
18020,2016-12-09,,,,
17556,2016-12-10,,,,
17552,2016-12-10,,,,
17553,2016-12-10,,,,
17554,2016-12-10,,,,
17555,2016-12-10,,,,
18016,2016-12-10,,,,
18014,2016-12-10,,,,
18019,2016-12-10,,,,
18017,2016-12-10,,,,
18013,2016-12-10,,,,
18015,2016-12-10,,,,
18011,2016-12-10,,,,
18018,2016-12-10,,,,
18012,2016-12-10,,,,
17551,2016-12-10,,,,
18010,2016-12-10,,,,
17550,2016-12-11,,,,
18009,2016-12-11,,,,
17548,2016-12-11,,,,
17549,2016-12-11,,,,
17547,2016-12-11,,,,
17545,2016-12-13,,,,
17546,2016-12-13,,,,
18005,2016-12-13,,,,
18004,2016-12-13,,,,
18000,2016-12-13,,,,
18002,2016-12-13,,,,
18006,2016-12-13,,,,
18001,2016-12-13,,,,
18007,2016-12-13,,,,
18008,2016-12-13,,,,
18003,2016-12-13,,,,
17544,2016-12-14,,,,
17542,2016-12-14,,,,
17543,2016-12-14,,,,
17999,2016-12-14,,,,
17997,2016-12-14,,,,
17998,2016-12-14,,,,
17540,2016-12-14,,,,
17538,2016-12-14,,,,
17537,2016-12-14,,,,
17541,2016-12-14,,,,
17539,2016-12-14,,,,
17996,2016-12-16,,,,
17536,2016-12-17,,,,
17535,2016-12-17,,,,
17532,2016-12-17,,,,
17533,2016-12-17,,,,
17534,2016-12-17,,,,
17991,2016-12-17,,,,
17990,2016-12-17,,,,
17988,2016-12-17,,,,
17995,2016-12-17,,,,
17992,2016-12-17,,,,
17993,2016-12-17,,,,
17987,2016-12-17,,,,
17994,2016-12-17,,,,
17989,2016-12-17,,,,
17531,2016-12-17,,,,
17986,2016-12-17,,,,
17985,2016-12-18,,,,
17530,2016-12-18,,,,
17529,2016-12-18,,,,
17528,2016-12-18,,,,
17527,2016-12-19,,,,
17526,2016-12-26,,,,
17984,2016-12-26,,,,
17524,2016-12-26,,,,
17520,2016-12-26,,,,
17521,2016-12-26,,,,
17523,2016-12-26,,,,
17522,2016-12-26,,,,
17525,2016-12-26,,,,
17978,2016-12-26,,,,
17983,2016-12-26,,,,
17981,2016-12-26,,,,
17979,2016-12-26,,,,
17980,2016-12-26,,,,
17976,2016-12-26,,,,
17982,2016-12-26,,,,
17977,2016-12-26,,,,
17519,2016-12-26,,,,
17975,2016-12-26,,,,
17974,2016-12-27,,,,
17973,2016-12-27,,,,
17518,2016-12-27,,,,
17517,2016-12-28,,,,
17971,2016-12-29,,,,
17972,2016-12-29,,,,
17970,2016-12-30,,,,
17969,2016-12-30,,,,
17516,2016-12-30,,,,
17968,2016-12-31,,,,
17513,2016-12-31,,,,
17514,2016-12-31,,,,
17510,2016-12-31,,,,
17512,2016-12-31,,,,
17511,2016-12-31,,,,
17515,2016-12-31,,,,
17967,2016-12-31,,,,
17966,2016-12-31,,,,
17965,2016-12-31,,,,
17964,2016-12-31,,,,
17509,2016-12-31,,,,
17963,2016-12-31,,,,
17508,2017-01-01,,,,
17507,2017-01-01,,,,
17506,2017-01-02,,,,
17502,2017-01-02,,,,
17503,2017-01-02,,,,
17505,2017-01-02,,,,
17504,2017-01-02,,,,
17956,2017-01-02,,,,
17955,2017-01-02,,,,
17951,2017-01-02,,,,
17953,2017-01-02,,,,
17962,2017-01-02,,,,
17957,2017-01-02,,,,
17959,2017-01-02,,,,
17952,2017-01-02,,,,
17958,2017-01-02,,,,
17960,2017-01-02,,,,
17961,2017-01-02,,,,
17954,2017-01-02,,,,
17501,2017-01-02,,,,
17500,2017-01-03,,,,
17498,2017-01-03,,,,
17499,2017-01-03,,,,
17497,2017-01-04,,,,
17950,2017-01-12,,,,
17949,2017-01-13,,,,
17948,2017-01-14,,,,
17496,2017-01-14,,,,
17494,2017-01-14,,,,
17490,2017-01-14,,,,
17495,2017-01-14,,,,
17491,2017-01-14,,,,
17493,2017-01-14,,,,
17492,2017-01-14,,,,
17943,2017-01-14,,,,
17940,2017-01-14,,,,
17941,2017-01-14,,,,
17944,2017-01-14,,,,
17945,2017-01-14,,,,
17946,2017-01-14,,,,
17947,2017-01-14,,,,
17942,2017-01-14,,,,
17489,2017-01-14,,,,
17939,2017-01-14,,,,
17488,2017-01-15,,,,
17487,2017-01-15,,,,
17938,2017-01-20,,,,
17486,2017-01-21,,,,
17937,2017-01-21,,,,
17481,2017-01-21,,,,
17482,2017-01-21,,,,
17485,2017-01-21,,,,
17483,2017-01-21,,,,
17484,2017-01-21,,,,
17933,2017-01-21,,,,
17932,2017-01-21,,,,
17930,2017-01-21,,,,
17936,2017-01-21,,,,
17935,2017-01-21,,,,
17928,2017-01-21,,,,
17929,2017-01-21,,,,
17931,2017-01-21,,,,
17934,2017-01-21,,,,
17480,2017-01-21,,,,
17927,2017-01-21,,,,
17479,2017-01-22,,,,
17478,2017-01-22,,,,
17477,2017-01-22,,,,
17926,2017-01-24,,,,
17925,2017-01-24,,,,
17924,2017-01-25,,,,
17921,2017-01-28,,,,
17920,2017-01-28,,,,
17919,2017-01-28,,,,
17923,2017-01-28,,,,
17922,2017-01-28,,,,
17472,2017-01-31,,,,
17471,2017-01-31,,,,
17473,2017-01-31,,,,
17474,2017-01-31,,,,
17476,2017-01-31,,,,
17475,2017-01-31,,,,
17916,2017-01-31,,,,
17913,2017-01-31,,,,
17914,2017-01-31,,,,
17915,2017-01-31,,,,
17917,2017-01-31,,,,
17918,2017-01-31,,,,
17912,2017-01-31,,,,
17470,2017-01-31,,,,
17469,2017-02-01,,,,
17911,2017-02-01,,,,
17909,2017-02-01,,,,
17910,2017-02-01,,,,
17467,2017-02-01,,,,
17468,2017-02-01,,,,
17908,2017-02-02,,,,
17907,2017-02-03,,,,
17466,2017-02-04,,,,
17464,2017-02-04,,,,
17463,2017-02-04,,,,
17461,2017-02-04,,,,
17460,2017-02-04,,,,
17465,2017-02-04,,,,
17462,2017-02-04,,,,
17906,2017-02-04,,,,
17904,2017-02-04,,,,
17900,2017-02-04,,,,
17902,2017-02-04,,,,
17905,2017-02-04,,,,
17901,2017-02-04,,,,
17899,2017-02-04,,,,
17903,2017-02-04,,,,
17459,2017-02-04,,,,
17898,2017-02-04,,,,
17897,2017-02-05,,,,
17458,2017-02-05,,,,
17896,2017-02-05,,,,
17457,2017-02-05,,,,
17895,2017-02-07,,,,
17894,2017-02-10,,,,
17456,2017-02-11,,,,
17451,2017-02-11,,,,
17455,2017-02-11,,,,
17452,2017-02-11,,,,
17453,2017-02-11,,,,
17454,2017-02-11,,,,
17887,2017-02-11,,,,
17885,2017-02-11,,,,
17892,2017-02-11,,,,
17890,2017-02-11,,,,
17888,2017-02-11,,,,
17884,2017-02-11,,,,
17886,2017-02-11,,,,
17889,2017-02-11,,,,
17891,2017-02-11,,,,
17893,2017-02-11,,,,
17450,2017-02-11,,,,
17883,2017-02-11,,,,
17449,2017-02-12,,,,
17448,2017-02-12,,,,
17447,2017-02-13,,,,
17876,2017-02-14,,,,
17882,2017-02-14,,,,
17874,2017-02-14,,,,
17879,2017-02-14,,,,
17877,2017-02-14,,,,
17873,2017-02-14,,,,
17875,2017-02-14,,,,
17878,2017-02-14,,,,
17880,2017-02-14,,,,
17881,2017-02-14,,,,
17872,2017-02-14,,,,
17868,2017-02-18,,,,
17866,2017-02-18,,,,
17869,2017-02-18,,,,
17871,2017-02-18,,,,
17870,2017-02-18,,,,
17865,2017-02-18,,,,
17867,2017-02-18,,,,
17864,2017-02-20,,,,
17863,2017-02-21,,,,
17860,2017-02-21,,,,
17861,2017-02-21,,,,
17862,2017-02-21,,,,
17859,2017-02-22,,,,
17858,2017-02-24,,,,
17857,2017-02-24,,,,
17856,2017-02-25,,,,
17444,2017-02-25,,,,
17442,2017-02-25,,,,
17443,2017-02-25,,,,
17446,2017-02-25,,,,
17445,2017-02-25,,,,
17853,2017-02-25,,,,
17852,2017-02-25,,,,
17851,2017-02-25,,,,
17854,2017-02-25,,,,
17855,2017-02-25,,,,
17849,2017-02-25,,,,
17850,2017-02-25,,,,
17441,2017-02-25,,,,
17848,2017-02-25,,,,
17847,2017-02-26,,,,
17440,2017-02-26,,,,
17439,2017-02-27,,,,
17845,2017-02-28,,,,
17844,2017-02-28,,,,
17846,2017-02-28,,,,
17843,2017-03-03,,,,
17438,2017-03-04,,,,
17436,2017-03-04,,,,
17433,2017-03-04,,,,
17437,2017-03-04,,,,
17434,2017-03-04,,,,
17435,2017-03-04,,,,
17836,2017-03-04,,,,
17840,2017-03-04,,,,
17834,2017-03-04,,,,
17837,2017-03-04,,,,
17838,2017-03-04,,,,
17833,2017-03-04,,,,
17835,2017-03-04,,,,
17839,2017-03-04,,,,
17841,2017-03-04,,,,
17842,2017-03-04,,,,
17432,2017-03-04,,,,
17832,2017-03-04,,,,
17431,2017-03-05,,,,
17430,2017-03-05,,,,
17429,2017-03-06,,,,
17825,2017-03-07,,,,
17826,2017-03-07,,,,
17821,2017-03-07,,,,
17823,2017-03-07,,,,
17827,2017-03-07,,,,
17828,2017-03-07,,,,
17822,2017-03-07,,,,
17824,2017-03-07,,,,
17829,2017-03-07,,,,
17830,2017-03-07,,,,
17831,2017-03-07,,,,
17820,2017-03-07,,,,
17428,2017-03-08,,,,
17819,2017-03-10,,,,
17425,2017-03-11,,,,
17426,2017-03-11,,,,
17427,2017-03-11,,,,
17814,2017-03-11,,,,
17818,2017-03-11,,,,
17812,2017-03-11,,,,
17810,2017-03-11,,,,
17816,2017-03-11,,,,
17817,2017-03-11,,,,
17813,2017-03-11,,,,
17808,2017-03-11,,,,
17815,2017-03-11,,,,
17809,2017-03-11,,,,
17811,2017-03-11,,,,
17424,2017-03-12,,,,
17806,2017-03-14,,,,
17807,2017-03-14,,,,
17804,2017-03-17,,,,
17805,2017-03-17,,,,
17423,2017-03-18,,,,
17803,2017-03-18,,,,
17802,2017-03-18,,,,
17419,2017-03-18,,,,
17422,2017-03-18,,,,
17418,2017-03-18,,,,
17420,2017-03-18,,,,
17421,2017-03-18,,,,
17798,2017-03-18,,,,
17797,2017-03-18,,,,
17795,2017-03-18,,,,
17801,2017-03-18,,,,
17799,2017-03-18,,,,
17800,2017-03-18,,,,
17796,2017-03-18,,,,
17417,2017-03-18,,,,
17794,2017-03-18,,,,
17416,2017-03-19,,,,
17415,2017-03-19,,,,
17414,2017-03-19,,,,
17793,2017-03-31,,,,
17413,2017-04-01,,,,
17792,2017-04-01,,,,
17411,2017-04-01,,,,
17412,2017-04-01,,,,
17407,2017-04-01,,,,
17410,2017-04-01,,,,
17408,2017-04-01,,,,
17409,2017-04-01,,,,
17788,2017-04-01,,,,
17786,2017-04-01,,,,
17791,2017-04-01,,,,
17785,2017-04-01,,,,
17784,2017-04-01,,,,
17787,2017-04-01,,,,
17789,2017-04-01,,,,
17783,2017-04-01,,,,
17790,2017-04-01,,,,
17406,2017-04-01,,,,
17782,2017-04-01,,,,
17405,2017-04-02,,,,
17404,2017-04-02,,,,
17403,2017-04-04,,,,
17401,2017-04-04,,,,
17402,2017-04-04,,,,
17781,2017-04-04,,,,
17776,2017-04-04,,,,
17775,2017-04-04,,,,
17778,2017-04-04,,,,
17779,2017-04-04,,,,
17773,2017-04-04,,,,
17777,2017-04-04,,,,
17780,2017-04-04,,,,
17774,2017-04-04,,,,
17400,2017-04-04,,,,
17772,2017-04-04,,,,
17398,2017-04-05,,,,
17396,2017-04-05,,,,
17397,2017-04-05,,,,
17399,2017-04-05,,,,
17771,2017-04-05,,,,
17770,2017-04-05,,,,
17395,2017-04-05,,,,
17394,2017-04-05,,,,
17769,2017-04-07,,,,
17393,2017-04-08,,,,
17392,2017-04-08,,,,
17388,2017-04-08,,,,
17391,2017-04-08,,,,
17389,2017-04-08,,,,
17390,2017-04-08,,,,
17764,2017-04-08,,,,
17763,2017-04-08,,,,
17759,2017-04-08,,,,
17761,2017-04-08,,,,
17768,2017-04-08,,,,
17765,2017-04-08,,,,
17767,2017-04-08,,,,
17760,2017-04-08,,,,
17766,2017-04-08,,,,
17762,2017-04-08,,,,
17387,2017-04-08,,,,
17758,2017-04-08,,,,
17386,2017-04-09,,,,
17385,2017-04-09,,,,
17384,2017-04-10,,,,
17757,2017-04-13,,,,
17752,2017-04-14,,,,
17750,2017-04-14,,,,
17751,2017-04-14,,,,
17754,2017-04-14,,,,
17753,2017-04-14,,,,
17755,2017-04-14,,,,
17756,2017-04-14,,,,
17749,2017-04-14,,,,
17748,2017-04-14,,,,
17747,2017-04-14,,,,
17383,2017-04-15,,,,
17382,2017-04-15,,,,
17379,2017-04-15,,,,
17378,2017-04-15,,,,
17380,2017-04-15,,,,
17381,2017-04-15,,,,
17746,2017-04-15,,,,
17377,2017-04-15,,,,
17376,2017-04-16,,,,
17375,2017-04-16,,,,
17745,2017-04-17,,,,
17739,2017-04-17,,,,
17738,2017-04-17,,,,
17744,2017-04-17,,,,
17736,2017-04-17,,,,
17740,2017-04-17,,,,
17742,2017-04-17,,,,
17741,2017-04-17,,,,
17737,2017-04-17,,,,
17743,2017-04-17,,,,
17735,2017-04-17,,,,
17734,2017-04-17,,,,
17374,2017-04-17,,,,
17733,2017-04-21,,,,
17370,2017-04-22,,,,
17373,2017-04-22,,,,
17371,2017-04-22,,,,
17372,2017-04-22,,,,
17727,2017-04-22,,,,
17732,2017-04-22,,,,
17724,2017-04-22,,,,
17725,2017-04-22,,,,
17731,2017-04-22,,,,
17728,2017-04-22,,,,
17729,2017-04-22,,,,
17730,2017-04-22,,,,
17726,2017-04-22,,,,
17723,2017-04-23,,,,
17369,2017-04-23,,,,
17368,2017-04-23,,,,
17722,2017-04-24,,,,
17367,2017-04-25,,,,
17721,2017-04-25,,,,
17365,2017-04-26,,,,
17366,2017-04-26,,,,
17364,2017-04-26,,,,
17363,2017-04-27,,,,
17720,2017-04-28,,,,
17359,2017-04-29,,,,
17362,2017-04-29,,,,
17360,2017-04-29,,,,
17361,2017-04-29,,,,
17714,2017-04-29,,,,
17719,2017-04-29,,,,
17711,2017-04-29,,,,
17715,2017-04-29,,,,
17717,2017-04-29,,,,
17716,2017-04-29,,,,
17712,2017-04-29,,,,
17713,2017-04-29,,,,
17718,2017-04-29,,,,
17710,2017-04-29,,,,
17358,2017-04-29,,,,
17709,2017-04-29,,,,
17357,2017-04-30,,,,
17355,2017-04-30,,,,
17356,2017-04-30,,,,
17354,2017-04-30,,,,
17353,2017-05-01,,,,
17352,2017-05-05,,,,
17351,2017-05-06,,,,
17347,2017-05-06,,,,
17348,2017-05-06,,,,
17350,2017-05-06,,,,
17349,2017-05-06,,,,
17346,2017-05-06,,,,
17702,2017-05-07,,,,
17701,2017-05-07,,,,
17708,2017-05-07,,,,
17698,2017-05-07,,,,
17699,2017-05-07,,,,
17707,2017-05-07,,,,
17704,2017-05-07,,,,
17697,2017-05-07,,,,
17703,2017-05-07,,,,
17705,2017-05-07,,,,
17706,2017-05-07,,,,
17700,2017-05-07,,,,
17345,2017-05-07,,,,
17344,2017-05-07,,,,
17343,2017-05-08,,,,
17342,2017-05-10,,,,
17341,2017-05-12,,,,
17340,2017-05-12,,,,
17339,2017-05-13,,,,
17336,2017-05-13,,,,
17337,2017-05-13,,,,
17338,2017-05-13,,,,
17335,2017-05-13,,,,
139000,2017-05-13,,,,
17334,2017-05-14,,,,
139002,2017-05-14,,,,
17333,2017-05-14,,,,
17332,2017-05-14,,,,
17331,2017-05-15,,,,
17330,2017-05-16,,,,
139001,2017-05-16,,,,
17329,2017-05-16,,,,
17328,2017-05-17,,,,
17327,2017-05-18,,,,
17323,2017-05-21,,,,
17326,2017-05-21,,,,
17322,2017-05-21,,,,
17324,2017-05-21,,,,
17317,2017-05-21,,,,
17318,2017-05-21,,,,
17321,2017-05-21,,,,
17319,2017-05-21,,,,
17320,2017-05-21,,,,
17325,2017-05-21,,,,
12462,2017-08-04,,,,
12463,2017-08-04,,,,
12456,2017-08-05,,,,
12461,2017-08-05,,,,
12454,2017-08-05,,,,
12457,2017-08-05,,,,
12458,2017-08-05,,,,
12460,2017-08-05,,,,
12459,2017-08-05,,,,
12455,2017-08-05,,,,
12453,2017-08-05,,,,
12452,2017-08-06,,,,
11911,2017-08-11,,,,
11910,2017-08-12,,,,
11908,2017-08-12,,,,
11907,2017-08-12,,,,
11905,2017-08-12,,,,
11906,2017-08-12,,,,
11909,2017-08-12,,,,
12445,2017-08-12,,,,
12450,2017-08-12,,,,
12443,2017-08-12,,,,
12444,2017-08-12,,,,
12449,2017-08-12,,,,
12448,2017-08-12,,,,
12447,2017-08-12,,,,
12446,2017-08-12,,,,
12451,2017-08-12,,,,
12442,2017-08-12,,,,
11904,2017-08-12,,,,
12441,2017-08-12,,,,
11903,2017-08-13,,,,
12440,2017-08-13,,,,
11902,2017-08-13,,,,
12434,2017-08-15,,,,
12432,2017-08-15,,,,
12433,2017-08-15,,,,
12439,2017-08-15,,,,
12437,2017-08-15,,,,
12436,2017-08-15,,,,
12435,2017-08-15,,,,
12438,2017-08-15,,,,
12431,2017-08-15,,,,
12430,2017-08-15,,,,
12428,2017-08-16,,,,
12429,2017-08-16,,,,
12427,2017-08-18,,,,
12426,2017-08-19,,,,
11901,2017-08-19,,,,
11896,2017-08-19,,,,
11899,2017-08-19,,,,
11900,2017-08-19,,,,
11897,2017-08-19,,,,
11898,2017-08-19,,,,
12420,2017-08-19,,,,
12425,2017-08-19,,,,
12419,2017-08-19,,,,
12421,2017-08-19,,,,
12423,2017-08-19,,,,
12422,2017-08-19,,,,
12417,2017-08-19,,,,
12418,2017-08-19,,,,
12424,2017-08-19,,,,
11895,2017-08-19,,,,
12416,2017-08-19,,,,
11894,2017-08-20,,,,
11893,2017-08-20,,,,
11892,2017-08-21,,,,
12414,2017-08-25,,,,
12415,2017-08-25,,,,
11891,2017-08-26,,,,
11889,2017-08-26,,,,
11888,2017-08-26,,,,
11890,2017-08-26,,,,
11887,2017-08-26,,,,
12409,2017-08-26,,,,
12406,2017-08-26,,,,
12407,2017-08-26,,,,
12410,2017-08-26,,,,
12412,2017-08-26,,,,
12413,2017-08-26,,,,
12411,2017-08-26,,,,
12405,2017-08-26,,,,
12408,2017-08-26,,,,
11886,2017-08-26,,,,
12404,2017-08-26,,,,
11884,2017-08-27,,,,
11885,2017-08-27,,,,
11882,2017-08-27,,,,
11883,2017-08-27,,,,
12403,2017-09-08,,,,
11881,2017-09-09,,,,
11880,2017-09-09,,,,
11876,2017-09-09,,,,
11878,2017-09-09,,,,
11879,2017-09-09,,,,
11877,2017-09-09,,,,
12395,2017-09-09,,,,
12402,2017-09-09,,,,
12400,2017-09-09,,,,
12398,2017-09-09,,,,
12396,2017-09-09,,,,
12393,2017-09-09,,,,
12394,2017-09-09,,,,
12397,2017-09-09,,,,
12399,2017-09-09,,,,
12401,2017-09-09,,,,
11875,2017-09-09,,,,
12392,2017-09-09,,,,
11874,2017-09-10,,,,
11873,2017-09-10,,,,
11872,2017-09-11,,,,
12391,2017-09-12,,,,
12387,2017-09-12,,,,
12385,2017-09-12,,,,
12384,2017-09-12,,,,
12386,2017-09-12,,,,
12388,2017-09-12,,,,
12389,2017-09-12,,,,
12390,2017-09-12,,,,
12383,2017-09-12,,,,
12382,2017-09-13,,,,
11871,2017-09-15,,,,
11870,2017-09-16,,,,
11867,2017-09-16,,,,
11865,2017-09-16,,,,
11868,2017-09-16,,,,
11866,2017-09-16,,,,
11869,2017-09-16,,,,
12375,2017-09-16,,,,
12371,2017-09-16,,,,
12372,2017-09-16,,,,
12373,2017-09-16,,,,
12377,2017-09-16,,,,
12379,2017-09-16,,,,
12381,2017-09-16,,,,
12376,2017-09-16,,,,
12380,2017-09-16,,,,
12378,2017-09-16,,,,
12374,2017-09-16,,,,
11864,2017-09-16,,,,
12370,2017-09-16,,,,
11863,2017-09-17,,,,
11862,2017-09-17,,,,
11861,2017-09-23,,,,
11858,2017-09-23,,,,
11855,2017-09-23,,,,
11856,2017-09-23,,,,
11857,2017-09-23,,,,
11859,2017-09-23,,,,
11860,2017-09-23,,,,
12362,2017-09-23,,,,
12369,2017-09-23,,,,
12367,2017-09-23,,,,
12365,2017-09-23,,,,
12363,2017-09-23,,,,
12360,2017-09-23,,,,
12361,2017-09-23,,,,
12364,2017-09-23,,,,
12366,2017-09-23,,,,
12368,2017-09-23,,,,
11854,2017-09-23,,,,
12359,2017-09-23,,,,
12358,2017-09-24,,,,
11853,2017-09-24,,,,
11852,2017-09-25,,,,
12352,2017-09-26,,,,
12349,2017-09-26,,,,
12350,2017-09-26,,,,
12354,2017-09-26,,,,
12356,2017-09-26,,,,
12353,2017-09-26,,,,
12357,2017-09-26,,,,
12355,2017-09-26,,,,
12348,2017-09-26,,,,
12351,2017-09-26,,,,
12346,2017-09-27,,,,
12347,2017-09-27,,,,
12345,2017-09-29,,,,
11851,2017-09-30,,,,
11847,2017-09-30,,,,
11846,2017-09-30,,,,
11850,2017-09-30,,,,
11849,2017-09-30,,,,
11848,2017-09-30,,,,
12338,2017-09-30,,,,
12340,2017-09-30,,,,
12342,2017-09-30,,,,
12344,2017-09-30,,,,
12339,2017-09-30,,,,
12343,2017-09-30,,,,
12336,2017-09-30,,,,
12341,2017-09-30,,,,
12337,2017-09-30,,,,
11845,2017-09-30,,,,
12335,2017-09-30,,,,
11844,2017-10-01,,,,
12334,2017-10-01,,,,
11843,2017-10-01,,,,
11842,2017-10-01,,,,
12332,2017-10-13,,,,
12333,2017-10-13,,,,
11841,2017-10-14,,,,
11836,2017-10-14,,,,
11840,2017-10-14,,,,
11838,2017-10-14,,,,
11837,2017-10-14,,,,
11839,2017-10-14,,,,
12327,2017-10-14,,,,
12326,2017-10-14,,,,
12330,2017-10-14,,,,
12328,2017-10-14,,,,
12325,2017-10-14,,,,
12329,2017-10-14,,,,
12331,2017-10-14,,,,
12324,2017-10-14,,,,
11835,2017-10-14,,,,
12323,2017-10-14,,,,
12322,2017-10-15,,,,
11834,2017-10-15,,,,
11833,2017-10-15,,,,
11832,2017-10-16,,,,
11831,2017-10-20,,,,
11830,2017-10-21,,,,
11827,2017-10-21,,,,
11825,2017-10-21,,,,
11826,2017-10-21,,,,
11828,2017-10-21,,,,
11829,2017-10-21,,,,
12321,2017-10-21,,,,
12315,2017-10-21,,,,
12316,2017-10-21,,,,
12320,2017-10-21,,,,
12319,2017-10-21,,,,
12312,2017-10-21,,,,
12314,2017-10-21,,,,
12317,2017-10-21,,,,
12318,2017-10-21,,,,
12313,2017-10-21,,,,
11824,2017-10-21,,,,
12311,2017-10-21,,,,
12310,2017-10-22,,,,
11823,2017-10-22,,,,
11822,2017-10-22,,,,
12309,2017-10-27,,,,
11821,2017-10-28,,,,
12308,2017-10-28,,,,
11819,2017-10-28,,,,
11818,2017-10-28,,,,
11816,2017-10-28,,,,
11817,2017-10-28,,,,
11820,2017-10-28,,,,
12302,2017-10-28,,,,
12301,2017-10-28,,,,
12306,2017-10-28,,,,
12304,2017-10-28,,,,
12303,2017-10-28,,,,
12305,2017-10-28,,,,
12307,2017-10-28,,,,
12300,2017-10-28,,,,
11815,2017-10-28,,,,
12299,2017-10-28,,,,
12298,2017-10-29,,,,
11814,2017-10-29,,,,
11813,2017-10-29,,,,
11812,2017-10-30,,,,
12291,2017-10-31,,,,
12290,2017-10-31,,,,
12293,2017-10-31,,,,
12292,2017-10-31,,,,
12294,2017-10-31,,,,
12295,2017-10-31,,,,
12296,2017-10-31,,,,
12297,2017-10-31,,,,
12289,2017-10-31,,,,
12288,2017-10-31,,,,
12286,2017-11-01,,,,
12287,2017-11-01,,,,
12285,2017-11-03,,,,
12284,2017-11-04,,,,
11811,2017-11-04,,,,
11808,2017-11-04,,,,
11807,2017-11-04,,,,
11809,2017-11-04,,,,
11810,2017-11-04,,,,
12280,2017-11-04,,,,
12281,2017-11-04,,,,
12283,2017-11-04,,,,
12282,2017-11-04,,,,
12276,2017-11-04,,,,
12278,2017-11-04,,,,
12279,2017-11-04,,,,
12277,2017-11-04,,,,
11806,2017-11-04,,,,
12275,2017-11-04,,,,
11805,2017-11-05,,,,
12274,2017-11-05,,,,
11804,2017-11-05,,,,
11803,2017-11-05,,,,
11802,2017-11-05,,,,
12273,2017-11-17,,,,
12272,2017-11-17,,,,
11801,2017-11-18,,,,
11795,2017-11-18,,,,
11799,2017-11-18,,,,
11796,2017-11-18,,,,
11798,2017-11-18,,,,
11797,2017-11-18,,,,
11800,2017-11-18,,,,
12265,2017-11-18,,,,
12269,2017-11-18,,,,
12264,2017-11-18,,,,
12266,2017-11-18,,,,
12267,2017-11-18,,,,
12268,2017-11-18,,,,
12270,2017-11-18,,,,
12271,2017-11-18,,,,
11794,2017-11-18,,,,
12263,2017-11-18,,,,
12262,2017-11-19,,,,
11793,2017-11-19,,,,
11792,2017-11-20,,,,
12256,2017-11-21,,,,
12257,2017-11-21,,,,
12259,2017-11-21,,,,
12261,2017-11-21,,,,
12260,2017-11-21,,,,
12254,2017-11-21,,,,
12258,2017-11-21,,,,
12255,2017-11-21,,,,
12253,2017-11-21,,,,
12252,2017-11-22,,,,
12250,2017-11-22,,,,
12251,2017-11-22,,,,
11791,2017-11-24,,,,
12249,2017-11-25,,,,
11787,2017-11-25,,,,
11788,2017-11-25,,,,
11790,2017-11-25,,,,
11786,2017-11-25,,,,
11789,2017-11-25,,,,
12243,2017-11-25,,,,
12248,2017-11-25,,,,
12247,2017-11-25,,,,
12244,2017-11-25,,,,
12241,2017-11-25,,,,
12245,2017-11-25,,,,
12246,2017-11-25,,,,
12242,2017-11-25,,,,
11785,2017-11-25,,,,
12240,2017-11-25,,,,
12239,2017-11-26,,,,
11784,2017-11-26,,,,
11783,2017-11-26,,,,
11782,2017-11-26,,,,
12238,2017-11-27,,,,
11781,2017-11-28,,,,
11780,2017-11-28,,,,
12237,2017-11-28,,,,
11778,2017-11-28,,,,
11779,2017-11-28,,,,
12236,2017-11-28,,,,
11776,2017-11-29,,,,
11775,2017-11-29,,,,
11777,2017-11-29,,,,
11772,2017-11-29,,,,
11773,2017-11-29,,,,
11774,2017-11-29,,,,
12234,2017-12-01,,,,
12235,2017-12-01,,,,
11771,2017-12-02,,,,
11769,2017-12-02,,,,
11766,2017-12-02,,,,
11767,2017-12-02,,,,
11765,2017-12-02,,,,
11770,2017-12-02,,,,
11768,2017-12-02,,,,
12227,2017-12-02,,,,
12229,2017-12-02,,,,
12230,2017-12-02,,,,
12231,2017-12-02,,,,
12226,2017-12-02,,,,
12228,2017-12-02,,,,
12232,2017-12-02,,,,
12233,2017-12-02,,,,
11764,2017-12-02,,,,
12225,2017-12-02,,,,
11763,2017-12-03,,,,
11762,2017-12-03,,,,
12224,2017-12-04,,,,
12223,2017-12-08,,,,
11761,2017-12-09,,,,
11758,2017-12-09,,,,
11756,2017-12-09,,,,
11760,2017-12-09,,,,
11757,2017-12-09,,,,
11759,2017-12-09,,,,
12217,2017-12-09,,,,
12222,2017-12-09,,,,
12218,2017-12-09,,,,
12220,2017-12-09,,,,
12214,2017-12-09,,,,
12219,2017-12-09,,,,
12221,2017-12-09,,,,
12215,2017-12-09,,,,
12216,2017-12-09,,,,
11755,2017-12-09,,,,
12213,2017-12-09,,,,
11754,2017-12-10,,,,
11753,2017-12-10,,,,
11752,2017-12-10,,,,
12212,2017-12-11,,,,
11751,2017-12-12,,,,
11750,2017-12-12,,,,
11749,2017-12-12,,,,
11746,2017-12-13,,,,
11747,2017-12-13,,,,
11748,2017-12-13,,,,
11743,2017-12-13,,,,
11742,2017-12-13,,,,
11744,2017-12-13,,,,
11745,2017-12-13,,,,
12211,2017-12-15,,,,
11741,2017-12-16,,,,
11740,2017-12-16,,,,
11737,2017-12-16,,,,
11739,2017-12-16,,,,
11738,2017-12-16,,,,
12201,2017-12-16,,,,
12203,2017-12-16,,,,
12204,2017-12-16,,,,
12206,2017-12-16,,,,
12208,2017-12-16,,,,
12209,2017-12-16,,,,
12207,2017-12-16,,,,
12202,2017-12-16,,,,
12205,2017-12-16,,,,
12210,2017-12-16,,,,
11736,2017-12-16,,,,
11735,2017-12-16,,,,
12200,2017-12-16,,,,
11734,2017-12-17,,,,
11733,2017-12-17,,,,
11732,2017-12-18,,,,
11731,2017-12-22,,,,
12199,2017-12-22,,,,
11730,2017-12-23,,,,
11726,2017-12-23,,,,
11729,2017-12-23,,,,
11725,2017-12-23,,,,
11724,2017-12-23,,,,
11727,2017-12-23,,,,
11728,2017-12-23,,,,
12191,2017-12-23,,,,
12198,2017-12-23,,,,
12195,2017-12-23,,,,
12193,2017-12-23,,,,
12192,2017-12-23,,,,
12189,2017-12-23,,,,
12190,2017-12-23,,,,
12194,2017-12-23,,,,
12196,2017-12-23,,,,
12197,2017-12-23,,,,
11723,2017-12-23,,,,
12188,2017-12-23,,,,
11722,2017-12-23,,,,
11721,2017-12-26,,,,
12187,2017-12-26,,,,
11718,2017-12-26,,,,
11715,2017-12-26,,,,
11717,2017-12-26,,,,
11719,2017-12-26,,,,
11716,2017-12-26,,,,
11720,2017-12-26,,,,
12181,2017-12-26,,,,
12178,2017-12-26,,,,
12179,2017-12-26,,,,
12183,2017-12-26,,,,
12186,2017-12-26,,,,
12182,2017-12-26,,,,
12185,2017-12-26,,,,
12184,2017-12-26,,,,
12177,2017-12-26,,,,
12180,2017-12-26,,,,
11714,2017-12-26,,,,
12176,2017-12-26,,,,
11713,2017-12-27,,,,
11712,2017-12-28,,,,
12174,2017-12-29,,,,
12175,2017-12-29,,,,
11710,2017-12-30,,,,
11706,2017-12-30,,,,
11708,2017-12-30,,,,
11711,2017-12-30,,,,
11709,2017-12-30,,,,
11707,2017-12-30,,,,
12166,2017-12-30,,,,
12167,2017-12-30,,,,
12170,2017-12-30,,,,
12173,2017-12-30,,,,
12169,2017-12-30,,,,
12172,2017-12-30,,,,
12171,2017-12-30,,,,
12165,2017-12-30,,,,
12168,2017-12-30,,,,
11705,2017-12-30,,,,
12164,2017-12-30,,,,
11704,2017-12-31,,,,
11703,2017-12-31,,,,
11702,2018-01-01,,,,
11699,2018-01-01,,,,
11700,2018-01-01,,,,
11701,2018-01-01,,,,
12160,2018-01-01,,,,
12158,2018-01-01,,,,
12156,2018-01-01,,,,
12157,2018-01-01,,,,
12159,2018-01-01,,,,
12161,2018-01-01,,,,
12162,2018-01-01,,,,
12163,2018-01-01,,,,
11698,2018-01-01,,,,
12155,2018-01-01,,,,
11695,2018-01-02,,,,
11697,2018-01-02,,,,
11696,2018-01-02,,,,
12153,2018-01-02,,,,
12154,2018-01-02,,,,
11694,2018-01-02,,,,
12152,2018-01-02,,,,
11693,2018-01-03,,,,
11692,2018-01-04,,,,
12151,2018-01-12,,,,
12150,2018-01-13,,,,
11689,2018-01-13,,,,
11688,2018-01-13,,,,
11690,2018-01-13,,,,
11686,2018-01-13,,,,
11687,2018-01-13,,,,
11691,2018-01-13,,,,
12142,2018-01-13,,,,
12143,2018-01-13,,,,
12144,2018-01-13,,,,
12147,2018-01-13,,,,
12149,2018-01-13,,,,
12146,2018-01-13,,,,
12148,2018-01-13,,,,
12141,2018-01-13,,,,
12145,2018-01-13,,,,
11685,2018-01-13,,,,
12140,2018-01-13,,,,
11684,2018-01-14,,,,
11683,2018-01-14,,,,
11682,2018-01-15,,,,
12139,2018-01-19,,,,
11681,2018-01-20,,,,
11675,2018-01-20,,,,
11676,2018-01-20,,,,
11677,2018-01-20,,,,
11678,2018-01-20,,,,
11680,2018-01-20,,,,
11679,2018-01-20,,,,
12131,2018-01-20,,,,
12138,2018-01-20,,,,
12136,2018-01-20,,,,
12134,2018-01-20,,,,
12132,2018-01-20,,,,
12129,2018-01-20,,,,
12130,2018-01-20,,,,
12133,2018-01-20,,,,
12135,2018-01-20,,,,
12137,2018-01-20,,,,
11674,2018-01-20,,,,
12128,2018-01-20,,,,
11673,2018-01-21,,,,
11672,2018-01-22,,,,
12125,2018-01-27,,,,
12126,2018-01-27,,,,
12127,2018-01-27,,,,
12124,2018-01-27,,,,
11671,2018-01-30,,,,
11670,2018-01-30,,,,
12117,2018-01-30,,,,
12121,2018-01-30,,,,
12123,2018-01-30,,,,
12119,2018-01-30,,,,
12122,2018-01-30,,,,
12120,2018-01-30,,,,
12118,2018-01-30,,,,
11669,2018-01-30,,,,
11667,2018-01-31,,,,
11668,2018-01-31,,,,
11666,2018-01-31,,,,
11665,2018-01-31,,,,
11664,2018-01-31,,,,
11662,2018-01-31,,,,
11663,2018-01-31,,,,
12116,2018-02-02,,,,
11661,2018-02-03,,,,
11659,2018-02-03,,,,
11656,2018-02-03,,,,
11658,2018-02-03,,,,
11657,2018-02-03,,,,
11660,2018-02-03,,,,
12108,2018-02-03,,,,
12113,2018-02-03,,,,
12111,2018-02-03,,,,
12109,2018-02-03,,,,
12106,2018-02-03,,,,
12107,2018-02-03,,,,
12110,2018-02-03,,,,
12112,2018-02-03,,,,
12114,2018-02-03,,,,
12115,2018-02-03,,,,
11655,2018-02-03,,,,
12105,2018-02-03,,,,
11654,2018-02-04,,,,
11653,2018-02-04,,,,
11652,2018-02-05,,,,
12104,2018-02-09,,,,
12103,2018-02-10,,,,
11651,2018-02-10,,,,
12102,2018-02-10,,,,
11647,2018-02-10,,,,
11650,2018-02-10,,,,
11648,2018-02-10,,,,
11649,2018-02-10,,,,
12101,2018-02-10,,,,
12095,2018-02-10,,,,
12096,2018-02-10,,,,
12098,2018-02-10,,,,
12100,2018-02-10,,,,
12094,2018-02-10,,,,
12097,2018-02-10,,,,
12099,2018-02-10,,,,
11646,2018-02-10,,,,
11645,2018-02-11,,,,
12093,2018-02-11,,,,
11644,2018-02-11,,,,
11643,2018-02-11,,,,
11642,2018-02-12,,,,
12091,2018-02-13,,,,
12092,2018-02-13,,,,
12087,2018-02-17,,,,
12086,2018-02-17,,,,
12084,2018-02-17,,,,
12088,2018-02-17,,,,
12089,2018-02-17,,,,
12090,2018-02-17,,,,
12085,2018-02-17,,,,
12083,2018-02-18,,,,
12082,2018-02-18,,,,
12077,2018-02-20,,,,
12079,2018-02-20,,,,
12081,2018-02-20,,,,
12080,2018-02-20,,,,
12075,2018-02-20,,,,
12078,2018-02-20,,,,
12076,2018-02-20,,,,
12074,2018-02-20,,,,
12073,2018-02-21,,,,
12070,2018-02-21,,,,
12072,2018-02-21,,,,
12071,2018-02-21,,,,
12069,2018-02-23,,,,
11641,2018-02-24,,,,
11636,2018-02-24,,,,
11639,2018-02-24,,,,
11638,2018-02-24,,,,
11637,2018-02-24,,,,
11640,2018-02-24,,,,
12066,2018-02-24,,,,
12060,2018-02-24,,,,
12064,2018-02-24,,,,
12062,2018-02-24,,,,
12063,2018-02-24,,,,
12065,2018-02-24,,,,
12067,2018-02-24,,,,
12068,2018-02-24,,,,
12061,2018-02-24,,,,
11635,2018-02-24,,,,
12059,2018-02-24,,,,
11634,2018-02-25,,,,
12058,2018-02-25,,,,
11633,2018-02-25,,,,
12057,2018-02-27,,,,
12056,2018-02-27,,,,
11632,2018-03-01,,,,
12055,2018-03-02,,,,
11631,2018-03-03,,,,
11630,2018-03-03,,,,
11627,2018-03-03,,,,
11626,2018-03-03,,,,
11629,2018-03-03,,,,
11628,2018-03-03,,,,
12051,2018-03-03,,,,
12053,2018-03-03,,,,
12054,2018-03-03,,,,
12050,2018-03-03,,,,
12052,2018-03-03,,,,
11625,2018-03-03,,,,
11624,2018-03-04,,,,
11623,2018-03-04,,,,
11622,2018-03-05,,,,
12043,2018-03-06,,,,
12042,2018-03-06,,,,
12040,2018-03-06,,,,
12046,2018-03-06,,,,
12044,2018-03-06,,,,
12045,2018-03-06,,,,
12047,2018-03-06,,,,
12048,2018-03-06,,,,
12049,2018-03-06,,,,
12041,2018-03-06,,,,
12039,2018-03-06,,,,
12038,2018-03-07,,,,
11621,2018-03-10,,,,
11618,2018-03-10,,,,
11617,2018-03-10,,,,
11616,2018-03-10,,,,
11620,2018-03-10,,,,
11619,2018-03-10,,,,
12029,2018-03-10,,,,
12036,2018-03-10,,,,
12031,2018-03-10,,,,
12033,2018-03-10,,,,
12034,2018-03-10,,,,
12030,2018-03-10,,,,
12032,2018-03-10,,,,
12035,2018-03-10,,,,
12037,2018-03-10,,,,
12028,2018-03-10,,,,
11615,2018-03-10,,,,
12027,2018-03-10,,,,
11614,2018-03-11,,,,
12026,2018-03-11,,,,
11613,2018-03-11,,,,
11612,2018-03-12,,,,
12025,2018-03-13,,,,
12022,2018-03-13,,,,
12023,2018-03-13,,,,
12024,2018-03-13,,,,
12020,2018-03-13,,,,
12021,2018-03-13,,,,
12019,2018-03-17,,,,
12018,2018-03-17,,,,
11609,2018-03-17,,,,
11610,2018-03-17,,,,
11611,2018-03-17,,,,
12017,2018-03-17,,,,
12010,2018-03-17,,,,
12011,2018-03-17,,,,
12012,2018-03-17,,,,
12015,2018-03-17,,,,
12013,2018-03-17,,,,
12014,2018-03-17,,,,
12016,2018-03-17,,,,
11608,2018-03-17,,,,
12009,2018-03-17,,,,
12008,2018-03-30,,,,
12004,2018-03-30,,,,
12003,2018-03-30,,,,
12005,2018-03-30,,,,
12006,2018-03-30,,,,
12007,2018-03-30,,,,
12002,2018-03-30,,,,
12001,2018-03-30,,,,
12000,2018-03-30,,,,
11999,2018-03-30,,,,
11607,2018-03-31,,,,
11602,2018-03-31,,,,
11603,2018-03-31,,,,
11604,2018-03-31,,,,
11606,2018-03-31,,,,
11601,2018-03-31,,,,
11605,2018-03-31,,,,
11998,2018-03-31,,,,
11600,2018-03-31,,,,
11997,2018-03-31,,,,
11599,2018-04-01,,,,
11598,2018-04-01,,,,
11996,2018-04-02,,,,
11991,2018-04-02,,,,
11993,2018-04-02,,,,
11994,2018-04-02,,,,
11995,2018-04-02,,,,
11992,2018-04-02,,,,
11990,2018-04-02,,,,
11988,2018-04-03,,,,
11989,2018-04-03,,,,
11987,2018-04-03,,,,
11986,2018-04-03,,,,
11985,2018-04-06,,,,
11984,2018-04-07,,,,
11597,2018-04-07,,,,
11983,2018-04-07,,,,
11591,2018-04-07,,,,
11595,2018-04-07,,,,
11593,2018-04-07,,,,
11592,2018-04-07,,,,
11596,2018-04-07,,,,
11594,2018-04-07,,,,
11981,2018-04-07,,,,
11974,2018-04-07,,,,
11975,2018-04-07,,,,
11980,2018-04-07,,,,
11978,2018-04-07,,,,
11977,2018-04-07,,,,
11976,2018-04-07,,,,
11979,2018-04-07,,,,
11982,2018-04-07,,,,
11590,2018-04-07,,,,
11589,2018-04-08,,,,
11588,2018-04-08,,,,
11967,2018-04-10,,,,
11965,2018-04-10,,,,
11968,2018-04-10,,,,
11970,2018-04-10,,,,
11972,2018-04-10,,,,
11969,2018-04-10,,,,
11964,2018-04-10,,,,
11971,2018-04-10,,,,
11973,2018-04-10,,,,
11966,2018-04-10,,,,
11963,2018-04-10,,,,
11962,2018-04-11,,,,
11961,2018-04-13,,,,
11587,2018-04-14,,,,
11960,2018-04-14,,,,
11585,2018-04-14,,,,
11583,2018-04-14,,,,
11584,2018-04-14,,,,
11586,2018-04-14,,,,
11959,2018-04-14,,,,
11954,2018-04-14,,,,
11957,2018-04-14,,,,
11955,2018-04-14,,,,
11956,2018-04-14,,,,
11958,2018-04-14,,,,
11952,2018-04-14,,,,
11953,2018-04-14,,,,
11582,2018-04-14,,,,
11951,2018-04-14,,,,
11581,2018-04-14,,,,
11950,2018-04-15,,,,
11580,2018-04-15,,,,
11579,2018-04-15,,,,
11578,2018-04-16,,,,
11577,2018-04-17,,,,
11576,2018-04-18,,,,
11574,2018-04-19,,,,
11575,2018-04-19,,,,
11949,2018-04-20,,,,
11573,2018-04-21,,,,
11572,2018-04-21,,,,
11939,2018-04-21,,,,
11941,2018-04-21,,,,
11942,2018-04-21,,,,
11944,2018-04-21,,,,
11946,2018-04-21,,,,
11945,2018-04-21,,,,
11940,2018-04-21,,,,
11943,2018-04-21,,,,
11947,2018-04-21,,,,
11948,2018-04-21,,,,
11938,2018-04-21,,,,
11570,2018-04-22,,,,
11571,2018-04-22,,,,
11569,2018-04-22,,,,
11568,2018-04-23,,,,
11937,2018-04-24,,,,
11936,2018-04-24,,,,
11935,2018-04-27,,,,
11567,2018-04-28,,,,
11565,2018-04-28,,,,
11564,2018-04-28,,,,
11566,2018-04-28,,,,
11562,2018-04-28,,,,
11563,2018-04-28,,,,
11934,2018-04-28,,,,
11932,2018-04-28,,,,
11933,2018-04-28,,,,
11928,2018-04-28,,,,
11930,2018-04-28,,,,
11925,2018-04-28,,,,
11929,2018-04-28,,,,
11931,2018-04-28,,,,
11926,2018-04-28,,,,
11927,2018-04-28,,,,
11561,2018-04-28,,,,
11924,2018-04-28,,,,
11560,2018-04-29,,,,
11559,2018-04-29,,,,
11558,2018-04-30,,,,
11557,2018-05-04,,,,
11556,2018-05-05,,,,
11552,2018-05-05,,,,
11554,2018-05-05,,,,
11553,2018-05-05,,,,
11555,2018-05-05,,,,
11551,2018-05-05,,,,
11916,2018-05-06,,,,
11912,2018-05-06,,,,
11914,2018-05-06,,,,
11915,2018-05-06,,,,
11918,2018-05-06,,,,
11920,2018-05-06,,,,
11921,2018-05-06,,,,
11919,2018-05-06,,,,
11913,2018-05-06,,,,
11917,2018-05-06,,,,
11922,2018-05-06,,,,
11923,2018-05-06,,,,
11550,2018-05-06,,,,
11548,2018-05-06,,,,
11549,2018-05-06,,,,
11547,2018-05-08,,,,
11545,2018-05-09,,,,
11546,2018-05-09,,,,
11544,2018-05-09,,,,
11543,2018-05-09,,,,
11542,2018-05-10,,,,
138995,2018-05-11,,,,
138997,2018-05-12,,,,
11536,2018-05-13,,,,
11537,2018-05-13,,,,
11534,2018-05-13,,,,
11535,2018-05-13,,,,
11538,2018-05-13,,,,
11532,2018-05-13,,,,
11540,2018-05-13,,,,
11541,2018-05-13,,,,
11533,2018-05-13,,,,
11539,2018-05-13,,,,
138996,2018-05-14,,,,
138998,2018-05-15,,,,
138994,2018-05-26,,,,
445,2018-08-03,,,,
446,2018-08-04,,,,
447,2018-08-04,,,,
448,2018-08-04,,,,
449,2018-08-04,,,,
450,2018-08-04,,,,
451,2018-08-04,,,,
452,2018-08-04,,,,
453,2018-08-04,,,,
454,2018-08-04,,,,
455,2018-08-05,,,,
456,2018-08-06,,,,
458,2018-08-07,,,,
457,2018-08-07,,,,
65,2018-08-10,,,,
66,2018-08-11,,,,
67,2018-08-11,,,,
68,2018-08-11,,,,
69,2018-08-11,,,,
70,2018-08-11,,,,
465,2018-08-11,,,,
459,2018-08-11,,,,
460,2018-08-11,,,,
461,2018-08-11,,,,
463,2018-08-11,,,,
464,2018-08-11,,,,
466,2018-08-11,,,,
467,2018-08-11,,,,
468,2018-08-11,,,,
469,2018-08-11,,,,
470,2018-08-11,,,,
71,2018-08-11,,,,
462,2018-08-11,,,,
72,2018-08-12,,,,
73,2018-08-12,,,,
74,2018-08-12,,,,
471,2018-08-17,,,,
75,2018-08-18,,,,
77,2018-08-18,,,,
78,2018-08-18,,,,
79,2018-08-18,,,,
80,2018-08-18,,,,
479,2018-08-18,,,,
473,2018-08-18,,,,
475,2018-08-18,,,,
477,2018-08-18,,,,
481,2018-08-18,,,,
482,2018-08-18,,,,
480,2018-08-18,,,,
476,2018-08-18,,,,
474,2018-08-18,,,,
81,2018-08-18,,,,
478,2018-08-18,,,,
76,2018-08-19,,,,
82,2018-08-19,,,,
472,2018-08-19,,,,
83,2018-08-19,,,,
84,2018-08-20,,,,
484,2018-08-21,,,,
485,2018-08-21,,,,
486,2018-08-21,,,,
490,2018-08-21,,,,
483,2018-08-22,,,,
488,2018-08-22,,,,
489,2018-08-22,,,,
487,2018-08-22,,,,
491,2018-08-22,,,,
492,2018-08-22,,,,
497,2018-08-24,,,,
85,2018-08-25,,,,
87,2018-08-25,,,,
89,2018-08-25,,,,
90,2018-08-25,,,,
86,2018-08-25,,,,
493,2018-08-25,,,,
494,2018-08-25,,,,
495,2018-08-25,,,,
496,2018-08-25,,,,
498,2018-08-25,,,,
500,2018-08-25,,,,
502,2018-08-25,,,,
503,2018-08-25,,,,
504,2018-08-25,,,,
91,2018-08-25,,,,
499,2018-08-25,,,,
501,2018-08-26,,,,
92,2018-08-26,,,,
93,2018-08-26,,,,
88,2018-08-26,,,,
94,2018-08-27,,,,
510,2018-08-31,,,,
95,2018-09-01,,,,
100,2018-09-01,,,,
101,2018-09-01,,,,
98,2018-09-01,,,,
96,2018-09-01,,,,
99,2018-09-01,,,,
513,2018-09-01,,,,
505,2018-09-01,,,,
506,2018-09-01,,,,
512,2018-09-01,,,,
515,2018-09-01,,,,
516,2018-09-01,,,,
514,2018-09-01,,,,
508,2018-09-01,,,,
102,2018-09-01,,,,
511,2018-09-01,,,,
509,2018-09-02,,,,
103,2018-09-02,,,,
507,2018-09-02,,,,
104,2018-09-02,,,,
97,2018-09-02,,,,
517,2018-09-14,,,,
105,2018-09-15,,,,
110,2018-09-15,,,,
106,2018-09-15,,,,
108,2018-09-15,,,,
107,2018-09-15,,,,
109,2018-09-15,,,,
520,2018-09-15,,,,
521,2018-09-15,,,,
523,2018-09-15,,,,
525,2018-09-15,,,,
522,2018-09-15,,,,
519,2018-09-15,,,,
524,2018-09-15,,,,
526,2018-09-15,,,,
527,2018-09-15,,,,
528,2018-09-15,,,,
111,2018-09-15,,,,
518,2018-09-15,,,,
112,2018-09-16,,,,
113,2018-09-16,,,,
114,2018-09-17,,,,
535,2018-09-18,,,,
533,2018-09-18,,,,
530,2018-09-18,,,,
534,2018-09-18,,,,
529,2018-09-18,,,,
532,2018-09-18,,,,
531,2018-09-18,,,,
540,2018-09-19,,,,
537,2018-09-19,,,,
536,2018-09-19,,,,
538,2018-09-19,,,,
539,2018-09-19,,,,
552,2018-09-21,,,,
115,2018-09-22,,,,
121,2018-09-22,,,,
120,2018-09-22,,,,
117,2018-09-22,,,,
116,2018-09-22,,,,
119,2018-09-22,,,,
118,2018-09-22,,,,
548,2018-09-22,,,,
543,2018-09-22,,,,
551,2018-09-22,,,,
549,2018-09-22,,,,
544,2018-09-22,,,,
546,2018-09-22,,,,
541,2018-09-22,,,,
542,2018-09-22,,,,
545,2018-09-22,,,,
550,2018-09-22,,,,
122,2018-09-22,,,,
547,2018-09-22,,,,
123,2018-09-23,,,,
124,2018-09-23,,,,
575,2018-09-28,,,,
569,2018-09-28,,,,
125,2018-09-29,,,,
130,2018-09-29,,,,
128,2018-09-29,,,,
131,2018-09-29,,,,
126,2018-09-29,,,,
127,2018-09-29,,,,
129,2018-09-29,,,,
565,2018-09-29,,,,
568,2018-09-29,,,,
571,2018-09-29,,,,
573,2018-09-29,,,,
570,2018-09-29,,,,
566,2018-09-29,,,,
567,2018-09-29,,,,
572,2018-09-29,,,,
576,2018-09-29,,,,
132,2018-09-29,,,,
574,2018-09-29,,,,
133,2018-09-30,,,,
134,2018-10-01,,,,
578,2018-10-02,,,,
579,2018-10-02,,,,
582,2018-10-02,,,,
585,2018-10-02,,,,
577,2018-10-02,,,,
580,2018-10-02,,,,
581,2018-10-02,,,,
586,2018-10-03,,,,
583,2018-10-03,,,,
584,2018-10-03,,,,
587,2018-10-03,,,,
588,2018-10-03,,,,
135,2018-10-05,,,,
592,2018-10-06,,,,
144,2018-10-06,,,,
136,2018-10-06,,,,
139,2018-10-06,,,,
143,2018-10-06,,,,
137,2018-10-06,,,,
589,2018-10-06,,,,
594,2018-10-06,,,,
596,2018-10-06,,,,
600,2018-10-06,,,,
598,2018-10-06,,,,
593,2018-10-06,,,,
595,2018-10-06,,,,
597,2018-10-06,,,,
599,2018-10-06,,,,
141,2018-10-06,,,,
590,2018-10-06,,,,
138,2018-10-07,,,,
591,2018-10-07,,,,
142,2018-10-07,,,,
140,2018-10-07,,,,
610,2018-10-19,,,,
602,2018-10-20,,,,
148,2018-10-20,,,,
152,2018-10-20,,,,
146,2018-10-20,,,,
154,2018-10-20,,,,
147,2018-10-20,,,,
153,2018-10-20,,,,
151,2018-10-20,,,,
608,2018-10-20,,,,
603,2018-10-20,,,,
606,2018-10-20,,,,
612,2018-10-20,,,,
605,2018-10-20,,,,
607,2018-10-20,,,,
601,2018-10-20,,,,
609,2018-10-20,,,,
611,2018-10-20,,,,
150,2018-10-20,,,,
604,2018-10-20,,,,
149,2018-10-21,,,,
145,2018-10-22,,,,
619,2018-10-23,,,,
614,2018-10-23,,,,
617,2018-10-23,,,,
613,2018-10-23,,,,
615,2018-10-23,,,,
616,2018-10-23,,,,
618,2018-10-23,,,,
621,2018-10-24,,,,
623,2018-10-24,,,,
622,2018-10-24,,,,
624,2018-10-24,,,,
620,2018-10-24,,,,
633,2018-10-26,,,,
629,2018-10-27,,,,
158,2018-10-27,,,,
164,2018-10-27,,,,
160,2018-10-27,,,,
162,2018-10-27,,,,
155,2018-10-27,,,,
625,2018-10-27,,,,
627,2018-10-27,,,,
630,2018-10-27,,,,
632,2018-10-27,,,,
636,2018-10-27,,,,
634,2018-10-27,,,,
626,2018-10-27,,,,
631,2018-10-27,,,,
635,2018-10-27,,,,
159,2018-10-27,,,,
628,2018-10-27,,,,
156,2018-10-28,,,,
157,2018-10-28,,,,
161,2018-10-28,,,,
163,2018-10-29,,,,
637,2018-11-02,,,,
166,2018-11-03,,,,
172,2018-11-03,,,,
167,2018-11-03,,,,
169,2018-11-03,,,,
173,2018-11-03,,,,
644,2018-11-03,,,,
639,2018-11-03,,,,
642,2018-11-03,,,,
641,2018-11-03,,,,
643,2018-11-03,,,,
638,2018-11-03,,,,
640,2018-11-03,,,,
645,2018-11-03,,,,
646,2018-11-03,,,,
165,2018-11-03,,,,
647,2018-11-03,,,,
174,2018-11-03,,,,
648,2018-11-04,,,,
171,2018-11-04,,,,
168,2018-11-04,,,,
170,2018-11-05,,,,
659,2018-11-09,,,,
176,2018-11-10,,,,
183,2018-11-10,,,,
179,2018-11-10,,,,
184,2018-11-10,,,,
180,2018-11-10,,,,
658,2018-11-10,,,,
649,2018-11-10,,,,
652,2018-11-10,,,,
656,2018-11-10,,,,
650,2018-11-10,,,,
651,2018-11-10,,,,
653,2018-11-10,,,,
654,2018-11-10,,,,
655,2018-11-10,,,,
657,2018-11-10,,,,
178,2018-11-10,,,,
660,2018-11-10,,,,
181,2018-11-11,,,,
177,2018-11-11,,,,
175,2018-11-11,,,,
182,2018-11-11,,,,
664,2018-11-23,,,,
668,2018-11-24,,,,
190,2018-11-24,,,,
189,2018-11-24,,,,
192,2018-11-24,,,,
188,2018-11-24,,,,
193,2018-11-24,,,,
186,2018-11-24,,,,
666,2018-11-24,,,,
667,2018-11-24,,,,
672,2018-11-24,,,,
665,2018-11-24,,,,
663,2018-11-24,,,,
669,2018-11-24,,,,
670,2018-11-24,,,,
671,2018-11-24,,,,
191,2018-11-24,,,,
662,2018-11-24,,,,
661,2018-11-25,,,,
185,2018-11-25,,,,
194,2018-11-25,,,,
187,2018-11-26,,,,
553,2018-11-27,,,,
560,2018-11-27,,,,
555,2018-11-27,,,,
554,2018-11-27,,,,
557,2018-11-27,,,,
561,2018-11-27,,,,
559,2018-11-28,,,,
556,2018-11-28,,,,
564,2018-11-28,,,,
558,2018-11-28,,,,
563,2018-11-28,,,,
562,2018-11-28,,,,
196,2018-11-30,,,,
683,2018-12-01,,,,
203,2018-12-01,,,,
199,2018-12-01,,,,
200,2018-12-01,,,,
202,2018-12-01,,,,
198,2018-12-01,,,,
682,2018-12-01,,,,
673,2018-12-01,,,,
680,2018-12-01,,,,
674,2018-12-01,,,,
675,2018-12-01,,,,
677,2018-12-01,,,,
679,2018-12-01,,,,
681,2018-12-01,,,,
204,2018-12-01,,,,
678,2018-12-01,,,,
197,2018-12-02,,,,
676,2018-12-02,,,,
195,2018-12-02,,,,
201,2018-12-02,,,,
684,2018-12-03,,,,
205,2018-12-04,,,,
210,2018-12-04,,,,
206,2018-12-04,,,,
209,2018-12-04,,,,
208,2018-12-05,,,,
211,2018-12-05,,,,
207,2018-12-05,,,,
213,2018-12-05,,,,
212,2018-12-05,,,,
214,2018-12-05,,,,
695,2018-12-07,,,,
216,2018-12-08,,,,
222,2018-12-08,,,,
215,2018-12-08,,,,
218,2018-12-08,,,,
217,2018-12-08,,,,
224,2018-12-08,,,,
685,2018-12-08,,,,
686,2018-12-08,,,,
689,2018-12-08,,,,
696,2018-12-08,,,,
687,2018-12-08,,,,
691,2018-12-08,,,,
688,2018-12-08,,,,
690,2018-12-08,,,,
693,2018-12-08,,,,
694,2018-12-08,,,,
219,2018-12-08,,,,
692,2018-12-08,,,,
221,2018-12-08,,,,
223,2018-12-09,,,,
220,2018-12-10,,,,
707,2018-12-14,,,,
230,2018-12-15,,,,
228,2018-12-15,,,,
233,2018-12-15,,,,
234,2018-12-15,,,,
232,2018-12-15,,,,
226,2018-12-15,,,,
703,2018-12-15,,,,
704,2018-12-15,,,,
702,2018-12-15,,,,
697,2018-12-15,,,,
698,2018-12-15,,,,
699,2018-12-15,,,,
705,2018-12-15,,,,
706,2018-12-15,,,,
708,2018-12-15,,,,
227,2018-12-15,,,,
700,2018-12-15,,,,
231,2018-12-16,,,,
225,2018-12-16,,,,
229,2018-12-16,,,,
701,2018-12-17,,,,
244,2018-12-21,,,,
235,2018-12-22,,,,
242,2018-12-22,,,,
236,2018-12-22,,,,
240,2018-12-22,,,,
243,2018-12-22,,,,
238,2018-12-22,,,,
241,2018-12-22,,,,
716,2018-12-22,,,,
711,2018-12-22,,,,
714,2018-12-22,,,,
720,2018-12-22,,,,
715,2018-12-22,,,,
710,2018-12-22,,,,
712,2018-12-22,,,,
717,2018-12-22,,,,
718,2018-12-22,,,,
719,2018-12-22,,,,
237,2018-12-22,,,,
713,2018-12-22,,,,
709,2018-12-23,,,,
239,2018-12-23,,,,
248,2018-12-26,,,,
251,2018-12-26,,,,
250,2018-12-26,,,,
246,2018-12-26,,,,
249,2018-12-26,,,,
253,2018-12-26,,,,
247,2018-12-26,,,,
721,2018-12-26,,,,
723,2018-12-26,,,,
726,2018-12-26,,,,
728,2018-12-26,,,,
732,2018-12-26,,,,
730,2018-12-26,,,,
724,2018-12-26,,,,
722,2018-12-26,,,,
725,2018-12-26,,,,
727,2018-12-26,,,,
729,2018-12-26,,,,
731,2018-12-26,,,,
245,2018-12-26,,,,
254,2018-12-26,,,,
252,2018-12-27,,,,
258,2018-12-29,,,,
264,2018-12-29,,,,
259,2018-12-29,,,,
263,2018-12-29,,,,
255,2018-12-29,,,,
733,2018-12-29,,,,
735,2018-12-29,,,,
738,2018-12-29,,,,
740,2018-12-29,,,,
744,2018-12-29,,,,
742,2018-12-29,,,,
736,2018-12-29,,,,
734,2018-12-29,,,,
737,2018-12-29,,,,
739,2018-12-29,,,,
741,2018-12-29,,,,
743,2018-12-29,,,,
260,2018-12-29,,,,
257,2018-12-30,,,,
262,2018-12-30,,,,
256,2018-12-30,,,,
261,2018-12-30,,,,
269,2019-01-01,,,,
265,2019-01-01,,,,
752,2019-01-01,,,,
747,2019-01-01,,,,
750,2019-01-01,,,,
756,2019-01-01,,,,
749,2019-01-01,,,,
751,2019-01-01,,,,
745,2019-01-01,,,,
746,2019-01-01,,,,
748,2019-01-01,,,,
753,2019-01-01,,,,
754,2019-01-01,,,,
755,2019-01-01,,,,
267,2019-01-01,,,,
270,2019-01-02,,,,
274,2019-01-02,,,,
273,2019-01-02,,,,
268,2019-01-02,,,,
272,2019-01-02,,,,
266,2019-01-02,,,,
271,2019-01-03,,,,
762,2019-01-11,,,,
284,2019-01-12,,,,
277,2019-01-12,,,,
276,2019-01-12,,,,
281,2019-01-12,,,,
275,2019-01-12,,,,
279,2019-01-12,,,,
765,2019-01-12,,,,
757,2019-01-12,,,,
758,2019-01-12,,,,
759,2019-01-12,,,,
761,2019-01-12,,,,
764,2019-01-12,,,,
767,2019-01-12,,,,
768,2019-01-12,,,,
766,2019-01-12,,,,
760,2019-01-12,,,,
278,2019-01-12,,,,
763,2019-01-12,,,,
280,2019-01-13,,,,
283,2019-01-13,,,,
282,2019-01-14,,,,
774,2019-01-18,,,,
294,2019-01-19,,,,
290,2019-01-19,,,,
291,2019-01-19,,,,
286,2019-01-19,,,,
293,2019-01-19,,,,
289,2019-01-19,,,,
292,2019-01-19,,,,
775,2019-01-19,,,,
769,2019-01-19,,,,
770,2019-01-19,,,,
772,2019-01-19,,,,
773,2019-01-19,,,,
776,2019-01-19,,,,
777,2019-01-19,,,,
778,2019-01-19,,,,
779,2019-01-19,,,,
285,2019-01-19,,,,
780,2019-01-19,,,,
288,2019-01-20,,,,
287,2019-01-20,,,,
771,2019-01-21,,,,
787,2019-01-26,,,,
781,2019-01-26,,,,
782,2019-01-26,,,,
786,2019-01-26,,,,
789,2019-01-26,,,,
791,2019-01-26,,,,
297,2019-01-29,,,,
298,2019-01-29,,,,
299,2019-01-29,,,,
295,2019-01-29,,,,
792,2019-01-29,,,,
300,2019-01-29,,,,
301,2019-01-29,,,,
783,2019-01-29,,,,
296,2019-01-30,,,,
302,2019-01-30,,,,
303,2019-01-30,,,,
304,2019-01-30,,,,
800,2019-02-01,,,,
313,2019-02-02,,,,
306,2019-02-02,,,,
310,2019-02-02,,,,
308,2019-02-02,,,,
305,2019-02-02,,,,
309,2019-02-02,,,,
801,2019-02-02,,,,
793,2019-02-02,,,,
794,2019-02-02,,,,
795,2019-02-02,,,,
797,2019-02-02,,,,
799,2019-02-02,,,,
803,2019-02-02,,,,
804,2019-02-02,,,,
802,2019-02-02,,,,
796,2019-02-02,,,,
307,2019-02-02,,,,
798,2019-02-02,,,,
311,2019-02-03,,,,
312,2019-02-03,,,,
314,2019-02-04,,,,
330,2019-02-06,,,,
805,2019-02-08,,,,
317,2019-02-09,,,,
809,2019-02-09,,,,
318,2019-02-09,,,,
323,2019-02-09,,,,
319,2019-02-09,,,,
321,2019-02-09,,,,
316,2019-02-09,,,,
811,2019-02-09,,,,
806,2019-02-09,,,,
807,2019-02-09,,,,
808,2019-02-09,,,,
812,2019-02-09,,,,
813,2019-02-09,,,,
814,2019-02-09,,,,
816,2019-02-09,,,,
315,2019-02-09,,,,
815,2019-02-09,,,,
810,2019-02-10,,,,
322,2019-02-10,,,,
320,2019-02-10,,,,
324,2019-02-11,,,,
817,2019-02-12,,,,
823,2019-02-12,,,,
825,2019-02-12,,,,
818,2019-02-12,,,,
821,2019-02-12,,,,
822,2019-02-13,,,,
819,2019-02-13,,,,
820,2019-02-13,,,,
828,2019-02-13,,,,
827,2019-02-13,,,,
824,2019-02-13,,,,
826,2019-02-13,,,,
838,2019-02-16,,,,
835,2019-02-16,,,,
836,2019-02-16,,,,
839,2019-02-16,,,,
829,2019-02-16,,,,
831,2019-02-16,,,,
830,2019-02-17,,,,
788,2019-02-19,,,,
784,2019-02-20,,,,
328,2019-02-22,,,,
334,2019-02-22,,,,
327,2019-02-23,,,,
333,2019-02-23,,,,
326,2019-02-23,,,,
848,2019-02-23,,,,
841,2019-02-23,,,,
842,2019-02-23,,,,
845,2019-02-23,,,,
852,2019-02-23,,,,
843,2019-02-23,,,,
844,2019-02-23,,,,
846,2019-02-23,,,,
849,2019-02-23,,,,
850,2019-02-23,,,,
331,2019-02-23,,,,
851,2019-02-23,,,,
332,2019-02-24,,,,
325,2019-02-24,,,,
847,2019-02-25,,,,
337,2019-02-26,,,,
336,2019-02-26,,,,
338,2019-02-26,,,,
832,2019-02-26,,,,
834,2019-02-26,,,,
837,2019-02-26,,,,
790,2019-02-26,,,,
341,2019-02-26,,,,
342,2019-02-27,,,,
335,2019-02-27,,,,
343,2019-02-27,,,,
340,2019-02-27,,,,
344,2019-02-27,,,,
339,2019-02-27,,,,
857,2019-03-01,,,,
351,2019-03-02,,,,
350,2019-03-02,,,,
345,2019-03-02,,,,
354,2019-03-02,,,,
347,2019-03-02,,,,
346,2019-03-02,,,,
854,2019-03-02,,,,
856,2019-03-02,,,,
858,2019-03-02,,,,
859,2019-03-02,,,,
864,2019-03-02,,,,
855,2019-03-02,,,,
853,2019-03-02,,,,
860,2019-03-02,,,,
862,2019-03-02,,,,
863,2019-03-02,,,,
353,2019-03-02,,,,
352,2019-03-03,,,,
349,2019-03-03,,,,
348,2019-03-03,,,,
861,2019-03-04,,,,
833,2019-03-05,,,,
871,2019-03-08,,,,
866,2019-03-09,,,,
875,2019-03-09,,,,
358,2019-03-09,,,,
363,2019-03-09,,,,
359,2019-03-09,,,,
364,2019-03-09,,,,
356,2019-03-09,,,,
360,2019-03-09,,,,
874,2019-03-09,,,,
868,2019-03-09,,,,
876,2019-03-09,,,,
872,2019-03-09,,,,
867,2019-03-09,,,,
869,2019-03-09,,,,
870,2019-03-09,,,,
873,2019-03-09,,,,
362,2019-03-09,,,,
361,2019-03-10,,,,
865,2019-03-10,,,,
357,2019-03-10,,,,
355,2019-03-10,,,,
879,2019-03-12,,,,
881,2019-03-12,,,,
878,2019-03-12,,,,
883,2019-03-12,,,,
882,2019-03-12,,,,
877,2019-03-13,,,,
880,2019-03-13,,,,
884,2019-03-13,,,,
885,2019-03-13,,,,
886,2019-03-13,,,,
887,2019-03-13,,,,
888,2019-03-13,,,,
893,2019-03-16,,,,
365,2019-03-16,,,,
367,2019-03-16,,,,
373,2019-03-16,,,,
890,2019-03-16,,,,
892,2019-03-16,,,,
895,2019-03-16,,,,
900,2019-03-16,,,,
891,2019-03-16,,,,
889,2019-03-16,,,,
896,2019-03-16,,,,
897,2019-03-16,,,,
898,2019-03-16,,,,
369,2019-03-17,,,,
368,2019-03-17,,,,
911,2019-03-29,,,,
380,2019-03-30,,,,
383,2019-03-30,,,,
377,2019-03-30,,,,
381,2019-03-30,,,,
376,2019-03-30,,,,
379,2019-03-30,,,,
908,2019-03-30,,,,
903,2019-03-30,,,,
912,2019-03-30,,,,
909,2019-03-30,,,,
904,2019-03-30,,,,
906,2019-03-30,,,,
901,2019-03-30,,,,
902,2019-03-30,,,,
907,2019-03-30,,,,
910,2019-03-30,,,,
384,2019-03-30,,,,
905,2019-03-30,,,,
378,2019-03-31,,,,
382,2019-03-31,,,,
375,2019-04-01,,,,
393,2019-04-02,,,,
394,2019-04-02,,,,
785,2019-04-02,,,,
840,2019-04-02,,,,
371,2019-04-03,,,,
329,2019-04-03,,,,
389,2019-04-03,,,,
391,2019-04-05,,,,
920,2019-04-06,,,,
390,2019-04-06,,,,
385,2019-04-06,,,,
388,2019-04-06,,,,
913,2019-04-06,,,,
916,2019-04-06,,,,
917,2019-04-06,,,,
919,2019-04-06,,,,
921,2019-04-06,,,,
918,2019-04-06,,,,
914,2019-04-06,,,,
915,2019-04-06,,,,
922,2019-04-06,,,,
923,2019-04-06,,,,
924,2019-04-06,,,,
387,2019-04-07,,,,
386,2019-04-08,,,,
926,2019-04-09,,,,
928,2019-04-09,,,,
925,2019-04-09,,,,
929,2019-04-09,,,,
930,2019-04-09,,,,
931,2019-04-09,,,,
932,2019-04-10,,,,
933,2019-04-10,,,,
935,2019-04-10,,,,
934,2019-04-10,,,,
927,2019-04-10,,,,
936,2019-04-10,,,,
399,2019-04-12,,,,
403,2019-04-13,,,,
398,2019-04-13,,,,
402,2019-04-13,,,,
396,2019-04-13,,,,
395,2019-04-13,,,,
944,2019-04-13,,,,
939,2019-04-13,,,,
947,2019-04-13,,,,
945,2019-04-13,,,,
942,2019-04-13,,,,
937,2019-04-13,,,,
938,2019-04-13,,,,
941,2019-04-13,,,,
943,2019-04-13,,,,
946,2019-04-13,,,,
401,2019-04-13,,,,
940,2019-04-13,,,,
948,2019-04-14,,,,
397,2019-04-14,,,,
400,2019-04-14,,,,
404,2019-04-15,,,,
366,2019-04-16,,,,
951,2019-04-19,,,,
958,2019-04-19,,,,
954,2019-04-19,,,,
949,2019-04-19,,,,
956,2019-04-19,,,,
960,2019-04-19,,,,
952,2019-04-19,,,,
950,2019-04-19,,,,
953,2019-04-19,,,,
957,2019-04-19,,,,
959,2019-04-19,,,,
955,2019-04-19,,,,
411,2019-04-20,,,,
406,2019-04-20,,,,
410,2019-04-20,,,,
414,2019-04-20,,,,
413,2019-04-20,,,,
412,2019-04-20,,,,
409,2019-04-21,,,,
405,2019-04-21,,,,
407,2019-04-21,,,,
961,2019-04-22,,,,
968,2019-04-22,,,,
966,2019-04-22,,,,
972,2019-04-22,,,,
965,2019-04-22,,,,
967,2019-04-22,,,,
962,2019-04-22,,,,
964,2019-04-22,,,,
969,2019-04-22,,,,
970,2019-04-22,,,,
971,2019-04-22,,,,
963,2019-04-22,,,,
408,2019-04-22,,,,
372,2019-04-23,,,,
392,2019-04-23,,,,
374,2019-04-24,,,,
370,2019-04-24,,,,
420,2019-04-26,,,,
423,2019-04-27,,,,
978,2019-04-27,,,,
418,2019-04-27,,,,
424,2019-04-27,,,,
422,2019-04-27,,,,
417,2019-04-27,,,,
973,2019-04-27,,,,
975,2019-04-27,,,,
980,2019-04-27,,,,
984,2019-04-27,,,,
974,2019-04-27,,,,
977,2019-04-27,,,,
981,2019-04-27,,,,
983,2019-04-27,,,,
982,2019-04-27,,,,
415,2019-04-27,,,,
979,2019-04-27,,,,
419,2019-04-28,,,,
976,2019-04-28,,,,
416,2019-04-28,,,,
421,2019-04-28,,,,
894,2019-04-30,,,,
899,2019-05-01,,,,
429,2019-05-03,,,,
426,2019-05-04,,,,
434,2019-05-04,,,,
433,2019-05-04,,,,
427,2019-05-04,,,,
432,2019-05-04,,,,
992,2019-05-05,,,,
987,2019-05-05,,,,
990,2019-05-05,,,,
996,2019-05-05,,,,
989,2019-05-05,,,,
991,2019-05-05,,,,
985,2019-05-05,,,,
986,2019-05-05,,,,
988,2019-05-05,,,,
993,2019-05-05,,,,
994,2019-05-05,,,,
995,2019-05-05,,,,
430,2019-05-05,,,,
428,2019-05-05,,,,
425,2019-05-05,,,,
431,2019-05-06,,,,
125089,2019-05-11,,,,
125091,2019-05-11,,,,
441,2019-05-12,,,,
438,2019-05-12,,,,
444,2019-05-12,,,,
440,2019-05-12,,,,
442,2019-05-12,,,,
436,2019-05-12,,,,
439,2019-05-12,,,,
443,2019-05-12,,,,
435,2019-05-12,,,,
437,2019-05-12,,,,
125092,2019-05-15,,,,
157014,2019-05-27,,,,
164174,2019-08-02,,,,
164179,2019-08-03,,,,
164177,2019-08-03,,,,
164178,2019-08-03,,,,
164182,2019-08-03,,,,
164176,2019-08-03,,,,
164180,2019-08-03,,,,
164181,2019-08-03,,,,
164175,2019-08-03,,,,
164183,2019-08-03,,,,
164184,2019-08-04,,,,
164185,2019-08-05,,,,
157015,2019-08-09,,,,
157016,2019-08-10,,,,
164192,2019-08-10,,,,
157017,2019-08-10,,,,
157021,2019-08-10,,,,
157018,2019-08-10,,,,
157019,2019-08-10,,,,
164190,2019-08-10,,,,
164187,2019-08-10,,,,
164186,2019-08-10,,,,
164194,2019-08-10,,,,
164197,2019-08-10,,,,
164191,2019-08-10,,,,
164189,2019-08-10,,,,
164193,2019-08-10,,,,
164195,2019-08-10,,,,
164196,2019-08-10,,,,
164188,2019-08-10,,,,
157022,2019-08-10,,,,
157023,2019-08-11,,,,
157020,2019-08-11,,,,
157024,2019-08-11,,,,
164202,2019-08-16,,,,
157025,2019-08-17,,,,
157033,2019-08-17,,,,
157029,2019-08-17,,,,
157027,2019-08-17,,,,
157026,2019-08-17,,,,
157031,2019-08-17,,,,
164200,2019-08-17,,,,
164201,2019-08-17,,,,
164204,2019-08-17,,,,
164209,2019-08-17,,,,
164205,2019-08-17,,,,
164199,2019-08-17,,,,
164207,2019-08-17,,,,
164208,2019-08-17,,,,
164198,2019-08-17,,,,
164203,2019-08-17,,,,
157030,2019-08-17,,,,
164206,2019-08-18,,,,
157032,2019-08-18,,,,
157028,2019-08-18,,,,
157034,2019-08-19,,,,
164210,2019-08-20,,,,
164212,2019-08-20,,,,
164211,2019-08-20,,,,
164213,2019-08-20,,,,
164214,2019-08-20,,,,
164217,2019-08-21,,,,
164215,2019-08-21,,,,
164219,2019-08-21,,,,
164218,2019-08-21,,,,
164220,2019-08-21,,,,
164216,2019-08-21,,,,
164221,2019-08-21,,,,
157036,2019-08-23,,,,
157040,2019-08-24,,,,
164225,2019-08-24,,,,
157039,2019-08-24,,,,
157043,2019-08-24,,,,
157037,2019-08-24,,,,
157041,2019-08-24,,,,
164226,2019-08-24,,,,
164227,2019-08-24,,,,
164230,2019-08-24,,,,
164228,2019-08-24,,,,
164223,2019-08-24,,,,
164229,2019-08-24,,,,
164231,2019-08-24,,,,
164232,2019-08-24,,,,
164222,2019-08-24,,,,
164224,2019-08-24,,,,
157038,2019-08-24,,,,
164233,2019-08-25,,,,
157035,2019-08-25,,,,
157044,2019-08-25,,,,
157042,2019-08-25,,,,
164237,2019-08-30,,,,
157053,2019-08-31,,,,
164236,2019-08-31,,,,
157052,2019-08-31,,,,
157050,2019-08-31,,,,
157054,2019-08-31,,,,
157047,2019-08-31,,,,
157051,2019-08-31,,,,
157048,2019-08-31,,,,
164242,2019-08-31,,,,
164234,2019-08-31,,,,
164235,2019-08-31,,,,
164240,2019-08-31,,,,
164244,2019-08-31,,,,
164245,2019-08-31,,,,
164238,2019-08-31,,,,
164241,2019-08-31,,,,
164243,2019-08-31,,,,
164239,2019-08-31,,,,
157046,2019-08-31,,,,
157049,2019-09-01,,,,
157045,2019-09-01,,,,
164249,2019-09-13,,,,
157058,2019-09-14,,,,
164250,2019-09-14,,,,
157059,2019-09-14,,,,
157064,2019-09-14,,,,
157062,2019-09-14,,,,
157057,2019-09-14,,,,
157061,2019-09-14,,,,
164254,2019-09-14,,,,
164252,2019-09-14,,,,
164247,2019-09-14,,,,
164253,2019-09-14,,,,
164255,2019-09-14,,,,
164256,2019-09-14,,,,
164257,2019-09-14,,,,
164248,2019-09-14,,,,
157060,2019-09-14,,,,
164251,2019-09-15,,,,
164246,2019-09-15,,,,
157055,2019-09-15,,,,
157063,2019-09-15,,,,
157056,2019-09-16,,,,
157073,2019-09-20,,,,
157070,2019-09-21,,,,
164262,2019-09-21,,,,
157066,2019-09-21,,,,
157069,2019-09-21,,,,
157071,2019-09-21,,,,
164261,2019-09-21,,,,
164266,2019-09-21,,,,
164258,2019-09-21,,,,
164259,2019-09-21,,,,
164260,2019-09-21,,,,
164264,2019-09-21,,,,
164269,2019-09-21,,,,
164265,2019-09-21,,,,
164267,2019-09-21,,,,
164263,2019-09-21,,,,
157072,2019-09-21,,,,
164268,2019-09-22,,,,
157074,2019-09-22,,,,
157068,2019-09-22,,,,
157065,2019-09-22,,,,
157067,2019-09-22,,,,
164274,2019-09-27,,,,
164280,2019-09-27,,,,
157082,2019-09-28,,,,
164279,2019-09-28,,,,
157075,2019-09-28,,,,
157084,2019-09-28,,,,
157083,2019-09-28,,,,
157077,2019-09-28,,,,
157078,2019-09-28,,,,
157076,2019-09-28,,,,
164275,2019-09-28,,,,
164278,2019-09-28,,,,
164276,2019-09-28,,,,
164271,2019-09-28,,,,
164273,2019-09-28,,,,
164277,2019-09-28,,,,
164281,2019-09-28,,,,
164272,2019-09-28,,,,
157079,2019-09-28,,,,
164270,2019-09-29,,,,
157080,2019-09-29,,,,
157081,2019-09-30,,,,
164286,2019-10-01,,,,
164284,2019-10-01,,,,
164283,2019-10-01,,,,
164282,2019-10-01,,,,
164285,2019-10-01,,,,
164287,2019-10-01,,,,
164288,2019-10-01,,,,
164291,2019-10-02,,,,
164290,2019-10-02,,,,
164289,2019-10-02,,,,
164292,2019-10-02,,,,
164293,2019-10-02,,,,
164294,2019-10-04,,,,
157086,2019-10-05,,,,
164297,2019-10-05,,,,
157093,2019-10-05,,,,
157088,2019-10-05,,,,
157087,2019-10-05,,,,
157091,2019-10-05,,,,
164298,2019-10-05,,,,
164295,2019-10-05,,,,
164299,2019-10-05,,,,
164301,2019-10-05,,,,
164305,2019-10-05,,,,
164300,2019-10-05,,,,
164296,2019-10-05,,,,
164302,2019-10-05,,,,
164303,2019-10-05,,,,
164304,2019-10-05,,,,
157094,2019-10-05,,,,
157092,2019-10-06,,,,
157085,2019-10-06,,,,
157089,2019-10-06,,,,
157090,2019-10-06,,,,
164309,2019-10-18,,,,
157099,2019-10-19,,,,
164307,2019-10-19,,,,
157095,2019-10-19,,,,
157104,2019-10-19,,,,
157100,2019-10-19,,,,
157103,2019-10-19,,,,
157097,2019-10-19,,,,
157096,2019-10-19,,,,
164315,2019-10-19,,,,
164308,2019-10-19,,,,
164312,2019-10-19,,,,
164311,2019-10-19,,,,
164314,2019-10-19,,,,
164316,2019-10-19,,,,
164306,2019-10-19,,,,
164310,2019-10-19,,,,
164313,2019-10-19,,,,
157098,2019-10-19,,,,
164317,2019-10-20,,,,
157101,2019-10-20,,,,
157102,2019-10-21,,,,
164318,2019-10-22,,,,
164319,2019-10-22,,,,
164329,2019-10-22,,,,
164320,2019-10-22,,,,
164321,2019-10-22,,,,
164322,2019-10-22,,,,
164323,2019-10-22,,,,
164326,2019-10-23,,,,
164327,2019-10-23,,,,
164324,2019-10-23,,,,
164328,2019-10-23,,,,
164325,2019-10-23,,,,
157112,2019-10-25,,,,
157109,2019-10-26,,,,
164339,2019-10-26,,,,
157113,2019-10-26,,,,
157114,2019-10-26,,,,
157106,2019-10-26,,,,
164332,2019-10-26,,,,
164330,2019-10-26,,,,
164335,2019-10-26,,,,
164337,2019-10-26,,,,
164341,2019-10-26,,,,
164333,2019-10-26,,,,
164334,2019-10-26,,,,
157107,2019-10-26,,,,
164340,2019-10-27,,,,
164331,2019-10-27,,,,
157110,2019-10-27,,,,
157108,2019-10-27,,,,
157105,2019-10-27,,,,
157111,2019-10-27,,,,
164338,2019-10-28,,,,
164342,2019-11-01,,,,
157115,2019-11-02,,,,
164353,2019-11-02,,,,
157116,2019-11-02,,,,
157124,2019-11-02,,,,
157121,2019-11-02,,,,
157118,2019-11-02,,,,
157122,2019-11-02,,,,
157117,2019-11-02,,,,
164348,2019-11-02,,,,
164345,2019-11-02,,,,
164351,2019-11-02,,,,
164344,2019-11-02,,,,
164349,2019-11-02,,,,
164343,2019-11-02,,,,
164347,2019-11-02,,,,
164350,2019-11-02,,,,
157123,2019-11-02,,,,
164346,2019-11-03,,,,
157119,2019-11-03,,,,
157120,2019-11-03,,,,
164352,2019-11-04,,,,
157131,2019-11-08,,,,
157126,2019-11-09,,,,
164360,2019-11-09,,,,
157130,2019-11-09,,,,
157132,2019-11-09,,,,
157125,2019-11-09,,,,
157133,2019-11-09,,,,
164363,2019-11-09,,,,
164355,2019-11-09,,,,
164359,2019-11-09,,,,
164361,2019-11-09,,,,
164365,2019-11-09,,,,
164358,2019-11-09,,,,
164357,2019-11-09,,,,
164362,2019-11-09,,,,
164364,2019-11-09,,,,
164354,2019-11-09,,,,
157127,2019-11-09,,,,
164356,2019-11-10,,,,
157129,2019-11-10,,,,
157134,2019-11-10,,,,
157128,2019-11-10,,,,
164371,2019-11-22,,,,
157144,2019-11-23,,,,
164369,2019-11-23,,,,
157135,2019-11-23,,,,
157143,2019-11-23,,,,
157136,2019-11-23,,,,
157140,2019-11-23,,,,
157138,2019-11-23,,,,
157139,2019-11-23,,,,
164372,2019-11-23,,,,
164367,2019-11-23,,,,
164368,2019-11-23,,,,
164377,2019-11-23,,,,
164366,2019-11-23,,,,
164370,2019-11-23,,,,
164375,2019-11-23,,,,
164376,2019-11-23,,,,
164373,2019-11-23,,,,
157141,2019-11-23,,,,
164374,2019-11-24,,,,
157142,2019-11-24,,,,
157137,2019-11-25,,,,
164379,2019-11-26,,,,
164380,2019-11-26,,,,
164378,2019-11-26,,,,
164382,2019-11-26,,,,
164381,2019-11-26,,,,
164383,2019-11-26,,,,
164385,2019-11-27,,,,
164384,2019-11-27,,,,
164386,2019-11-27,,,,
164387,2019-11-27,,,,
164388,2019-11-27,,,,
164389,2019-11-27,,,,
164400,2019-11-29,,,,
157150,2019-11-30,,,,
164394,2019-11-30,,,,
157148,2019-11-30,,,,
157145,2019-11-30,,,,
157153,2019-11-30,,,,
157146,2019-11-30,,,,
164391,2019-11-30,,,,
164392,2019-11-30,,,,
164393,2019-11-30,,,,
164401,2019-11-30,,,,
164396,2019-11-30,,,,
164397,2019-11-30,,,,
164395,2019-11-30,,,,
164399,2019-11-30,,,,
164390,2019-11-30,,,,
157152,2019-11-30,,,,
157154,2019-12-01,,,,
157151,2019-12-01,,,,
157149,2019-12-01,,,,
157147,2019-12-01,,,,
164398,2019-12-02,,,,
157163,2019-12-03,,,,
157156,2019-12-03,,,,
157160,2019-12-04,,,,
157159,2019-12-04,,,,
157162,2019-12-04,,,,
157157,2019-12-04,,,,
157161,2019-12-04,,,,
157164,2019-12-04,,,,
157158,2019-12-05,,,,
157155,2019-12-05,,,,
164409,2019-12-06,,,,
157168,2019-12-07,,,,
164405,2019-12-07,,,,
157165,2019-12-07,,,,
157173,2019-12-07,,,,
157172,2019-12-07,,,,
164404,2019-12-07,,,,
164403,2019-12-07,,,,
164411,2019-12-07,,,,
164406,2019-12-07,,,,
164402,2019-12-07,,,,
164408,2019-12-07,,,,
164410,2019-12-07,,,,
164412,2019-12-07,,,,
164407,2019-12-07,,,,
157169,2019-12-07,,,,
164413,2019-12-08,,,,
157170,2019-12-08,,,,
157166,2019-12-08,,,,
157171,2019-12-08,,,,
157167,2019-12-08,,,,
157174,2019-12-09,,,,
164414,2019-12-10,,,,
164418,2019-12-10,,,,
164416,2019-12-10,,,,
164417,2019-12-10,,,,
164415,2019-12-10,,,,
164419,2019-12-10,,,,
164421,2019-12-11,,,,
164422,2019-12-11,,,,
164425,2019-12-11,,,,
164423,2019-12-11,,,,
164424,2019-12-11,,,,
164420,2019-12-11,,,,
164430,2019-12-13,,,,
157180,2019-12-14,,,,
164427,2019-12-14,,,,
157176,2019-12-14,,,,
157179,2019-12-14,,,,
157177,2019-12-14,,,,
157182,2019-12-14,,,,
164428,2019-12-14,,,,
164429,2019-12-14,,,,
164434,2019-12-14,,,,
164437,2019-12-14,,,,
164432,2019-12-14,,,,
164433,2019-12-14,,,,
164431,2019-12-14,,,,
164435,2019-12-14,,,,
164436,2019-12-14,,,,
164426,2019-12-14,,,,
157183,2019-12-14,,,,
157181,2019-12-15,,,,
157184,2019-12-15,,,,
157175,2019-12-15,,,,
157178,2019-12-16,,,,
164444,2019-12-20,,,,
157188,2019-12-21,,,,
164439,2019-12-21,,,,
157190,2019-12-21,,,,
157185,2019-12-21,,,,
157187,2019-12-21,,,,
157186,2019-12-21,,,,
157191,2019-12-21,,,,
164440,2019-12-21,,,,
164441,2019-12-21,,,,
164447,2019-12-21,,,,
164445,2019-12-21,,,,
164449,2019-12-21,,,,
164442,2019-12-21,,,,
164446,2019-12-21,,,,
164443,2019-12-21,,,,
157189,2019-12-21,,,,
164448,2019-12-22,,,,
157193,2019-12-22,,,,
157192,2019-12-22,,,,
164438,2019-12-23,,,,
157203,2019-12-26,,,,
157195,2019-12-26,,,,
157199,2019-12-26,,,,
157197,2019-12-26,,,,
157198,2019-12-26,,,,
157202,2019-12-26,,,,
157196,2019-12-26,,,,
164453,2019-12-26,,,,
164452,2019-12-26,,,,
164461,2019-12-26,,,,
164455,2019-12-26,,,,
164451,2019-12-26,,,,
164458,2019-12-26,,,,
164460,2019-12-26,,,,
164450,2019-12-26,,,,
164454,2019-12-26,,,,
164457,2019-12-26,,,,
164456,2019-12-26,,,,
157201,2019-12-26,,,,
164459,2019-12-26,,,,
157200,2019-12-26,,,,
157204,2019-12-27,,,,
157206,2019-12-28,,,,
157210,2019-12-28,,,,
157213,2019-12-28,,,,
157212,2019-12-28,,,,
157214,2019-12-28,,,,
157211,2019-12-28,,,,
157207,2019-12-28,,,,
157205,2019-12-29,,,,
164465,2019-12-29,,,,
164466,2019-12-29,,,,
164462,2019-12-29,,,,
164463,2019-12-29,,,,
164467,2019-12-29,,,,
164469,2019-12-29,,,,
164473,2019-12-29,,,,
164468,2019-12-29,,,,
164470,2019-12-29,,,,
164471,2019-12-29,,,,
164472,2019-12-29,,,,
157208,2019-12-29,,,,
157209,2019-12-29,,,,
164464,2019-12-30,,,,
157217,2020-01-01,,,,
157216,2020-01-01,,,,
164479,2020-01-01,,,,
157220,2020-01-01,,,,
157223,2020-01-01,,,,
157222,2020-01-01,,,,
164477,2020-01-01,,,,
164478,2020-01-01,,,,
164474,2020-01-01,,,,
164475,2020-01-01,,,,
164481,2020-01-01,,,,
164480,2020-01-01,,,,
164482,2020-01-01,,,,
164483,2020-01-01,,,,
164485,2020-01-01,,,,
157224,2020-01-01,,,,
157219,2020-01-01,,,,
157221,2020-01-01,,,,
157215,2020-01-01,,,,
164476,2020-01-02,,,,
164484,2020-01-02,,,,
157218,2020-01-02,,,,
157232,2020-01-10,,,,
157228,2020-01-11,,,,
164488,2020-01-11,,,,
157231,2020-01-11,,,,
157234,2020-01-11,,,,
157229,2020-01-11,,,,
157230,2020-01-11,,,,
157227,2020-01-11,,,,
164495,2020-01-11,,,,
164497,2020-01-11,,,,
164492,2020-01-11,,,,
164491,2020-01-11,,,,
164487,2020-01-11,,,,
164494,2020-01-11,,,,
164496,2020-01-11,,,,
164486,2020-01-11,,,,
164490,2020-01-11,,,,
164493,2020-01-11,,,,
157233,2020-01-11,,,,
164489,2020-01-12,,,,
157225,2020-01-12,,,,
157226,2020-01-12,,,,
164501,2020-01-17,,,,
157243,2020-01-18,,,,
164506,2020-01-18,,,,
157242,2020-01-18,,,,
157235,2020-01-18,,,,
157244,2020-01-18,,,,
157239,2020-01-18,,,,
157236,2020-01-18,,,,
157241,2020-01-18,,,,
164502,2020-01-18,,,,
164498,2020-01-18,,,,
164499,2020-01-18,,,,
164503,2020-01-18,,,,
164505,2020-01-18,,,,
164500,2020-01-18,,,,
164507,2020-01-18,,,,
164508,2020-01-18,,,,
157240,2020-01-18,,,,
164504,2020-01-19,,,,
157237,2020-01-19,,,,
157238,2020-01-19,,,,
164509,2020-01-20,,,,
157245,2020-01-21,,,,
157247,2020-01-21,,,,
157254,2020-01-21,,,,
157249,2020-01-21,,,,
157246,2020-01-21,,,,
164518,2020-01-21,,,,
164510,2020-01-21,,,,
157252,2020-01-21,,,,
157248,2020-01-22,,,,
157253,2020-01-22,,,,
164336,2020-01-22,,,,
164514,2020-01-22,,,,
157251,2020-01-22,,,,
157250,2020-01-23,,,,
164520,2020-01-25,,,,
164513,2020-01-28,,,,
164512,2020-01-28,,,,
164521,2020-01-28,,,,
164516,2020-01-28,,,,
164515,2020-01-28,,,,
164511,2020-01-28,,,,
164517,2020-01-28,,,,
164519,2020-01-28,,,,
157194,2020-01-29,,,,
164523,2020-01-31,,,,
164525,2020-01-31,,,,
157258,2020-02-01,,,,
164527,2020-02-01,,,,
157261,2020-02-01,,,,
157255,2020-02-01,,,,
157263,2020-02-01,,,,
157259,2020-02-01,,,,
157264,2020-02-01,,,,
157257,2020-02-01,,,,
164526,2020-02-01,,,,
164522,2020-02-01,,,,
164530,2020-02-01,,,,
164533,2020-02-01,,,,
164528,2020-02-01,,,,
164529,2020-02-01,,,,
164531,2020-02-01,,,,
164532,2020-02-01,,,,
164524,2020-02-01,,,,
157260,2020-02-01,,,,
157256,2020-02-02,,,,
157262,2020-02-02,,,,
164537,2020-02-07,,,,
157269,2020-02-08,,,,
164545,2020-02-08,,,,
164534,2020-02-08,,,,
164538,2020-02-08,,,,
164542,2020-02-08,,,,
164536,2020-02-08,,,,
164535,2020-02-08,,,,
164543,2020-02-08,,,,
164544,2020-02-08,,,,
164539,2020-02-08,,,,
157267,2020-02-08,,,,
164541,2020-02-08,,,,
164540,2020-02-09,,,,
157272,2020-02-09,,,,
164548,2020-02-11,,,,
164551,2020-02-11,,,,
164549,2020-02-11,,,,
164547,2020-02-11,,,,
164550,2020-02-11,,,,
164546,2020-02-11,,,,
164553,2020-02-12,,,,
164552,2020-02-12,,,,
164555,2020-02-12,,,,
164554,2020-02-12,,,,
164556,2020-02-12,,,,
164557,2020-02-12,,,,
164563,2020-02-14,,,,
157274,2020-02-14,,,,
157273,2020-02-15,,,,
164569,2020-02-15,,,,
164562,2020-02-15,,,,
164559,2020-02-15,,,,
164558,2020-02-15,,,,
164566,2020-02-15,,,,
164564,2020-02-15,,,,
164561,2020-02-15,,,,
164565,2020-02-15,,,,
164567,2020-02-15,,,,
164568,2020-02-15,,,,
164560,2020-02-15,,,,
157271,2020-02-15,,,,
157266,2020-02-16,,,,
157265,2020-02-16,,,,
157268,2020-02-17,,,,
157270,2020-02-19,,,,
164575,2020-02-21,,,,
157277,2020-02-22,,,,
164572,2020-02-22,,,,
157283,2020-02-22,,,,
157276,2020-02-22,,,,
157278,2020-02-22,,,,
157282,2020-02-22,,,,
164571,2020-02-22,,,,
164573,2020-02-22,,,,
164578,2020-02-22,,,,
164581,2020-02-22,,,,
164576,2020-02-22,,,,
164577,2020-02-22,,,,
164579,2020-02-22,,,,
164580,2020-02-22,,,,
164570,2020-02-22,,,,
164574,2020-02-22,,,,
157279,2020-02-22,,,,
157281,2020-02-23,,,,
157284,2020-02-23,,,,
157275,2020-02-23,,,,
157280,2020-02-24,,,,
164584,2020-02-25,,,,
164582,2020-02-25,,,,
164586,2020-02-25,,,,
164585,2020-02-25,,,,
164587,2020-02-25,,,,
164583,2020-02-26,,,,
164591,2020-02-26,,,,
164589,2020-02-26,,,,
164588,2020-02-26,,,,
164590,2020-02-26,,,,
164592,2020-02-26,,,,
164593,2020-02-26,,,,
157291,2020-02-28,,,,
157287,2020-02-29,,,,
164598,2020-02-29,,,,
157290,2020-02-29,,,,
157285,2020-02-29,,,,
157294,2020-02-29,,,,
164596,2020-02-29,,,,
164597,2020-02-29,,,,
164595,2020-02-29,,,,
164603,2020-02-29,,,,
164601,2020-02-29,,,,
164605,2020-02-29,,,,
164594,2020-02-29,,,,
164602,2020-02-29,,,,
164604,2020-02-29,,,,
164599,2020-02-29,,,,
157293,2020-02-29,,,,
157288,2020-03-01,,,,
157292,2020-03-01,,,,
164600,2020-03-02,,,,
164613,2020-03-06,,,,
157300,2020-03-07,,,,
164609,2020-03-07,,,,
157304,2020-03-07,,,,
157303,2020-03-07,,,,
157295,2020-03-07,,,,
157298,2020-03-07,,,,
157302,2020-03-07,,,,
164607,2020-03-07,,,,
164608,2020-03-07,,,,
164614,2020-03-07,,,,
164617,2020-03-07,,,,
164612,2020-03-07,,,,
164615,2020-03-07,,,,
164616,2020-03-07,,,,
164606,2020-03-07,,,,
164610,2020-03-07,,,,
157296,2020-03-07,,,,
157297,2020-03-08,,,,
164611,2020-03-08,,,,
157301,2020-03-08,,,,
157299,2020-03-09,,,,
157286,2020-06-17,,,,
157289,2020-06-17,,,,
157311,2020-06-19,,,,
157312,2020-06-19,,,,
157313,2020-06-20,,,,
164620,2020-06-20,,,,
164624,2020-06-20,,,,
164625,2020-06-20,,,,
157307,2020-06-20,,,,
164621,2020-06-20,,,,
164627,2020-06-20,,,,
164629,2020-06-20,,,,
164622,2020-06-20,,,,
164618,2020-06-20,,,,
164626,2020-06-20,,,,
164628,2020-06-20,,,,
164623,2020-06-20,,,,
157314,2020-06-20,,,,
157305,2020-06-20,,,,
164619,2020-06-21,,,,
157310,2020-06-21,,,,
157306,2020-06-21,,,,
157308,2020-06-21,,,,
157309,2020-06-22,,,,
157317,2020-06-23,,,,
157323,2020-06-23,,,,
157319,2020-06-24,,,,
157320,2020-06-24,,,,
157324,2020-06-24,,,,
157321,2020-06-24,,,,
157318,2020-06-24,,,,
157322,2020-06-25,,,,
157315,2020-06-25,,,,
157316,2020-06-25,,,,
164631,2020-06-26,,,,
157327,2020-06-27,,,,
164635,2020-06-27,,,,
164639,2020-06-27,,,,
164633,2020-06-27,,,,
164634,2020-06-27,,,,
164630,2020-06-27,,,,
164636,2020-06-27,,,,
164640,2020-06-27,,,,
164637,2020-06-27,,,,
164641,2020-06-27,,,,
164632,2020-06-28,,,,
164638,2020-06-28,,,,
157333,2020-06-28,,,,
157329,2020-06-29,,,,
164647,2020-06-30,,,,
164644,2020-06-30,,,,
164651,2020-06-30,,,,
164642,2020-06-30,,,,
164650,2020-06-30,,,,
164653,2020-06-30,,,,
164646,2020-06-30,,,,
157328,2020-06-30,,,,
164649,2020-07-01,,,,
157325,2020-07-01,,,,
157326,2020-07-01,,,,
157330,2020-07-01,,,,
164643,2020-07-01,,,,
164648,2020-07-01,,,,
164652,2020-07-01,,,,
157334,2020-07-01,,,,
164645,2020-07-02,,,,
157332,2020-07-02,,,,
157331,2020-07-02,,,,
164657,2020-07-03,,,,
157341,2020-07-04,,,,
164658,2020-07-04,,,,
157339,2020-07-04,,,,
157337,2020-07-04,,,,
164659,2020-07-04,,,,
164660,2020-07-04,,,,
164655,2020-07-04,,,,
164656,2020-07-04,,,,
164654,2020-07-04,,,,
164663,2020-07-04,,,,
164661,2020-07-04,,,,
157344,2020-07-04,,,,
157336,2020-07-04,,,,
157335,2020-07-05,,,,
164664,2020-07-05,,,,
164662,2020-07-05,,,,
157340,2020-07-05,,,,
164665,2020-07-05,,,,
157338,2020-07-05,,,,
157342,2020-07-05,,,,
157343,2020-07-06,,,,
164673,2020-07-07,,,,
157353,2020-07-07,,,,
157349,2020-07-07,,,,
164674,2020-07-07,,,,
164667,2020-07-07,,,,
164671,2020-07-07,,,,
164669,2020-07-07,,,,
157346,2020-07-07,,,,
164672,2020-07-08,,,,
164676,2020-07-08,,,,
157354,2020-07-08,,,,
157351,2020-07-08,,,,
157352,2020-07-08,,,,
164666,2020-07-08,,,,
164668,2020-07-08,,,,
164677,2020-07-08,,,,
164675,2020-07-08,,,,
157348,2020-07-08,,,,
164670,2020-07-09,,,,
157345,2020-07-09,,,,
157350,2020-07-09,,,,
157347,2020-07-09,,,,
164683,2020-07-10,,,,
164682,2020-07-10,,,,
157363,2020-07-11,,,,
157360,2020-07-11,,,,
164681,2020-07-11,,,,
164680,2020-07-11,,,,
157358,2020-07-11,,,,
164686,2020-07-11,,,,
164684,2020-07-11,,,,
164679,2020-07-11,,,,
164685,2020-07-11,,,,
164687,2020-07-11,,,,
164678,2020-07-11,,,,
157361,2020-07-11,,,,
157357,2020-07-11,,,,
157364,2020-07-12,,,,
164688,2020-07-12,,,,
164689,2020-07-12,,,,
157356,2020-07-12,,,,
157362,2020-07-12,,,,
157355,2020-07-12,,,,
157359,2020-07-13,,,,
164700,2020-07-14,,,,
164698,2020-07-14,,,,
164701,2020-07-14,,,,
164693,2020-07-14,,,,
164696,2020-07-14,,,,
164699,2020-07-14,,,,
164695,2020-07-14,,,,
157367,2020-07-14,,,,
164691,2020-07-15,,,,
164692,2020-07-15,,,,
157372,2020-07-15,,,,
157366,2020-07-15,,,,
157371,2020-07-15,,,,
164690,2020-07-15,,,,
164697,2020-07-15,,,,
157365,2020-07-15,,,,
164694,2020-07-16,,,,
157369,2020-07-16,,,,
157370,2020-07-16,,,,
157373,2020-07-16,,,,
157368,2020-07-16,,,,
164707,2020-07-17,,,,
157374,2020-07-17,,,,
164712,2020-07-18,,,,
164704,2020-07-18,,,,
164706,2020-07-18,,,,
164710,2020-07-18,,,,
164708,2020-07-18,,,,
164703,2020-07-18,,,,
164709,2020-07-18,,,,
164711,2020-07-18,,,,
164713,2020-07-18,,,,
157380,2020-07-18,,,,
157375,2020-07-19,,,,
164705,2020-07-19,,,,
164702,2020-07-19,,,,
157382,2020-07-19,,,,
157377,2020-07-20,,,,
157381,2020-07-20,,,,
157384,2020-07-20,,,,
157383,2020-07-21,,,,
157376,2020-07-21,,,,
157379,2020-07-22,,,,
164717,2020-07-22,,,,
164722,2020-07-22,,,,
164714,2020-07-22,,,,
164715,2020-07-22,,,,
164716,2020-07-22,,,,
164720,2020-07-22,,,,
164724,2020-07-22,,,,
164725,2020-07-22,,,,
164718,2020-07-22,,,,
164721,2020-07-22,,,,
164723,2020-07-22,,,,
164719,2020-07-22,,,,
157378,2020-07-22,,,,
157392,2020-07-26,,,,
157393,2020-07-26,,,,
157385,2020-07-26,,,,
157386,2020-07-26,,,,
157389,2020-07-26,,,,
157390,2020-07-26,,,,
157394,2020-07-26,,,,
157387,2020-07-26,,,,
157391,2020-07-26,,,,
157388,2020-07-26,,,,
572269,2020-07-26,,,,
572270,2020-07-27,,,,
572271,2020-07-29,,,,
572272,2020-07-30,,,,
592892,2020-09-11,,,,
592143,2020-09-12,,,,
592884,2020-09-12,,,,
592893,2020-09-12,,,,
592142,2020-09-12,,,,
592882,2020-09-12,,,,
592888,2020-09-12,,,,
592886,2020-09-12,,,,
592885,2020-09-12,,,,
592889,2020-09-12,,,,
592890,2020-09-12,,,,
592887,2020-09-12,,,,
592891,2020-09-12,,,,
592883,2020-09-12,,,,
592144,2020-09-12,,,,
592148,2020-09-12,,,,
592147,2020-09-13,,,,
592146,2020-09-13,,,,
592150,2020-09-14,,,,
592149,2020-09-14,,,,
592896,2020-09-18,,,,
592154,2020-09-19,,,,
592900,2020-09-19,,,,
592155,2020-09-19,,,,
592901,2020-09-19,,,,
592895,2020-09-19,,,,
592894,2020-09-19,,,,
592898,2020-09-19,,,,
592899,2020-09-19,,,,
592902,2020-09-19,,,,
592903,2020-09-19,,,,
592905,2020-09-19,,,,
592897,2020-09-19,,,,
592157,2020-09-19,,,,
592151,2020-09-19,,,,
592159,2020-09-20,,,,
592158,2020-09-20,,,,
592904,2020-09-20,,,,
592153,2020-09-20,,,,
592156,2020-09-20,,,,
592152,2020-09-21,,,,
592160,2020-09-21,,,,
592912,2020-09-25,,,,
592161,2020-09-26,,,,
592916,2020-09-26,,,,
592917,2020-09-26,,,,
592163,2020-09-26,,,,
592910,2020-09-26,,,,
592908,2020-09-26,,,,
592913,2020-09-26,,,,
592914,2020-09-26,,,,
592911,2020-09-26,,,,
592915,2020-09-26,,,,
592907,2020-09-26,,,,
592169,2020-09-26,,,,
592162,2020-09-26,,,,
592167,2020-09-27,,,,
592909,2020-09-27,,,,
592168,2020-09-27,,,,
592906,2020-09-27,,,,
592166,2020-09-27,,,,
592170,2020-09-27,,,,
592164,2020-09-28,,,,
592165,2020-09-28,,,,
592920,2020-10-02,,,,
592173,2020-10-03,,,,
592923,2020-10-03,,,,
592174,2020-10-03,,,,
606501,2020-10-03,,,,
592924,2020-10-03,,,,
592918,2020-10-03,,,,
592922,2020-10-03,,,,
592925,2020-10-03,,,,
592926,2020-10-03,,,,
592928,2020-10-03,,,,
592921,2020-10-03,,,,
592175,2020-10-03,,,,
592178,2020-10-03,,,,
592179,2020-10-04,,,,
592176,2020-10-04,,,,
592180,2020-10-04,,,,
592171,2020-10-04,,,,
592919,2020-10-04,,,,
592927,2020-10-04,,,,
592177,2020-10-04,,,,
592172,2020-10-04,,,,
592934,2020-10-16,,,,
592183,2020-10-17,,,,
592181,2020-10-17,,,,
592929,2020-10-17,,,,
592931,2020-10-17,,,,
592933,2020-10-17,,,,
592932,2020-10-17,,,,
592936,2020-10-17,,,,
592938,2020-10-17,,,,
592939,2020-10-17,,,,
592930,2020-10-17,,,,
592940,2020-10-17,,,,
592935,2020-10-17,,,,
592186,2020-10-17,,,,
592187,2020-10-17,,,,
592188,2020-10-18,,,,
592937,2020-10-18,,,,
592182,2020-10-18,,,,
592189,2020-10-18,,,,
592185,2020-10-18,,,,
592190,2020-10-19,,,,
592184,2020-10-19,,,,
592948,2020-10-20,,,,
592941,2020-10-20,,,,
592943,2020-10-20,,,,
592945,2020-10-20,,,,
592944,2020-10-20,,,,
592942,2020-10-20,,,,
592946,2020-10-20,,,,
592951,2020-10-21,,,,
592947,2020-10-21,,,,
592949,2020-10-21,,,,
592950,2020-10-21,,,,
592952,2020-10-21,,,,
592959,2020-10-23,,,,
592192,2020-10-23,,,,
592199,2020-10-24,,,,
592964,2020-10-24,,,,
592195,2020-10-24,,,,
592956,2020-10-24,,,,
592954,2020-10-24,,,,
592961,2020-10-24,,,,
592953,2020-10-24,,,,
592957,2020-10-24,,,,
592958,2020-10-24,,,,
592960,2020-10-24,,,,
592962,2020-10-24,,,,
592963,2020-10-24,,,,
592955,2020-10-24,,,,
592197,2020-10-24,,,,
592196,2020-10-24,,,,
592198,2020-10-25,,,,
592200,2020-10-25,,,,
592191,2020-10-25,,,,
592193,2020-10-26,,,,
592194,2020-10-26,,,,
592965,2020-10-27,,,,
592967,2020-10-27,,,,
592966,2020-10-27,,,,
592968,2020-10-27,,,,
592969,2020-10-27,,,,
592970,2020-10-27,,,,
592975,2020-10-28,,,,
592971,2020-10-28,,,,
592972,2020-10-28,,,,
592973,2020-10-28,,,,
592976,2020-10-28,,,,
592974,2020-10-28,,,,
592980,2020-10-30,,,,
592210,2020-10-30,,,,
592208,2020-10-31,,,,
592979,2020-10-31,,,,
592202,2020-10-31,,,,
592977,2020-10-31,,,,
592983,2020-10-31,,,,
592984,2020-10-31,,,,
592982,2020-10-31,,,,
592985,2020-10-31,,,,
592986,2020-10-31,,,,
592987,2020-10-31,,,,
592978,2020-10-31,,,,
592988,2020-10-31,,,,
592981,2020-10-31,,,,
592205,2020-10-31,,,,
592201,2020-11-01,,,,
592207,2020-11-01,,,,
592206,2020-11-01,,,,
592209,2020-11-01,,,,
592203,2020-11-02,,,,
592204,2020-11-02,,,,
592992,2020-11-03,,,,
592990,2020-11-03,,,,
592993,2020-11-03,,,,
592994,2020-11-03,,,,
592991,2020-11-03,,,,
592989,2020-11-03,,,,
606502,2020-11-04,,,,
592999,2020-11-04,,,,
592995,2020-11-04,,,,
592997,2020-11-04,,,,
592996,2020-11-04,,,,
592998,2020-11-04,,,,
592212,2020-11-06,,,,
593003,2020-11-06,,,,
592218,2020-11-06,,,,
592215,2020-11-07,,,,
593008,2020-11-07,,,,
592214,2020-11-07,,,,
593005,2020-11-07,,,,
593011,2020-11-07,,,,
593000,2020-11-07,,,,
593002,2020-11-07,,,,
593007,2020-11-07,,,,
593001,2020-11-07,,,,
593004,2020-11-07,,,,
593006,2020-11-07,,,,
593009,2020-11-07,,,,
593010,2020-11-07,,,,
592213,2020-11-07,,,,
592220,2020-11-07,,,,
592219,2020-11-08,,,,
592216,2020-11-08,,,,
592217,2020-11-08,,,,
592211,2020-11-08,,,,
593015,2020-11-20,,,,
592227,2020-11-21,,,,
593012,2020-11-21,,,,
592221,2020-11-21,,,,
593014,2020-11-21,,,,
593018,2020-11-21,,,,
593019,2020-11-21,,,,
593017,2020-11-21,,,,
593020,2020-11-21,,,,
593021,2020-11-21,,,,
593022,2020-11-21,,,,
593013,2020-11-21,,,,
593023,2020-11-21,,,,
593016,2020-11-21,,,,
592229,2020-11-21,,,,
592226,2020-11-21,,,,
592223,2020-11-22,,,,
592228,2020-11-22,,,,
592224,2020-11-22,,,,
592225,2020-11-22,,,,
592222,2020-11-23,,,,
592230,2020-11-23,,,,
593028,2020-11-24,,,,
593029,2020-11-24,,,,
593035,2020-11-24,,,,
593026,2020-11-24,,,,
593027,2020-11-24,,,,
593025,2020-11-24,,,,
593024,2020-11-24,,,,
593033,2020-11-25,,,,
593032,2020-11-25,,,,
593030,2020-11-25,,,,
593034,2020-11-25,,,,
593031,2020-11-25,,,,
593038,2020-11-27,,,,
592234,2020-11-27,,,,
592232,2020-11-28,,,,
593044,2020-11-28,,,,
592237,2020-11-28,,,,
593041,2020-11-28,,,,
593047,2020-11-28,,,,
593039,2020-11-28,,,,
593036,2020-11-28,,,,
593037,2020-11-28,,,,
593040,2020-11-28,,,,
593042,2020-11-28,,,,
593045,2020-11-28,,,,
593046,2020-11-28,,,,
592235,2020-11-28,,,,
592239,2020-11-28,,,,
593043,2020-11-29,,,,
592238,2020-11-29,,,,
592233,2020-11-29,,,,
592231,2020-11-29,,,,
592236,2020-11-30,,,,
592240,2020-11-30,,,,
593050,2020-12-01,,,,
593048,2020-12-01,,,,
593049,2020-12-01,,,,
593051,2020-12-01,,,,
593052,2020-12-01,,,,
593053,2020-12-01,,,,
593056,2020-12-02,,,,
593057,2020-12-02,,,,
593054,2020-12-02,,,,
593058,2020-12-02,,,,
593059,2020-12-02,,,,
593055,2020-12-02,,,,
593060,2020-12-04,,,,
592243,2020-12-05,,,,
593068,2020-12-05,,,,
592246,2020-12-05,,,,
593064,2020-12-05,,,,
593071,2020-12-05,,,,
593061,2020-12-05,,,,
593062,2020-12-05,,,,
593065,2020-12-05,,,,
593067,2020-12-05,,,,
593066,2020-12-05,,,,
593069,2020-12-05,,,,
593070,2020-12-05,,,,
593063,2020-12-05,,,,
592250,2020-12-05,,,,
592244,2020-12-05,,,,
592249,2020-12-06,,,,
592247,2020-12-06,,,,
592248,2020-12-06,,,,
592245,2020-12-06,,,,
592242,2020-12-07,,,,
593073,2020-12-08,,,,
593076,2020-12-08,,,,
593074,2020-12-08,,,,
593077,2020-12-08,,,,
593075,2020-12-08,,,,
593072,2020-12-08,,,,
593082,2020-12-09,,,,
593083,2020-12-09,,,,
593079,2020-12-09,,,,
593080,2020-12-09,,,,
593081,2020-12-09,,,,
593078,2020-12-09,,,,
592255,2020-12-11,,,,
592260,2020-12-12,,,,
593086,2020-12-12,,,,
592258,2020-12-12,,,,
593084,2020-12-12,,,,
606503,2020-12-12,,,,
593090,2020-12-12,,,,
593085,2020-12-12,,,,
593087,2020-12-12,,,,
593089,2020-12-12,,,,
593091,2020-12-12,,,,
593092,2020-12-12,,,,
593093,2020-12-12,,,,
593094,2020-12-12,,,,
593088,2020-12-12,,,,
592257,2020-12-12,,,,
592253,2020-12-12,,,,
592259,2020-12-13,,,,
592252,2020-12-13,,,,
592254,2020-12-13,,,,
592251,2020-12-13,,,,
592256,2020-12-13,,,,
593099,2020-12-15,,,,
592268,2020-12-15,,,,
593095,2020-12-15,,,,
593097,2020-12-15,,,,
593098,2020-12-15,,,,
593096,2020-12-15,,,,
592270,2020-12-15,,,,
593100,2020-12-15,,,,
593104,2020-12-16,,,,
592261,2020-12-16,,,,
592265,2020-12-16,,,,
592264,2020-12-16,,,,
593102,2020-12-16,,,,
593105,2020-12-16,,,,
593101,2020-12-16,,,,
592263,2020-12-16,,,,
592269,2020-12-16,,,,
592267,2020-12-16,,,,
593106,2020-12-16,,,,
593103,2020-12-16,,,,
592262,2020-12-17,,,,
592266,2020-12-17,,,,
593113,2020-12-18,,,,
592274,2020-12-19,,,,
593112,2020-12-19,,,,
592278,2020-12-19,,,,
593109,2020-12-19,,,,
593107,2020-12-19,,,,
593108,2020-12-19,,,,
593111,2020-12-19,,,,
593115,2020-12-19,,,,
593116,2020-12-19,,,,
593117,2020-12-19,,,,
593118,2020-12-19,,,,
593110,2020-12-19,,,,
592275,2020-12-19,,,,
592277,2020-12-19,,,,
592271,2020-12-20,,,,
592279,2020-12-20,,,,
592276,2020-12-20,,,,
592280,2020-12-20,,,,
592272,2020-12-21,,,,
592273,2020-12-21,,,,
592285,2020-12-26,,,,
592283,2020-12-26,,,,
592282,2020-12-26,,,,
593123,2020-12-26,,,,
593129,2020-12-26,,,,
593122,2020-12-26,,,,
593127,2020-12-26,,,,
593121,2020-12-26,,,,
593125,2020-12-26,,,,
593128,2020-12-26,,,,
593120,2020-12-26,,,,
593124,2020-12-26,,,,
592281,2020-12-26,,,,
593130,2020-12-26,,,,
592287,2020-12-26,,,,
592288,2020-12-26,,,,
592284,2020-12-27,,,,
592289,2020-12-27,,,,
592286,2020-12-27,,,,
592290,2020-12-27,,,,
592294,2020-12-28,,,,
592293,2020-12-28,,,,
593131,2020-12-29,,,,
592298,2020-12-29,,,,
592292,2020-12-29,,,,
592291,2020-12-29,,,,
592300,2020-12-29,,,,
593139,2020-12-29,,,,
593133,2020-12-29,,,,
593137,2020-12-29,,,,
593136,2020-12-29,,,,
593138,2020-12-29,,,,
593141,2020-12-29,,,,
593134,2020-12-29,,,,
592296,2020-12-29,,,,
593142,2020-12-29,,,,
593132,2020-12-30,,,,
592297,2020-12-30,,,,
593140,2020-12-30,,,,
592305,2021-01-01,,,,
593151,2021-01-01,,,,
592306,2021-01-01,,,,
592309,2021-01-02,,,,
592304,2021-01-02,,,,
593145,2021-01-02,,,,
593143,2021-01-02,,,,
593147,2021-01-02,,,,
593149,2021-01-02,,,,
593148,2021-01-02,,,,
593153,2021-01-02,,,,
593154,2021-01-02,,,,
592301,2021-01-02,,,,
593152,2021-01-02,,,,
592310,2021-01-02,,,,
592307,2021-01-03,,,,
592303,2021-01-03,,,,
592308,2021-01-04,,,,
592316,2021-01-12,,,,
593146,2021-01-12,,,,
593119,2021-01-12,,,,
592318,2021-01-12,,,,
592141,2021-01-12,,,,
592320,2021-01-13,,,,
592299,2021-01-13,,,,
592311,2021-01-14,,,,
592330,2021-01-16,,,,
593162,2021-01-16,,,,
592329,2021-01-16,,,,
592324,2021-01-16,,,,
593155,2021-01-16,,,,
593166,2021-01-16,,,,
593159,2021-01-16,,,,
593158,2021-01-16,,,,
593163,2021-01-16,,,,
593157,2021-01-16,,,,
593161,2021-01-16,,,,
592323,2021-01-16,,,,
593156,2021-01-16,,,,
592325,2021-01-16,,,,
592328,2021-01-17,,,,
592326,2021-01-17,,,,
592327,2021-01-17,,,,
592321,2021-01-18,,,,
592317,2021-01-19,,,,
593171,2021-01-19,,,,
593168,2021-01-19,,,,
606504,2021-01-19,,,,
593169,2021-01-19,,,,
592315,2021-01-19,,,,
592145,2021-01-20,,,,
593176,2021-01-20,,,,
593175,2021-01-20,,,,
593174,2021-01-20,,,,
593173,2021-01-20,,,,
593177,2021-01-20,,,,
593172,2021-01-20,,,,
592313,2021-01-20,,,,
592319,2021-01-21,,,,
606505,2021-01-22,,,,
593186,2021-01-23,,,,
592241,2021-01-23,,,,
593185,2021-01-24,,,,
593183,2021-01-24,,,,
592337,2021-01-26,,,,
592340,2021-01-26,,,,
593180,2021-01-26,,,,
593135,2021-01-26,,,,
592338,2021-01-26,,,,
592335,2021-01-26,,,,
592332,2021-01-27,,,,
592336,2021-01-27,,,,
593126,2021-01-27,,,,
593187,2021-01-27,,,,
593179,2021-01-27,,,,
593160,2021-01-27,,,,
592331,2021-01-27,,,,
592334,2021-01-27,,,,
592333,2021-01-27,,,,
592339,2021-01-28,,,,
593197,2021-01-29,,,,
592345,2021-01-30,,,,
593195,2021-01-30,,,,
592347,2021-01-30,,,,
592344,2021-01-30,,,,
592349,2021-01-30,,,,
593194,2021-01-30,,,,
593192,2021-01-30,,,,
593189,2021-01-30,,,,
593191,2021-01-30,,,,
593196,2021-01-30,,,,
593190,2021-01-30,,,,
593193,2021-01-30,,,,
593198,2021-01-30,,,,
593199,2021-01-30,,,,
592341,2021-01-30,,,,
592348,2021-01-30,,,,
592343,2021-01-31,,,,
592346,2021-01-31,,,,
592350,2021-01-31,,,,
592342,2021-01-31,,,,
606506,2021-02-01,,,,
592356,2021-02-02,,,,
592355,2021-02-02,,,,
593184,2021-02-02,,,,
593178,2021-02-02,,,,
593181,2021-02-02,,,,
593188,2021-02-02,,,,
592357,2021-02-02,,,,
592358,2021-02-02,,,,
592353,2021-02-03,,,,
592352,2021-02-03,,,,
593114,2021-02-03,,,,
592354,2021-02-03,,,,
593144,2021-02-03,,,,
592360,2021-02-03,,,,
592351,2021-02-03,,,,
592359,2021-02-04,,,,
593210,2021-02-05,,,,
592361,2021-02-06,,,,
593203,2021-02-06,,,,
592367,2021-02-06,,,,
592362,2021-02-06,,,,
593200,2021-02-06,,,,
593202,2021-02-06,,,,
593206,2021-02-06,,,,
593207,2021-02-06,,,,
593205,2021-02-06,,,,
593208,2021-02-06,,,,
593209,2021-02-06,,,,
593211,2021-02-06,,,,
593204,2021-02-06,,,,
592363,2021-02-06,,,,
592366,2021-02-06,,,,
592369,2021-02-07,,,,
592370,2021-02-07,,,,
592365,2021-02-07,,,,
592368,2021-02-07,,,,
592364,2021-02-08,,,,
593150,2021-02-09,,,,
593170,2021-02-09,,,,
593165,2021-02-10,,,,
593213,2021-02-12,,,,
592731,2021-02-13,,,,
593219,2021-02-13,,,,
592729,2021-02-13,,,,
593217,2021-02-13,,,,
593223,2021-02-13,,,,
593215,2021-02-13,,,,
593220,2021-02-13,,,,
593212,2021-02-13,,,,
593216,2021-02-13,,,,
593218,2021-02-13,,,,
592732,2021-02-13,,,,
592727,2021-02-13,,,,
592733,2021-02-14,,,,
593214,2021-02-14,,,,
592734,2021-02-14,,,,
592726,2021-02-14,,,,
592730,2021-02-14,,,,
592735,2021-02-15,,,,
592728,2021-02-15,,,,
593227,2021-02-16,,,,
593229,2021-02-16,,,,
593224,2021-02-16,,,,
593226,2021-02-16,,,,
593228,2021-02-16,,,,
593225,2021-02-16,,,,
592302,2021-02-17,,,,
593233,2021-02-17,,,,
593234,2021-02-17,,,,
593235,2021-02-17,,,,
593232,2021-02-17,,,,
593231,2021-02-17,,,,
592295,2021-02-17,,,,
593230,2021-02-17,,,,
593247,2021-02-19,,,,
592745,2021-02-19,,,,
592743,2021-02-20,,,,
593238,2021-02-20,,,,
592739,2021-02-20,,,,
593239,2021-02-20,,,,
593237,2021-02-20,,,,
593244,2021-02-20,,,,
593236,2021-02-20,,,,
593240,2021-02-20,,,,
593242,2021-02-20,,,,
593241,2021-02-20,,,,
593243,2021-02-20,,,,
593245,2021-02-20,,,,
593246,2021-02-20,,,,
592741,2021-02-20,,,,
592740,2021-02-20,,,,
592744,2021-02-21,,,,
592737,2021-02-21,,,,
592736,2021-02-21,,,,
592742,2021-02-21,,,,
592738,2021-02-22,,,,
592314,2021-02-23,,,,
593248,2021-02-23,,,,
593249,2021-02-23,,,,
593251,2021-02-23,,,,
593252,2021-02-23,,,,
593253,2021-02-23,,,,
593250,2021-02-23,,,,
593257,2021-02-24,,,,
593259,2021-02-24,,,,
593255,2021-02-24,,,,
593254,2021-02-24,,,,
593258,2021-02-24,,,,
593256,2021-02-24,,,,
593265,2021-02-26,,,,
592751,2021-02-27,,,,
593260,2021-02-27,,,,
592755,2021-02-27,,,,
593262,2021-02-27,,,,
593264,2021-02-27,,,,
593268,2021-02-27,,,,
593263,2021-02-27,,,,
593267,2021-02-27,,,,
593269,2021-02-27,,,,
593270,2021-02-27,,,,
593261,2021-02-27,,,,
593266,2021-02-27,,,,
592749,2021-02-27,,,,
592752,2021-02-27,,,,
592750,2021-02-28,,,,
592747,2021-02-28,,,,
593271,2021-02-28,,,,
592754,2021-02-28,,,,
592746,2021-02-28,,,,
592753,2021-02-28,,,,
592748,2021-03-01,,,,
593274,2021-03-02,,,,
593272,2021-03-02,,,,
593275,2021-03-02,,,,
593273,2021-03-02,,,,
593276,2021-03-02,,,,
592781,2021-03-02,,,,
593277,2021-03-02,,,,
593279,2021-03-03,,,,
592777,2021-03-03,,,,
592782,2021-03-03,,,,
593282,2021-03-03,,,,
593280,2021-03-03,,,,
593278,2021-03-03,,,,
593281,2021-03-03,,,,
592778,2021-03-03,,,,
593283,2021-03-03,,,,
592818,2021-03-04,,,,
592784,2021-03-04,,,,
592780,2021-03-04,,,,
593288,2021-03-05,,,,
592758,2021-03-06,,,,
593295,2021-03-06,,,,
592762,2021-03-06,,,,
593292,2021-03-06,,,,
593286,2021-03-06,,,,
593289,2021-03-06,,,,
593291,2021-03-06,,,,
593290,2021-03-06,,,,
593293,2021-03-06,,,,
593294,2021-03-06,,,,
593284,2021-03-06,,,,
593287,2021-03-06,,,,
592756,2021-03-06,,,,
592757,2021-03-06,,,,
592764,2021-03-07,,,,
592760,2021-03-07,,,,
592761,2021-03-07,,,,
592763,2021-03-07,,,,
592759,2021-03-08,,,,
592765,2021-03-08,,,,
593167,2021-03-09,,,,
593164,2021-03-09,,,,
592822,2021-03-10,,,,
593201,2021-03-10,,,,
593298,2021-03-12,,,,
592773,2021-03-12,,,,
593301,2021-03-13,,,,
592770,2021-03-13,,,,
592767,2021-03-13,,,,
593296,2021-03-13,,,,
593299,2021-03-13,,,,
593297,2021-03-13,,,,
593303,2021-03-13,,,,
593300,2021-03-13,,,,
593302,2021-03-13,,,,
593304,2021-03-13,,,,
593307,2021-03-13,,,,
592768,2021-03-13,,,,
592769,2021-03-13,,,,
592774,2021-03-14,,,,
593306,2021-03-14,,,,
592771,2021-03-14,,,,
592766,2021-03-14,,,,
592772,2021-03-14,,,,
592775,2021-03-15,,,,
593309,2021-03-16,,,,
593310,2021-03-16,,,,
593312,2021-03-16,,,,
593313,2021-03-16,,,,
593311,2021-03-16,,,,
593308,2021-03-16,,,,
593316,2021-03-17,,,,
593317,2021-03-17,,,,
593319,2021-03-17,,,,
593314,2021-03-17,,,,
593315,2021-03-17,,,,
593318,2021-03-17,,,,
592779,2021-03-19,,,,
593321,2021-03-20,,,,
593331,2021-03-20,,,,
593328,2021-03-20,,,,
593322,2021-03-20,,,,
593325,2021-03-20,,,,
593327,2021-03-20,,,,
593326,2021-03-20,,,,
593329,2021-03-20,,,,
593320,2021-03-20,,,,
593323,2021-03-20,,,,
593330,2021-03-20,,,,
592776,2021-03-20,,,,
592785,2021-03-21,,,,
592312,2021-03-21,,,,
593332,2021-04-02,,,,
606507,2021-04-02,,,,
593336,2021-04-02,,,,
593335,2021-04-02,,,,
593339,2021-04-02,,,,
593340,2021-04-02,,,,
593337,2021-04-02,,,,
593341,2021-04-02,,,,
593342,2021-04-02,,,,
593333,2021-04-02,,,,
593334,2021-04-02,,,,
592788,2021-04-03,,,,
593338,2021-04-03,,,,
592790,2021-04-03,,,,
592791,2021-04-03,,,,
592786,2021-04-03,,,,
592794,2021-04-04,,,,
592793,2021-04-04,,,,
592787,2021-04-04,,,,
592792,2021-04-04,,,,
593347,2021-04-05,,,,
593350,2021-04-05,,,,
593349,2021-04-05,,,,
593343,2021-04-05,,,,
593351,2021-04-05,,,,
593353,2021-04-05,,,,
593354,2021-04-05,,,,
593345,2021-04-05,,,,
593346,2021-04-05,,,,
593352,2021-04-05,,,,
592789,2021-04-05,,,,
592795,2021-04-05,,,,
593344,2021-04-06,,,,
593348,2021-04-06,,,,
593365,2021-04-09,,,,
592799,2021-04-09,,,,
592801,2021-04-10,,,,
593362,2021-04-10,,,,
592800,2021-04-10,,,,
593355,2021-04-10,,,,
593361,2021-04-10,,,,
593359,2021-04-10,,,,
593357,2021-04-10,,,,
593358,2021-04-10,,,,
593363,2021-04-10,,,,
593360,2021-04-10,,,,
593364,2021-04-10,,,,
593356,2021-04-10,,,,
593366,2021-04-10,,,,
592798,2021-04-10,,,,
592797,2021-04-11,,,,
592805,2021-04-11,,,,
592803,2021-04-11,,,,
592802,2021-04-11,,,,
592804,2021-04-12,,,,
592796,2021-04-12,,,,
593324,2021-04-13,,,,
593222,2021-04-13,,,,
593221,2021-04-13,,,,
593305,2021-04-15,,,,
593374,2021-04-16,,,,
593367,2021-04-16,,,,
592809,2021-04-16,,,,
592813,2021-04-17,,,,
593368,2021-04-17,,,,
593373,2021-04-17,,,,
593371,2021-04-17,,,,
593376,2021-04-17,,,,
593377,2021-04-17,,,,
593378,2021-04-17,,,,
593370,2021-04-17,,,,
593372,2021-04-17,,,,
592815,2021-04-17,,,,
593375,2021-04-18,,,,
592806,2021-04-18,,,,
593369,2021-04-18,,,,
592812,2021-04-18,,,,
592810,2021-04-19,,,,
593380,2021-04-20,,,,
593381,2021-04-20,,,,
593382,2021-04-20,,,,
593383,2021-04-20,,,,
593384,2021-04-20,,,,
592808,2021-04-20,,,,
592783,2021-04-21,,,,
593387,2021-04-21,,,,
593388,2021-04-21,,,,
593390,2021-04-21,,,,
593389,2021-04-21,,,,
593385,2021-04-21,,,,
593379,2021-04-21,,,,
593386,2021-04-21,,,,
592807,2021-04-21,,,,
592811,2021-04-22,,,,
592816,2021-04-23,,,,
592821,2021-04-24,,,,
593391,2021-04-24,,,,
593402,2021-04-24,,,,
593395,2021-04-24,,,,
593399,2021-04-24,,,,
593393,2021-04-24,,,,
593397,2021-04-24,,,,
593398,2021-04-24,,,,
593400,2021-04-24,,,,
593392,2021-04-24,,,,
593396,2021-04-24,,,,
592824,2021-04-24,,,,
592823,2021-04-24,,,,
592825,2021-04-25,,,,
593401,2021-04-25,,,,
593394,2021-04-25,,,,
592819,2021-04-25,,,,
592817,2021-04-25,,,,
592820,2021-04-26,,,,
593285,2021-04-27,,,,
592833,2021-04-30,,,,
592829,2021-05-01,,,,
593411,2021-05-01,,,,
592826,2021-05-01,,,,
593405,2021-05-01,,,,
593403,2021-05-01,,,,
593404,2021-05-01,,,,
593407,2021-05-01,,,,
593409,2021-05-01,,,,
593408,2021-05-01,,,,
593410,2021-05-01,,,,
593412,2021-05-01,,,,
593413,2021-05-01,,,,
593414,2021-05-01,,,,
593406,2021-05-01,,,,
592828,2021-05-01,,,,
592830,2021-05-01,,,,
592832,2021-05-02,,,,
592834,2021-05-02,,,,
592835,2021-05-03,,,,
592827,2021-05-03,,,,
593182,2021-05-04,,,,
592840,2021-05-07,,,,
592839,2021-05-08,,,,
593415,2021-05-08,,,,
606508,2021-05-08,,,,
593419,2021-05-08,,,,
593425,2021-05-08,,,,
593418,2021-05-08,,,,
593423,2021-05-08,,,,
593417,2021-05-08,,,,
593421,2021-05-08,,,,
593422,2021-05-08,,,,
593424,2021-05-08,,,,
593416,2021-05-08,,,,
593420,2021-05-08,,,,
592843,2021-05-08,,,,
592842,2021-05-08,,,,
592841,2021-05-08,,,,
592845,2021-05-09,,,,
592837,2021-05-09,,,,
592844,2021-05-09,,,,
592836,2021-05-09,,,,
592838,2021-05-10,,,,
592849,2021-05-11,,,,
592814,2021-05-11,,,,
592851,2021-05-12,,,,
592322,2021-05-13,,,,
592831,2021-05-13,,,,
592852,2021-05-14,,,,
592847,2021-05-15,,,,
592853,2021-05-15,,,,
592846,2021-05-15,,,,
592855,2021-05-16,,,,
592854,2021-05-16,,,,
592850,2021-05-16,,,,
592848,2021-05-16,,,,
702567,2021-05-17,,,,
702569,2021-05-17,,,,
592861,2021-05-18,,,,
592863,2021-05-18,,,,
592856,2021-05-18,,,,
592858,2021-05-18,,,,
592862,2021-05-19,,,,
592860,2021-05-19,,,,
592864,2021-05-19,,,,
592859,2021-05-19,,,,
592857,2021-05-19,,,,
592865,2021-05-19,,,,
702568,2021-05-22,,,,
702570,2021-05-22,,,,
592868,2021-05-23,,,,
592875,2021-05-23,,,,
592871,2021-05-23,,,,
592866,2021-05-23,,,,
592870,2021-05-23,,,,
592874,2021-05-23,,,,
592872,2021-05-23,,,,
592873,2021-05-23,,,,
592869,2021-05-23,,,,
592867,2021-05-23,,,,
705338,2021-05-29,,,,
716796,2021-08-06,,,,
716799,2021-08-07,,,,
716798,2021-08-07,,,,
716804,2021-08-07,,,,
716797,2021-08-07,,,,
716801,2021-08-07,,,,
716805,2021-08-07,,,,
716807,2021-08-07,,,,
716803,2021-08-07,,,,
716806,2021-08-07,,,,
716802,2021-08-08,,,,
716800,2021-08-08,,,,
710556,2021-08-13,,,,
710561,2021-08-14,,,,
716816,2021-08-14,,,,
710565,2021-08-14,,,,
710557,2021-08-14,,,,
710559,2021-08-14,,,,
710560,2021-08-14,,,,
710558,2021-08-14,,,,
716811,2021-08-14,,,,
716817,2021-08-14,,,,
716809,2021-08-14,,,,
716814,2021-08-14,,,,
716819,2021-08-14,,,,
716812,2021-08-14,,,,
716815,2021-08-14,,,,
716813,2021-08-14,,,,
716808,2021-08-14,,,,
716810,2021-08-14,,,,
710563,2021-08-14,,,,
716818,2021-08-14,,,,
710562,2021-08-15,,,,
710564,2021-08-15,,,,
716822,2021-08-17,,,,
716823,2021-08-17,,,,
716825,2021-08-17,,,,
716820,2021-08-17,,,,
716824,2021-08-17,,,,
716821,2021-08-17,,,,
716830,2021-08-17,,,,
716826,2021-08-18,,,,
716827,2021-08-18,,,,
716829,2021-08-18,,,,
716828,2021-08-18,,,,
716831,2021-08-18,,,,
716834,2021-08-20,,,,
710571,2021-08-21,,,,
716841,2021-08-21,,,,
710572,2021-08-21,,,,
710569,2021-08-21,,,,
710570,2021-08-21,,,,
710567,2021-08-21,,,,
716832,2021-08-21,,,,
716838,2021-08-21,,,,
716835,2021-08-21,,,,
716840,2021-08-21,,,,
716842,2021-08-21,,,,
716833,2021-08-21,,,,
716837,2021-08-21,,,,
716843,2021-08-21,,,,
716836,2021-08-21,,,,
716839,2021-08-21,,,,
710568,2021-08-21,,,,
710575,2021-08-22,,,,
710573,2021-08-22,,,,
710566,2021-08-22,,,,
710574,2021-08-23,,,,
710580,2021-08-28,,,,
716845,2021-08-28,,,,
716846,2021-08-28,,,,
710581,2021-08-28,,,,
710584,2021-08-28,,,,
710577,2021-08-28,,,,
710576,2021-08-28,,,,
710582,2021-08-28,,,,
716847,2021-08-28,,,,
716848,2021-08-28,,,,
716852,2021-08-28,,,,
716854,2021-08-28,,,,
716849,2021-08-28,,,,
716851,2021-08-28,,,,
716855,2021-08-28,,,,
716844,2021-08-28,,,,
716850,2021-08-28,,,,
710579,2021-08-28,,,,
716853,2021-08-28,,,,
710578,2021-08-29,,,,
710583,2021-08-29,,,,
710585,2021-08-29,,,,
716857,2021-09-10,,,,
710589,2021-09-11,,,,
710593,2021-09-11,,,,
710595,2021-09-11,,,,
710594,2021-09-11,,,,
710586,2021-09-11,,,,
710592,2021-09-11,,,,
710587,2021-09-11,,,,
716856,2021-09-11,,,,
716863,2021-09-11,,,,
716860,2021-09-11,,,,
716867,2021-09-11,,,,
716864,2021-09-11,,,,
716858,2021-09-11,,,,
716865,2021-09-11,,,,
716866,2021-09-11,,,,
716861,2021-09-11,,,,
716859,2021-09-11,,,,
710588,2021-09-11,,,,
716862,2021-09-12,,,,
710591,2021-09-12,,,,
710590,2021-09-13,,,,
716868,2021-09-14,,,,
716871,2021-09-14,,,,
716869,2021-09-14,,,,
716870,2021-09-14,,,,
716872,2021-09-14,,,,
716873,2021-09-14,,,,
716874,2021-09-15,,,,
716875,2021-09-15,,,,
716877,2021-09-15,,,,
716879,2021-09-15,,,,
716878,2021-09-15,,,,
716876,2021-09-15,,,,
710601,2021-09-17,,,,
710605,2021-09-18,,,,
716885,2021-09-18,,,,
710599,2021-09-18,,,,
710598,2021-09-18,,,,
710600,2021-09-18,,,,
710602,2021-09-18,,,,
716883,2021-09-18,,,,
716884,2021-09-18,,,,
716881,2021-09-18,,,,
716888,2021-09-18,,,,
716890,2021-09-18,,,,
716882,2021-09-18,,,,
716887,2021-09-18,,,,
716891,2021-09-18,,,,
716880,2021-09-18,,,,
716889,2021-09-18,,,,
716886,2021-09-18,,,,
710596,2021-09-18,,,,
710604,2021-09-19,,,,
710597,2021-09-19,,,,
710603,2021-09-19,,,,
716897,2021-09-24,,,,
716903,2021-09-24,,,,
710613,2021-09-25,,,,
710608,2021-09-25,,,,
716899,2021-09-25,,,,
710615,2021-09-25,,,,
710610,2021-09-25,,,,
710612,2021-09-25,,,,
710611,2021-09-25,,,,
716892,2021-09-25,,,,
716893,2021-09-25,,,,
716896,2021-09-25,,,,
716900,2021-09-25,,,,
716898,2021-09-25,,,,
716894,2021-09-25,,,,
716901,2021-09-25,,,,
716902,2021-09-25,,,,
716895,2021-09-25,,,,
710607,2021-09-25,,,,
710614,2021-09-26,,,,
710606,2021-09-26,,,,
710609,2021-09-27,,,,
716905,2021-09-28,,,,
716904,2021-09-28,,,,
716908,2021-09-28,,,,
716906,2021-09-28,,,,
716907,2021-09-28,,,,
716909,2021-09-28,,,,
716912,2021-09-29,,,,
716914,2021-09-29,,,,
716911,2021-09-29,,,,
716910,2021-09-29,,,,
716915,2021-09-29,,,,
716913,2021-09-29,,,,
716927,2021-10-01,,,,
710622,2021-10-02,,,,
716921,2021-10-02,,,,
710625,2021-10-02,,,,
710617,2021-10-02,,,,
710618,2021-10-02,,,,
710620,2021-10-02,,,,
716916,2021-10-02,,,,
716920,2021-10-02,,,,
716918,2021-10-02,,,,
716923,2021-10-02,,,,
716922,2021-10-02,,,,
716926,2021-10-02,,,,
716917,2021-10-02,,,,
716925,2021-10-02,,,,
716919,2021-10-02,,,,
716924,2021-10-02,,,,
710616,2021-10-02,,,,
710623,2021-10-03,,,,
710624,2021-10-03,,,,
710619,2021-10-03,,,,
710621,2021-10-03,,,,
716939,2021-10-15,,,,
710635,2021-10-16,,,,
716930,2021-10-16,,,,
710634,2021-10-16,,,,
710630,2021-10-16,,,,
710631,2021-10-16,,,,
710627,2021-10-16,,,,
710633,2021-10-16,,,,
716931,2021-10-16,,,,
716936,2021-10-16,,,,
716929,2021-10-16,,,,
716933,2021-10-16,,,,
716935,2021-10-16,,,,
716937,2021-10-16,,,,
716934,2021-10-16,,,,
716928,2021-10-16,,,,
716932,2021-10-16,,,,
710628,2021-10-16,,,,
716938,2021-10-17,,,,
710629,2021-10-17,,,,
710632,2021-10-17,,,,
710626,2021-10-18,,,,
716940,2021-10-19,,,,
716944,2021-10-19,,,,
716941,2021-10-19,,,,
716943,2021-10-19,,,,
716945,2021-10-19,,,,
716942,2021-10-20,,,,
716946,2021-10-20,,,,
716949,2021-10-20,,,,
716947,2021-10-20,,,,
716948,2021-10-20,,,,
716950,2021-10-20,,,,
716951,2021-10-20,,,,
710636,2021-10-22,,,,
710639,2021-10-23,,,,
716957,2021-10-23,,,,
710644,2021-10-23,,,,
710641,2021-10-23,,,,
710640,2021-10-23,,,,
710642,2021-10-23,,,,
716952,2021-10-23,,,,
716954,2021-10-23,,,,
716960,2021-10-23,,,,
716963,2021-10-23,,,,
716955,2021-10-23,,,,
716958,2021-10-23,,,,
716962,2021-10-23,,,,
716956,2021-10-23,,,,
716959,2021-10-23,,,,
710638,2021-10-23,,,,
716953,2021-10-24,,,,
710645,2021-10-24,,,,
710637,2021-10-24,,,,
716961,2021-10-24,,,,
710643,2021-10-24,,,,
716971,2021-10-29,,,,
710648,2021-10-30,,,,
716966,2021-10-30,,,,
710651,2021-10-30,,,,
710654,2021-10-30,,,,
710649,2021-10-30,,,,
710647,2021-10-30,,,,
710650,2021-10-30,,,,
716967,2021-10-30,,,,
716964,2021-10-30,,,,
716970,2021-10-30,,,,
716973,2021-10-30,,,,
716968,2021-10-30,,,,
716965,2021-10-30,,,,
716969,2021-10-30,,,,
716974,2021-10-30,,,,
716975,2021-10-30,,,,
710653,2021-10-30,,,,
716972,2021-10-30,,,,
710652,2021-10-31,,,,
710646,2021-10-31,,,,
710655,2021-11-01,,,,
716976,2021-11-02,,,,
716979,2021-11-02,,,,
716980,2021-11-02,,,,
716977,2021-11-02,,,,
716981,2021-11-02,,,,
716978,2021-11-02,,,,
716982,2021-11-03,,,,
716986,2021-11-03,,,,
716984,2021-11-03,,,,
716983,2021-11-03,,,,
716985,2021-11-03,,,,
716987,2021-11-03,,,,
710664,2021-11-05,,,,
710663,2021-11-06,,,,
710659,2021-11-06,,,,
710660,2021-11-06,,,,
710657,2021-11-06,,,,
716988,2021-11-06,,,,
716993,2021-11-06,,,,
716990,2021-11-06,,,,
716996,2021-11-06,,,,
716999,2021-11-06,,,,
716997,2021-11-06,,,,
716991,2021-11-06,,,,
716989,2021-11-06,,,,
716994,2021-11-06,,,,
716998,2021-11-06,,,,
716995,2021-11-06,,,,
710658,2021-11-06,,,,
716992,2021-11-06,,,,
710656,2021-11-07,,,,
710661,2021-11-07,,,,
710662,2021-11-07,,,,
710665,2021-11-07,,,,
717007,2021-11-19,,,,
710668,2021-11-20,,,,
717009,2021-11-20,,,,
710671,2021-11-20,,,,
710674,2021-11-20,,,,
710675,2021-11-20,,,,
710667,2021-11-20,,,,
710666,2021-11-20,,,,
710672,2021-11-20,,,,
717002,2021-11-20,,,,
717003,2021-11-20,,,,
717008,2021-11-20,,,,
717000,2021-11-20,,,,
717006,2021-11-20,,,,
717004,2021-11-20,,,,
717005,2021-11-20,,,,
717010,2021-11-20,,,,
717011,2021-11-20,,,,
710669,2021-11-20,,,,
717001,2021-11-21,,,,
710670,2021-11-21,,,,
710673,2021-11-21,,,,
717016,2021-11-23,,,,
717015,2021-11-23,,,,
717013,2021-11-23,,,,
717012,2021-11-23,,,,
717017,2021-11-23,,,,
717014,2021-11-24,,,,
717021,2021-11-24,,,,
717020,2021-11-24,,,,
717022,2021-11-24,,,,
717019,2021-11-24,,,,
717023,2021-11-24,,,,
717018,2021-11-24,,,,
717035,2021-11-26,,,,
710676,2021-11-27,,,,
717031,2021-11-27,,,,
710683,2021-11-27,,,,
710681,2021-11-27,,,,
710685,2021-11-27,,,,
717024,2021-11-27,,,,
717027,2021-11-27,,,,
717025,2021-11-27,,,,
717028,2021-11-27,,,,
717033,2021-11-27,,,,
717034,2021-11-27,,,,
717030,2021-11-27,,,,
717029,2021-11-27,,,,
710678,2021-11-27,,,,
717032,2021-11-28,,,,
710682,2021-11-28,,,,
710684,2021-11-28,,,,
710677,2021-11-28,,,,
710680,2021-11-28,,,,
717026,2021-11-29,,,,
710693,2021-11-30,,,,
710688,2021-11-30,,,,
710689,2021-12-01,,,,
710691,2021-12-01,,,,
710694,2021-12-01,,,,
710690,2021-12-01,,,,
710687,2021-12-01,,,,
710686,2021-12-01,,,,
710695,2021-12-02,,,,
710692,2021-12-02,,,,
717042,2021-12-03,,,,
710704,2021-12-04,,,,
717041,2021-12-04,,,,
710700,2021-12-04,,,,
710705,2021-12-04,,,,
710701,2021-12-04,,,,
717040,2021-12-04,,,,
717047,2021-12-04,,,,
717039,2021-12-04,,,,
717044,2021-12-04,,,,
717045,2021-12-04,,,,
717037,2021-12-04,,,,
717043,2021-12-04,,,,
717036,2021-12-04,,,,
717038,2021-12-04,,,,
710703,2021-12-04,,,,
710699,2021-12-05,,,,
710702,2021-12-05,,,,
710698,2021-12-05,,,,
717046,2021-12-05,,,,
710696,2021-12-05,,,,
710697,2021-12-06,,,,
710707,2021-12-10,,,,
710714,2021-12-11,,,,
717051,2021-12-11,,,,
710713,2021-12-11,,,,
710706,2021-12-11,,,,
710710,2021-12-11,,,,
717048,2021-12-11,,,,
717049,2021-12-11,,,,
717055,2021-12-11,,,,
717059,2021-12-11,,,,
717052,2021-12-11,,,,
717050,2021-12-11,,,,
717057,2021-12-11,,,,
717058,2021-12-11,,,,
717054,2021-12-11,,,,
717053,2021-12-11,,,,
710715,2021-12-11,,,,
710709,2021-12-12,,,,
710712,2021-12-12,,,,
710711,2021-12-12,,,,
710721,2021-12-14,,,,
710725,2021-12-14,,,,
710718,2021-12-15,,,,
710722,2021-12-15,,,,
710716,2021-12-15,,,,
710723,2021-12-16,,,,
710724,2021-12-16,,,,
717060,2021-12-17,,,,
717067,2021-12-18,,,,
717063,2021-12-18,,,,
717069,2021-12-18,,,,
717061,2021-12-18,,,,
717062,2021-12-18,,,,
710728,2021-12-18,,,,
710730,2021-12-19,,,,
710735,2021-12-19,,,,
710732,2021-12-19,,,,
717066,2021-12-20,,,,
710743,2021-12-26,,,,
710744,2021-12-26,,,,
710740,2021-12-26,,,,
710742,2021-12-26,,,,
717076,2021-12-26,,,,
717079,2021-12-26,,,,
710736,2021-12-26,,,,
710737,2021-12-26,,,,
717074,2021-12-27,,,,
717083,2021-12-27,,,,
710741,2021-12-27,,,,
710755,2021-12-28,,,,
710754,2021-12-28,,,,
710749,2021-12-28,,,,
710752,2021-12-28,,,,
710748,2021-12-29,,,,
717086,2021-12-29,,,,
717089,2021-12-29,,,,
717087,2021-12-29,,,,
710747,2021-12-29,,,,
717084,2021-12-30,,,,
717088,2021-12-30,,,,
717090,2021-12-30,,,,
717094,2021-12-30,,,,
710753,2021-12-30,,,,
710756,2022-01-01,,,,
710765,2022-01-01,,,,
717099,2022-01-01,,,,
710759,2022-01-01,,,,
717100,2022-01-02,,,,
710760,2022-01-02,,,,
710757,2022-01-02,,,,
710761,2022-01-02,,,,
717097,2022-01-02,,,,
717107,2022-01-02,,,,
717098,2022-01-02,,,,
710758,2022-01-02,,,,
717103,2022-01-03,,,,
717105,2022-01-03,,,,
710763,2022-01-03,,,,
710731,2022-01-11,,,,
717093,2022-01-11,,,,
710734,2022-01-12,,,,
710767,2022-01-14,,,,
710770,2022-01-15,,,,
717109,2022-01-15,,,,
717114,2022-01-15,,,,
710771,2022-01-15,,,,
710775,2022-01-15,,,,
710772,2022-01-15,,,,
717111,2022-01-15,,,,
717112,2022-01-15,,,,
717116,2022-01-15,,,,
717118,2022-01-15,,,,
717110,2022-01-15,,,,
717115,2022-01-15,,,,
717119,2022-01-15,,,,
717117,2022-01-15,,,,
710766,2022-01-15,,,,
717113,2022-01-16,,,,
710769,2022-01-16,,,,
710774,2022-01-16,,,,
717075,2022-01-18,,,,
717082,2022-01-18,,,,
710787,2022-01-18,,,,
710720,2022-01-19,,,,
717077,2022-01-19,,,,
710717,2022-01-19,,,,
717071,2022-01-19,,,,
710785,2022-01-21,,,,
710780,2022-01-22,,,,
717124,2022-01-22,,,,
717126,2022-01-22,,,,
710783,2022-01-22,,,,
710777,2022-01-22,,,,
710781,2022-01-22,,,,
717120,2022-01-22,,,,
717127,2022-01-22,,,,
717121,2022-01-22,,,,
717131,2022-01-22,,,,
717128,2022-01-22,,,,
717129,2022-01-22,,,,
717130,2022-01-22,,,,
717125,2022-01-22,,,,
717123,2022-01-22,,,,
710784,2022-01-22,,,,
710776,2022-01-23,,,,
710782,2022-01-23,,,,
710779,2022-01-23,,,,
710778,2022-01-23,,,,
717122,2022-01-24,,,,
717085,2022-01-25,,,,
717102,2022-01-25,,,,
717070,2022-01-25,,,,
717065,2022-01-25,,,,
717078,2022-01-25,,,,
717095,2022-01-26,,,,
717136,2022-01-28,,,,
717135,2022-01-29,,,,
717140,2022-01-29,,,,
717142,2022-01-29,,,,
717137,2022-01-29,,,,
717139,2022-01-29,,,,
717143,2022-01-29,,,,
717132,2022-01-29,,,,
717138,2022-01-29,,,,
717141,2022-01-29,,,,
717134,2022-01-30,,,,
717133,2022-01-30,,,,
717068,2022-02-01,,,,
717092,2022-02-01,,,,
717147,2022-02-02,,,,
717144,2022-02-02,,,,
717145,2022-02-04,,,,
717148,2022-02-05,,,,
717146,2022-02-05,,,,
717154,2022-02-05,,,,
710719,2022-02-05,,,,
710792,2022-02-08,,,,
710790,2022-02-08,,,,
717159,2022-02-08,,,,
717158,2022-02-08,,,,
717161,2022-02-08,,,,
717157,2022-02-08,,,,
717160,2022-02-08,,,,
710788,2022-02-08,,,,
710793,2022-02-09,,,,
710795,2022-02-09,,,,
710789,2022-02-09,,,,
717162,2022-02-09,,,,
717156,2022-02-09,,,,
717164,2022-02-09,,,,
717165,2022-02-09,,,,
717167,2022-02-09,,,,
717163,2022-02-09,,,,
717166,2022-02-09,,,,
710786,2022-02-09,,,,
710791,2022-02-10,,,,
710794,2022-02-10,,,,
710801,2022-02-12,,,,
717171,2022-02-12,,,,
710805,2022-02-12,,,,
710799,2022-02-12,,,,
710796,2022-02-12,,,,
717177,2022-02-12,,,,
717169,2022-02-12,,,,
717174,2022-02-12,,,,
717172,2022-02-12,,,,
717175,2022-02-12,,,,
717173,2022-02-12,,,,
717168,2022-02-12,,,,
717176,2022-02-12,,,,
717170,2022-02-12,,,,
710803,2022-02-12,,,,
717178,2022-02-13,,,,
710802,2022-02-13,,,,
710797,2022-02-13,,,,
710804,2022-02-13,,,,
710800,2022-02-13,,,,
717179,2022-02-14,,,,
717073,2022-02-15,,,,
717150,2022-02-15,,,,
717091,2022-02-15,,,,
710729,2022-02-15,,,,
717081,2022-02-16,,,,
710814,2022-02-19,,,,
717186,2022-02-19,,,,
710811,2022-02-19,,,,
710813,2022-02-19,,,,
710806,2022-02-19,,,,
710808,2022-02-19,,,,
710809,2022-02-19,,,,
710807,2022-02-19,,,,
717183,2022-02-19,,,,
717182,2022-02-19,,,,
717188,2022-02-19,,,,
717190,2022-02-19,,,,
717185,2022-02-19,,,,
717189,2022-02-19,,,,
717191,2022-02-19,,,,
717184,2022-02-19,,,,
717187,2022-02-19,,,,
710812,2022-02-19,,,,
710810,2022-02-20,,,,
710815,2022-02-20,,,,
717192,2022-02-22,,,,
717195,2022-02-22,,,,
717193,2022-02-22,,,,
717194,2022-02-22,,,,
717197,2022-02-22,,,,
710733,2022-02-23,,,,
710679,2022-02-23,,,,
710739,2022-02-23,,,,
717199,2022-02-23,,,,
717200,2022-02-23,,,,
717202,2022-02-23,,,,
717198,2022-02-23,,,,
717201,2022-02-23,,,,
717203,2022-02-23,,,,
710746,2022-02-24,,,,
710824,2022-02-25,,,,
710822,2022-02-26,,,,
717207,2022-02-26,,,,
710823,2022-02-26,,,,
710820,2022-02-26,,,,
710817,2022-02-26,,,,
717204,2022-02-26,,,,
717209,2022-02-26,,,,
717206,2022-02-26,,,,
717212,2022-02-26,,,,
717213,2022-02-26,,,,
717205,2022-02-26,,,,
717210,2022-02-26,,,,
717214,2022-02-26,,,,
717208,2022-02-26,,,,
717211,2022-02-26,,,,
710818,2022-02-26,,,,
710821,2022-02-26,,,,
710825,2022-02-27,,,,
717215,2022-02-28,,,,
710768,2022-03-01,,,,
717064,2022-03-01,,,,
717219,2022-03-04,,,,
717225,2022-03-04,,,,
710828,2022-03-05,,,,
717218,2022-03-05,,,,
710831,2022-03-05,,,,
710835,2022-03-05,,,,
710827,2022-03-05,,,,
710826,2022-03-05,,,,
710832,2022-03-05,,,,
717224,2022-03-05,,,,
717216,2022-03-05,,,,
717222,2022-03-05,,,,
717220,2022-03-05,,,,
717217,2022-03-05,,,,
717221,2022-03-05,,,,
717223,2022-03-05,,,,
717226,2022-03-05,,,,
717227,2022-03-05,,,,
710829,2022-03-05,,,,
710834,2022-03-06,,,,
710830,2022-03-06,,,,
710833,2022-03-07,,,,
717096,2022-03-08,,,,
717104,2022-03-08,,,,
717181,2022-03-08,,,,
717106,2022-03-08,,,,
717072,2022-03-08,,,,
717101,2022-03-08,,,,
710745,2022-03-10,,,,
710764,2022-03-10,,,,
710852,2022-03-10,,,,
710751,2022-03-10,,,,
717239,2022-03-11,,,,
710838,2022-03-12,,,,
717229,2022-03-12,,,,
710837,2022-03-12,,,,
717228,2022-03-12,,,,
717233,2022-03-12,,,,
717230,2022-03-12,,,,
717236,2022-03-12,,,,
717237,2022-03-12,,,,
717231,2022-03-12,,,,
717234,2022-03-12,,,,
717238,2022-03-12,,,,
717232,2022-03-12,,,,
710843,2022-03-12,,,,
717235,2022-03-13,,,,
710844,2022-03-13,,,,
710841,2022-03-13,,,,
710845,2022-03-13,,,,
710839,2022-03-13,,,,
710842,2022-03-13,,,,
710836,2022-03-13,,,,
710840,2022-03-14,,,,
717240,2022-03-15,,,,
717242,2022-03-15,,,,
717243,2022-03-15,,,,
717241,2022-03-15,,,,
717245,2022-03-15,,,,
710708,2022-03-16,,,,
717247,2022-03-16,,,,
717250,2022-03-16,,,,
717244,2022-03-16,,,,
717248,2022-03-16,,,,
717251,2022-03-16,,,,
717246,2022-03-16,,,,
717249,2022-03-16,,,,
710816,2022-03-16,,,,
710750,2022-03-17,,,,
710855,2022-03-18,,,,
710846,2022-03-19,,,,
717261,2022-03-19,,,,
717253,2022-03-19,,,,
717255,2022-03-19,,,,
717260,2022-03-19,,,,
717252,2022-03-19,,,,
717256,2022-03-19,,,,
717262,2022-03-19,,,,
717263,2022-03-19,,,,
717259,2022-03-20,,,,
710848,2022-03-20,,,,
710853,2022-03-20,,,,
717271,2022-04-01,,,,
710861,2022-04-02,,,,
717267,2022-04-02,,,,
710865,2022-04-02,,,,
710857,2022-04-02,,,,
710858,2022-04-02,,,,
710856,2022-04-02,,,,
710860,2022-04-02,,,,
717264,2022-04-02,,,,
717268,2022-04-02,,,,
717270,2022-04-02,,,,
717274,2022-04-02,,,,
717275,2022-04-02,,,,
717265,2022-04-02,,,,
717269,2022-04-02,,,,
717273,2022-04-02,,,,
717272,2022-04-02,,,,
710862,2022-04-02,,,,
710864,2022-04-03,,,,
717266,2022-04-03,,,,
710863,2022-04-03,,,,
710859,2022-04-04,,,,
717080,2022-04-05,,,,
717258,2022-04-05,,,,
717056,2022-04-05,,,,
717152,2022-04-05,,,,
717153,2022-04-05,,,,
710738,2022-04-06,,,,
717151,2022-04-06,,,,
717149,2022-04-06,,,,
717155,2022-04-06,,,,
710872,2022-04-08,,,,
710869,2022-04-09,,,,
717285,2022-04-09,,,,
710875,2022-04-09,,,,
710874,2022-04-09,,,,
710866,2022-04-09,,,,
717284,2022-04-09,,,,
717277,2022-04-09,,,,
717281,2022-04-09,,,,
717283,2022-04-09,,,,
717287,2022-04-09,,,,
717282,2022-04-09,,,,
717276,2022-04-09,,,,
717280,2022-04-09,,,,
717286,2022-04-09,,,,
710867,2022-04-09,,,,
710870,2022-04-10,,,,
710868,2022-04-10,,,,
710873,2022-04-10,,,,
717278,2022-04-10,,,,
710871,2022-04-10,,,,
717279,2022-04-11,,,,
717293,2022-04-15,,,,
717288,2022-04-15,,,,
717289,2022-04-15,,,,
717295,2022-04-15,,,,
717299,2022-04-15,,,,
717296,2022-04-15,,,,
717292,2022-04-15,,,,
717297,2022-04-15,,,,
717298,2022-04-15,,,,
717294,2022-04-15,,,,
717291,2022-04-15,,,,
717290,2022-04-15,,,,
710882,2022-04-16,,,,
710879,2022-04-16,,,,
710883,2022-04-16,,,,
710881,2022-04-16,,,,
710880,2022-04-17,,,,
710884,2022-04-17,,,,
717307,2022-04-18,,,,
717304,2022-04-18,,,,
717311,2022-04-18,,,,
717308,2022-04-18,,,,
717301,2022-04-18,,,,
717310,2022-04-18,,,,
717300,2022-04-18,,,,
717305,2022-04-18,,,,
717302,2022-04-18,,,,
717303,2022-04-18,,,,
717309,2022-04-18,,,,
717306,2022-04-19,,,,
710849,2022-04-19,,,,
710851,2022-04-20,,,,
710727,2022-04-20,,,,
710798,2022-04-20,,,,
710850,2022-04-20,,,,
710847,2022-04-21,,,,
717315,2022-04-22,,,,
710886,2022-04-23,,,,
717317,2022-04-23,,,,
710892,2022-04-23,,,,
710894,2022-04-23,,,,
710895,2022-04-23,,,,
717312,2022-04-23,,,,
717313,2022-04-23,,,,
717323,2022-04-23,,,,
717320,2022-04-23,,,,
717316,2022-04-23,,,,
717314,2022-04-23,,,,
717321,2022-04-23,,,,
717322,2022-04-23,,,,
717318,2022-04-23,,,,
710887,2022-04-23,,,,
710889,2022-04-24,,,,
710890,2022-04-24,,,,
710888,2022-04-24,,,,
710893,2022-04-24,,,,
717319,2022-04-25,,,,
710891,2022-04-25,,,,
717254,2022-04-26,,,,
717196,2022-04-26,,,,
717108,2022-04-26,,,,
717257,2022-04-27,,,,
710919,2022-04-28,,,,
717334,2022-04-29,,,,
710900,2022-04-30,,,,
717324,2022-04-30,,,,
710903,2022-04-30,,,,
710905,2022-04-30,,,,
710901,2022-04-30,,,,
710896,2022-04-30,,,,
717328,2022-04-30,,,,
717335,2022-04-30,,,,
717327,2022-04-30,,,,
717332,2022-04-30,,,,
717333,2022-04-30,,,,
717325,2022-04-30,,,,
717331,2022-04-30,,,,
717329,2022-04-30,,,,
717326,2022-04-30,,,,
710898,2022-04-30,,,,
710897,2022-05-01,,,,
710902,2022-05-01,,,,
710904,2022-05-01,,,,
717330,2022-05-02,,,,
710899,2022-05-02,,,,
717180,2022-05-03,,,,
717336,2022-05-07,,,,
717339,2022-05-07,,,,
717337,2022-05-07,,,,
717343,2022-05-07,,,,
717347,2022-05-07,,,,
717344,2022-05-07,,,,
717340,2022-05-07,,,,
717338,2022-05-07,,,,
717345,2022-05-07,,,,
717346,2022-05-07,,,,
717342,2022-05-07,,,,
717341,2022-05-07,,,,
710909,2022-05-07,,,,
710910,2022-05-07,,,,
710911,2022-05-07,,,,
710907,2022-05-07,,,,
710908,2022-05-07,,,,
710913,2022-05-07,,,,
710906,2022-05-08,,,,
710912,2022-05-08,,,,
710915,2022-05-08,,,,
710914,2022-05-08,,,,
710876,2022-05-10,,,,
710878,2022-05-11,,,,
710854,2022-05-11,,,,
710762,2022-05-11,,,,
710885,2022-05-11,,,,
710773,2022-05-12,,,,
861351,2022-05-13,,,,
861353,2022-05-14,,,,
710922,2022-05-15,,,,
710923,2022-05-15,,,,
710925,2022-05-15,,,,
710924,2022-05-15,,,,
710918,2022-05-15,,,,
710916,2022-05-15,,,,
710917,2022-05-15,,,,
861352,2022-05-16,,,,
710920,2022-05-16,,,,
710921,2022-05-17,,,,
710877,2022-05-19,,,,
710819,2022-05-19,,,,
710726,2022-05-19,,,,
710933,2022-05-22,,,,
710926,2022-05-22,,,,
710929,2022-05-22,,,,
710932,2022-05-22,,,,
710930,2022-05-22,,,,
710934,2022-05-22,,,,
710928,2022-05-22,,,,
710931,2022-05-22,,,,
710927,2022-05-22,,,,
710935,2022-05-22,,,,
862297,2022-05-29,,,,
874671,2022-07-29,,,,
874674,2022-07-30,,,,
874677,2022-07-30,,,,
874679,2022-07-30,,,,
874675,2022-07-30,,,,
874672,2022-07-30,,,,
874678,2022-07-30,,,,
874673,2022-07-30,,,,
874676,2022-07-30,,,,
874680,2022-07-30,,,,
874681,2022-07-31,,,,
874682,2022-08-01,,,,
874683,2022-08-05,,,,
867946,2022-08-05,,,,
867947,2022-08-06,,,,
874687,2022-08-06,,,,
867951,2022-08-06,,,,
867948,2022-08-06,,,,
867952,2022-08-06,,,,
867949,2022-08-06,,,,
874685,2022-08-06,,,,
874690,2022-08-06,,,,
874684,2022-08-06,,,,
874688,2022-08-06,,,,
874691,2022-08-06,,,,
874689,2022-08-06,,,,
874692,2022-08-06,,,,
874693,2022-08-06,,,,
867953,2022-08-06,,,,
867954,2022-08-07,,,,
867950,2022-08-07,,,,
867955,2022-08-07,,,,
874694,2022-08-08,,,,
874705,2022-08-12,,,,
867957,2022-08-13,,,,
874697,2022-08-13,,,,
867965,2022-08-13,,,,
867964,2022-08-13,,,,
867956,2022-08-13,,,,
867962,2022-08-13,,,,
867959,2022-08-13,,,,
874698,2022-08-13,,,,
874702,2022-08-13,,,,
874706,2022-08-13,,,,
874699,2022-08-13,,,,
874703,2022-08-13,,,,
874704,2022-08-13,,,,
874696,2022-08-13,,,,
874700,2022-08-13,,,,
867958,2022-08-13,,,,
867963,2022-08-14,,,,
874701,2022-08-14,,,,
874695,2022-08-14,,,,
867960,2022-08-14,,,,
867961,2022-08-15,,,,
874709,2022-08-16,,,,
874707,2022-08-16,,,,
874708,2022-08-16,,,,
874712,2022-08-16,,,,
874711,2022-08-16,,,,
874715,2022-08-16,,,,
874713,2022-08-16,,,,
874717,2022-08-17,,,,
874716,2022-08-17,,,,
874718,2022-08-17,,,,
874714,2022-08-17,,,,
880771,2022-08-19,,,,
867974,2022-08-20,,,,
867969,2022-08-20,,,,
867968,2022-08-20,,,,
867971,2022-08-20,,,,
867967,2022-08-20,,,,
880769,2022-08-20,,,,
880774,2022-08-20,,,,
880767,2022-08-20,,,,
880772,2022-08-20,,,,
880778,2022-08-20,,,,
880775,2022-08-20,,,,
880773,2022-08-20,,,,
880776,2022-08-20,,,,
880777,2022-08-20,,,,
867966,2022-08-20,,,,
880768,2022-08-21,,,,
867975,2022-08-21,,,,
867970,2022-08-21,,,,
867973,2022-08-21,,,,
867972,2022-08-22,,,,
880784,2022-08-26,,,,
867984,2022-08-27,,,,
880788,2022-08-27,,,,
867981,2022-08-27,,,,
867980,2022-08-27,,,,
867982,2022-08-27,,,,
867979,2022-08-27,,,,
867978,2022-08-27,,,,
880782,2022-08-27,,,,
880789,2022-08-27,,,,
880781,2022-08-27,,,,
880786,2022-08-27,,,,
880790,2022-08-27,,,,
880783,2022-08-27,,,,
880779,2022-08-27,,,,
880785,2022-08-27,,,,
880787,2022-08-27,,,,
880780,2022-08-27,,,,
867976,2022-08-27,,,,
867985,2022-08-28,,,,
867977,2022-08-28,,,,
867983,2022-08-28,,,,
867988,2022-08-30,,,,
867992,2022-08-30,,,,
867993,2022-08-30,,,,
880793,2022-08-30,,,,
880792,2022-08-30,,,,
880791,2022-08-30,,,,
880796,2022-08-30,,,,
880800,2022-08-30,,,,
880794,2022-08-30,,,,
867989,2022-08-30,,,,
880795,2022-08-30,,,,
867986,2022-08-31,,,,
867987,2022-08-31,,,,
867995,2022-08-31,,,,
867991,2022-08-31,,,,
880798,2022-08-31,,,,
880802,2022-08-31,,,,
880801,2022-08-31,,,,
880799,2022-08-31,,,,
867994,2022-08-31,,,,
880797,2022-08-31,,,,
867990,2022-09-01,,,,
880814,2022-09-02,,,,
868000,2022-09-03,,,,
868002,2022-09-03,,,,
868005,2022-09-03,,,,
868004,2022-09-03,,,,
867999,2022-09-03,,,,
867997,2022-09-03,,,,
868003,2022-09-03,,,,
880808,2022-09-03,,,,
880810,2022-09-03,,,,
880803,2022-09-03,,,,
880809,2022-09-03,,,,
880812,2022-09-03,,,,
880813,2022-09-03,,,,
880806,2022-09-03,,,,
867996,2022-09-03,,,,
880811,2022-09-04,,,,
867998,2022-09-04,,,,
880804,2022-09-04,,,,
880805,2022-09-04,,,,
868001,2022-09-04,,,,
880807,2022-09-05,,,,
880828,2022-09-13,,,,
880829,2022-09-13,,,,
880827,2022-09-13,,,,
880830,2022-09-13,,,,
880832,2022-09-13,,,,
880831,2022-09-13,,,,
880834,2022-09-14,,,,
880835,2022-09-14,,,,
880836,2022-09-14,,,,
880833,2022-09-14,,,,
880837,2022-09-14,,,,
880838,2022-09-14,,,,
868023,2022-09-16,,,,
868016,2022-09-16,,,,
868025,2022-09-17,,,,
880848,2022-09-17,,,,
868022,2022-09-17,,,,
880841,2022-09-17,,,,
880849,2022-09-17,,,,
880840,2022-09-17,,,,
880839,2022-09-17,,,,
880844,2022-09-17,,,,
880846,2022-09-17,,,,
880850,2022-09-17,,,,
880845,2022-09-17,,,,
880847,2022-09-17,,,,
880842,2022-09-17,,,,
868024,2022-09-17,,,,
880843,2022-09-17,,,,
868017,2022-09-18,,,,
868020,2022-09-18,,,,
880856,2022-09-30,,,,
868027,2022-10-01,,,,
868026,2022-10-01,,,,
868029,2022-10-01,,,,
868032,2022-10-01,,,,
868034,2022-10-01,,,,
868028,2022-10-01,,,,
880854,2022-10-01,,,,
880857,2022-10-01,,,,
880853,2022-10-01,,,,
880862,2022-10-01,,,,
880859,2022-10-01,,,,
880851,2022-10-01,,,,
880858,2022-10-01,,,,
880861,2022-10-01,,,,
880855,2022-10-01,,,,
880852,2022-10-01,,,,
868035,2022-10-01,,,,
880860,2022-10-02,,,,
868033,2022-10-02,,,,
868030,2022-10-02,,,,
868031,2022-10-03,,,,
880863,2022-10-04,,,,
880866,2022-10-04,,,,
880867,2022-10-04,,,,
880865,2022-10-04,,,,
880864,2022-10-04,,,,
880868,2022-10-04,,,,
880874,2022-10-05,,,,
880869,2022-10-05,,,,
880870,2022-10-05,,,,
880871,2022-10-05,,,,
880873,2022-10-05,,,,
880872,2022-10-05,,,,
880882,2022-10-07,,,,
868043,2022-10-08,,,,
868036,2022-10-08,,,,
868039,2022-10-08,,,,
868042,2022-10-08,,,,
880875,2022-10-08,,,,
880880,2022-10-08,,,,
880885,2022-10-08,,,,
880886,2022-10-08,,,,
880876,2022-10-08,,,,
880881,2022-10-08,,,,
880883,2022-10-08,,,,
880884,2022-10-08,,,,
880878,2022-10-08,,,,
880877,2022-10-08,,,,
868038,2022-10-08,,,,
880879,2022-10-09,,,,
868045,2022-10-09,,,,
868040,2022-10-09,,,,
868037,2022-10-09,,,,
868041,2022-10-09,,,,
868044,2022-10-10,,,,
880826,2022-10-11,,,,
880817,2022-10-12,,,,
868047,2022-10-14,,,,
868050,2022-10-15,,,,
880895,2022-10-15,,,,
880891,2022-10-15,,,,
868048,2022-10-15,,,,
868055,2022-10-15,,,,
880889,2022-10-15,,,,
880888,2022-10-15,,,,
880894,2022-10-15,,,,
880887,2022-10-15,,,,
880893,2022-10-15,,,,
880896,2022-10-15,,,,
880892,2022-10-15,,,,
880897,2022-10-15,,,,
868054,2022-10-15,,,,
880898,2022-10-15,,,,
868052,2022-10-16,,,,
868053,2022-10-16,,,,
868049,2022-10-16,,,,
868046,2022-10-16,,,,
880890,2022-10-16,,,,
868051,2022-10-16,,,,
868059,2022-10-18,,,,
880900,2022-10-18,,,,
880901,2022-10-18,,,,
880902,2022-10-18,,,,
880904,2022-10-18,,,,
880899,2022-10-18,,,,
880903,2022-10-18,,,,
868062,2022-10-18,,,,
868063,2022-10-19,,,,
868056,2022-10-19,,,,
868064,2022-10-19,,,,
868058,2022-10-19,,,,
880905,2022-10-19,,,,
880910,2022-10-19,,,,
880909,2022-10-19,,,,
880907,2022-10-19,,,,
880906,2022-10-19,,,,
880908,2022-10-19,,,,
868065,2022-10-19,,,,
868060,2022-10-20,,,,
868061,2022-10-20,,,,
868071,2022-10-22,,,,
880912,2022-10-22,,,,
868068,2022-10-22,,,,
868070,2022-10-22,,,,
880916,2022-10-22,,,,
880914,2022-10-22,,,,
880918,2022-10-22,,,,
880911,2022-10-22,,,,
880913,2022-10-22,,,,
880915,2022-10-22,,,,
880917,2022-10-22,,,,
880919,2022-10-22,,,,
880920,2022-10-22,,,,
868067,2022-10-22,,,,
880922,2022-10-23,,,,
880921,2022-10-23,,,,
868075,2022-10-23,,,,
868072,2022-10-23,,,,
868069,2022-10-23,,,,
868066,2022-10-23,,,,
868073,2022-10-23,,,,
868074,2022-10-24,,,,
874686,2022-10-25,,,,
880818,2022-10-25,,,,
880923,2022-10-28,,,,
880924,2022-10-29,,,,
868082,2022-10-29,,,,
880933,2022-10-29,,,,
868085,2022-10-29,,,,
868076,2022-10-29,,,,
868079,2022-10-29,,,,
868080,2022-10-29,,,,
868078,2022-10-29,,,,
880928,2022-10-29,,,,
880926,2022-10-29,,,,
880925,2022-10-29,,,,
880932,2022-10-29,,,,
880934,2022-10-29,,,,
880929,2022-10-29,,,,
880931,2022-10-29,,,,
880927,2022-10-29,,,,
880930,2022-10-29,,,,
868081,2022-10-29,,,,
868083,2022-10-29,,,,
868077,2022-10-30,,,,
868084,2022-10-30,,,,
880939,2022-11-01,,,,
880937,2022-11-01,,,,
880936,2022-11-01,,,,
880938,2022-11-01,,,,
880935,2022-11-01,,,,
880940,2022-11-01,,,,
880944,2022-11-02,,,,
880943,2022-11-02,,,,
880942,2022-11-02,,,,
880941,2022-11-02,,,,
880946,2022-11-02,,,,
880945,2022-11-02,,,,
880952,2022-11-04,,,,
880954,2022-11-05,,,,
868095,2022-11-05,,,,
868090,2022-11-05,,,,
868089,2022-11-05,,,,
868091,2022-11-05,,,,
880958,2022-11-05,,,,
880950,2022-11-05,,,,
880947,2022-11-05,,,,
880949,2022-11-05,,,,
880951,2022-11-05,,,,
880953,2022-11-05,,,,
880955,2022-11-05,,,,
880957,2022-11-05,,,,
880956,2022-11-05,,,,
880948,2022-11-05,,,,
868088,2022-11-05,,,,
868087,2022-11-06,,,,
868092,2022-11-06,,,,
868094,2022-11-06,,,,
868086,2022-11-06,,,,
868093,2022-11-06,,,,
880819,2022-11-08,,,,
880815,2022-11-08,,,,
880822,2022-11-08,,,,
880821,2022-11-08,,,,
880823,2022-11-08,,,,
874710,2022-11-08,,,,
880816,2022-11-08,,,,
880825,2022-11-08,,,,
880959,2022-11-11,,,,
868100,2022-11-12,,,,
868096,2022-11-12,,,,
868099,2022-11-12,,,,
868103,2022-11-12,,,,
868104,2022-11-12,,,,
868102,2022-11-12,,,,
880964,2022-11-12,,,,
880962,2022-11-12,,,,
880960,2022-11-12,,,,
880968,2022-11-12,,,,
880969,2022-11-12,,,,
880970,2022-11-12,,,,
880965,2022-11-12,,,,
880967,2022-11-12,,,,
880963,2022-11-12,,,,
880966,2022-11-12,,,,
868101,2022-11-12,,,,
868105,2022-11-12,,,,
880961,2022-11-13,,,,
868097,2022-11-13,,,,
868098,2022-11-13,,,,
880824,2022-12-03,,,,
880971,2022-12-10,,,,
880977,2022-12-10,,,,
880976,2022-12-10,,,,
880974,2022-12-10,,,,
880978,2022-12-10,,,,
880973,2022-12-10,,,,
880979,2022-12-10,,,,
880981,2022-12-10,,,,
880972,2022-12-10,,,,
880975,2022-12-11,,,,
880982,2022-12-11,,,,
880980,2022-12-12,,,,
880983,2022-12-16,,,,
880988,2022-12-17,,,,
880986,2022-12-17,,,,
880985,2022-12-17,,,,
880984,2022-12-17,,,,
880992,2022-12-17,,,,
880993,2022-12-17,,,,
880989,2022-12-17,,,,
880987,2022-12-17,,,,
880991,2022-12-17,,,,
880994,2022-12-19,,,,
880820,2022-12-21,,,,
881006,2022-12-26,,,,
868108,2022-12-26,,,,
881005,2022-12-26,,,,
868115,2022-12-26,,,,
868111,2022-12-26,,,,
868113,2022-12-26,,,,
868110,2022-12-26,,,,
880995,2022-12-26,,,,
881001,2022-12-26,,,,
881004,2022-12-26,,,,
880998,2022-12-26,,,,
881000,2022-12-26,,,,
881003,2022-12-26,,,,
880997,2022-12-26,,,,
868107,2022-12-26,,,,
880999,2022-12-26,,,,
868106,2022-12-26,,,,
881002,2022-12-27,,,,
868109,2022-12-27,,,,
868114,2022-12-27,,,,
880996,2022-12-27,,,,
868112,2022-12-28,,,,
881014,2022-12-29,,,,
881011,2022-12-29,,,,
881012,2022-12-29,,,,
881016,2022-12-29,,,,
881008,2022-12-29,,,,
881010,2022-12-29,,,,
881018,2022-12-29,,,,
881009,2022-12-29,,,,
868124,2022-12-30,,,,
881007,2022-12-30,,,,
881013,2022-12-30,,,,
881017,2022-12-30,,,,
881015,2022-12-30,,,,
868119,2022-12-30,,,,
868125,2022-12-31,,,,
868121,2022-12-31,,,,
868116,2022-12-31,,,,
868118,2022-12-31,,,,
868120,2022-12-31,,,,
868117,2022-12-31,,,,
881020,2023-01-01,,,,
868123,2023-01-01,,,,
881023,2023-01-01,,,,
881024,2023-01-01,,,,
881022,2023-01-01,,,,
881021,2023-01-01,,,,
868122,2023-01-01,,,,
881019,2023-01-02,,,,
881029,2023-01-02,,,,
881030,2023-01-02,,,,
881025,2023-01-02,,,,
881027,2023-01-02,,,,
881028,2023-01-02,,,,
868128,2023-01-02,,,,
881026,2023-01-02,,,,
868126,2023-01-03,,,,
868131,2023-01-03,,,,
868133,2023-01-03,,,,
868134,2023-01-03,,,,
868135,2023-01-04,,,,
868132,2023-01-04,,,,
868130,2023-01-04,,,,
868127,2023-01-04,,,,
868129,2023-01-05,,,,
868009,2023-01-12,,,,
868136,2023-01-13,,,,
868141,2023-01-14,,,,
881039,2023-01-14,,,,
868145,2023-01-14,,,,
868140,2023-01-14,,,,
868138,2023-01-14,,,,
868143,2023-01-14,,,,
881042,2023-01-14,,,,
881033,2023-01-14,,,,
881032,2023-01-14,,,,
881038,2023-01-14,,,,
881031,2023-01-14,,,,
881037,2023-01-14,,,,
881040,2023-01-14,,,,
881034,2023-01-14,,,,
881036,2023-01-14,,,,
881041,2023-01-14,,,,
881035,2023-01-14,,,,
868137,2023-01-14,,,,
868142,2023-01-15,,,,
868139,2023-01-15,,,,
868144,2023-01-15,,,,
868008,2023-01-18,,,,
868013,2023-01-19,,,,
881050,2023-01-20,,,,
881046,2023-01-20,,,,
868152,2023-01-21,,,,
881048,2023-01-21,,,,
868146,2023-01-21,,,,
868154,2023-01-21,,,,
868151,2023-01-21,,,,
868155,2023-01-21,,,,
881053,2023-01-21,,,,
881047,2023-01-21,,,,
881043,2023-01-21,,,,
881045,2023-01-21,,,,
881054,2023-01-21,,,,
881049,2023-01-21,,,,
881051,2023-01-21,,,,
868148,2023-01-21,,,,
881052,2023-01-22,,,,
868153,2023-01-22,,,,
868150,2023-01-22,,,,
868147,2023-01-22,,,,
868149,2023-01-23,,,,
881057,2023-01-28,,,,
881059,2023-01-28,,,,
880770,2023-01-28,,,,
881058,2023-01-31,,,,
868159,2023-02-03,,,,
881078,2023-02-03,,,,
868160,2023-02-04,,,,
881073,2023-02-04,,,,
881076,2023-02-04,,,,
868161,2023-02-04,,,,
868165,2023-02-04,,,,
868158,2023-02-04,,,,
868157,2023-02-04,,,,
868156,2023-02-04,,,,
881068,2023-02-04,,,,
881075,2023-02-04,,,,
881072,2023-02-04,,,,
881074,2023-02-04,,,,
881069,2023-02-04,,,,
881071,2023-02-04,,,,
881077,2023-02-04,,,,
881070,2023-02-04,,,,
868162,2023-02-04,,,,
868163,2023-02-05,,,,
868164,2023-02-05,,,,
881067,2023-02-06,,,,
881044,2023-02-07,,,,
868021,2023-02-08,1.4933333333333334,,1.7133333333333336,
881079,2023-02-10,,,,
868175,2023-02-11,,,,
868169,2023-02-11,,,,
868174,2023-02-11,,,,
868167,2023-02-11,,,,
868171,2023-02-11,,1.0633333333333332,,1.5600000000000003
868168,2023-02-11,0.7300000000000001,,1.79,
881089,2023-02-11,,,,
881083,2023-02-11,,,,
881082,2023-02-11,,,,
881081,2023-02-11,,,,
881090,2023-02-11,,,,
881086,2023-02-11,,,,
881085,2023-02-11,,,,
881087,2023-02-11,,,,
881088,2023-02-11,,,,
881084,2023-02-11,,,,
881080,2023-02-11,,,,
868166,2023-02-11,,,,
868170,2023-02-12,0.6699999999999999,1.6300000000000001,0.9433333333333334,1.4425000000000001
868173,2023-02-12,2.1566666666666667,,1.02,
868172,2023-02-13,,,,
881091,2023-02-14,,,,
881094,2023-02-14,,,,
881095,2023-02-14,,,,
881093,2023-02-14,,,,
881092,2023-02-14,,,,
881096,2023-02-14,,,,
868057,2023-02-15,1.9033333333333333,2.4575,1.3466666666666665,0.8325
881097,2023-02-15,,,,
881098,2023-02-15,,,,
881101,2023-02-15,,,,
881100,2023-02-15,,,,
881102,2023-02-15,,,,
881099,2023-02-15,,,,
881105,2023-02-17,,,,
868176,2023-02-18,1.1166666666666667,1.8375,2.17,1.4599999999999997
881110,2023-02-18,,,,
868185,2023-02-18,1.2166666666666666,1.3866666666666667,1.9666666666666668,1.9166666666666667
868180,2023-02-18,0.8599999999999999,0.955,1.8366666666666667,0.9875
868179,2023-02-18,1.3766666666666667,0.7999999999999999,1.1133333333333333,1.45
868178,2023-02-18,2.3800000000000003,1.0666666666666667,1.0833333333333333,0.9700000000000001
868177,2023-02-18,1.5199999999999998,0.8175000000000001,0.9,1.9675
868183,2023-02-18,0.9933333333333333,2.326,1.29,0.994
881106,2023-02-18,,,,
881114,2023-02-18,,,,
881107,2023-02-18,,,,
881103,2023-02-18,,,,
881109,2023-02-18,,,,
881111,2023-02-18,,,,
881112,2023-02-18,,,,
881104,2023-02-18,,,,
881108,2023-02-18,,,,
868182,2023-02-18,1.1933333333333334,1.8966666666666665,0.9566666666666667,1.3466666666666667
868181,2023-02-19,1.528,1.7466666666666664,1.516,1.7366666666666666
868184,2023-02-19,1.1375,1.5233333333333334,1.59,0.9033333333333333
881113,2023-02-20,,,,
881060,2023-02-21,,,,
881055,2023-02-21,,,,
881061,2023-02-21,,,,
881064,2023-02-21,,,,
881065,2023-02-21,,,,
868189,2023-02-24,0.885,1.2349999999999999,1.2825000000000002,1.7425000000000002
881118,2023-02-25,,,,
868188,2023-02-25,1.0125,0.9650000000000001,1.5125,2.4475
868191,2023-02-25,1.7174999999999998,2.126,2.42,1.2699999999999998
868195,2023-02-25,1.2625000000000002,0.9824999999999999,1.065,1.5675
868190,2023-02-25,0.8719999999999999,0.75,1.084,1.4925
881117,2023-02-25,,,,
881122,2023-02-25,,,,
881115,2023-02-25,,,,
881116,2023-02-25,,,,
881120,2023-02-25,,,,
881126,2023-02-25,,,,
881123,2023-02-25,,,,
881119,2023-02-25,,,,
881121,2023-02-25,,,,
881124,2023-02-25,,,,
868186,2023-02-25,1.3075,2.3383333333333334,1.76,0.9866666666666667
868187,2023-02-25,0.8720000000000001,1.89,1.752,1.52
868194,2023-02-26,1.22,1.4375,1.3679999999999999,0.985
881125,2023-02-27,,,,
881062,2023-02-28,,,,
880990,2023-02-28,,,,
868007,2023-03-01,1.8816666666666666,1.152,1.0616666666666663,1.598
868012,2023-03-01,1.6919999999999997,1.144,1.356,1.4860000000000002
881131,2023-03-03,,,,
868202,2023-03-04,2.3642857142857143,1.405,1.0342857142857143,1.185
881129,2023-03-04,,,,
881127,2023-03-04,,,,
868205,2023-03-04,1.1066666666666667,1.15,1.6733333333333336,1.21
868196,2023-03-04,1.9914285714285713,1.31,1.077142857142857,1.9120000000000001
868200,2023-03-04,1.234,0.8783333333333333,0.9480000000000001,0.9666666666666667
868199,2023-03-04,2.3400000000000003,1.5560000000000003,0.8975,0.9359999999999999
868197,2023-03-04,1.1600000000000001,0.8433333333333334,2.3,1.61
881130,2023-03-04,,,,
881137,2023-03-04,,,,
881134,2023-03-04,,,,
881138,2023-03-04,,,,
881133,2023-03-04,,,,
881135,2023-03-04,,,,
881136,2023-03-04,,,,
881128,2023-03-04,,,,
881132,2023-03-04,,,,
868204,2023-03-04,0.6759999999999999,1.3779999999999997,1.376,2.068
868203,2023-03-05,0.8699999999999999,1.155,1.8,1.7733333333333334
868201,2023-03-05,1.8449999999999998,2.018333333333333,1.2833333333333334,1.5350000000000001
868198,2023-03-06,1.3624999999999998,0.8,0.9475,1.1820000000000002
881056,2023-03-07,,,,
881063,2023-03-07,,,,
881066,2023-03-07,,,,
881148,2023-03-10,,,,
868206,2023-03-11,1.3133333333333335,1.9785714285714282,1.955,1.217142857142857
881140,2023-03-11,,,,
868208,2023-03-11,1.2328571428571427,1.5299999999999998,1.6400000000000001,1.062
868211,2023-03-11,1.4699999999999998,1.2716666666666667,1.9533333333333331,0.965
868214,2023-03-11,1.157142857142857,0.8649999999999999,1.1114285714285714,1.7833333333333332
868210,2023-03-11,0.9028571428571428,2.6120000000000005,1.0371428571428571,0.784
881141,2023-03-11,,,,
881146,2023-03-11,,,,
881139,2023-03-11,,,,
881144,2023-03-11,,,,
881150,2023-03-11,,,,
881147,2023-03-11,,,,
881145,2023-03-11,,,,
881149,2023-03-11,,,,
881142,2023-03-11,,,,
868207,2023-03-11,0.7471428571428572,2.23625,1.5514285714285714,0.95875
881143,2023-03-12,,,,
868212,2023-03-12,1.8471428571428572,0.7933333333333333,1.7128571428571429,1.4683333333333335
868209,2023-03-12,0.9199999999999999,2.01375,1.3516666666666668,1.1087499999999997
868215,2023-03-12,1.3516666666666668,1.1666666666666667,1.3966666666666665,1.945
868213,2023-03-12,1.21,1.022857142857143,1.216,1.6057142857142856
881155,2023-03-14,,,,
881153,2023-03-14,,,,
881156,2023-03-14,,,,
881154,2023-03-14,,,,
881151,2023-03-14,,,,
881152,2023-03-14,,,,
868014,2023-03-15,0.8385714285714286,1.625,1.3814285714285715,1.0566666666666669
868018,2023-03-15,2.491666666666667,0.68,0.93,1.6175
881159,2023-03-15,,,,
881158,2023-03-15,,,,
881160,2023-03-15,,,,
881157,2023-03-15,,,,
881161,2023-03-15,,,,
881162,2023-03-15,,,,
868223,2023-03-17,0.9614285714285714,1.3099999999999998,1.8142857142857143,1.1983333333333335
868225,2023-03-18,1.03375,0.9974999999999999,1.63125,1.14375
868224,2023-03-18,0.7987500000000001,1.2625,1.44375,1.165
868218,2023-03-18,1.6614285714285713,1.6199999999999997,0.9800000000000002,1.8985714285714284
868217,2023-03-18,1.225714285714286,1.2485714285714287,1.9842857142857144,1.9257142857142857
881174,2023-03-18,,,,
881168,2023-03-18,,,,
881166,2023-03-18,,,,
881165,2023-03-18,,,,
881167,2023-03-18,,,,
881171,2023-03-18,,,,
881172,2023-03-18,,,,
881164,2023-03-18,,,,
868220,2023-03-18,1.3142857142857143,1.2074999999999998,1.1871428571428573,1.6975
881173,2023-03-19,,,,
868216,2023-03-19,2.054444444444444,0.7377777777777779,1.0799999999999996,1.5044444444444443
881177,2023-03-31,,,,
868232,2023-04-01,2.218888888888889,1.9499999999999997,0.8755555555555555,1.1724999999999999
881184,2023-04-01,,,,
881182,2023-04-01,,,,
868226,2023-04-01,1.2625,0.9099999999999999,2.1425,1.4985714285714289
868227,2023-04-01,2.006,1.0666666666666667,1.0499999999999996,1.3255555555555556
868228,2023-04-01,2.221428571428572,1.53375,0.9685714285714286,1.02625
868230,2023-04-01,0.7420000000000001,1.5862499999999997,1.511,1.74125
868234,2023-04-01,0.8875,1.2277777777777776,1.8975,1.6300000000000001
881180,2023-04-01,,,,
881178,2023-04-01,,,,
881175,2023-04-01,,,,
881176,2023-04-01,,,,
881185,2023-04-01,,,,
881186,2023-04-01,,,,
881181,2023-04-01,,,,
881183,2023-04-01,,,,
881179,2023-04-01,,,,
868229,2023-04-01,1.44625,1.5300000000000002,1.1975,1.90625
868235,2023-04-02,1.475714285714286,0.9888888888888889,1.4228571428571428,1.5355555555555556
868233,2023-04-02,1.477142857142857,1.72375,1.08,1.6375
868231,2023-04-03,1.2144444444444442,1.3744444444444444,1.7722222222222221,1.3144444444444445
868006,2023-04-04,1.4166666666666667,2.5025000000000004,1.9977777777777779,1.0475
868011,2023-04-04,1.4344444444444442,1.4622222222222225,1.8166666666666669,1.9344444444444444
868010,2023-04-04,1.032,0.9355555555555556,1.571,1.741111111111111
868019,2023-04-04,1.5255555555555556,1.7699999999999998,1.1666666666666667,1.3711111111111112
868192,2023-04-05,1.5799999999999998,1.541111111111111,1.8644444444444446,1.4088888888888889
868015,2023-04-05,1.4662500000000003,1.7525,1.2825,0.99875
881190,2023-04-07,,,,
881193,2023-04-07,,,,
881198,2023-04-07,,,,
881192,2023-04-07,,,,
881194,2023-04-07,,,,
881187,2023-04-07,,,,
881191,2023-04-07,,,,
881195,2023-04-07,,,,
881197,2023-04-07,,,,
881188,2023-04-07,,,,
881196,2023-04-07,,,,
881189,2023-04-07,,,,
868242,2023-04-08,1.5419999999999998,1.1839999999999997,1.749,1.739
868238,2023-04-08,0.9012499999999999,1.4122222222222225,1.6425000000000003,1.5055555555555555
868245,2023-04-08,1.154,1.59,1.5990000000000002,1.085
868240,2023-04-08,1.3379999999999999,1.449,1.737,2.065
868244,2023-04-08,1.3809999999999998,2.5211111111111117,1.274,1.1244444444444446
868237,2023-04-08,1.4579999999999997,1.9233333333333331,1.388,0.9966666666666667
868236,2023-04-08,1.4180000000000001,0.922,1.7879999999999998,1.7530000000000001
868243,2023-04-08,0.9200000000000002,2.293,1.522,0.821
868239,2023-04-09,1.169,0.931,1.611,1.325
868241,2023-04-09,1.6279999999999997,2.059,1.451,1.0859999999999999
881204,2023-04-10,,,,
881202,2023-04-10,,,,
881199,2023-04-10,,,,
881208,2023-04-10,,,,
881209,2023-04-10,,,,
881210,2023-04-10,,,,
881205,2023-04-10,,,,
881207,2023-04-10,,,,
881203,2023-04-10,,,,
881206,2023-04-10,,,,
881200,2023-04-10,,,,
881201,2023-04-10,,,,
881213,2023-04-14,,,,
868246,2023-04-15,1.411,1.8619999999999997,1.7549999999999997,1.1540000000000001
881218,2023-04-15,,,,
868255,2023-04-15,1.1300000000000003,1.675,1.434,1.4700000000000002
868252,2023-04-15,0.9030000000000001,1.2160000000000002,1.6759999999999997,1.293
868248,2023-04-15,1.2309999999999999,0.8766666666666665,1.8579999999999999,1.5811111111111114
868247,2023-04-15,1.5379999999999998,2.4120000000000004,1.0,1.0950000000000002
881222,2023-04-15,,,,
881216,2023-04-15,,,,
881214,2023-04-15,,,,
881215,2023-04-15,,,,
881217,2023-04-15,,,,
881219,2023-04-15,,,,
881221,2023-04-15,,,,
881220,2023-04-15,,,,
881212,2023-04-15,,,,
868253,2023-04-15,1.3829999999999998,1.5220000000000002,1.1800000000000002,1.941
868250,2023-04-15,2.3470000000000004,1.308,0.781,1.738
881211,2023-04-15,,,,
868254,2023-04-16,1.3800000000000003,2.109,1.423,1.315
868251,2023-04-16,0.754,1.6799999999999997,1.741,1.798
868249,2023-04-17,1.173,1.884,1.8869999999999998,1.427
881226,2023-04-18,,,,
881225,2023-04-18,,,,
881228,2023-04-18,,,,
881227,2023-04-18,,,,
881223,2023-04-18,,,,
881224,2023-04-18,,,,
881233,2023-04-19,,,,
881229,2023-04-19,,,,
881231,2023-04-19,,,,
881232,2023-04-19,,,,
881234,2023-04-19,,,,
881230,2023-04-19,,,,
868257,2023-04-21,2.229,0.9149999999999998,1.2950000000000002,1.548
868261,2023-04-22,0.9709999999999999,1.248,1.5630000000000002,1.956
868263,2023-04-22,1.9609999999999999,0.788,1.362,2.0
868262,2023-04-22,1.287,1.0030000000000001,1.7730000000000001,1.355
868260,2023-04-22,1.167,1.2040000000000002,1.167,1.9489999999999998
868258,2023-04-22,1.5769999999999997,1.433,1.48,1.55
881238,2023-04-22,,,,
881237,2023-04-22,,,,
881235,2023-04-22,,,,
881236,2023-04-22,,,,
881246,2023-04-22,,,,
881241,2023-04-22,,,,
881243,2023-04-22,,,,
881239,2023-04-22,,,,
881244,2023-04-22,,,,
881245,2023-04-23,,,,
868265,2023-04-23,1.7889999999999997,1.514,1.317,1.212
868256,2023-04-23,1.5350000000000001,1.334,1.9140000000000001,1.643
881242,2023-04-24,,,,
868271,2023-04-25,1.0100000000000002,1.1099999999999999,1.4819999999999998,0.9560000000000001
868272,2023-04-25,1.58,1.0399999999999998,1.488,1.56
868267,2023-04-25,1.156,1.3619999999999997,2.012,1.7269999999999999
881163,2023-04-25,,,,
868268,2023-04-26,0.807,2.4920000000000004,2.128,1.05
868270,2023-04-26,1.4760000000000002,2.012,1.6940000000000002,1.411
868273,2023-04-26,1.459,1.65,1.2289999999999999,1.499
868275,2023-04-26,2.2749999999999995,2.3240000000000003,0.9380000000000001,1.248
881170,2023-04-26,,,,
868274,2023-04-27,0.932,1.5310000000000001,1.7240000000000002,2.025
868266,2023-04-27,1.207,2.073,1.7670000000000001,1.319
881169,2023-04-27,,,,
868269,2023-04-27,1.4709999999999999,1.9919999999999998,1.465,1.5459999999999998
881248,2023-04-28,,,,
868280,2023-04-29,1.0779999999999998,1.427,1.003,1.7899999999999998
868279,2023-04-29,2.4760000000000004,1.017,1.175,1.4519999999999997
868278,2023-04-29,1.6759999999999997,0.9549999999999998,1.517,2.122
881253,2023-04-29,,,,
881249,2023-04-29,,,,
881255,2023-04-29,,,,
881252,2023-04-29,,,,
881256,2023-04-29,,,,
881257,2023-04-29,,,,
881251,2023-04-29,,,,
881258,2023-04-29,,,,
881250,2023-04-30,,,,
868284,2023-04-30,1.991,1.6309999999999998,1.6580000000000001,1.17
868285,2023-04-30,2.184,0.922,1.2499999999999998,1.657
868276,2023-04-30,1.519,1.27,1.9459999999999997,2.084
868281,2023-04-30,0.985,2.396,1.5290000000000001,0.8400000000000001
868283,2023-04-30,2.036,1.583,1.287,1.4999999999999998
881254,2023-05-01,,,,
881247,2023-05-01,,,,
868282,2023-05-01,1.4179999999999997,1.147,1.448,1.956
868277,2023-05-02,2.0439999999999996,1.471,1.45,1.215
868221,2023-05-03,2.166,0.8480000000000001,1.42,1.7109999999999999
868222,2023-05-03,2.3080000000000003,1.565,0.8320000000000001,1.8479999999999996
881240,2023-05-04,,,,
868219,2023-05-04,2.56,1.9120000000000001,1.1420000000000001,1.6509999999999998
868286,2023-05-06,1.5829999999999997,1.385,1.861,1.33
868295,2023-05-06,1.0139999999999998,1.493,1.7399999999999998,1.124
868293,2023-05-06,1.6309999999999998,1.2209999999999996,1.672,1.0989999999999998
868290,2023-05-06,2.358,1.3459999999999999,0.7110000000000001,2.242
868289,2023-05-06,2.0879999999999996,1.6179999999999999,1.4149999999999996,1.437
868291,2023-05-07,2.418,2.153,1.146,1.5239999999999998
868294,2023-05-07,1.335,1.9420000000000002,2.036,1.6990000000000003
868288,2023-05-08,0.9009999999999998,1.7619999999999998,1.672,1.691
881261,2023-05-08,,,,
881269,2023-05-08,,,,
881260,2023-05-08,,,,
881259,2023-05-08,,,,
881264,2023-05-08,,,,
881266,2023-05-08,,,,
881270,2023-05-08,,,,
881263,2023-05-08,,,,
881265,2023-05-08,,,,
881267,2023-05-08,,,,
881268,2023-05-08,,,,
881262,2023-05-08,,,,
868287,2023-05-08,2.5669999999999997,1.285,1.25,2.108
868292,2023-05-08,0.985,0.967,2.011,2.004
868302,2023-05-13,1.264,2.507,2.3530000000000006,1.1389999999999998
868304,2023-05-13,1.613,0.998,1.6660000000000004,1.627
868305,2023-05-13,1.153,1.019,1.991,1.8780000000000001
868299,2023-05-13,1.4779999999999998,1.081,1.379,2.165
868300,2023-05-13,1.2399999999999998,1.579,1.067,1.779
868297,2023-05-13,1.5210000000000001,1.639,1.183,1.666
1026703,2023-05-13,,,,
1026705,2023-05-14,,,,
868301,2023-05-14,1.396,2.3750000000000004,2.1689999999999996,0.6390000000000001
868298,2023-05-14,1.4280000000000002,1.432,1.558,1.784
868296,2023-05-14,2.0149999999999997,2.5229999999999997,1.539,1.4449999999999998
868303,2023-05-15,1.8529999999999998,2.0340000000000003,1.717,1.353
1026704,2023-05-16,,,,
1026706,2023-05-17,,,,
868193,2023-05-18,2.568,2.5059999999999993,1.234,1.371
868313,2023-05-20,1.656,1.6099999999999999,1.7319999999999998,1.5290000000000001
868306,2023-05-20,1.524,1.8509999999999998,1.759,1.4210000000000003
868308,2023-05-20,1.0070000000000001,1.3739999999999999,1.693,0.8900000000000002
868315,2023-05-20,0.9789999999999999,1.404,1.827,2.1610000000000005
868309,2023-05-20,2.0740000000000003,1.481,1.3079999999999998,1.098
868312,2023-05-20,1.057,1.8900000000000001,2.082,1.5779999999999998
868314,2023-05-21,1.233,1.304,1.9959999999999998,2.406
868307,2023-05-21,2.4969999999999994,1.077,1.607,2.045
868310,2023-05-21,2.1990000000000003,1.4489999999999996,0.685,1.404
868311,2023-05-22,2.676,1.642,1.2479999999999998,1.775
868259,2023-05-24,2.303,2.184,1.5070000000000001,0.767
868264,2023-05-25,1.906,1.417,1.4110000000000003,1.271
868324,2023-05-28,2.384,1.089,1.2369999999999999,1.61
868325,2023-05-28,1.085,2.1159999999999997,2.11,1.1469999999999998
868316,2023-05-28,1.716,1.025,1.548,1.845
868321,2023-05-28,1.4999999999999998,1.4889999999999997,2.108,1.534
868323,2023-05-28,1.516,1.3080000000000003,1.9300000000000002,2.056
868319,2023-05-28,1.3739999999999999,2.5269999999999997,1.6649999999999998,1.214
868320,2023-05-28,1.409,1.0750000000000002,0.9970000000000001,1.8980000000000004
868318,2023-05-28,1.6749999999999996,2.1580000000000004,1.5770000000000002,0.983
868322,2023-05-28,1.232,1.639,2.343,1.7069999999999996
868317,2023-05-28,1.25,2.2730000000000006,1.0370000000000001,1.5150000000000001
1047434,2023-08-04,,1.016,,2.2880000000000003
1047442,2023-08-05,,,,
1047436,2023-08-05,,,,
1047435,2023-08-05,,,,
1047437,2023-08-05,,,,
1047438,2023-08-05,,,,
1047440,2023-08-05,,,,
1047441,2023-08-05,,,,
1047439,2023-08-05,,,,
1047443,2023-08-06,1.636,,1.826,
1047444,2023-08-06,1.31,,2.182,
1047445,2023-08-06,,,,
1035037,2023-08-11,,2.054,,1.077
1035038,2023-08-12,1.8399999999999999,0.9910000000000002,1.5150000000000001,1.996
1047446,2023-08-12,,,,
1035039,2023-08-12,1.271,1.348,1.5539999999999998,1.8689999999999998
1035041,2023-08-12,1.4769999999999999,1.185,1.9180000000000004,1.634
1035040,2023-08-12,2.2650000000000006,,1.717,
1035042,2023-08-12,,1.4780000000000002,,0.8880000000000001
1047449,2023-08-12,,1.7399999999999998,,1.9099999999999997
1047456,2023-08-12,,,,
1047455,2023-08-12,1.125,,2.2039999999999997,
1047448,2023-08-12,,,,
1047447,2023-08-12,,1.301,,2.236
1047451,2023-08-12,,,,
1047452,2023-08-12,,,,
1047453,2023-08-12,,,,
1047457,2023-08-12,,,,
1047450,2023-08-12,,,,
1047454,2023-08-12,,,,
1035043,2023-08-12,2.3729999999999998,1.443,1.343,0.9560000000000001
1035044,2023-08-13,1.642,1.629,1.3219999999999998,1.6059999999999999
1035045,2023-08-13,1.3849999999999998,2.4859999999999998,1.748,1.112
1035046,2023-08-14,2.553,0.792,1.346,1.9639999999999997
1035053,2023-08-18,1.0290000000000001,,1.893,
1047458,2023-08-18,1.244,,2.0769999999999995,
1047459,2023-08-19,,1.46,,2.1189999999999998
1035049,2023-08-19,1.267,1.7929999999999997,1.798,1.329
1035056,2023-08-19,0.9780000000000001,2.372,2.053,1.811
1035050,2023-08-19,2.218,1.234,1.106,1.3940000000000001
1047462,2023-08-19,1.8030000000000002,,1.8059999999999998,
1047461,2023-08-19,,,,
1047460,2023-08-19,,,,
1047463,2023-08-19,,,,
1047464,2023-08-19,,,,
1047465,2023-08-19,,,,
1047466,2023-08-19,,,,
1047468,2023-08-19,,,,
1047467,2023-08-19,,,,
1035054,2023-08-19,1.612,2.428,1.7369999999999997,1.479
1035052,2023-08-19,1.971,2.583,1.069,1.263
1047469,2023-08-20,,,,
1035047,2023-08-20,1.518,1.659,1.25,1.924
1035055,2023-08-20,1.346,1.303,1.938,1.841
1035048,2023-08-21,1.4250000000000003,1.5450000000000002,0.917,1.561
1047470,2023-08-25,1.4766666666666666,0.8833333333333333,1.57,0.9833333333333334
1035062,2023-08-25,1.4389999999999998,,1.966,
1035057,2023-08-26,1.1480000000000001,1.7029999999999998,1.6329999999999998,1.8009999999999997
1035064,2023-08-26,2.287,1.143,1.58,1.813
1035058,2023-08-26,1.6060000000000003,1.131,1.266,2.051
1035063,2023-08-26,1.6199999999999999,1.137,1.8780000000000001,2.162
1035059,2023-08-26,1.9290000000000003,1.2109999999999999,1.2440000000000002,1.026
1047474,2023-08-26,1.4799999999999998,2.1233333333333335,1.8266666666666669,1.54
1047479,2023-08-26,1.6,1.0166666666666666,2.171,2.0233333333333334
1047472,2023-08-26,1.4233333333333336,0.51,1.27,1.2499999999999998
1047471,2023-08-26,1.2433333333333334,1.4799999999999998,0.8466666666666667,1.8500000000000003
1047475,2023-08-26,1.51,1.2630000000000001,1.2766666666666666,1.839
1047476,2023-08-26,0.7366666666666667,1.3266666666666664,1.1366666666666667,1.1666666666666667
1047477,2023-08-26,0.6966666666666667,1.4733333333333334,0.93,1.06
1047481,2023-08-26,0.91,1.3533333333333335,1.78,1.1633333333333333
1047478,2023-08-26,0.7566666666666667,1.636,2.1533333333333333,1.6869999999999998
1047473,2023-08-26,1.2233333333333334,1.5666666666666667,1.19,0.86
1035060,2023-08-26,2.3600000000000003,1.3450000000000002,1.782,1.9119999999999997
1047480,2023-08-27,1.5766666666666664,1.9200000000000002,0.7433333333333333,1.2166666666666666
1035061,2023-08-27,,1.688,,1.288
1035066,2023-08-27,,1.8729999999999998,,0.8619999999999999
1035065,2023-08-27,2.56,2.253,1.178,1.097
1035074,2023-09-01,,1.4250000000000003,,1.9080000000000001
1035076,2023-09-02,0.56,1.614,2.2933333333333334,1.8039999999999998
1047482,2023-09-02,1.4775,0.7975,0.9875,1.27
1047492,2023-09-02,1.1925,1.5675,0.9425,1.1075
1047491,2023-09-02,1.3475000000000001,1.509,0.9725,1.9760000000000002
1035070,2023-09-02,,1.686,,1.737
1035071,2023-09-02,1.612,1.191,1.716,1.748
1035075,2023-09-02,1.98,1.019,0.8809999999999999,2.282
1035068,2023-09-02,1.909,1.0839999999999999,1.2480000000000002,1.616
1047486,2023-09-02,1.533,1.4775,1.6609999999999996,2.0825
1047484,2023-09-02,1.75,1.59,1.365,1.1775
1047493,2023-09-02,0.8475,1.355,1.7825,2.0425
1047485,2023-09-02,1.3369999999999997,0.6075,1.918,1.46
1047487,2023-09-02,1.4625000000000001,0.9225,1.0374999999999999,1.6225
1047489,2023-09-02,0.7275,2.265,1.9649999999999999,1.4
1047490,2023-09-02,1.4124999999999999,0.6699999999999999,1.12,0.785
1047483,2023-09-02,1.245,1.5299999999999998,1.065,0.67
1047488,2023-09-02,1.4625,1.5525000000000002,1.9325,1.26
1035069,2023-09-02,2.174,2.3739999999999997,2.0300000000000002,1.1629999999999998
1035073,2023-09-03,2.0570000000000004,1.765,1.211,1.3090000000000002
1035072,2023-09-03,1.2040000000000002,1.169,1.045,2.179
1035067,2023-09-03,1.6509999999999998,2.367,1.141,1.453
1047494,2023-09-15,1.254,1.418,1.922,1.1059999999999999
1047504,2023-09-15,1.543,1.4419999999999997,2.075,1.5289999999999997
1035086,2023-09-16,1.197,2.0929999999999995,2.147,1.197
1035081,2023-09-16,2.3360000000000003,2.075,1.6239999999999999,2.011
1035080,2023-09-16,1.1540000000000001,1.13,2.406,2.4366666666666665
1035084,2023-09-16,1.811,0.7175,1.488,2.3674999999999997
1035085,2023-09-16,1.448,1.9579999999999997,1.8439999999999999,1.0070000000000001
1035078,2023-09-16,1.657,1.3639999999999999,1.2820000000000003,1.124
1047498,2023-09-16,1.242,0.692,1.846,1.8199999999999998
1047505,2023-09-16,1.4779999999999998,1.55,0.958,0.89
1047496,2023-09-16,1.714,0.89,1.174,1.584
1047501,2023-09-16,0.9399999999999998,1.416,1.0539999999999998,1.844
1047495,2023-09-16,1.5400000000000003,1.432,1.254,0.9499999999999998
1047500,2023-09-16,2.06,1.5559999999999998,1.23,1.3
1047502,2023-09-16,0.858,1.466,1.56,0.9460000000000001
1047503,2023-09-16,0.6900000000000001,1.8719999999999999,1.424,1.426
1035082,2023-09-16,2.254,1.9260000000000002,1.206,1.2830000000000001
1047497,2023-09-16,1.6060000000000003,1.2419999999999998,1.4140000000000001,1.214
1047499,2023-09-17,0.738,1.2970000000000002,1.384,1.8009999999999997
1035077,2023-09-17,1.1409999999999998,1.7149999999999999,1.6640000000000001,1.677
1035079,2023-09-17,1.8340000000000003,1.6189999999999998,1.8720000000000003,1.1019999999999999
1035083,2023-09-18,1.182,0.8066666666666666,1.6940000000000002,2.3533333333333335
1047511,2023-09-19,1.616,1.8383333333333332,2.0510000000000006,1.265
1047507,2023-09-19,1.5933333333333335,1.26,1.2783333333333333,1.1666666666666665
1047506,2023-09-19,1.5983333333333334,1.4316666666666666,1.0666666666666667,1.79
1047508,2023-09-19,1.0366666666666664,1.4333333333333333,1.13,0.81
1047509,2023-09-19,0.765,1.1349999999999998,1.7033333333333334,1.2666666666666668
1047510,2023-09-19,0.6516666666666667,1.62,1.4649999999999999,1.155
1047513,2023-09-20,1.3549999999999998,1.4966666666666664,1.5999999999999999,1.2983333333333333
1047517,2023-09-20,1.2999999999999998,0.8300000000000001,0.94,1.49
1047515,2023-09-20,0.69,0.6383333333333333,1.585,1.8366666666666667
1047514,2023-09-20,1.29,1.3889999999999998,1.68,1.65
1047512,2023-09-20,1.6466666666666667,1.625,1.4716666666666667,0.8383333333333334
1047516,2023-09-20,1.9316666666666666,1.5099999999999998,1.2249999999999999,1.376
1047518,2023-09-22,1.3914285714285715,0.8057142857142857,0.78,1.5414285714285716
1035095,2023-09-23,2.091,1.0099999999999998,1.058,1.5150000000000001
1035092,2023-09-23,1.404,1.2309999999999999,1.309,2.268
1035094,2023-09-23,1.1225,1.124,2.0675,2.322
1047522,2023-09-23,1.4229999999999998,1.5999999999999999,1.293,0.9971428571428571
1047520,2023-09-23,1.6714285714285713,1.802857142857143,1.2042857142857142,1.5357142857142858
1047529,2023-09-23,0.8042857142857144,0.8014285714285714,1.4042857142857144,1.417142857142857
1047521,2023-09-23,1.515,1.2414285714285713,1.494,0.8985714285714286
1047523,2023-09-23,1.487142857142857,1.376,1.1842857142857142,1.9380000000000002
1047525,2023-09-23,0.6057142857142858,0.9742857142857141,1.7842857142857143,1.1314285714285712
1047528,2023-09-23,1.054285714285714,0.7528571428571429,1.2357142857142858,1.354285714285714
1047524,2023-09-23,1.31,1.7714285714285716,1.7642857142857142,1.3314285714285714
1035088,2023-09-23,1.861,1.781,1.3,1.7309999999999999
1035090,2023-09-23,0.7424999999999999,2.29,1.9425000000000001,1.565
1047526,2023-09-24,1.6757142857142855,1.25,1.252857142857143,1.6528571428571428
1035093,2023-09-24,2.1249999999999996,1.3559999999999999,1.057,1.9940000000000002
1035087,2023-09-24,1.673,1.775,0.8829999999999998,1.351
1035091,2023-09-24,1.8240000000000003,1.8760000000000001,1.6059999999999999,1.3890000000000002
1035089,2023-09-24,1.919,1.15,1.8790000000000002,1.7990000000000002
1047527,2023-09-24,1.667142857142857,1.445714285714286,1.11,1.2257142857142858
1035096,2023-09-24,0.7060000000000001,1.9600000000000002,2.318,1.173
1047519,2023-09-25,1.2099999999999997,1.3014285714285714,1.0799999999999998,1.7642857142857142
1047539,2023-09-29,0.76,1.6075,1.43125,1.1800000000000002
1035098,2023-09-30,1.927,1.9320000000000004,1.3970000000000002,1.9010000000000002
1047540,2023-09-30,1.4849999999999999,1.543,2.1090000000000004,1.27
1035101,2023-09-30,2.269,1.2209999999999999,1.5439999999999998,1.182
1035102,2023-09-30,2.22,0.8119999999999999,1.1400000000000001,1.748
1035097,2023-09-30,1.068,1.701,1.8170000000000002,0.9529999999999997
1035106,2023-09-30,1.108,1.967,2.2050000000000005,1.138
1035099,2023-09-30,1.6620000000000001,1.332,1.4879999999999998,1.7719999999999998
1035105,2023-09-30,1.4229999999999998,0.7450000000000001,2.067,2.585
1047533,2023-09-30,1.2349999999999999,1.8387499999999999,1.795,1.15375
1047541,2023-09-30,1.10875,1.69,1.0787499999999999,1.2162499999999998
1047532,2023-09-30,1.4737500000000001,0.54125,1.22125,1.78125
1047531,2023-09-30,1.4337499999999999,1.535,1.135,1.26
1047535,2023-09-30,0.8474999999999999,1.16875,1.46625,1.1825
1047537,2023-09-30,1.0724999999999998,0.9300000000000002,1.00125,1.375
1047534,2023-09-30,1.2575,1.5425,1.5150000000000001,1.785
1047536,2023-09-30,1.79125,1.3625,1.56125,0.80125
1047538,2023-09-30,0.82375,1.3099999999999998,1.4937500000000001,1.0412499999999998
1035104,2023-09-30,1.718,2.245,1.334,1.08
1047530,2023-10-01,1.6775000000000002,1.592,1.72,1.105
1035103,2023-10-01,1.041,1.8020000000000003,1.4860000000000002,1.418
1035100,2023-10-02,1.203,1.8219999999999998,2.115,1.584
1035051,2023-10-03,1.2583333333333333,0.785,1.96,1.9883333333333333
1047542,2023-10-03,1.337777777777778,1.2444444444444445,0.8533333333333333,1.7466666666666666
1047543,2023-10-03,1.7855555555555556,1.31,1.1722222222222223,1.4244444444444444
1047544,2023-10-03,1.6166666666666665,1.448888888888889,1.242222222222222,1.151111111111111
1047545,2023-10-03,1.448888888888889,0.9077777777777778,1.7788888888888887,1.4366666666666665
1047547,2023-10-03,0.9722222222222224,0.7333333333333333,1.261111111111111,1.4466666666666665
1047546,2023-10-03,1.471111111111111,1.573,1.2533333333333332,1.9480000000000004
1047550,2023-10-04,1.763,0.992222222222222,1.028,1.0355555555555556
1047549,2023-10-04,1.545,0.8355555555555555,1.2029999999999998,1.4911111111111113
1047553,2023-10-04,1.172222222222222,1.7333333333333334,1.2055555555555557,1.5144444444444445
1047552,2023-10-04,1.6033333333333333,1.1466666666666665,1.1066666666666667,1.0733333333333333
1047548,2023-10-04,1.3277777777777777,1.648888888888889,1.0288888888888887,1.728888888888889
1047551,2023-10-04,0.5466666666666666,1.4077777777777776,1.7222222222222223,1.1155555555555554
1047554,2023-10-06,1.3820000000000001,0.9960000000000001,0.999,1.151
1035113,2023-10-07,1.27,1.8530000000000002,1.8385714285714285,1.4289999999999998
1047564,2023-10-07,1.568,1.611,1.0420000000000003,1.1539999999999997
1035114,2023-10-07,2.0789999999999997,1.948,1.6009999999999998,1.24
1035112,2023-10-07,1.1480000000000001,0.7914285714285716,2.001,2.5214285714285714
1035109,2023-10-07,0.8314285714285715,1.875,1.8957142857142857,1.563
1035111,2023-10-07,1.7240000000000002,1.004,1.251,2.025
1047563,2023-10-07,1.483,0.624,1.609,1.614
1052667,2023-10-07,1.34,1.0779999999999998,1.192,1.0909999999999997
1047558,2023-10-07,1.7690000000000001,1.39,0.933,1.22
1047556,2023-10-07,1.701,0.9359999999999997,1.1440000000000001,1.08
1047559,2023-10-07,0.9119999999999999,1.2680000000000002,1.3679999999999999,1.376
1047557,2023-10-07,1.584,1.331,1.0160000000000002,1.136
1047561,2023-10-07,0.7819999999999999,1.5580000000000003,1.5310000000000001,1.6440000000000001
1047562,2023-10-07,0.6759999999999999,1.351,1.423,1.75
1047555,2023-10-07,1.283,1.707,0.9999999999999998,1.599
1047560,2023-10-07,1.379,1.291,1.6959999999999997,1.2320000000000002
1035110,2023-10-07,1.275,0.907,1.224,1.328
1035116,2023-10-08,1.0790000000000002,1.9370000000000005,2.144,1.4920000000000002
1035115,2023-10-08,1.507,2.297,2.056,0.999
1035108,2023-10-08,2.0520000000000005,2.152,1.703,1.283
1035107,2023-10-08,1.9170000000000003,1.9779999999999998,0.8860000000000001,1.0070000000000001
1035121,2023-10-21,2.172,1.7950000000000004,1.474,1.244
1047571,2023-10-21,0.8699999999999999,0.876,1.22,1.4129999999999998
1035123,2023-10-21,2.1420000000000003,1.201,1.064,1.298
1035117,2023-10-21,1.042,1.214,2.1189999999999998,1.9849999999999999
1035122,2023-10-21,1.907,2.031,0.921,1.8780000000000001
1035119,2023-10-21,1.673,0.8225,1.3599999999999999,1.8912499999999999
1035124,2023-10-21,0.882,1.20625,1.2920000000000003,1.8537499999999998
1047567,2023-10-21,1.217,0.8480000000000001,1.6049999999999998,1.4630000000000003
1047575,2023-10-21,1.0150000000000001,0.692,1.1199999999999999,1.3519999999999999
1047566,2023-10-21,1.2959999999999998,1.2880000000000003,1.2810000000000001,0.8879999999999999
1047576,2023-10-21,1.0300000000000002,1.2819999999999998,1.1540000000000001,1.718
1047568,2023-10-21,1.35,1.674,1.2049999999999998,1.5669999999999997
1047565,2023-10-21,1.612,1.275,1.6670000000000003,1.219
1047569,2023-10-21,1.7899999999999998,1.453,1.0859999999999999,0.9790000000000001
1047570,2023-10-21,1.4880000000000002,1.658,1.7530000000000001,0.937
1047573,2023-10-21,1.182,1.431,1.3199999999999998,1.169
1047574,2023-10-21,1.378,1.8039999999999998,1.275,0.7809999999999999
1035120,2023-10-21,1.936,1.864,1.52,0.7619999999999999
1035125,2023-10-21,0.7637500000000002,2.081,2.4825,1.5949999999999998
1035118,2023-10-22,1.9800000000000004,1.5999999999999999,1.5230000000000001,1.8869999999999998
1035126,2023-10-23,1.9120000000000001,1.2289999999999999,1.387,2.0230000000000006
1047577,2023-10-24,1.153,1.125,1.577,1.174
1047579,2023-10-24,0.861,1.4320000000000002,1.367,1.6510000000000002
1047580,2023-10-24,1.372,1.8199999999999998,1.515,1.0150000000000001
1047581,2023-10-24,1.203,0.925,1.356,1.071
1047578,2023-10-24,1.9080000000000001,1.467,0.727,1.167
1047582,2023-10-24,0.95,0.8169999999999998,0.97,1.3040000000000003
1047583,2023-10-25,1.321,1.278,1.1059999999999999,1.303
1047584,2023-10-25,1.238,1.8049999999999997,1.2810000000000001,0.992
1047586,2023-10-25,0.8549999999999999,1.448,1.1099999999999999,1.4849999999999999
1047587,2023-10-25,0.5519999999999999,1.242,1.702,0.791
1047585,2023-10-25,1.2419999999999998,0.6789999999999999,1.658,1.2009999999999998
1047588,2023-10-25,1.182,1.7599999999999998,1.307,0.8709999999999999
1035132,2023-10-27,1.1670000000000003,1.8820000000000003,1.37,1.361
1035131,2023-10-28,1.877,1.8679999999999999,1.098,1.2910000000000001
1047598,2023-10-28,1.307,1.242,1.4300000000000002,1.157
1047589,2023-10-28,1.775,1.169,0.9049999999999999,1.5259999999999998
1035127,2023-10-28,1.004,0.8577777777777778,2.213,2.041111111111111
1035128,2023-10-28,1.8989999999999998,0.8366666666666668,0.842,2.328888888888889
1047600,2023-10-28,0.9339999999999999,0.9920000000000002,1.05,1.305
1047591,2023-10-28,1.186,1.2489999999999999,1.252,1.294
1047594,2023-10-28,1.765,1.222,1.0230000000000001,1.558
1047593,2023-10-28,1.2,0.8989999999999998,1.2029999999999998,1.142
1047590,2023-10-28,1.3820000000000001,1.2040000000000002,1.621,1.3499999999999999
1047595,2023-10-28,1.7379999999999995,1.1560000000000001,0.9340000000000002,1.4080000000000001
1047596,2023-10-28,0.701,1.9780000000000002,1.429,0.7350000000000001
1047599,2023-10-28,1.4280000000000002,1.249,1.2369999999999999,1.583
1035136,2023-10-28,1.292,2.162,1.8489999999999998,1.1760000000000002
1035135,2023-10-29,1.501,1.609,1.991,1.31
1047597,2023-10-29,0.752,0.616,1.2799999999999998,1.6440000000000001
1035133,2023-10-29,2.3200000000000003,1.124,1.352,1.3990000000000002
1035130,2023-10-29,1.877,1.165,1.7710000000000001,2.021
1035129,2023-10-29,2.0390000000000006,1.2622222222222221,1.564,1.9777777777777774
1035134,2023-10-29,1.67,1.8,1.543,0.7669999999999999
1047592,2023-10-30,1.3679999999999999,1.174,0.8539999999999999,0.8270000000000002
1047604,2023-11-03,1.9620000000000002,1.7870000000000001,0.717,0.748
1035140,2023-11-04,1.0559999999999998,1.4759999999999998,1.875,1.763
1035138,2023-11-04,0.8549999999999999,1.084,1.9479999999999997,1.4340000000000004
1035139,2023-11-04,1.5870000000000002,1.8849999999999998,1.329,1.557
1035142,2023-11-04,2.008,1.068,0.735,2.192
1035137,2023-11-04,1.957,1.429,1.302,1.9309999999999998
1035145,2023-11-04,0.7560000000000001,1.3359999999999999,2.373,1.7869999999999997
1047603,2023-11-04,1.161,1.022,1.432,1.102
1047601,2023-11-04,1.084,1.832,1.2449999999999999,1.0539999999999998
1047602,2023-11-04,0.9819999999999999,0.9219999999999999,1.2340000000000002,1.1059999999999999
1047605,2023-11-04,0.991,1.4939999999999998,1.365,1.426
1047608,2023-11-04,0.8779999999999999,1.419,1.15,0.9810000000000001
1047612,2023-11-04,1.3040000000000003,1.0950000000000002,0.8299999999999998,0.8790000000000001
1047609,2023-11-04,0.582,0.6829999999999999,1.7700000000000002,1.5110000000000001
1047610,2023-11-04,1.113,1.0650000000000002,1.3980000000000001,1.2570000000000001
1047611,2023-11-04,1.272,1.607,1.5139999999999998,1.187
1047607,2023-11-04,1.242,1.6469999999999998,1.541,0.992
1035143,2023-11-04,2.206,1.895,1.0380000000000003,0.8
1047606,2023-11-05,1.0610000000000004,1.56,1.7329999999999999,1.5850000000000002
1035144,2023-11-05,1.121,1.982,1.571,1.4769999999999999
1035141,2023-11-05,1.184,2.2340000000000004,2.008,1.215
1035146,2023-11-06,1.7770000000000004,1.8530000000000002,1.275,1.139
1047572,2023-11-07,0.581,1.7329999999999999,1.6949999999999998,1.018
1047613,2023-11-10,1.547,0.9059999999999999,1.5950000000000002,1.1649999999999998
1035156,2023-11-11,1.234,1.739,1.6709999999999998,1.4649999999999999
1047623,2023-11-11,1.6010000000000002,1.0269999999999997,1.19,1.343
1035154,2023-11-11,1.3239999999999998,1.117,1.6290000000000002,1.8920000000000001
1035148,2023-11-11,1.8690000000000002,0.9339999999999999,0.7859999999999999,1.8699999999999999
1035152,2023-11-11,1.025,1.3850000000000002,1.4950000000000003,1.23
1047624,2023-11-11,0.9319999999999998,0.6529999999999999,0.906,1.661
1047622,2023-11-11,1.525,1.293,1.282,0.807
1047614,2023-11-11,0.9370000000000003,1.07,1.059,1.8139999999999996
1047617,2023-11-11,1.587,1.2149999999999999,0.978,1.4720000000000002
1047618,2023-11-11,1.7940000000000005,1.222,0.7100000000000001,1.714
1047616,2023-11-11,1.115,1.0970000000000002,0.8460000000000001,1.363
1047619,2023-11-11,1.8379999999999999,1.8979999999999997,1.0350000000000001,0.8160000000000001
1047620,2023-11-11,0.688,0.8699999999999999,1.443,1.1640000000000001
1047621,2023-11-11,0.8939999999999999,0.991,1.0959999999999999,1.296
1047615,2023-11-11,1.4359999999999997,0.9380000000000001,1.084,1.2350000000000003
1035147,2023-11-11,1.022,1.9689999999999999,2.2800000000000002,0.9179999999999999
1035153,2023-11-12,2.391,1.8980000000000001,1.161,1.357
1035155,2023-11-12,1.504,1.041,1.957,1.611
1035150,2023-11-12,1.5350000000000001,0.8100000000000002,1.48,2.317
1035149,2023-11-12,1.9280000000000002,1.007,1.174,1.671
1035151,2023-11-12,2.13,1.9949999999999999,1.1,0.7929999999999999
1047633,2023-11-24,0.654,1.6839999999999997,1.69,0.8039999999999999
1035299,2023-11-25,2.175,2.2540000000000004,1.059,1.2
1035300,2023-11-25,1.9889999999999997,2.1759999999999997,1.0559999999999998,1.2080000000000002
1035295,2023-11-25,0.893,1.504,1.795,1.877
1035302,2023-11-25,0.867,1.139,2.3310000000000004,2.021
1035301,2023-11-25,1.071,1.4659999999999997,1.741,1.373
1035298,2023-11-25,1.114,1.141,1.8830000000000002,1.446
1047627,2023-11-25,0.915,1.4709999999999999,1.467,1.0879999999999999
1047628,2023-11-25,1.564,1.1119999999999997,0.758,0.859
1047625,2023-11-25,1.079,0.983,1.611,1.0779999999999998
1047626,2023-11-25,0.812,1.6800000000000002,1.1490000000000002,0.897
1047629,2023-11-25,1.095,1.4999999999999998,1.1720000000000002,1.004
1047632,2023-11-25,0.866,0.909,1.1599999999999997,1.284
1047630,2023-11-25,1.226,0.696,1.8190000000000002,1.245
1047634,2023-11-25,0.8850000000000001,1.475,1.217,1.451
1047635,2023-11-25,1.299,1.1090000000000002,1.684,0.8089999999999999
1047631,2023-11-25,1.21,1.668,1.7109999999999999,1.297
1035294,2023-11-25,1.673,1.862,1.482,0.717
1047636,2023-11-25,1.4599999999999997,1.7850000000000001,0.807,1.076
1035303,2023-11-26,1.6349999999999998,1.936,1.4730000000000003,1.2040000000000002
1035296,2023-11-26,1.475,1.3349999999999997,1.147,1.496
1035297,2023-11-27,1.0539999999999998,1.2349999999999999,1.5859999999999999,1.519
1047637,2023-11-28,0.9289999999999999,1.553,1.225,0.74
1047639,2023-11-28,1.1260000000000001,0.679,0.775,1.707
1047640,2023-11-28,1.671,0.8379999999999999,0.961,1.1219999999999997
1047641,2023-11-28,0.6469999999999999,0.692,1.2550000000000001,1.2900000000000003
1047638,2023-11-28,1.636,1.2289999999999999,1.134,1.7220000000000002
1047642,2023-11-28,1.077,1.212,1.082,1.6779999999999997
1047647,2023-11-29,1.523,0.851,1.065,1.1510000000000002
1047645,2023-11-29,1.6989999999999998,1.3569999999999998,0.7689999999999999,1.6970000000000003
1047643,2023-11-29,1.3720000000000003,1.0970000000000002,1.341,1.7639999999999998
1047646,2023-11-29,1.06,1.6550000000000005,1.141,0.731
1047648,2023-11-29,1.6479999999999997,0.861,1.1,1.3279999999999998
1047644,2023-11-29,1.7399999999999998,1.134,1.15,1.358
1047655,2023-12-01,0.6799999999999999,0.7879999999999999,1.3999999999999997,1.232
1047659,2023-12-02,1.4939999999999998,1.5510000000000004,0.6709999999999999,0.8460000000000001
1035305,2023-12-02,1.707,1.262,0.78,1.675
1035307,2023-12-02,0.883,0.8779999999999999,1.657,2.257
1035306,2023-12-02,1.6950000000000003,1.061,1.567,1.9469999999999998
1047657,2023-12-02,1.4599999999999997,0.8099999999999999,0.826,1.2280000000000002
1047649,2023-12-02,1.1120000000000003,0.7230000000000001,1.741,1.903
1047651,2023-12-02,1.56,1.5729999999999997,1.113,1.113
1047653,2023-12-02,1.0599999999999998,1.784,1.298,1.019
1047652,2023-12-02,1.7129999999999999,1.6469999999999998,0.7889999999999999,0.8350000000000002
1047650,2023-12-02,1.367,1.263,0.7729999999999999,0.905
1047656,2023-12-02,1.121,1.3640000000000003,1.05,1.1710000000000003
1047658,2023-12-02,1.198,0.8699999999999999,1.864,1.3820000000000001
1047654,2023-12-02,0.9680000000000002,0.73,1.6670000000000003,1.395
1035312,2023-12-02,1.143,1.5880000000000003,1.6059999999999999,1.2610000000000001
1035311,2023-12-02,2.026,1.274,1.021,1.6219999999999999
1047660,2023-12-03,0.8959999999999999,1.076,1.022,1.565
1035304,2023-12-03,1.3579999999999999,1.842,1.893,1.3650000000000002
1035309,2023-12-03,2.2220000000000004,1.2879999999999998,1.137,1.401
1035313,2023-12-03,1.2710000000000004,1.228,1.855,1.443
1035308,2023-12-03,2.002,1.4659999999999997,1.4,1.2429999999999999
1035310,2023-12-03,1.9509999999999998,1.6629999999999998,1.048,1.582
1035321,2023-12-05,1.2149999999999999,1.0090000000000001,1.7530000000000001,1.625
1035318,2023-12-05,0.974,1.7690000000000001,2.1979999999999995,0.7570000000000001
1035317,2023-12-06,1.264,1.139,1.3980000000000001,1.443
1035315,2023-12-06,1.45,1.751,1.331,1.381
1035322,2023-12-06,1.1099999999999999,1.3509999999999998,1.438,1.67
1035319,2023-12-06,0.798,2.198,2.179,1.1919999999999997
1035323,2023-12-06,1.2280000000000002,1.9829999999999999,1.645,1.438
1035314,2023-12-06,1.844,1.982,1.3199999999999998,0.9490000000000002
1035316,2023-12-07,1.396,2.1529999999999996,1.214,0.9389999999999998
1035320,2023-12-07,1.4810000000000003,1.2810000000000001,1.703,1.8009999999999997
1047663,2023-12-08,1.5549999999999997,1.0710000000000002,1.143,1.7299999999999998
1035326,2023-12-09,1.0939999999999999,2.1149999999999998,1.307,1.228
1047661,2023-12-09,1.3800000000000001,1.9560000000000002,1.096,0.765
1047671,2023-12-09,1.783,1.46,1.0349999999999997,0.7629999999999999
1035330,2023-12-09,1.5490000000000002,1.4369999999999998,1.627,1.5859999999999999
1035333,2023-12-09,1.2349999999999999,1.0939999999999999,1.588,1.6400000000000001
1035325,2023-12-09,1.437,0.9869999999999999,1.387,1.611
1035331,2023-12-09,0.8309999999999998,1.8529999999999998,2.136,1.394
1047664,2023-12-09,0.768,0.892,1.3899999999999997,1.02
1047672,2023-12-09,1.1869999999999998,1.58,0.994,0.837
1047662,2023-12-09,0.788,0.9889999999999999,1.437,1.334
1047665,2023-12-09,1.4979999999999998,1.07,0.8009999999999999,1.657
1047666,2023-12-09,1.668,1.5470000000000002,1.025,1.1099999999999999
1047667,2023-12-09,1.043,0.671,1.5669999999999997,1.4039999999999997
1047668,2023-12-09,0.8299999999999998,1.3860000000000001,1.111,0.772
1047669,2023-12-09,0.78,1.222,1.8510000000000002,1.7549999999999997
1047670,2023-12-09,0.7969999999999999,1.174,1.447,1.0510000000000002
1035324,2023-12-09,1.761,1.893,1.2679999999999998,0.7739999999999999
1035328,2023-12-10,1.42,1.4100000000000001,1.3139999999999998,1.6169999999999998
1035327,2023-12-10,1.698,1.95,1.2690000000000001,1.751
1035329,2023-12-10,0.808,1.6839999999999997,2.3649999999999998,1.093
1035332,2023-12-10,1.448,2.166,1.86,1.225
1047674,2023-12-12,0.6,0.7030000000000001,1.3199999999999998,1.3850000000000002
1047678,2023-12-12,1.2019999999999997,1.5470000000000002,0.9490000000000001,1.07
1047673,2023-12-12,1.374,0.9359999999999999,1.108,0.951
1047675,2023-12-12,0.7010000000000001,1.4030000000000002,1.991,0.8869999999999999
1047676,2023-12-12,0.9279999999999999,1.1900000000000002,1.436,1.661
1047677,2023-12-12,1.7979999999999996,1.8670000000000002,1.053,0.8030000000000002
1047679,2023-12-13,0.817,0.9460000000000001,1.451,1.6149999999999998
1047681,2023-12-13,1.6469999999999998,1.0639999999999998,0.8699999999999999,1.3240000000000003
1047683,2023-12-13,1.025,1.239,1.406,1.1270000000000002
1047684,2023-12-13,0.885,1.107,1.014,1.859
1047680,2023-12-13,1.5829999999999997,1.568,1.122,0.8320000000000001
1047682,2023-12-13,1.561,1.389,1.083,0.7629999999999999
1035342,2023-12-15,1.1199999999999999,1.6829999999999998,1.624,1.826
1047688,2023-12-16,1.499,1.141,1.159,1.3489999999999998
1035341,2023-12-16,1.9430000000000003,1.598,1.512,1.418
1035338,2023-12-16,1.9119999999999997,0.818,1.7659999999999996,1.8099999999999998
1035340,2023-12-16,1.7120000000000002,1.238,1.0230000000000001,1.3729999999999998
1047694,2023-12-16,1.3210000000000002,1.292,0.8690000000000001,1.089
1047686,2023-12-16,0.9679999999999997,1.8519999999999996,0.8169999999999998,0.8550000000000001
1047690,2023-12-16,1.15,0.587,1.409,1.3110000000000002
1047692,2023-12-16,0.7259999999999999,1.127,1.2100000000000002,1.062
1047689,2023-12-16,1.671,1.443,0.857,1.166
1047687,2023-12-16,1.401,0.8360000000000001,0.8009999999999999,1.4120000000000001
1047693,2023-12-16,1.3010000000000002,0.9189999999999999,1.2140000000000002,0.8880000000000001
1047695,2023-12-16,1.027,1.4330000000000003,1.832,1.159
1047691,2023-12-16,1.06,0.6940000000000001,1.7749999999999997,1.7090000000000003
1035337,2023-12-16,0.978,1.6300000000000001,1.57,1.261
1047696,2023-12-17,1.334,1.185,0.7459999999999999,1.3110000000000002
1035335,2023-12-17,1.8299999999999996,1.5299999999999998,0.6849999999999999,1.329
1035343,2023-12-17,1.434,1.293,1.5510000000000002,1.5
1035336,2023-12-17,1.816,1.7109999999999999,1.2850000000000001,1.275
1035339,2023-12-17,1.937,1.568,1.2919999999999998,1.666
1047685,2023-12-18,0.9630000000000001,1.6649999999999998,1.5860000000000003,1.009
1035345,2023-12-21,1.33,1.428,1.4040000000000001,1.4049999999999998
1047697,2023-12-22,1.0259999999999998,1.467,0.8419999999999999,0.72
1047708,2023-12-22,1.1139999999999999,0.898,1.7060000000000002,1.4780000000000002
1035344,2023-12-22,1.6950000000000003,0.747,1.155,1.9009999999999998
1035352,2023-12-23,1.3329999999999997,1.5130000000000001,1.5100000000000002,1.814
1047699,2023-12-23,1.6670000000000003,1.553,0.8150000000000001,1.1480000000000001
1035346,2023-12-23,1.517,0.938,1.599,1.582
1035351,2023-12-23,1.6169999999999998,1.486,1.8300000000000005,1.2429999999999999
1035350,2023-12-23,1.209,1.471,1.6149999999999998,1.517
1035348,2023-12-23,0.752,1.975,2.2359999999999998,1.475
1047700,2023-12-23,1.6629999999999998,0.7050000000000001,1.001,1.7600000000000002
1047698,2023-12-23,1.276,1.384,1.407,1.2429999999999999
1047701,2023-12-23,1.38,1.3870000000000002,1.279,0.741
1047702,2023-12-23,1.1320000000000001,0.6839999999999999,1.418,1.364
1047704,2023-12-23,0.852,1.5450000000000002,0.9269999999999999,0.8190000000000002
1047705,2023-12-23,1.348,0.849,1.206,1.512
1047706,2023-12-23,1.167,1.2730000000000001,1.259,1.505
1047707,2023-12-23,1.7459999999999998,1.442,0.8880000000000001,1.264
1047703,2023-12-23,1.275,0.9880000000000001,1.847,1.657
1035347,2023-12-23,2.0439999999999996,1.721,1.144,0.6890000000000001
1035353,2023-12-24,1.312,2.0469999999999997,1.5259999999999998,1.693
1035362,2023-12-26,1.9240000000000002,1.206,1.508,1.6949999999999998
1047716,2023-12-26,0.8520000000000001,1.6849999999999998,1.4780000000000002,0.7579999999999999
1047709,2023-12-26,1.121,0.8749999999999998,1.483,0.8260000000000002
1035354,2023-12-26,1.567,1.438,1.2759999999999998,1.579
1035363,2023-12-26,0.7480000000000001,0.767,1.766,2.275
1047713,2023-12-26,0.5509999999999999,1.2469999999999999,1.4450000000000003,1.4340000000000002
1047719,2023-12-26,1.511,1.103,1.2510000000000001,0.8799999999999999
1047718,2023-12-26,1.6260000000000001,1.117,0.772,1.6640000000000001
1047711,2023-12-26,0.768,1.3170000000000002,1.449,1.908
1047720,2023-12-26,1.163,1.3110000000000004,0.944,1.315
1047714,2023-12-26,1.5260000000000002,1.9139999999999997,0.828,0.917
1047717,2023-12-26,0.6719999999999999,1.48,1.81,1.2639999999999998
1047712,2023-12-26,1.398,1.3139999999999998,1.391,1.1540000000000001
1047710,2023-12-26,1.1060000000000003,1.187,1.686,1.1149999999999998
1035358,2023-12-26,0.899,1.906,1.538,0.9860000000000001
1047715,2023-12-26,1.3639999999999999,1.834,1.177,0.908
1035361,2023-12-26,1.473,1.6199999999999999,1.844,1.0450000000000002
1035359,2023-12-27,2.0669999999999993,1.384,1.7440000000000002,1.418
1035356,2023-12-27,1.701,1.2710000000000001,1.381,1.571
1035360,2023-12-27,1.415,1.786,1.3220000000000003,1.158
1035357,2023-12-28,1.3149999999999997,1.5690000000000002,1.305,1.9320000000000004
1035355,2023-12-28,1.7559999999999998,1.3419999999999999,0.738,1.412
1047730,2023-12-29,1.6019999999999999,1.279,0.7510000000000001,1.8240000000000003
1047724,2023-12-29,0.5820000000000001,1.52,1.3219999999999998,1.1469999999999998
1047731,2023-12-29,1.377,1.1889999999999998,1.285,1.1869999999999998
1047722,2023-12-29,0.797,1.7400000000000002,1.4769999999999999,0.969
1047721,2023-12-29,1.206,1.139,1.583,0.8850000000000001
1047726,2023-12-29,1.323,0.8880000000000001,1.08,0.841
1047727,2023-12-29,1.163,1.2770000000000001,1.315,1.2730000000000001
1047728,2023-12-29,0.857,1.212,1.57,1.169
1047725,2023-12-29,1.564,1.076,0.893,1.452
1047729,2023-12-29,0.616,1.7690000000000001,1.8730000000000004,0.917
1047723,2023-12-29,1.266,1.053,1.3530000000000002,1.6460000000000001
1047732,2023-12-29,1.1729999999999998,1.645,0.8089999999999999,0.7109999999999999
1035368,2023-12-30,0.754,2.1889999999999996,2.338,1.7570000000000001
1035373,2023-12-30,1.275,1.4999999999999998,1.7309999999999999,1.3590000000000002
1035369,2023-12-30,1.998,0.8650000000000002,1.217,1.7189999999999999
1035365,2023-12-30,1.375,1.8290000000000002,1.436,1.477
1035364,2023-12-30,1.592,0.866,1.0420000000000003,1.396
1035370,2023-12-30,1.2550000000000001,1.4760000000000002,1.767,1.8679999999999999
1035366,2023-12-31,1.3629999999999998,1.934,1.6079999999999999,0.745
1035371,2023-12-31,1.6510000000000002,1.6800000000000002,2.1870000000000003,1.055
1047743,2024-01-01,1.611,0.6799999999999999,1.0010000000000001,1.3929999999999998
1047736,2024-01-01,1.889,0.645,0.875,1.4280000000000002
1047734,2024-01-01,1.1110000000000002,1.334,0.8219999999999998,1.262
1047735,2024-01-01,1.6059999999999999,1.09,0.783,1.525
1047733,2024-01-01,1.023,0.6599999999999999,1.487,1.8130000000000002
1047737,2024-01-01,1.341,1.2879999999999998,1.1219999999999999,1.233
1047738,2024-01-01,1.206,1.7850000000000001,1.358,0.748
1047740,2024-01-01,0.8620000000000001,0.799,0.8240000000000001,1.652
1047742,2024-01-01,1.233,1.2790000000000001,1.2899999999999996,0.9920000000000002
1047744,2024-01-01,1.076,1.214,1.7080000000000002,0.849
1047739,2024-01-01,1.2230000000000003,1.482,1.8,1.352
1047741,2024-01-01,1.1889999999999998,1.6760000000000002,1.1039999999999999,0.8809999999999999
1035367,2024-01-01,1.8649999999999998,1.9280000000000002,1.054,1.7329999999999999
1035372,2024-01-02,1.368,1.5899999999999999,1.4949999999999997,1.4649999999999999
1035378,2024-01-12,0.9,0.836,1.6079999999999999,2.191
1047750,2024-01-12,1.6290000000000002,1.0,0.994,1.467
1035379,2024-01-13,2.136,1.4140000000000001,1.794,1.629
1047748,2024-01-13,1.399,2.007,1.3199999999999998,0.8879999999999999
1047749,2024-01-13,0.7460000000000001,1.2690000000000001,1.4849999999999999,1.8059999999999998
1047755,2024-01-13,1.9169999999999998,1.177,0.607,1.049
1047747,2024-01-13,0.726,1.593,1.4280000000000002,0.7120000000000001
1047746,2024-01-13,1.021,0.999,1.3519999999999999,1.533
1047752,2024-01-13,1.2510000000000001,1.3969999999999998,1.183,1.264
1047753,2024-01-13,0.622,1.123,1.297,0.85
1047756,2024-01-13,1.1839999999999997,1.192,0.8140000000000001,1.513
1047754,2024-01-13,0.76,1.201,1.9069999999999996,1.2389999999999999
1035382,2024-01-13,1.7690000000000001,2.144,2.3549999999999995,1.1650000000000003
1047751,2024-01-13,0.974,1.352,0.8830000000000002,0.9179999999999999
1047745,2024-01-14,0.885,1.416,0.8320000000000001,1.499
1035380,2024-01-14,1.4640000000000002,1.6869999999999998,1.4920000000000002,1.1110000000000002
1035381,2024-01-14,1.4569999999999999,1.7710000000000001,1.5379999999999998,2.2909999999999995
1047767,2024-01-19,1.253,1.608,1.072,1.019
1035375,2024-01-20,1.8210000000000002,1.409,0.8639999999999999,1.463
1047768,2024-01-20,0.958,2.0229999999999997,1.572,0.623
1047758,2024-01-20,1.004,1.4080000000000001,1.0030000000000001,1.3510000000000002
1047757,2024-01-20,1.113,0.7710000000000001,1.7429999999999999,1.421
1047761,2024-01-20,1.568,0.715,1.1800000000000002,1.7759999999999998
1047762,2024-01-20,1.073,1.3379999999999999,1.508,0.884
1047764,2024-01-20,0.969,1.181,0.8109999999999999,1.187
1047765,2024-01-20,1.024,1.31,1.159,1.249
1047766,2024-01-20,1.152,1.046,1.0890000000000002,1.213
1047763,2024-01-20,1.2640000000000002,0.687,1.703,1.7690000000000001
1035376,2024-01-20,1.6440000000000001,1.2799999999999998,1.461,1.5239999999999998
1047759,2024-01-21,1.802,0.8029999999999999,0.683,1.302
1035383,2024-01-21,0.8930000000000001,1.37,1.6629999999999998,1.6509999999999998
1035374,2024-01-21,1.7849999999999997,2.2570000000000006,1.052,1.0690000000000002
1035377,2024-01-22,1.6849999999999998,1.385,1.462,1.558
1047760,2024-01-22,1.834,1.183,0.9719999999999999,0.798
1047773,2024-01-24,1.8099999999999998,1.185,0.756,1.456
1047774,2024-01-27,1.159,0.8960000000000001,1.222,1.2710000000000001
1047779,2024-01-27,1.075,1.2879999999999998,0.9970000000000001,0.9090000000000001
1047776,2024-01-28,0.889,0.819,0.7389999999999999,1.283
1035387,2024-01-30,1.3639999999999999,2.085,1.521,0.7949999999999998
1035385,2024-01-30,1.3989999999999998,1.5130000000000001,1.779,1.567
1035386,2024-01-30,0.883,1.739,2.073,1.5059999999999998
1052668,2024-01-30,1.848,1.161,0.9480000000000001,1.656
1047771,2024-01-30,1.2880000000000003,1.0720000000000003,1.3240000000000003,1.052
1035391,2024-01-30,1.3139999999999998,1.0390000000000001,1.672,1.7639999999999998
1035384,2024-01-30,1.69,1.7950000000000004,1.1929999999999998,2.598
1035388,2024-01-31,1.8050000000000002,1.548,1.954,1.3800000000000003
1035393,2024-01-31,2.0439999999999996,0.898,1.2000000000000002,1.573
1047777,2024-01-31,1.0130000000000001,1.334,1.169,1.4340000000000002
1035392,2024-01-31,2.1290000000000004,1.9430000000000003,1.125,1.791
1035389,2024-02-01,1.4220000000000002,1.8110000000000004,1.739,1.126
1035390,2024-02-01,1.3670000000000002,1.463,1.5580000000000003,1.56
1047781,2024-02-02,1.0720000000000003,1.6270000000000002,1.052,0.677
1035400,2024-02-03,1.575,2.036,1.5210000000000001,1.8980000000000001
1035402,2024-02-03,2.009,1.123,2.498,1.8820000000000003
1035398,2024-02-03,1.01,1.4769999999999999,1.5539999999999998,1.686
1035397,2024-02-03,1.6800000000000002,1.2120000000000002,1.72,1.5950000000000002
1047782,2024-02-03,0.9800000000000001,1.043,1.176,1.1110000000000002
1047790,2024-02-03,1.3650000000000002,0.764,1.3770000000000002,1.818
1047786,2024-02-03,1.0,1.1800000000000002,1.3130000000000002,0.8749999999999998
1047791,2024-02-03,1.3679999999999999,0.9710000000000001,1.005,1.3699999999999999
1047783,2024-02-03,1.247,1.268,1.043,1.1960000000000002
1047780,2024-02-03,1.158,0.7910000000000001,1.746,0.9039999999999999
1047785,2024-02-03,1.1359999999999997,1.2880000000000003,1.492,1.3240000000000003
1047787,2024-02-03,0.711,2.274,1.481,0.792
1047788,2024-02-03,1.239,1.848,0.869,0.9480000000000001
1047789,2024-02-03,1.161,1.379,1.656,1.69
1035403,2024-02-03,1.008,1.528,1.7259999999999998,1.363
1047784,2024-02-04,1.358,1.051,1.2109999999999999,1.043
1035401,2024-02-04,1.5789999999999997,1.3809999999999998,1.739,1.69
1035394,2024-02-04,1.8399999999999999,1.241,1.07,1.4729999999999999
1035399,2024-02-04,1.706,1.3720000000000003,1.793,1.8220000000000003
1035395,2024-02-04,2.022,2.248,0.8089999999999999,1.0150000000000001
1035396,2024-02-05,1.544,2.025,1.499,1.2530000000000001
1047800,2024-02-09,1.008,0.966,1.081,1.325
1035409,2024-02-10,1.9460000000000002,1.5900000000000003,1.0619999999999998,1.3969999999999998
1047796,2024-02-10,1.333,1.342,0.8150000000000001,0.946
1035406,2024-02-10,1.338,1.7209999999999996,1.732,1.074
1035413,2024-02-10,1.437,1.48,1.7060000000000002,1.5370000000000001
1035407,2024-02-10,2.229,1.065,1.229,1.6149999999999998
1035411,2024-02-10,1.9000000000000004,1.675,1.984,1.557
1035408,2024-02-10,1.318,1.0779999999999998,1.904,1.659
1047803,2024-02-10,1.4180000000000004,2.0629999999999997,1.344,0.938
1047801,2024-02-10,2.128,1.084,0.723,1.114
1047793,2024-02-10,0.708,0.994,1.6640000000000001,1.46
1047797,2024-02-10,1.6330000000000002,0.629,0.651,1.53
1047795,2024-02-10,1.0999999999999999,1.223,1.012,1.7180000000000004
1047792,2024-02-10,1.1460000000000001,1.129,1.7879999999999998,1.13
1047798,2024-02-10,1.3980000000000001,0.9980000000000002,0.9810000000000002,1.0640000000000003
1047799,2024-02-10,0.853,1.1219999999999999,0.9579999999999999,1.525
1047802,2024-02-10,1.016,1.299,1.143,1.733
1035410,2024-02-10,1.1010000000000002,2.013,1.452,2.681
1047794,2024-02-11,1.267,1.1360000000000001,1.3160000000000003,1.1760000000000002
1035412,2024-02-11,1.431,2.207,1.639,0.727
1035404,2024-02-11,1.571,1.432,1.277,1.6319999999999997
1035405,2024-02-12,1.075,1.8269999999999995,1.6440000000000001,1.7570000000000001
1047806,2024-02-13,1.909,1.026,0.938,1.1
1047804,2024-02-13,1.087,1.249,1.361,1.7919999999999998
1047807,2024-02-13,1.0619999999999998,1.4010000000000002,1.48,1.3050000000000002
1047808,2024-02-13,0.604,1.0639999999999998,1.596,1.0020000000000002
1047809,2024-02-13,1.094,1.848,1.721,0.5700000000000001
1047805,2024-02-13,1.0630000000000002,2.1999999999999997,1.1670000000000003,0.7830000000000001
1047815,2024-02-13,1.318,0.712,0.9959999999999999,1.556
1047810,2024-02-14,1.15,1.0050000000000001,1.203,1.1270000000000002
1047813,2024-02-14,0.993,1.5150000000000001,1.474,1.06
1047814,2024-02-14,0.9419999999999998,0.8019999999999999,1.2399999999999998,0.9800000000000001
1047812,2024-02-14,1.226,1.341,1.5340000000000003,1.35
1047811,2024-02-14,1.05,1.4289999999999998,1.1620000000000001,0.806
1047827,2024-02-16,1.456,2.283,1.0350000000000001,0.8489999999999999
1035414,2024-02-17,1.555,2.292,1.477,1.2409999999999999
1047822,2024-02-17,1.2650000000000001,1.891,1.6510000000000002,0.5780000000000001
1035420,2024-02-17,1.811,1.6189999999999998,2.783,1.151
1035417,2024-02-17,1.372,1.746,1.693,1.254
1035415,2024-02-17,1.017,2.277,1.862,0.6779999999999999
1035423,2024-02-17,2.019,1.471,1.8509999999999998,1.6110000000000002
1035421,2024-02-17,1.179,1.3400000000000003,1.433,1.9049999999999998
1047818,2024-02-17,1.1500000000000001,1.0779999999999998,1.1159999999999999,0.9330000000000002
1047819,2024-02-17,1.8940000000000001,1.482,0.8190000000000002,1.046
1047816,2024-02-17,1.116,1.001,1.328,1.177
1047817,2024-02-17,1.0930000000000002,0.8089999999999999,1.216,0.9549999999999998
1047820,2024-02-17,0.9709999999999999,0.9940000000000001,1.205,1.2520000000000002
1047823,2024-02-17,0.8899999999999999,1.187,1.2639999999999998,1.8990000000000002
1047821,2024-02-17,1.177,0.67,1.4220000000000002,1.5769999999999997
1047824,2024-02-17,0.6530000000000001,1.2480000000000002,1.693,1.281
1047825,2024-02-17,0.9599999999999997,1.5470000000000002,1.1560000000000001,1.3790000000000002
1047826,2024-02-17,1.089,1.434,1.607,0.7550000000000001
1035419,2024-02-17,1.973,1.7559999999999998,1.0379999999999998,1.6989999999999998
1035422,2024-02-18,1.22,1.6849999999999998,1.666,1.5110000000000001
1035418,2024-02-18,1.4119999999999997,1.563,1.9179999999999997,1.625
1035416,2024-02-19,1.5550000000000002,1.038,1.488,1.671
1035349,2024-02-20,1.985,1.377,1.1359999999999997,1.736
1047778,2024-02-20,2.056,0.9309999999999998,0.843,0.9129999999999999
1047770,2024-02-20,0.643,1.1930000000000003,1.7119999999999997,1.6330000000000002
1047772,2024-02-20,1.385,0.6340000000000001,0.807,1.4540000000000002
1047775,2024-02-20,1.092,1.396,1.599,1.139
1035430,2024-02-21,2.4050000000000002,1.5710000000000002,1.311,1.8690000000000002
1047830,2024-02-23,1.6420000000000001,0.96,1.302,1.267
1047833,2024-02-23,1.796,1.8719999999999999,0.656,0.874
1047831,2024-02-24,0.9000000000000001,1.589,0.884,0.9319999999999998
1035431,2024-02-24,1.4440000000000002,1.2750000000000001,1.6549999999999998,1.828
1035427,2024-02-24,1.818,1.3930000000000002,1.4180000000000001,1.404
1035429,2024-02-24,1.0100000000000002,0.9610000000000001,1.655,2.0149999999999997
1035426,2024-02-24,1.669,1.435,1.344,1.231
1047839,2024-02-24,1.065,1.185,1.3269999999999997,0.9299999999999999
1047837,2024-02-24,2.0379999999999994,0.9799999999999999,0.966,1.238
1047829,2024-02-24,0.6309999999999999,0.9280000000000002,1.653,1.271
1047832,2024-02-24,1.5499999999999998,1.208,0.7809999999999999,1.221
1047828,2024-02-24,1.1360000000000003,1.2730000000000001,1.4810000000000003,1.45
1047834,2024-02-24,1.4760000000000002,0.9410000000000001,1.114,1.6480000000000001
1047835,2024-02-24,0.8619999999999999,0.796,0.857,1.321
1047836,2024-02-24,1.0320000000000003,1.059,1.222,1.232
1047838,2024-02-24,0.865,1.078,1.15,1.655
1035424,2024-02-24,1.6389999999999998,2.165,1.306,0.933
1035425,2024-02-24,2.287,1.877,0.6579999999999998,2.6689999999999996
1035433,2024-02-25,1.5630000000000002,1.18,1.686,1.7869999999999997
1035432,2024-02-26,1.1670000000000003,1.26,2.008,1.8239999999999998
1047851,2024-03-01,1.4789999999999999,1.556,0.9410000000000001,1.1800000000000002
1047840,2024-03-02,1.141,1.8039999999999998,0.983,0.76
1047842,2024-03-02,0.9380000000000001,0.568,1.16,1.725
1035440,2024-03-02,1.7239999999999998,1.5770000000000002,2.574,1.6149999999999998
1035437,2024-03-02,1.158,1.6809999999999998,1.866,1.3909999999999998
1035436,2024-03-02,1.3000000000000003,1.202,1.45,1.8619999999999997
1035443,2024-03-02,2.002,1.076,1.8029999999999997,1.5379999999999998
1035434,2024-03-02,1.285,1.748,1.9120000000000001,1.551
1035441,2024-03-02,1.562,2.612,1.471,1.2289999999999999
1047843,2024-03-02,1.709,0.917,1.015,0.8109999999999999
1047841,2024-03-02,1.0799999999999998,1.9889999999999997,1.323,1.045
1047844,2024-03-02,0.9589999999999999,1.077,1.3350000000000002,1.273
1047847,2024-03-02,1.058,0.875,1.214,0.877
1047845,2024-03-02,1.293,0.8640000000000001,1.347,1.292
1047848,2024-03-02,0.882,0.993,1.307,1.22
1047849,2024-03-02,0.9969999999999999,1.314,1.1649999999999998,1.25
1047850,2024-03-02,1.2240000000000002,1.187,1.719,1.427
1047846,2024-03-02,0.9890000000000001,1.706,1.586,0.8019999999999999
1035438,2024-03-02,1.612,1.969,1.975,1.46
1035435,2024-03-03,0.913,1.542,1.9769999999999996,1.3690000000000002
1035439,2024-03-03,2.168,1.5000000000000002,0.993,1.6270000000000002
1035442,2024-03-04,1.157,2.433,1.8519999999999996,0.6169999999999999
1047856,2024-03-05,1.9,1.03,0.74,1.109
1047854,2024-03-05,0.817,0.9990000000000002,0.9,1.432
1047852,2024-03-05,1.157,0.7969999999999999,1.319,1.343
1047860,2024-03-05,1.09,0.993,1.204,1.3900000000000001
1047857,2024-03-05,0.892,1.7759999999999998,1.2479999999999998,1.0070000000000001
1047853,2024-03-05,1.6830000000000003,0.748,1.059,1.425
1047855,2024-03-05,1.762,0.877,0.8140000000000001,1.1
1047862,2024-03-06,1.0050000000000001,1.245,1.2499999999999998,1.567
1052669,2024-03-06,0.56,1.1789999999999998,1.5819999999999999,1.032
1047858,2024-03-06,1.2719999999999998,1.358,1.358,1.184
1047859,2024-03-06,0.9770000000000001,1.38,0.8619999999999999,1.0219999999999998
1047871,2024-03-08,1.1320000000000001,1.9,1.174,0.716
1035451,2024-03-09,1.4500000000000002,1.427,1.722,1.566
1047864,2024-03-09,0.576,1.955,1.6429999999999996,0.8709999999999999
1035444,2024-03-09,1.5060000000000002,1.1440000000000001,1.4020000000000001,1.7710000000000001
1035453,2024-03-09,1.5910000000000002,1.2600000000000002,1.721,1.6490000000000002
1035449,2024-03-09,0.9260000000000002,1.7560000000000002,1.568,2.009
1047873,2024-03-09,1.044,1.637,1.246,1.045
1047872,2024-03-09,1.9260000000000002,0.9029999999999999,1.077,1.309
1047867,2024-03-09,0.763,1.026,1.352,1.483
1047869,2024-03-09,1.1110000000000002,1.0390000000000001,1.2730000000000001,1.1849999999999998
1047866,2024-03-09,0.8640000000000001,1.6780000000000002,0.8150000000000001,1.027
1047863,2024-03-09,0.907,0.8720000000000001,1.213,1.4
1047868,2024-03-09,1.376,0.706,1.117,1.314
1047870,2024-03-09,1.142,1.2959999999999998,0.825,1.3770000000000002
1035445,2024-03-09,2.4229999999999996,1.417,0.571,1.951
1047865,2024-03-10,1.19,1.205,0.9019999999999999,1.1809999999999998
1047874,2024-03-10,0.8790000000000001,1.3160000000000003,1.342,1.5109999999999997
1035446,2024-03-10,2.0219999999999994,1.812,1.586,1.6660000000000004
1035452,2024-03-10,1.2759999999999998,0.9910000000000002,2.069,1.943
1035447,2024-03-10,1.7459999999999998,1.5240000000000002,1.287,1.5210000000000001
1035450,2024-03-10,2.5810000000000004,2.34,1.251,0.836
1035448,2024-03-11,1.834,1.592,1.6119999999999997,2.626
1047769,2024-03-12,1.069,1.189,1.431,1.207
1035334,2024-03-13,1.6800000000000002,1.691,1.425,2.132
1047885,2024-03-16,1.3110000000000002,0.783,1.3709999999999998,1.329
1035456,2024-03-16,1.0219999999999998,1.291,2.0119999999999996,1.8400000000000003
1035460,2024-03-16,1.834,1.492,2.108,1.403
1047875,2024-03-16,0.954,1.0909999999999997,1.4749999999999999,1.223
1047877,2024-03-16,1.783,1.1520000000000001,1.042,1.1300000000000001
1047886,2024-03-16,1.066,0.873,1.255,1.3379999999999999
1047880,2024-03-16,1.076,0.924,1.133,1.151
1047882,2024-03-16,0.689,1.2870000000000001,1.4360000000000004,1.003
1047883,2024-03-16,1.145,1.391,1.211,1.0239999999999998
1047884,2024-03-16,0.8899999999999999,1.0539999999999998,1.3980000000000001,0.826
1047881,2024-03-16,1.05,1.1040000000000003,1.44,1.362
1035459,2024-03-16,1.388,1.81,1.6949999999999998,1.614
1035462,2024-03-17,1.3619999999999997,2.0189999999999992,2.034,1.6829999999999998
1047878,2024-03-17,1.725,0.731,0.759,1.232
1047889,2024-03-29,0.8649999999999999,1.6830000000000003,1.239,1.0359999999999998
1047887,2024-03-29,0.768,1.028,1.2299999999999998,1.159
1047891,2024-03-29,1.2740000000000002,1.5319999999999998,0.9369999999999999,0.984
1047897,2024-03-29,2.012,1.105,1.058,1.162
1047890,2024-03-29,0.725,0.8340000000000002,1.4280000000000002,1.473
1047894,2024-03-29,0.9970000000000002,0.691,1.3370000000000002,1.4800000000000004
1047892,2024-03-29,0.8869999999999999,1.019,0.8779999999999999,1.3889999999999998
1047893,2024-03-29,1.456,0.9349999999999999,0.9749999999999999,1.421
1047895,2024-03-29,0.984,1.1099999999999999,0.8260000000000002,1.3940000000000001
1047896,2024-03-29,1.091,1.5070000000000001,1.387,1.281
1047888,2024-03-29,0.885,2.038,1.1229999999999998,0.9919999999999998
1047898,2024-03-29,1.109,1.623,1.295,0.7060000000000001
1035470,2024-03-30,1.516,1.422,2.634,1.823
1035464,2024-03-30,1.7329999999999999,1.4099999999999997,1.6030000000000002,1.69
1035473,2024-03-30,1.903,1.6389999999999998,1.7119999999999997,2.156
1035467,2024-03-30,1.686,1.2179999999999997,1.65,1.9459999999999997
1035472,2024-03-30,1.211,1.636,2.0200000000000005,1.754
1035471,2024-03-30,1.344,1.064,1.2180000000000002,1.533
1035465,2024-03-30,1.9189999999999998,1.5470000000000002,1.7720000000000002,1.7849999999999997
1035466,2024-03-30,1.268,1.6190000000000002,2.019,1.7579999999999998
1035468,2024-03-31,2.754,1.67,1.3330000000000002,1.222
1035469,2024-03-31,2.2359999999999998,2.4770000000000003,1.0079999999999998,0.571
1047903,2024-04-01,1.7739999999999998,1.6310000000000002,1.0050000000000001,0.943
1047899,2024-04-01,1.1340000000000001,1.111,1.495,1.125
1047910,2024-04-01,1.0710000000000002,1.079,1.234,1.2600000000000002
1047904,2024-04-01,0.992,1.1300000000000001,1.2879999999999998,1.4020000000000001
1047906,2024-04-01,0.701,0.734,1.5830000000000002,1.214
1047907,2024-04-01,1.044,1.2389999999999999,1.327,1.014
1047909,2024-04-01,1.381,1.119,1.123,0.727
1047908,2024-04-01,1.009,0.8020000000000002,1.387,1.051
1047900,2024-04-01,1.508,0.7060000000000001,1.0250000000000001,1.621
1047905,2024-04-01,0.9629999999999999,0.8320000000000001,1.435,1.315
1047901,2024-04-01,1.8369999999999997,2.0010000000000003,0.986,1.049
1047902,2024-04-01,1.5710000000000002,0.946,0.7310000000000001,0.9400000000000001
1035481,2024-04-02,1.6800000000000002,1.4129999999999998,2.4299999999999997,1.5619999999999998
1035478,2024-04-02,1.366,1.6439999999999997,1.261,1.779
1035474,2024-04-02,1.6969999999999998,1.0710000000000002,1.472,1.3679999999999999
1035477,2024-04-02,1.2650000000000001,1.4570000000000003,2.0490000000000004,1.6599999999999997
1035479,2024-04-02,1.496,1.967,1.9920000000000002,1.406
1035475,2024-04-03,2.266,1.5959999999999999,0.531,2.345
1035476,2024-04-03,1.4769999999999999,1.3569999999999998,1.956,1.27
1035483,2024-04-03,2.117,1.6939999999999997,1.043,1.8039999999999998
1035482,2024-04-04,2.8549999999999995,1.1410000000000002,1.2970000000000002,2.087
1035480,2024-04-04,1.9060000000000001,1.565,1.687,1.9209999999999998
1047919,2024-04-05,0.7630000000000001,0.9659999999999999,1.5230000000000001,1.471
1035486,2024-04-06,0.992,2.1630000000000003,1.339,0.9899999999999999
1047917,2024-04-06,1.6179999999999999,1.7419999999999998,1.068,1.0799999999999998
1035488,2024-04-06,1.7079999999999997,1.8640000000000003,1.7130000000000003,1.8630000000000002
1035493,2024-04-06,1.348,1.411,1.748,1.8370000000000002
1035487,2024-04-06,1.5109999999999997,1.2890000000000001,1.607,2.0439999999999996
1035484,2024-04-06,1.645,1.375,2.0300000000000002,1.7690000000000001
1035489,2024-04-06,1.309,1.67,2.3329999999999997,1.3339999999999999
1047914,2024-04-06,1.139,0.906,1.093,1.2590000000000001
1047922,2024-04-06,1.116,1.004,1.325,1.09
1047912,2024-04-06,0.755,0.9569999999999999,1.709,1.2000000000000002
1047915,2024-04-06,1.8869999999999998,1.1019999999999999,0.9890000000000001,1.366
1047911,2024-04-06,0.9720000000000001,1.8029999999999997,1.1010000000000002,0.9029999999999999
1047916,2024-04-06,1.0699999999999998,1.319,1.1560000000000001,1.161
1047918,2024-04-06,1.102,1.1250000000000002,0.725,1.479
1047920,2024-04-06,1.082,1.1430000000000002,1.052,1.1949999999999998
1047921,2024-04-06,1.0579999999999998,0.924,1.5639999999999998,1.251
1047913,2024-04-06,1.542,1.763,1.012,0.7450000000000001
1035485,2024-04-06,1.233,2.184,1.259,0.44299999999999995
1035490,2024-04-07,1.636,2.3269999999999995,2.1529999999999996,1.296
1035491,2024-04-07,1.169,1.951,2.0490000000000004,1.722
1035492,2024-04-07,1.8310000000000002,1.397,1.387,1.291
1047928,2024-04-09,1.7870000000000001,1.614,0.9649999999999999,1.0659999999999998
1047924,2024-04-09,0.924,1.69,1.2230000000000003,0.961
1047926,2024-04-09,0.991,1.172,0.873,1.046
1047927,2024-04-09,1.147,1.577,1.405,1.06
1047925,2024-04-09,1.051,1.113,1.25,0.804
1047923,2024-04-09,1.6620000000000001,1.1270000000000002,0.897,1.5929999999999997
1047929,2024-04-10,0.967,0.763,1.456,1.6760000000000002
1047930,2024-04-10,0.819,1.0130000000000003,1.252,1.0130000000000001
1047932,2024-04-10,1.636,1.063,1.0559999999999998,1.238
1047931,2024-04-10,1.054,1.0939999999999999,1.1790000000000003,1.086
1047934,2024-04-10,1.092,0.7430000000000001,1.3690000000000002,1.575
1047933,2024-04-10,1.291,1.198,1.221,1.0159999999999998
1047941,2024-04-12,1.0080000000000002,1.6369999999999998,1.316,0.913
1035501,2024-04-13,1.831,1.8630000000000002,1.689,1.467
1047939,2024-04-13,1.541,0.9720000000000002,0.8620000000000003,1.229
1035497,2024-04-13,1.1910000000000003,1.1809999999999998,1.9620000000000002,1.483
1035500,2024-04-13,2.178,1.219,0.9540000000000001,2.134
1035496,2024-04-13,1.427,1.0560000000000003,1.7120000000000002,1.8389999999999997
1035502,2024-04-13,1.506,1.3800000000000003,1.314,1.759
1047944,2024-04-13,1.7760000000000002,0.9380000000000001,0.994,1.119
1047935,2024-04-13,0.889,1.574,1.4260000000000002,1.1199999999999999
1047936,2024-04-13,1.026,1.102,1.125,1.214
1047938,2024-04-13,1.555,1.1029999999999998,0.9470000000000001,1.04
1047940,2024-04-13,0.9100000000000001,0.818,1.126,1.4140000000000001
1047942,2024-04-13,1.1670000000000003,1.5299999999999998,0.8780000000000001,1.038
1047946,2024-04-13,1.333,1.0779999999999998,1.261,1.5050000000000001
1047937,2024-04-13,1.075,1.23,1.236,0.7899999999999999
1047943,2024-04-13,1.22,1.1680000000000001,1.365,1.1600000000000001
1047945,2024-04-13,1.423,0.6540000000000001,1.0750000000000002,1.86
1035494,2024-04-13,1.591,1.6310000000000002,1.341,2.397
1035499,2024-04-14,2.537,1.065,1.2289999999999999,1.209
1035503,2024-04-14,1.388,1.6630000000000003,1.864,1.5950000000000002
1035495,2024-04-14,2.202,1.6510000000000002,0.461,1.923
1035498,2024-04-15,1.825,1.4849999999999999,1.607,1.5270000000000004
1047861,2024-04-16,1.7950000000000004,1.145,0.961,0.8540000000000001
1047951,2024-04-20,1.589,1.1329999999999998,0.8830000000000002,1.2920000000000003
1035511,2024-04-20,1.064,1.1810000000000003,1.8259999999999998,1.8969999999999996
1035509,2024-04-20,1.0819999999999999,1.335,2.3850000000000002,1.691
1047950,2024-04-20,1.21,1.3720000000000003,1.225,0.93
1047958,2024-04-20,0.998,1.145,1.176,1.3179999999999998
1047948,2024-04-20,0.795,1.9030000000000005,1.525,0.9
1047953,2024-04-20,1.273,1.02,1.0909999999999997,1.192
1047955,2024-04-20,0.5029999999999999,0.975,1.765,1.221
1047956,2024-04-20,1.1720000000000002,1.022,1.174,1.2289999999999999
1047957,2024-04-20,0.9920000000000002,1.009,1.392,1.036
1047954,2024-04-20,1.2710000000000001,1.044,0.843,1.029
1035513,2024-04-20,1.269,2.234,1.6170000000000002,0.509
1047947,2024-04-21,1.0080000000000002,1.2550000000000001,1.316,1.3889999999999998
1035507,2024-04-21,1.4179999999999997,1.6450000000000002,1.6640000000000001,1.2959999999999998
1035506,2024-04-21,1.1480000000000001,1.341,1.4140000000000001,2.118
1035504,2024-04-21,1.5259999999999998,1.6280000000000001,1.939,1.414
1035508,2024-04-21,1.841,2.5279999999999996,1.5070000000000001,1.369
1047952,2024-04-22,1.1800000000000002,1.588,1.0719999999999998,0.833
1035454,2024-04-23,2.0100000000000002,1.9140000000000001,0.48600000000000004,1.669
1047879,2024-04-23,1.637,1.968,0.9970000000000001,0.9179999999999999
1035463,2024-04-24,1.083,1.621,1.5690000000000002,1.5099999999999998
1047876,2024-04-24,1.375,1.221,1.145,1.289
1035461,2024-04-24,1.4229999999999998,1.159,2.3409999999999997,1.825
1035458,2024-04-24,1.19,2.591,1.661,1.0990000000000002
1035457,2024-04-24,1.3539999999999999,1.8559999999999999,1.3980000000000001,1.6199999999999999
1035455,2024-04-25,1.1729999999999998,2.4010000000000002,1.3330000000000002,0.901
1047966,2024-04-26,1.3409999999999997,1.6919999999999997,0.8089999999999999,0.799
1035522,2024-04-27,1.446,2.5130000000000003,1.9950000000000003,1.092
1035518,2024-04-27,1.642,1.266,2.283,1.8539999999999999
1035519,2024-04-27,1.652,1.06,1.4729999999999999,1.9310000000000003
1035517,2024-04-27,1.766,1.387,1.423,1.294
1035523,2024-04-27,1.0340000000000003,0.9589999999999999,1.5710000000000002,2.4010000000000002
1047962,2024-04-27,1.186,0.9380000000000001,1.3559999999999999,1.0210000000000001
1047969,2024-04-27,1.004,0.9660000000000002,1.3349999999999997,1.203
1047968,2024-04-27,1.845,1.159,1.006,1.151
1047961,2024-04-27,0.9189999999999999,1.2069999999999996,1.5349999999999997,1.2040000000000002
1047960,2024-04-27,1.1249999999999998,0.445,1.193,1.6930000000000003
1047964,2024-04-27,0.9249999999999998,0.882,0.9560000000000001,1.356
1047959,2024-04-27,1.0010000000000001,1.288,1.416,1.275
1052670,2024-04-27,1.326,1.3850000000000002,1.1409999999999998,0.881
1047967,2024-04-27,1.303,1.255,1.437,1.496
1035516,2024-04-27,1.284,1.48,1.7060000000000002,1.4680000000000002
1035515,2024-04-27,1.5339999999999998,2.024,1.937,1.721
1047963,2024-04-27,1.3519999999999999,1.581,1.2489999999999999,0.915
1035514,2024-04-28,1.595,1.0919999999999999,1.343,1.439
1035521,2024-04-28,1.639,1.9929999999999999,1.596,0.6319999999999999
1035520,2024-04-28,1.5899999999999999,2.3739999999999997,1.282,0.9309999999999998
1047965,2024-04-29,0.9620000000000001,1.6960000000000002,1.1309999999999998,0.8870000000000001
1047949,2024-04-30,1.24,1.533,1.403,1.133
1035428,2024-05-02,2.007,1.783,1.6309999999999998,1.4369999999999998
1035531,2024-05-03,0.9259999999999999,1.196,2.1900000000000004,1.7209999999999996
1035524,2024-05-04,1.86,1.7129999999999999,0.843,1.2730000000000001
1047974,2024-05-04,1.948,1.217,0.8240000000000001,1.3900000000000001
1047970,2024-05-04,1.011,1.508,0.9889999999999999,1.2229999999999999
1047972,2024-05-04,1.5879999999999999,1.1789999999999998,1.186,1.2749999999999997
1047981,2024-05-04,1.347,0.892,1.529,1.37
1047973,2024-05-04,1.6010000000000002,1.779,0.755,1.126
1047975,2024-05-04,1.206,0.9879999999999999,1.27,1.4029999999999998
1047977,2024-05-04,0.44800000000000006,1.049,1.7510000000000001,1.6309999999999998
1047978,2024-05-04,1.2429999999999999,1.261,1.234,1.2
1047980,2024-05-04,1.465,0.9709999999999999,1.137,0.9200000000000002
1047979,2024-05-04,1.035,1.365,1.1300000000000001,1.529
1047971,2024-05-04,1.1669999999999998,1.314,1.5230000000000001,0.813
1047976,2024-05-04,0.865,1.5109999999999997,1.3590000000000002,1.358
1035527,2024-05-04,1.4409999999999998,1.9149999999999998,1.889,1.4780000000000002
1035525,2024-05-04,1.5330000000000001,1.725,1.309,1.363
1035533,2024-05-04,1.1560000000000001,1.501,1.952,1.319
1035532,2024-05-04,2.192,0.9800000000000001,0.9800000000000001,1.468
1035528,2024-05-05,2.0810000000000004,1.4659999999999997,1.736,1.8880000000000003
1035526,2024-05-05,1.0619999999999998,1.4829999999999999,1.4849999999999999,1.939
1035530,2024-05-05,2.406,1.779,0.993,1.5270000000000001
1035529,2024-05-06,1.4149999999999998,1.734,1.234,2.2459999999999996
1035537,2024-05-11,1.733,2.321,1.254,0.9800000000000001
1035539,2024-05-11,2.046,1.025,1.36,1.4309999999999998
1035534,2024-05-11,1.6470000000000002,1.5050000000000003,1.4620000000000002,1.2679999999999998
1035543,2024-05-11,0.8839999999999998,1.35,1.7840000000000003,1.261
1035536,2024-05-11,1.3089999999999997,1.325,1.661,1.9699999999999995
1035541,2024-05-11,1.741,1.5370000000000001,1.689,2.0029999999999997
1035542,2024-05-11,1.385,0.8299999999999998,2.2190000000000003,2.1370000000000005
1035540,2024-05-11,1.394,2.359,1.1889999999999998,1.555
1198888,2024-05-12,1.4219999999999997,1.557,1.1800000000000002,0.827
1198890,2024-05-12,1.627,1.575,1.3189999999999997,1.158
1035538,2024-05-12,1.4709999999999999,1.9120000000000001,2.239,0.873
1035535,2024-05-13,1.1309999999999998,2.4110000000000005,1.936,1.025
1035512,2024-05-14,1.8219999999999998,2.482,1.7240000000000002,0.899
1035505,2024-05-15,1.0210000000000001,2.3369999999999997,1.6239999999999999,1.528
1035510,2024-05-15,1.35,2.252,2.271,1.2110000000000003
1198889,2024-05-16,1.557,1.4219999999999997,0.827,1.1800000000000002
1198891,2024-05-17,1.575,1.627,1.158,1.3189999999999997
1035550,2024-05-19,2.378,0.961,1.248,1.8350000000000002
1035544,2024-05-19,1.8399999999999999,1.271,0.901,1.534
1035547,2024-05-19,1.4549999999999998,1.4529999999999998,2.1629999999999994,1.141
1035548,2024-05-19,2.334,1.379,1.581,1.445
1035552,2024-05-19,2.389,1.515,1.04,1.9779999999999998
1035546,2024-05-19,1.0139999999999998,1.47,1.6480000000000001,2.175
1035549,2024-05-19,1.5879999999999999,1.2559999999999998,1.2269999999999999,1.9329999999999998
1035545,2024-05-19,1.4300000000000002,2.27,1.1539999999999997,1.2759999999999998
1035553,2024-05-19,1.3619999999999999,1.8329999999999997,1.9809999999999999,1.8809999999999998
1035551,2024-05-19,0.7779999999999999,1.6150000000000002,2.181,1.445
1200665,2024-05-26,1.557,1.575,0.827,1.158
1215844,2024-08-09,0.861,1.3350000000000002,1.5260000000000002,1.9620000000000002
1215843,2024-08-09,1.3219999999999998,,1.487,
1215845,2024-08-10,1.1149999999999998,1.123,1.839,1.1290000000000002
1215849,2024-08-10,1.0190000000000001,0.899,1.0,1.4419999999999997
1215847,2024-08-10,1.557,,0.827,
1215846,2024-08-10,1.4200000000000002,1.274,1.363,1.1320000000000001
1215848,2024-08-10,1.379,1.4289999999999998,1.323,1.0230000000000001
1215851,2024-08-10,1.1380000000000001,1.627,0.983,1.3189999999999997
1215852,2024-08-10,1.384,1.148,1.2029999999999998,1.477
1215850,2024-08-10,,1.4219999999999997,,1.1800000000000002
1215853,2024-08-11,1.314,0.844,1.6139999999999997,1.2440000000000002
1215854,2024-08-12,0.782,1.5079999999999998,2.055,2.13
1208021,2024-08-16,1.3269999999999995,1.454,2.202,1.572
1215857,2024-08-16,1.105,,1.4789999999999999,
1208022,2024-08-17,1.5,2.582,1.1030000000000002,1.142
1215866,2024-08-17,1.6029999999999998,1.698,1.238,0.841
1215858,2024-08-17,,1.547,,1.3280000000000003
1215861,2024-08-17,,0.867,,2.003
1208025,2024-08-17,2.5389999999999997,1.575,1.232,1.158
1208023,2024-08-17,2.0129999999999995,0.9279999999999999,0.865,2.039
1208024,2024-08-17,1.1709999999999998,1.159,1.5630000000000002,1.707
1208026,2024-08-17,1.561,1.366,1.219,1.353
1215865,2024-08-17,0.9179999999999999,1.3399999999999999,1.525,1.23
1215856,2024-08-17,1.377,0.9729999999999999,2.157,1.9600000000000002
1215855,2024-08-17,1.3490000000000002,1.135,1.2369999999999999,1.001
1215862,2024-08-17,1.248,1.171,1.8960000000000001,1.085
1215859,2024-08-17,1.35,1.418,1.2670000000000001,1.3450000000000002
1215864,2024-08-17,1.414,0.8190000000000002,1.259,1.5719999999999998
1215860,2024-08-17,0.617,1.4669999999999999,1.6030000000000002,1.285
1208027,2024-08-17,1.3399999999999999,1.275,2.114,2.0319999999999996
1215863,2024-08-18,1.243,1.702,0.9110000000000001,1.4389999999999998
1208028,2024-08-18,1.4460000000000002,1.5689999999999997,1.3689999999999998,1.2449999999999999
1208029,2024-08-18,2.022,2.437,1.639,0.806
1208030,2024-08-19,1.9619999999999997,1.908,0.933,1.703
1215874,2024-08-23,1.67,1.614,1.233,0.853
1208033,2024-08-24,1.2570000000000001,1.5109999999999997,1.469,1.9170000000000003
1215868,2024-08-24,1.5500000000000003,1.286,1.3450000000000002,1.419
1215869,2024-08-24,1.4769999999999999,1.299,1.215,1.121
1215873,2024-08-24,1.154,0.6299999999999999,1.2349999999999999,1.5770000000000002
1208035,2024-08-24,1.222,1.864,1.5739999999999998,0.931
1208038,2024-08-24,1.5210000000000001,1.493,1.1320000000000001,1.283
1208039,2024-08-24,1.7269999999999999,1.1149999999999998,1.7560000000000002,1.5740000000000003
1208037,2024-08-24,2.412,1.486,0.841,1.124
1208034,2024-08-24,1.5669999999999997,1.384,1.3119999999999998,2.251
1215878,2024-08-24,0.9970000000000001,,1.398,
1215872,2024-08-24,0.67,0.9099999999999999,1.7700000000000002,1.7970000000000002
1215867,2024-08-24,1.4289999999999998,,1.4449999999999998,
1215870,2024-08-24,1.596,,1.3550000000000002,
1215871,2024-08-24,1.3219999999999998,1.36,1.2530000000000001,1.7820000000000005
1215875,2024-08-24,1.3219999999999998,1.5589999999999997,1.223,1.2349999999999999
1215876,2024-08-24,1.389,1.294,0.8630000000000001,1.793
1208032,2024-08-24,1.412,2.0709999999999997,2.076,0.8099999999999999
1208031,2024-08-25,1.3560000000000003,2.157,1.3820000000000001,1.267
1208040,2024-08-25,0.826,1.8210000000000002,2.0650000000000004,1.569
1215877,2024-08-25,1.386,0.9679999999999997,1.268,1.7710000000000001
1208036,2024-08-25,2.564,1.489,1.142,1.209
1215884,2024-08-30,1.04,1.199,1.7410000000000003,1.157
1208041,2024-08-31,2.0759999999999996,1.3519999999999999,0.9039999999999999,1.5550000000000002
1215880,2024-08-31,1.0079999999999998,1.8349999999999997,1.6040000000000003,1.2290000000000005
1215879,2024-08-31,1.1730000000000005,1.448,1.7760000000000002,1.459
1215881,2024-08-31,1.2,1.1969999999999998,1.3669999999999998,1.2130000000000003
1208044,2024-08-31,1.071,1.472,1.573,1.532
1208046,2024-08-31,1.719,1.4419999999999997,1.002,2.0140000000000002
1208042,2024-08-31,1.1959999999999997,1.401,1.415,1.282
1208045,2024-08-31,1.142,1.2699999999999998,1.388,1.446
1208049,2024-08-31,1.6460000000000001,0.932,1.178,2.0989999999999998
1215885,2024-08-31,1.2360000000000002,1.5350000000000001,1.089,1.239
1215890,2024-08-31,1.598,1.411,1.2709999999999997,1.162
1215883,2024-08-31,1.6350000000000002,1.5030000000000001,0.8220000000000001,0.9970000000000001
1215882,2024-08-31,0.9566666666666667,1.5090000000000001,1.5766666666666664,1.203
1215886,2024-08-31,0.92,0.6729999999999999,1.5333333333333334,1.7920000000000003
1215888,2024-08-31,0.9733333333333333,1.155,2.4133333333333336,0.8480000000000002
1215887,2024-08-31,0.5240000000000001,1.3619999999999997,1.574,1.3059999999999998
1208050,2024-08-31,1.3809999999999998,2.4,1.9790000000000003,0.7929999999999999
1208048,2024-09-01,2.082,1.874,1.349,1.707
1208043,2024-09-01,1.9650000000000003,1.6829999999999998,1.627,1.341
1215889,2024-09-01,1.302,1.0399999999999998,1.8530000000000002,1.3719999999999999
1208047,2024-09-01,1.5070000000000001,2.6459999999999995,1.8239999999999998,1.1189999999999998
1215893,2024-09-13,1.3990000000000002,1.442,1.089,1.8290000000000002
1208058,2024-09-14,1.452,1.5729999999999997,1.464,1.636
1215896,2024-09-14,1.3039999999999998,1.036,1.0150000000000001,1.7850000000000006
1215894,2024-09-14,1.483,1.2120000000000002,0.8150000000000001,1.7129999999999999
1215897,2024-09-14,1.145,1.397,1.4125,1.3159999999999996
1208055,2024-09-14,1.2149999999999999,1.3050000000000002,1.3379999999999999,2.1830000000000003
1208056,2024-09-14,2.4579999999999997,1.597,1.1849999999999998,1.102
1208057,2024-09-14,2.509,1.417,0.758,1.458
1208053,2024-09-14,1.4819999999999998,1.1119999999999999,1.4239999999999997,1.42
1208054,2024-09-14,1.629,1.531,1.387,1.0550000000000002
1215902,2024-09-14,0.967,1.1179999999999999,1.4840000000000002,1.233
1215891,2024-09-14,1.1380000000000001,1.4820000000000002,1.3900000000000001,1.328
1215892,2024-09-14,1.135,0.945,1.45,1.5350000000000004
1215895,2024-09-14,1.6720000000000002,0.7219999999999999,1.2430000000000005,1.9149999999999998
1215900,2024-09-14,1.5100000000000002,1.154,1.2730000000000001,1.1549999999999998
1215901,2024-09-14,1.3130000000000002,1.13,1.2719999999999998,1.0780000000000003
1215898,2024-09-14,0.5589999999999999,1.2000000000000002,1.6,0.544
1208052,2024-09-14,1.52,1.174,1.7130000000000003,1.7489999999999999
1208051,2024-09-14,1.653,1.8940000000000001,1.583,1.533
1208059,2024-09-15,1.8450000000000002,1.9450000000000003,1.735,1.034
1215899,2024-09-15,0.8225,1.7259999999999998,2.3075,1.166
1208060,2024-09-15,0.859,2.168,2.0869999999999993,1.3489999999999998
1215912,2024-09-20,1.23,1.3359999999999999,1.3079999999999998,1.0370000000000001
1208070,2024-09-21,1.2650000000000001,1.8039999999999998,2.1900000000000004,1.369
1215908,2024-09-21,1.189,1.084,1.0680000000000003,1.654
1215910,2024-09-21,1.1829999999999998,1.296,1.0630000000000002,0.9189999999999999
1215913,2024-09-21,1.197,1.7200000000000002,0.649,1.2400000000000002
1208064,2024-09-21,1.2429999999999999,2.0320000000000005,1.3169999999999997,1.395
1208066,2024-09-21,2.271,1.6670000000000003,1.031,1.535
1208068,2024-09-21,1.423,1.0519999999999998,1.581,1.452
1208065,2024-09-21,1.509,1.116,1.2510000000000001,1.653
1208069,2024-09-21,1.8390000000000004,1.357,1.5210000000000001,1.5230000000000001
1208061,2024-09-21,1.58,0.873,1.6469999999999998,2.0469999999999997
1215905,2024-09-21,0.9250000000000002,1.4380000000000002,1.5230000000000001,0.701
1215904,2024-09-21,1.1070000000000002,0.798,1.751,2.3
1215903,2024-09-21,1.4880000000000002,1.17,1.2590000000000001,1.2360000000000002
1215914,2024-09-21,1.818,0.5349999999999999,1.016,1.7280000000000002
1215911,2024-09-21,1.26,1.19,1.714,1.228
1215906,2024-09-21,1.1940000000000004,1.3370000000000002,1.268,1.2689999999999997
1215907,2024-09-21,1.043,1.4180000000000001,1.4499999999999997,1.302
1208063,2024-09-21,1.686,1.714,1.2289999999999999,1.584
1215909,2024-09-22,0.528,1.1400000000000001,2.005,1.358
1208062,2024-09-22,1.5619999999999998,1.4859999999999998,1.2879999999999998,1.041
1208067,2024-09-22,2.2939999999999996,1.8549999999999998,0.8030000000000002,1.011
1215922,2024-09-27,0.5660000000000001,1.1960000000000002,1.8,1.2229999999999999
1208078,2024-09-28,2.1500000000000004,2.376,1.5350000000000001,0.808
1215915,2024-09-28,1.1810000000000003,1.1069999999999998,1.0699999999999998,1.203
1215916,2024-09-28,1.0,1.3119999999999998,1.2066666666666668,1.108
1215924,2024-09-28,1.3780000000000001,1.7419999999999998,1.3650000000000002,1.055
1208072,2024-09-28,1.7959999999999998,1.485,1.2149999999999999,1.2970000000000002
1208075,2024-09-28,1.1920000000000002,1.551,1.624,1.2719999999999998
1208074,2024-09-28,1.866,1.6,1.3439999999999999,1.294
1208073,2024-09-28,1.3350000000000002,1.2570000000000001,1.791,2.0799999999999996
1208079,2024-09-28,1.436,1.143,1.0319999999999998,1.3779999999999997
1215926,2024-09-28,1.2269999999999999,1.293,1.8489999999999998,0.721
1215920,2024-09-28,1.419,0.46900000000000003,0.914,2.0170000000000003
1215918,2024-09-28,1.6560000000000001,1.3010000000000002,0.6920000000000001,1.2040000000000002
1215917,2024-09-28,1.366,0.8399999999999999,0.9959999999999999,1.7340000000000004
1215919,2024-09-28,1.735,1.289,1.191,1.263
1215921,2024-09-28,1.265,0.993,1.4166666666666667,1.6460000000000001
1215923,2024-09-28,0.895,1.2879999999999998,2.09,1.4249999999999998
1208080,2024-09-28,0.9099999999999999,2.377,2.0940000000000003,1.059
1208076,2024-09-29,1.1399999999999997,1.659,1.6469999999999998,1.5339999999999998
1215925,2024-09-29,1.2220000000000002,1.3960000000000004,1.403,1.3940000000000001
1208077,2024-09-29,1.5899999999999999,1.9489999999999998,1.6030000000000002,1.4980000000000002
1208071,2024-09-30,1.598,1.4869999999999999,1.49,1.666
1215928,2024-10-01,0.9949999999999999,1.5410000000000001,1.8240000000000003,0.976
1215927,2024-10-01,0.97,0.6780000000000002,1.383,1.7660000000000005
1215936,2024-10-01,1.44,1.6640000000000001,1.155,0.659
1215931,2024-10-01,1.0310000000000001,1.3559999999999999,1.3090000000000002,1.0719999999999998
1215933,2024-10-01,1.3530000000000002,1.06,0.882,1.3142857142857143
1215929,2024-10-01,1.2730000000000001,1.339,1.167,0.983
1215930,2024-10-01,1.2440000000000002,1.0957142857142856,1.238,1.4757142857142858
1215934,2024-10-01,1.816,1.848,1.1329999999999998,1.0639999999999998
1215937,2024-10-02,0.556,1.332,2.0200000000000005,1.7650000000000001
1215932,2024-10-02,1.1880000000000002,1.243,1.164,1.573
1215938,2024-10-02,1.3039999999999998,0.8385714285714286,1.3510000000000002,1.8699999999999999
1215935,2024-10-02,1.525,1.34,1.3399999999999999,1.4060000000000001
1215947,2024-10-04,1.377,1.5270000000000001,0.943,0.6839999999999999
1208086,2024-10-05,1.557,2.423,1.325,0.9960000000000002
1215940,2024-10-05,1.004,0.8010000000000002,1.0849999999999997,1.9290000000000003
1215943,2024-10-05,1.4579999999999997,1.3559999999999999,1.1119999999999997,1.272
1215945,2024-10-05,0.895,1.175,1.95125,1.44625
1208081,2024-10-05,1.916,1.2919999999999998,1.079,1.797
1208088,2024-10-05,1.3760000000000001,1.5399999999999998,1.7349999999999999,1.494
1208090,2024-10-05,1.229,1.1809999999999998,1.8810000000000002,1.7049999999999996
1208089,2024-10-05,2.38,1.196,0.772,1.3579999999999999
1208083,2024-10-05,1.058,0.917,1.831,2.152
1215949,2024-10-05,1.314,1.8670000000000002,1.8330000000000002,0.954
1215950,2024-10-05,1.735,1.6340000000000003,1.0050000000000001,0.9810000000000001
1215946,2024-10-05,1.084,1.287,1.109,1.2689999999999997
1215942,2024-10-05,1.04625,1.103,1.275,1.4369999999999998
1215948,2024-10-05,1.1009999999999998,1.3739999999999999,1.643,1.4489999999999998
1215941,2024-10-05,1.3419999999999999,1.21,0.943,1.3980000000000001
1215944,2024-10-05,0.7030000000000001,1.2879999999999998,1.722,0.9189999999999999
1208087,2024-10-05,1.155,1.9959999999999998,1.511,1.471
1208085,2024-10-06,2.068,1.421,1.2939999999999998,1.1309999999999998
1208082,2024-10-06,1.4900000000000002,1.4149999999999998,1.4749999999999999,1.8560000000000003
1215939,2024-10-06,1.4600000000000002,0.8979999999999999,1.257,1.746
1208084,2024-10-06,1.6170000000000002,2.247,1.4989999999999999,1.3800000000000001
1215954,2024-10-18,1.6440000000000001,1.169,0.789,0.9099999999999999
1208099,2024-10-19,2.257,1.5379999999999998,1.2189999999999999,1.7710000000000001
1215952,2024-10-19,0.9120000000000001,0.8210000000000001,1.6789999999999998,1.686
1215959,2024-10-19,0.8459999999999999,1.315,1.6280000000000001,0.9410000000000001
1215958,2024-10-19,1.1966666666666665,1.6789999999999998,1.481111111111111,0.8500000000000002
1215955,2024-10-19,1.291,1.3699999999999999,1.097,1.8920000000000001
1208095,2024-10-19,1.4359999999999997,1.395,1.7310000000000003,1.85
1208096,2024-10-19,1.847,1.5399999999999998,1.4340000000000002,1.6280000000000001
1208092,2024-10-19,1.342,1.4300000000000002,1.4140000000000001,1.3739999999999999
1208098,2024-10-19,1.152,1.1949999999999998,1.9019999999999997,1.7329999999999999
1208093,2024-10-19,1.043,1.136,1.952,1.6280000000000001
1215957,2024-10-19,1.584,1.0422222222222222,1.02,1.191111111111111
1215951,2024-10-19,1.0879999999999999,1.1649999999999998,1.037,1.4209999999999998
1215956,2024-10-19,1.887,1.3530000000000002,0.901,1.394
1215960,2024-10-19,1.0829999999999997,0.991111111111111,1.4369999999999998,1.8866666666666667
1215961,2024-10-19,1.1549999999999998,0.9850000000000001,1.3459999999999999,0.8940000000000001
1215962,2024-10-19,1.2619999999999998,1.5319999999999998,1.484,1.0710000000000002
1208091,2024-10-19,1.545,2.096,1.4789999999999999,0.9020000000000001
1208100,2024-10-20,0.901,2.163,2.518,0.9970000000000001
1215953,2024-10-20,1.1860000000000002,1.427,1.4400000000000002,1.1069999999999998
1208094,2024-10-20,2.388,1.892,0.9900000000000004,1.2929999999999997
1208097,2024-10-21,1.315,1.52,1.2899999999999998,1.351
1215963,2024-10-22,1.027,1.035,1.3960000000000001,1.784
1215967,2024-10-22,1.0319999999999998,1.673,1.427,1.072
1215965,2024-10-22,1.691,1.31,0.6930000000000001,1.802
1215969,2024-10-22,1.191,1.134,1.3679999999999999,1.395
1215970,2024-10-22,1.202,1.3160000000000003,1.531,1.3689999999999998
1215966,2024-10-22,1.164,1.0059999999999998,1.4060000000000001,1.2659999999999998
1215968,2024-10-22,1.1189999999999998,1.2239999999999998,1.395,1.093
1215974,2024-10-23,1.698,0.825,0.9430000000000002,1.8850000000000002
1215964,2024-10-23,1.185,1.0350000000000001,1.5020000000000002,0.866
1215971,2024-10-23,0.9719999999999999,1.457,1.022,0.921
1215972,2024-10-23,1.211,1.383,1.033,1.042
1215973,2024-10-23,1.8270000000000004,1.091,0.8640000000000001,0.733
1208110,2024-10-25,1.31,1.3419999999999999,1.9149999999999998,1.16
1215981,2024-10-25,1.009,0.7809999999999999,1.6759999999999997,1.428
1215985,2024-10-26,1.267,0.8560000000000001,1.738,0.958
1215975,2024-10-26,1.4420000000000002,1.488,1.2789999999999997,0.6679999999999999
1215977,2024-10-26,1.2259999999999998,1.248,1.07,0.9569999999999999
1208111,2024-10-26,2.0,1.334,1.0820000000000003,2.0170000000000003
1208106,2024-10-26,1.515,0.9630000000000001,1.6079999999999999,2.306
1208105,2024-10-26,1.4179999999999997,0.953,1.8549999999999998,1.857
1208104,2024-10-26,1.593,1.6809999999999998,1.299,1.209
1215976,2024-10-26,0.9540000000000001,1.1059999999999999,0.812,1.3219999999999998
1215986,2024-10-26,1.352,1.1560000000000001,0.9250000000000002,1.284
1215982,2024-10-26,1.0299999999999998,1.184,0.8109999999999999,1.7079999999999997
1215978,2024-10-26,1.0130000000000001,1.107,1.1069999999999998,1.4420000000000002
1215984,2024-10-26,1.1700000000000002,1.6170000000000002,1.167,0.8940000000000001
1215983,2024-10-26,1.273,1.119,1.12,1.4380000000000002
1215980,2024-10-26,0.8650000000000002,1.1300000000000001,1.5359999999999998,1.384
1208109,2024-10-26,1.1680000000000001,1.392,1.6720000000000002,1.5189999999999997
1208112,2024-10-27,1.528,1.518,1.541,1.6650000000000003
1208107,2024-10-27,1.8319999999999996,1.827,1.3309999999999997,1.409
1208108,2024-10-27,1.4420000000000002,2.1769999999999996,1.492,1.23
1215979,2024-10-27,1.6490000000000002,1.6829999999999998,1.143,0.858
1208103,2024-10-27,1.8259999999999998,2.245,1.038,0.9650000000000002
1215991,2024-11-01,1.3240000000000003,1.448,1.198,0.9120000000000001
1208118,2024-11-02,1.7710000000000001,1.7660000000000005,1.425,1.068
1215987,2024-11-02,0.9109999999999999,0.9949999999999999,0.9549999999999998,0.784
1215998,2024-11-02,1.1409999999999998,0.9710000000000001,1.6170000000000002,1.06
1215994,2024-11-02,1.0379999999999998,1.121,1.2650000000000001,1.1279999999999997
1208113,2024-11-02,1.645,2.055,1.2819999999999998,0.9370000000000003
1208116,2024-11-02,2.152,1.519,0.7369999999999999,1.5899999999999999
1208120,2024-11-02,1.1860000000000002,1.012,2.113,1.7380000000000002
1208115,2024-11-02,0.9260000000000002,1.037,2.1629999999999994,2.052
1208119,2024-11-02,1.359,1.5109999999999997,1.077,1.7429999999999999
1215988,2024-11-02,1.1510000000000002,1.553,1.3690000000000002,1.44
1215995,2024-11-02,1.262,1.1839999999999997,1.259,1.1949999999999998
1215990,2024-11-02,1.5559999999999998,0.9129999999999999,0.6140000000000001,1.6640000000000001
1215989,2024-11-02,1.135,0.9880000000000001,1.4360000000000002,1.6670000000000003
1215992,2024-11-02,1.9140000000000001,1.265,0.8629999999999999,1.145
1215996,2024-11-02,1.045,1.228,1.2709999999999997,1.097
1215997,2024-11-02,0.8290000000000001,1.2429999999999999,1.3330000000000002,1.7970000000000002
1208122,2024-11-02,0.942,1.25,2.167,1.409
1208121,2024-11-03,2.085,1.4540000000000002,1.068,1.1560000000000001
1215993,2024-11-03,1.432,0.9929999999999998,0.8130000000000001,0.7580000000000001
1208117,2024-11-03,1.607,1.8389999999999997,1.7280000000000002,1.385
1208114,2024-11-04,1.5059999999999998,1.7199999999999995,1.2730000000000001,1.9180000000000004
1215999,2024-11-05,1.22,1.134,1.1909999999999998,0.75
1216003,2024-11-05,0.968,1.7160000000000004,1.3399999999999996,1.004
1216004,2024-11-05,0.9410000000000001,1.6309999999999998,1.6219999999999999,1.424
1216001,2024-11-05,1.0900000000000003,1.193,1.4400000000000002,1.4570000000000003
1216005,2024-11-05,1.238,1.5399999999999996,1.2009999999999998,1.874
1216002,2024-11-05,0.899,0.984,1.6329999999999998,1.517
1216000,2024-11-06,1.4509999999999998,1.621,0.751,0.575
1216007,2024-11-06,0.8899999999999999,1.1869999999999998,1.085,1.528
1216008,2024-11-06,1.4469999999999998,0.9610000000000001,1.1709999999999998,1.1720000000000002
1216010,2024-11-06,1.296,1.238,1.1969999999999998,1.2240000000000002
1216009,2024-11-06,1.2550000000000001,1.1470000000000002,1.244,1.4020000000000001
1216006,2024-11-07,1.3670000000000002,0.9999999999999998,0.828,0.784
1216022,2024-11-08,1.4969999999999999,0.9880000000000001,1.85,1.437
1216012,2024-11-09,1.1510000000000002,1.1149999999999998,1.4200000000000002,1.204
1216016,2024-11-09,1.828,1.212,0.9939999999999998,1.2180000000000002
1216020,2024-11-09,1.2310000000000003,1.2089999999999999,1.707,0.8219999999999998
1208132,2024-11-09,1.045,1.1440000000000001,1.9439999999999997,2.1769999999999996
1208131,2024-11-09,1.488,1.1069999999999998,1.7559999999999998,1.511
1208126,2024-11-09,1.2469999999999999,1.534,1.46,1.1219999999999999
1208123,2024-11-09,1.666,1.627,1.7120000000000002,1.3240000000000003
1216015,2024-11-09,1.5619999999999998,0.9279999999999999,0.562,1.3909999999999998
1216013,2024-11-09,0.834,0.9009999999999998,1.1519999999999997,1.553
1216017,2024-11-09,1.627,1.265,1.5090000000000001,1.1199999999999999
1216021,2024-11-09,1.1110000000000002,1.4359999999999997,1.3370000000000002,1.1760000000000002
1216018,2024-11-09,1.027,1.341,1.3970000000000002,1.087
1208124,2024-11-09,1.432,2.0069999999999997,1.626,1.105
1208127,2024-11-09,1.8429999999999995,1.5379999999999998,0.788,1.146
1216019,2024-11-10,1.0059999999999998,1.108,0.8240000000000001,1.375
1216014,2024-11-10,1.246,1.199,1.3910000000000002,0.868
1208128,2024-11-10,1.6760000000000002,1.0630000000000002,1.65,1.982
1208130,2024-11-10,2.013,0.861,1.156,2.309
1208129,2024-11-10,1.3980000000000001,1.4809999999999999,0.969,1.4169999999999998
1216011,2024-11-10,1.001,1.392,0.825,0.9959999999999999
1208125,2024-11-10,1.8350000000000004,1.5699999999999998,1.3610000000000002,1.06
1216029,2024-11-22,0.742,1.472,1.498,1.7700000000000002
1208139,2024-11-23,1.0210000000000004,1.8880000000000003,1.9400000000000002,1.4390000000000003
1216024,2024-11-23,1.2790000000000001,1.1199999999999999,1.0499999999999998,0.7649999999999999
1216032,2024-11-23,1.0650000000000002,1.2770000000000001,1.296,1.506
1216025,2024-11-23,1.276,0.9949999999999999,1.066,0.76
1208133,2024-11-23,1.766,1.518,1.342,1.8029999999999997
1208137,2024-11-23,1.6729999999999996,1.1239999999999999,1.031,1.8860000000000003
1208134,2024-11-23,1.6010000000000002,1.331,1.1670000000000003,1.017
1208136,2024-11-23,1.1729999999999998,1.6549999999999998,1.451,1.8560000000000003
1208135,2024-11-23,1.473,1.2819999999999998,1.1019999999999999,1.484
1216027,2024-11-23,1.305,1.013,0.8379999999999999,1.2300000000000002
1216030,2024-11-23,1.3479999999999999,0.8019999999999999,1.1439999999999997,1.132
1216034,2024-11-23,1.0890000000000002,1.542,0.914,1.5260000000000002
1216031,2024-11-23,0.8330000000000002,1.2520000000000002,1.525,1.7730000000000001
1216028,2024-11-23,1.0070000000000001,1.796,1.5350000000000001,0.982
1216026,2024-11-23,1.1860000000000002,1.259,1.2530000000000001,1.4470000000000003
1208140,2024-11-23,2.1519999999999997,2.05,1.2329999999999999,1.2129999999999999
1208142,2024-11-24,1.0330000000000001,1.78,2.2779999999999996,0.8809999999999999
1216033,2024-11-24,1.3850000000000002,1.654,1.068,0.53
1208138,2024-11-24,0.9780000000000001,1.5090000000000001,2.1990000000000003,1.6689999999999998
1208141,2024-11-25,1.626,1.325,1.3030000000000004,1.6640000000000001
1216042,2024-11-26,1.5299999999999998,1.12,1.54,1.023
1216035,2024-11-26,1.163,1.343,0.7,1.125
1216039,2024-11-26,1.0170000000000001,0.891,0.9869999999999999,1.592
1216036,2024-11-26,1.2710000000000001,1.2550000000000001,1.4400000000000002,1.209
1216038,2024-11-26,1.456,0.706,1.5370000000000001,1.49
1216040,2024-11-26,1.281,1.347,1.857,1.12
1216041,2024-11-26,0.9930000000000001,1.0339999999999998,1.2449999999999999,1.0219999999999998
1216043,2024-11-27,1.3900000000000001,0.975,1.509,1.4569999999999999
1216037,2024-11-27,1.643,1.057,0.675,1.3210000000000002
1216045,2024-11-27,1.957,1.244,0.923,1.29
1216044,2024-11-27,0.853,1.4689999999999999,1.057,1.166
1208144,2024-11-29,1.403,1.147,1.8229999999999997,2.348
1216055,2024-11-29,1.318,0.983,0.9629999999999999,1.102
1216058,2024-11-30,1.371,1.0110000000000001,1.4909999999999999,1.3489999999999998
1216051,2024-11-30,1.7850000000000001,1.145,0.99,1.469
1216053,2024-11-30,0.909,1.2609999999999997,1.765,0.85
1216047,2024-11-30,1.307,1.7429999999999999,1.3270000000000002,0.7270000000000001
1208152,2024-11-30,1.06,1.703,1.8210000000000002,1.267
1208146,2024-11-30,1.273,1.621,1.656,1.1580000000000001
1208143,2024-11-30,1.7289999999999999,1.0710000000000002,1.7109999999999999,2.037
1208149,2024-11-30,1.1190000000000002,1.108,1.1219999999999999,1.9450000000000003
1216048,2024-11-30,0.9890000000000001,0.6319999999999999,0.95,1.698
1216054,2024-11-30,1.3219999999999998,0.978,0.9329999999999998,0.9940000000000001
1216052,2024-11-30,1.575,1.03,1.457,1.435
1216056,2024-11-30,1.2760000000000002,1.0770000000000002,1.6810000000000003,0.7030000000000001
1216057,2024-11-30,1.3900000000000001,1.1780000000000002,1.3409999999999997,1.2209999999999999
1216049,2024-11-30,1.326,1.314,1.072,1.3739999999999999
1208151,2024-11-30,1.2670000000000001,1.6330000000000002,1.693,1.072
1208148,2024-12-01,1.4460000000000002,1.193,1.6190000000000002,1.318
1208150,2024-12-01,2.058,1.598,1.327,1.1019999999999999
1208145,2024-12-01,1.9949999999999999,1.656,1.354,1.1409999999999998
1216050,2024-12-01,1.069,1.3519999999999999,0.885,1.2069999999999999
1208147,2024-12-01,1.83,2.032,0.9729999999999999,1.4549999999999998
1208158,2024-12-03,1.1219999999999999,1.395,2.0180000000000002,1.4229999999999998
1208159,2024-12-03,1.1320000000000001,1.348,2.122,1.7530000000000001
1208161,2024-12-04,1.4419999999999997,2.008,1.2080000000000002,0.9209999999999999
1208162,2024-12-04,1.0909999999999997,1.927,2.238,1.4230000000000003
1208156,2024-12-04,1.0539999999999998,1.0320000000000003,1.203,2.0460000000000003
1208160,2024-12-04,1.816,1.183,1.7389999999999997,1.1069999999999998
1208154,2024-12-04,1.7850000000000001,1.4170000000000003,1.043,1.498
1208155,2024-12-04,1.6239999999999999,1.691,1.265,1.6599999999999997
1208157,2024-12-05,1.661,1.3880000000000001,1.135,1.716
1208153,2024-12-05,1.8099999999999998,2.0100000000000002,1.116,1.302
1216059,2024-12-06,1.2340000000000004,1.8370000000000002,0.729,0.9740000000000002
1216062,2024-12-07,1.761,1.157,0.8059999999999998,0.8789999999999999
1216068,2024-12-07,1.409,1.1109999999999998,1.302,0.8909999999999998
1216069,2024-12-07,1.052,1.1059999999999999,1.091,1.847
1208165,2024-12-07,1.304,1.8400000000000003,1.3489999999999998,1.7309999999999994
1208164,2024-12-07,1.698,1.4989999999999999,1.686,1.2840000000000003
1208163,2024-12-07,1.6549999999999998,1.1350000000000002,1.2779999999999998,2.514
1216064,2024-12-07,1.091,1.4789999999999999,0.8460000000000001,1.096
1216061,2024-12-07,1.079,1.305,1.397,1.4
1216067,2024-12-07,0.8799999999999999,1.6219999999999999,1.241,1.498
1216066,2024-12-07,1.132,1.2209999999999996,1.386,0.9270000000000002
1216063,2024-12-07,1.057,1.565,1.4469999999999998,1.31
1208170,2024-12-07,1.1720000000000002,1.227,1.6020000000000003,1.254
1208167,2024-12-08,1.5719999999999998,1.9270000000000003,1.206,0.994
1208169,2024-12-08,1.144,1.3690000000000002,2.176,1.746
1208168,2024-12-08,1.136,2.0029999999999997,2.016,1.125
1216070,2024-12-08,0.892,1.279,0.9550000000000001,1.0379999999999998
1208171,2024-12-08,2.0260000000000002,2.392,1.5990000000000002,1.4010000000000002
1208172,2024-12-09,1.5810000000000002,0.9870000000000001,1.734,1.996
1216071,2024-12-10,1.253,1.064,0.736,0.951
1216077,2024-12-10,1.4,1.29,1.5589999999999997,1.393
1216078,2024-12-10,1.122,1.244,0.952,0.994
1216076,2024-12-10,1.3259999999999998,1.275,1.4529999999999998,1.4829999999999999
1216075,2024-12-10,0.59,1.577,1.8800000000000001,1.31
1216073,2024-12-10,1.108,1.098,1.518,1.89
1216072,2024-12-10,1.6669999999999998,1.739,0.637,0.931
1216079,2024-12-11,1.302,1.3639999999999999,1.503,0.9890000000000001
1216074,2024-12-11,1.012,1.2429999999999999,0.942,1.0789999999999997
1216080,2024-12-11,1.076,1.357,1.044,1.3119999999999998
1216081,2024-12-11,0.9120000000000001,0.826,1.1759999999999997,1.7289999999999999
1216082,2024-12-11,0.8959999999999999,1.579,1.009,0.9890000000000001
1216086,2024-12-13,1.054,1.2799999999999998,0.8540000000000001,1.229
1216084,2024-12-14,1.224,0.8939999999999999,1.002,1.0419999999999998
1216090,2024-12-14,1.268,1.6920000000000002,0.9549999999999998,0.653
1216085,2024-12-14,1.704,1.1780000000000004,0.834,1.05
1208179,2024-12-14,1.493,1.209,1.1780000000000002,2.2199999999999998
1208182,2024-12-14,1.0830000000000002,1.099,1.918,2.095
1208177,2024-12-14,2.113,1.359,1.0859999999999999,1.255
1208174,2024-12-14,2.063,1.066,0.792,1.069
1216091,2024-12-14,1.3690000000000002,0.578,1.0379999999999998,2.007
1216083,2024-12-14,1.2890000000000001,1.191,1.31,1.598
1216087,2024-12-14,1.6150000000000002,1.0550000000000002,1.0270000000000001,1.0150000000000001
1216092,2024-12-14,1.098,1.185,1.9509999999999998,1.51
1216093,2024-12-14,1.659,1.185,1.396,0.9510000000000002
1216089,2024-12-14,0.698,1.319,1.621,1.456
1208180,2024-12-14,1.168,1.7109999999999999,1.3139999999999998,1.2599999999999998
1208175,2024-12-15,1.423,1.337,1.7349999999999999,1.3239999999999998
1216094,2024-12-15,1.3579999999999999,0.8700000000000001,1.277,1.141
1216088,2024-12-15,1.1509999999999998,1.1789999999999998,1.4409999999999998,0.644
1208178,2024-12-15,1.767,1.1620000000000001,1.798,1.584
1208181,2024-12-15,0.9189999999999999,1.9639999999999997,2.574,1.8020000000000003
1208176,2024-12-15,2.4560000000000004,1.741,1.6060000000000003,1.482
1208173,2024-12-16,2.223,1.591,1.051,1.6619999999999997
1216099,2024-12-20,1.1,1.0530000000000002,1.6960000000000002,0.868
1208183,2024-12-21,1.671,1.7710000000000001,1.3199999999999998,1.8490000000000002
1216097,2024-12-21,1.1829999999999998,1.6659999999999997,1.3030000000000002,1.434
1216104,2024-12-21,1.4479999999999997,1.2,1.515,1.889
1216102,2024-12-21,1.164,1.9460000000000002,1.206,0.8560000000000001
1208192,2024-12-21,1.6979999999999997,1.4120000000000001,1.8259999999999998,1.5500000000000003
1208184,2024-12-21,1.8649999999999998,1.266,1.6059999999999999,1.2229999999999999
1208188,2024-12-21,1.101,1.7150000000000003,2.14,1.106
1216096,2024-12-21,1.125,1.457,1.6420000000000001,1.004
1216095,2024-12-21,1.1600000000000001,1.4529999999999998,0.662,1.286
1216100,2024-12-21,0.9899999999999999,1.403,1.052,1.285
1216098,2024-12-21,1.778,0.753,0.651,1.735
1216103,2024-12-21,0.8380000000000001,1.1729999999999998,1.165,1.1179999999999999
1216105,2024-12-21,1.2109999999999999,1.1989999999999998,0.861,1.325
1216101,2024-12-21,0.639,1.578,1.887,1.1150000000000002
1208185,2024-12-21,1.473,1.723,1.335,0.769
1208190,2024-12-22,1.274,2.286,1.2199999999999998,1.197
1208187,2024-12-22,1.348,0.943,1.388,2.68
1208186,2024-12-22,0.9650000000000001,2.263,1.125,1.6560000000000001
1208189,2024-12-22,1.196,1.147,2.1369999999999996,1.7839999999999996
1216106,2024-12-22,0.9650000000000001,1.1720000000000002,1.192,0.9409999999999998
1208191,2024-12-22,1.7489999999999999,2.1199999999999997,1.7900000000000003,1.1
1208198,2024-12-26,1.717,0.9789999999999999,1.7560000000000002,1.147
1208199,2024-12-26,1.7429999999999999,1.7880000000000003,1.11,1.3669999999999995
1208193,2024-12-26,2.233,1.568,1.346,1.482
1208201,2024-12-26,0.9039999999999999,1.45,2.4850000000000003,1.855
1208196,2024-12-26,2.1339999999999995,1.1760000000000004,1.6720000000000002,1.257
1208200,2024-12-26,1.2690000000000001,1.7419999999999998,1.049,2.177
1216118,2024-12-26,1.43,1.2269999999999999,1.2710000000000001,1.291
1216108,2024-12-26,1.208,1.023,0.9889999999999999,1.408
1216114,2024-12-26,0.9880000000000001,1.215,1.196,1.324
1216115,2024-12-26,1.3989999999999996,1.1610000000000003,0.986,0.7
1216107,2024-12-26,1.3499999999999999,1.15,1.347,0.908
1216111,2024-12-26,1.3830000000000002,1.5359999999999998,1.3610000000000002,1.674
1216112,2024-12-26,1.1509999999999998,0.9770000000000001,1.0,1.025
1216117,2024-12-26,1.5570000000000002,1.025,1.537,1.068
1216113,2024-12-26,0.7949999999999999,0.9180000000000001,1.9120000000000004,1.6520000000000004
1216109,2024-12-26,1.7830000000000001,0.932,0.891,1.959
1208202,2024-12-26,1.153,1.446,1.4389999999999998,1.3329999999999997
1216110,2024-12-26,1.036,0.9849999999999998,0.8540000000000001,1.1869999999999998
1208197,2024-12-26,2.429,1.197,1.164,2.032
1216116,2024-12-26,1.3890000000000002,1.932,1.927,0.7230000000000001
1208195,2024-12-27,1.3299999999999998,1.512,1.5470000000000002,1.591
1208194,2024-12-27,1.7269999999999999,1.107,0.8630000000000001,1.9939999999999998
1216126,2024-12-29,0.9940000000000001,1.565,1.1679999999999997,1.393
1216127,2024-12-29,1.253,1.0459999999999998,0.998,1.176
1216124,2024-12-29,1.172,0.9279999999999999,0.9809999999999999,1.142
1208209,2024-12-29,0.9099999999999999,1.764,2.008,1.722
1208207,2024-12-29,1.1760000000000002,2.198,1.2009999999999998,1.323
1208206,2024-12-29,0.975,1.205,1.151,1.0420000000000003
1208211,2024-12-29,1.64,1.142,2.2110000000000003,1.321
1208205,2024-12-29,1.516,0.829,1.4529999999999998,2.3449999999999998
1216130,2024-12-29,1.3810000000000002,0.913,1.149,1.6350000000000002
1216120,2024-12-29,1.139,1.181,0.986,1.214
1216119,2024-12-29,1.395,1.149,1.264,1.289
1216128,2024-12-29,1.2100000000000002,1.1869999999999998,1.9809999999999999,0.9570000000000001
1216129,2024-12-29,1.4570000000000003,0.985,1.4389999999999998,1.3690000000000002
1216125,2024-12-29,0.9289999999999999,0.8400000000000001,1.8419999999999999,1.951
1216121,2024-12-29,1.7369999999999997,0.985,0.8240000000000001,1.026
1208212,2024-12-29,1.553,2.48,1.8029999999999997,1.134
1216122,2024-12-29,1.0560000000000003,1.864,0.7619999999999999,0.769
1216123,2024-12-29,1.4200000000000004,1.214,1.2950000000000002,0.674
1208208,2024-12-30,0.9970000000000001,2.1470000000000002,2.006,1.656
1208203,2024-12-30,1.654,1.3490000000000002,1.4649999999999996,1.4520000000000002
1208210,2024-12-30,1.3569999999999998,1.8169999999999997,1.3329999999999997,1.032
1216139,2025-01-01,0.9039999999999999,1.0370000000000001,1.15,1.1470000000000002
1216137,2025-01-01,0.882,1.293,1.8730000000000004,0.9099999999999999
1216136,2025-01-01,0.946,0.8960000000000001,1.047,1.627
1216132,2025-01-01,0.998,1.691,1.528,0.844
1216131,2025-01-01,1.1940000000000002,1.096,0.643,1.9329999999999998
1216142,2025-01-01,1.0699999999999998,1.147,1.232,1.204
1216134,2025-01-01,2.0440000000000005,1.459,0.751,1.1780000000000002
1216140,2025-01-01,1.4900000000000002,1.0340000000000003,1.6650000000000003,0.942
1216138,2025-01-01,1.129,1.5060000000000002,1.4340000000000002,1.473
1216135,2025-01-01,0.9549999999999998,1.342,1.5590000000000002,0.8190000000000002
1208204,2025-01-01,1.533,1.845,1.589,0.696
1216133,2025-01-01,1.1800000000000002,1.268,1.334,1.316
1216141,2025-01-01,1.323,1.299,0.897,0.9420000000000002
1208221,2025-01-04,1.791,1.828,2.205,0.9610000000000001
1216143,2025-01-04,1.244,1.155,1.0989999999999998,0.7050000000000001
1216151,2025-01-04,1.1480000000000001,0.9670000000000002,1.8860000000000003,1.9609999999999999
1216153,2025-01-04,1.552,1.0670000000000002,1.4579999999999997,1.206
1208213,2025-01-04,2.3649999999999998,0.89,1.253,1.174
1208220,2025-01-04,0.9019999999999999,1.155,2.253,1.65
1208219,2025-01-04,1.5959999999999996,1.2890000000000001,1.8310000000000002,1.884
1208216,2025-01-04,1.641,2.1860000000000004,1.473,1.6329999999999998
1208214,2025-01-04,1.6510000000000002,0.9640000000000001,1.547,1.9619999999999997
1216154,2025-01-04,1.069,1.4099999999999997,1.0749999999999997,0.9990000000000002
1216144,2025-01-04,1.373,1.181,1.0459999999999998,1.141
1216148,2025-01-04,1.1860000000000002,0.881,1.097,1.611
1216145,2025-01-04,1.0950000000000002,1.953,1.306,0.758
1216146,2025-01-04,1.225,1.008,1.315,1.658
1216147,2025-01-04,1.3579999999999999,1.8539999999999999,0.8300000000000001,0.8469999999999999
1216150,2025-01-04,1.6640000000000001,0.9959999999999999,1.871,1.025
1208215,2025-01-04,1.331,1.9440000000000002,1.4940000000000002,0.647
1208217,2025-01-05,1.161,1.025,1.3199999999999998,1.796
1216152,2025-01-05,1.3529999999999998,1.198,0.992,1.404
1208218,2025-01-05,2.601,1.2129999999999999,1.071,1.225
1208222,2025-01-06,1.0779999999999998,1.1800000000000002,1.4149999999999998,1.0550000000000002
1216149,2025-01-06,0.9979999999999999,1.0219999999999998,1.001,1.471
1208229,2025-01-14,1.4129999999999998,1.248,1.8579999999999999,1.42
1208230,2025-01-14,2.2,2.3449999999999998,1.5429999999999997,1.168
1208224,2025-01-14,1.5420000000000003,1.6309999999999998,1.542,1.764
1216060,2025-01-14,0.9030000000000001,1.065,1.5079999999999998,1.044
1216065,2025-01-14,0.9610000000000001,0.777,1.9420000000000002,1.6749999999999996
1208228,2025-01-14,1.1760000000000002,2.802,1.201,1.084
1208231,2025-01-15,2.02,1.084,0.95,1.377
1208225,2025-01-15,0.882,1.621,1.232,1.344
1208227,2025-01-15,0.8500000000000002,1.4979999999999998,2.018,1.444
1216023,2025-01-15,1.121,1.154,0.9630000000000001,1.5550000000000002
1208223,2025-01-15,1.927,1.641,0.7460000000000001,2.2640000000000002
1208226,2025-01-16,1.084,1.3820000000000001,1.8649999999999998,1.4170000000000003
1208232,2025-01-16,1.12,0.8569999999999999,1.397,2.543
1216155,2025-01-17,1.0319999999999998,1.486,0.736,0.885
1208240,2025-01-18,2.0609999999999995,2.2019999999999995,1.0490000000000002,1.27
1216156,2025-01-18,0.857,1.4860000000000002,1.311,1.2959999999999998
1216161,2025-01-18,0.932,1.175,1.143,1.4380000000000002
1216163,2025-01-18,0.9710000000000001,0.9890000000000001,1.759,1.1030000000000002
1208238,2025-01-18,0.9570000000000001,1.2550000000000001,2.1239999999999997,1.363
1208242,2025-01-18,1.425,1.528,1.9369999999999998,1.431
1208234,2025-01-18,1.641,2.8359999999999994,1.491,1.014
1216166,2025-01-18,0.99,1.1190000000000002,1.111,1.6669999999999998
1216165,2025-01-18,1.393,1.3760000000000001,0.914,0.766
1216158,2025-01-18,1.162,0.9200000000000002,1.2419999999999998,1.081
1216162,2025-01-18,0.761,1.123,1.438,1.0
1216157,2025-01-18,1.736,1.436,0.9189999999999998,0.9359999999999999
1216164,2025-01-18,1.0429999999999997,1.0130000000000001,1.6489999999999998,1.312
1216160,2025-01-18,1.1600000000000001,1.366,1.534,1.083
1208233,2025-01-18,1.9169999999999998,1.6039999999999999,0.6700000000000002,1.2560000000000002
1216159,2025-01-19,1.9049999999999998,1.5790000000000002,0.836,1.875
1208239,2025-01-19,1.3860000000000001,1.2500000000000002,1.488,1.223
1208236,2025-01-19,0.8400000000000001,1.5639999999999998,1.279,2.247
1208241,2025-01-19,1.144,0.945,1.23,2.7590000000000003
1208237,2025-01-19,0.95,1.6190000000000002,1.807,1.782
1208235,2025-01-20,2.2960000000000003,1.1200000000000003,1.5059999999999998,1.5219999999999998
1216174,2025-01-21,1.072,1.298,1.154,1.06
1216169,2025-01-21,1.136,1.1880000000000002,1.293,1.01
1216167,2025-01-21,0.9970000000000001,1.816,1.0020000000000002,0.8979999999999999
1216168,2025-01-21,0.9289999999999999,1.6800000000000002,1.4,0.9079999999999998
1216170,2025-01-21,1.1030000000000002,1.1179999999999999,1.254,1.135
1216173,2025-01-21,1.498,1.246,1.023,0.923
1216172,2025-01-21,0.865,1.1280000000000001,1.1729999999999998,1.2849999999999997
1216171,2025-01-21,0.86,0.8309999999999998,1.107,1.2559999999999998
1216175,2025-01-22,1.846,1.0959999999999999,0.795,0.9129999999999999
1216178,2025-01-22,1.4020000000000001,1.46,1.966,0.9970000000000001
1216177,2025-01-22,1.0359999999999998,1.163,1.5429999999999997,1.7719999999999998
1216176,2025-01-22,0.9269999999999999,1.004,1.734,1.01
1216187,2025-01-24,1.339,1.13,0.9049999999999999,1.2429999999999999
1216184,2025-01-25,0.9229999999999998,1.3800000000000001,0.884,1.108
1216188,2025-01-25,1.1480000000000001,0.861,1.6789999999999998,1.154
1216183,2025-01-25,1.0459999999999998,0.8240000000000001,1.186,1.128
1208243,2025-01-25,2.2649999999999997,1.316,1.2550000000000001,1.2
1208252,2025-01-25,1.0739999999999998,1.9309999999999996,1.734,0.741
1208248,2025-01-25,2.9769999999999994,0.849,0.9480000000000001,2.03
1208250,2025-01-25,0.906,1.9759999999999998,2.649,1.194
1208245,2025-01-25,1.349,0.9239999999999998,1.208,1.3080000000000003
1216181,2025-01-25,0.8729999999999999,0.798,1.052,1.3989999999999998
1216179,2025-01-25,1.2319999999999998,1.0619999999999998,1.08,1.179
1216185,2025-01-25,1.449,1.0090000000000001,1.0470000000000002,1.2310000000000003
1216190,2025-01-25,1.165,0.994,1.1320000000000001,1.4879999999999998
1216186,2025-01-25,1.197,1.405,1.0459999999999998,1.875
1216189,2025-01-25,1.6040000000000003,0.951,0.876,1.6830000000000003
1216182,2025-01-25,1.8330000000000002,1.0310000000000001,0.924,1.273
1208249,2025-01-25,1.7079999999999997,2.3359999999999994,1.589,1.4809999999999999
1208251,2025-01-26,1.425,0.893,2.2279999999999998,2.068
1208246,2025-01-26,1.534,1.6030000000000002,1.148,1.714
1208244,2025-01-26,1.3969999999999998,1.372,1.2630000000000001,1.905
1208247,2025-01-26,1.371,1.4540000000000002,1.278,1.5219999999999998
1216180,2025-01-27,0.978,1.8399999999999999,0.966,0.5900000000000001
1216046,2025-01-28,1.081,0.9359999999999999,1.7589999999999997,1.0959999999999999
1216191,2025-01-31,1.183,1.1560000000000001,1.3030000000000002,1.0340000000000003
1208261,2025-02-01,1.246,1.254,1.31,1.192
1216202,2025-02-01,0.9799999999999999,1.1889999999999998,1.266,0.9329999999999998
1216197,2025-02-01,0.969,1.303,1.125,1.0250000000000001
1216198,2025-02-01,0.907,1.387,1.545,1.193
1208260,2025-02-01,2.2649999999999997,1.28,1.0939999999999999,1.225
1208253,2025-02-01,2.105,2.86,1.307,0.868
1208257,2025-02-01,0.8889999999999999,0.943,1.2710000000000001,1.932
1208258,2025-02-01,0.8379999999999999,0.881,2.06,2.774
1216196,2025-02-01,0.9780000000000001,1.1510000000000002,1.068,1.101
1216194,2025-02-01,1.7550000000000001,1.0909999999999997,0.6010000000000001,1.0690000000000002
1216193,2025-02-01,1.08,1.108,1.3319999999999999,1.549
1216192,2025-02-01,0.913,1.3489999999999998,1.553,0.874
1216200,2025-02-01,1.35,1.104,1.5790000000000002,1.13
1216201,2025-02-01,1.297,1.8000000000000003,1.323,0.9359999999999999
1216199,2025-02-01,1.1389999999999998,0.9299999999999999,1.7849999999999997,0.9170000000000001
1208262,2025-02-01,1.1019999999999999,1.3589999999999998,1.505,1.225
1208259,2025-02-02,1.372,1.466,1.5310000000000001,1.2959999999999998
1208255,2025-02-02,1.5150000000000001,1.4509999999999998,1.7160000000000004,2.226
1208254,2025-02-02,1.671,1.874,0.661,1.4120000000000001
1208256,2025-02-03,2.347,1.3489999999999998,1.6079999999999999,1.6300000000000001
1216195,2025-02-03,1.0539999999999998,1.4149999999999998,1.2050000000000003,0.893
1216204,2025-02-04,0.9109999999999998,0.9279999999999999,0.9840000000000002,0.9959999999999999
1216210,2025-02-04,1.1620000000000001,1.182,1.153,1.307
1216206,2025-02-05,1.8190000000000002,2.164,0.9159999999999998,0.5700000000000001
1216214,2025-02-08,1.5370000000000001,1.5590000000000002,1.142,1.5539999999999998
1216213,2025-02-08,1.452,0.9109999999999999,0.977,1.384
1216211,2025-02-08,1.294,1.0579999999999998,0.8619999999999999,1.6919999999999997
1216208,2025-02-08,1.418,0.9410000000000001,0.921,1.547
1216203,2025-02-09,1.313,1.128,0.958,1.4209999999999998
1216222,2025-02-11,1.0189999999999997,2.306,1.56,0.553
1216217,2025-02-11,0.9369999999999999,0.865,1.5559999999999998,0.8640000000000001
1216216,2025-02-11,1.5509999999999997,1.274,1.1860000000000002,1.1139999999999999
1216220,2025-02-11,1.342,0.907,1.65,1.463
1216218,2025-02-11,1.3800000000000001,1.143,0.985,1.141
1208166,2025-02-12,1.077,2.755,1.197,0.942
1216223,2025-02-12,1.025,1.102,0.9019999999999999,1.335
1216215,2025-02-12,1.218,1.097,1.117,1.509
1216221,2025-02-12,1.213,1.5100000000000002,1.4289999999999998,1.5710000000000002
1216225,2025-02-12,1.6529999999999998,0.9339999999999998,1.041,1.283
1216219,2025-02-12,0.967,0.9099999999999999,1.613,1.0419999999999998
1216226,2025-02-12,1.557,1.306,1.14,1.329
1216224,2025-02-12,1.277,1.15,1.06,1.246
1208264,2025-02-14,1.195,1.971,1.468,1.574
1216236,2025-02-14,1.163,0.9760000000000002,1.2339999999999998,1.4869999999999999
1208267,2025-02-15,0.841,1.5550000000000002,1.8690000000000002,0.7200000000000001
1216228,2025-02-15,0.9789999999999999,1.31,1.537,0.9669999999999999
1216235,2025-02-15,1.175,1.05,0.9910000000000002,0.8909999999999998
1216234,2025-02-15,0.741,1.474,0.8969999999999999,1.4400000000000002
1208266,2025-02-15,1.371,1.4989999999999999,1.153,1.157
1208270,2025-02-15,0.826,1.8920000000000001,2.386,1.472
1208272,2025-02-15,1.1620000000000001,1.6179999999999999,1.6620000000000001,1.5589999999999997
1208269,2025-02-15,1.7139999999999997,2.131,1.4240000000000002,1.051
1208263,2025-02-15,1.1609999999999998,0.9440000000000002,1.2850000000000001,1.9970000000000003
1216233,2025-02-15,0.8879999999999999,1.425,1.262,1.1549999999999998
1216229,2025-02-15,1.0430000000000001,1.3900000000000001,1.1629999999999998,1.0230000000000001
1216227,2025-02-15,1.184,0.867,1.263,1.506
1216232,2025-02-15,1.17,0.9239999999999998,1.3589999999999998,1.7530000000000001
1216237,2025-02-15,1.426,1.5230000000000001,1.358,1.064
1216238,2025-02-15,0.9540000000000001,1.1469999999999998,1.464,1.3789999999999998
1216231,2025-02-15,0.8759999999999998,1.4409999999999998,1.239,1.161
1208265,2025-02-15,1.562,1.0699999999999998,1.359,1.1809999999999998
1208268,2025-02-16,2.618,1.187,0.828,1.448
1208271,2025-02-16,1.4499999999999997,1.4620000000000002,2.061,1.575
1216230,2025-02-17,2.229,1.716,0.524,1.01
1216209,2025-02-18,1.176,0.9150000000000003,0.8960000000000001,1.113
1208305,2025-02-19,1.174,2.571,1.289,0.8560000000000002
1216207,2025-02-19,0.945,0.9339999999999999,1.407,1.527
1216239,2025-02-21,1.387,1.07,1.0789999999999997,1.1600000000000001
1208279,2025-02-21,0.732,1.661,1.8530000000000002,1.4929999999999999
1216240,2025-02-21,1.077,1.402,0.842,1.38
1208276,2025-02-22,1.157,1.454,1.231,1.7149999999999999
1216242,2025-02-22,0.9480000000000002,0.8880000000000001,1.442,1.214
1216247,2025-02-22,1.6460000000000001,0.968,1.016,1.2209999999999999
1216244,2025-02-22,0.9179999999999999,1.0959999999999999,1.5930000000000002,1.498
1208273,2025-02-22,1.684,1.19,1.4189999999999998,1.519
1208277,2025-02-22,1.573,1.6,0.992,1.3099999999999998
1208282,2025-02-22,0.8719999999999999,1.1830000000000003,2.277,1.391
1208274,2025-02-22,1.4899999999999998,1.1490000000000002,0.7260000000000001,1.6809999999999998
1208278,2025-02-22,0.849,1.3829999999999998,1.911,1.9300000000000002
1216250,2025-02-22,1.3370000000000002,0.775,1.143,1.0539999999999998
1216243,2025-02-22,1.338,0.813,1.043,1.377
1216248,2025-02-22,1.077,1.28,1.4259999999999997,1.2219999999999998
1216241,2025-02-22,1.474,1.252,1.195,0.8549999999999999
1216245,2025-02-22,1.5030000000000001,1.2080000000000002,1.472,1.133
1208275,2025-02-22,1.1989999999999998,1.7420000000000002,1.3609999999999998,1.426
1216249,2025-02-23,1.0150000000000001,1.0619999999999998,1.6949999999999998,1.4
1208281,2025-02-23,2.0309999999999997,1.458,1.1179999999999999,1.215
1208280,2025-02-23,1.759,2.258,1.338,0.796
1216246,2025-02-24,1.5819999999999999,2.306,1.2510000000000001,0.5279999999999999
1208288,2025-02-25,1.2630000000000001,1.4709999999999999,1.4609999999999999,0.908
1208284,2025-02-25,1.48,1.5449999999999997,1.1730000000000003,1.4129999999999998
1208289,2025-02-25,1.498,1.2650000000000001,1.2299999999999998,1.488
1216205,2025-02-25,1.0899999999999999,0.986,1.53,1.268
1216212,2025-02-25,0.932,1.076,1.546,1.213
1208290,2025-02-25,1.749,0.8009999999999999,1.4980000000000002,2.4299999999999997
1208292,2025-02-26,1.2870000000000001,0.8440000000000001,1.811,1.955
1208286,2025-02-26,1.31,1.7289999999999999,1.9609999999999996,1.201
1208283,2025-02-26,1.6520000000000004,1.2449999999999999,1.321,1.155
1208285,2025-02-26,1.459,1.49,1.464,0.8240000000000001
1208291,2025-02-26,2.1380000000000003,1.943,0.827,1.278
1208287,2025-02-27,1.0500000000000003,0.764,1.6019999999999999,1.626
1216261,2025-02-28,1.4100000000000001,1.5509999999999997,1.223,1.018
1216254,2025-03-01,2.167,1.5130000000000001,0.6319999999999999,1.028
1216251,2025-03-01,1.262,1.4240000000000002,1.308,1.187
1216258,2025-03-01,0.7369999999999999,1.611,1.24,1.2320000000000002
1216256,2025-03-01,1.254,0.9700000000000001,1.2710000000000001,1.415
1216260,2025-03-01,1.256,1.562,1.105,1.283
1216262,2025-03-01,0.966,1.19,1.557,1.6360000000000003
1216255,2025-03-01,1.0619999999999998,1.64,1.393,1.311
1216252,2025-03-04,1.068,1.157,1.323,0.917
1216257,2025-03-04,1.042,1.3139999999999998,1.1889999999999998,1.1939999999999997
1216259,2025-03-04,1.046,1.039,0.925,1.3800000000000001
1216253,2025-03-04,0.875,0.852,1.19,1.568
1216267,2025-03-07,1.4360000000000002,0.8039999999999999,1.1940000000000002,1.2890000000000001
1208299,2025-03-08,1.4090000000000003,1.8379999999999999,1.491,1.167
1216273,2025-03-08,1.0939999999999999,0.9960000000000001,1.582,1.18
1216265,2025-03-08,1.6459999999999997,0.901,1.272,1.4619999999999997
1208297,2025-03-08,1.9929999999999999,0.8469999999999999,0.8140000000000001,2.598
1208294,2025-03-08,1.6280000000000001,1.552,1.188,1.0130000000000001
1208296,2025-03-08,1.77,0.916,0.9810000000000001,1.7939999999999998
1216264,2025-03-08,1.154,1.037,0.917,1.395
1216263,2025-03-08,1.329,1.0959999999999999,1.113,1.124
1216274,2025-03-08,1.476,1.268,1.0670000000000002,1.129
1216270,2025-03-08,1.4920000000000002,1.11,1.327,0.858
1216266,2025-03-08,0.7340000000000001,1.2639999999999998,1.302,1.3399999999999999
1216272,2025-03-08,0.9760000000000002,1.265,1.364,1.26
1216271,2025-03-08,1.56,1.1389999999999998,0.97,1.389
1216268,2025-03-08,0.867,1.31,1.73,1.0719999999999998
1208293,2025-03-08,1.7280000000000002,1.269,1.3679999999999999,1.643
1208302,2025-03-08,1.283,1.3190000000000002,1.5499999999999998,1.094
1216269,2025-03-09,1.576,2.171,1.24,0.6679999999999999
1208300,2025-03-09,1.3160000000000003,1.5279999999999998,1.61,1.4269999999999998
1208295,2025-03-09,1.888,0.7209999999999999,1.467,1.6479999999999997
1208298,2025-03-09,1.131,1.302,1.791,0.705
1208301,2025-03-10,1.052,1.733,1.545,1.377
1216276,2025-03-11,1.1099999999999999,0.8400000000000001,1.5539999999999998,1.451
1216275,2025-03-11,1.4040000000000001,1.4609999999999999,0.8370000000000001,1.0829999999999997
1216277,2025-03-11,0.9199999999999999,1.623,1.327,1.2840000000000003
1216278,2025-03-11,1.226,1.157,1.31,0.994
1216284,2025-03-11,1.3830000000000002,1.277,1.12,0.969
1216281,2025-03-11,1.575,0.925,0.984,0.96
1216285,2025-03-11,1.5210000000000001,1.434,1.2100000000000002,1.178
1216286,2025-03-12,1.167,0.9900000000000002,1.573,1.301
1216283,2025-03-12,2.192,0.9949999999999999,0.499,1.272
1216282,2025-03-12,0.9629999999999999,0.8019999999999999,1.1500000000000001,1.3880000000000001
1216279,2025-03-12,1.557,0.841,1.313,1.8470000000000002
1216280,2025-03-12,1.027,1.2799999999999998,1.545,1.453
1216288,2025-03-14,1.502,1.497,1.2239999999999998,1.104
1216291,2025-03-15,0.9629999999999999,1.0530000000000002,1.244,1.425
1216295,2025-03-15,0.9710000000000001,2.0839999999999996,1.092,0.48
1208312,2025-03-15,0.743,1.274,2.8289999999999997,1.6469999999999998
1208306,2025-03-15,1.371,0.9430000000000002,1.0230000000000001,1.545
1208310,2025-03-15,1.7149999999999999,1.6509999999999998,1.177,1.1709999999999998
1208308,2025-03-15,1.049,1.37,1.9339999999999997,1.4869999999999999
1216294,2025-03-15,1.0030000000000001,1.495,1.1229999999999998,1.2710000000000001
1216298,2025-03-15,1.345,1.066,1.111,1.1280000000000001
1216287,2025-03-15,1.2429999999999999,1.1019999999999999,1.464,1.6169999999999998
1216297,2025-03-15,1.0210000000000001,1.478,1.2740000000000002,0.6100000000000001
1216292,2025-03-15,0.7210000000000001,1.043,1.461,1.515
1216289,2025-03-15,1.6059999999999999,1.501,1.2870000000000001,0.9939999999999998
1216293,2025-03-15,0.8480000000000001,0.8739999999999999,1.6969999999999998,1.2189999999999999
1216290,2025-03-15,0.891,1.179,1.5270000000000001,1.329
1208303,2025-03-15,1.6009999999999998,1.704,1.5349999999999997,1.3690000000000002
1216296,2025-03-16,1.4309999999999998,1.4490000000000003,0.9269999999999999,1.319
1208307,2025-03-16,1.464,1.379,1.0550000000000002,1.718
1208304,2025-03-16,1.278,1.9540000000000002,0.8420000000000002,1.299
1208309,2025-03-16,0.6969999999999998,1.2389999999999999,1.6349999999999998,1.8670000000000002
1216307,2025-03-28,1.3860000000000003,1.6190000000000002,1.297,1.2360000000000002
1216310,2025-03-29,1.138,0.9059999999999999,1.3199999999999998,1.521
1216302,2025-03-29,0.976,1.068,1.093,1.465
1216300,2025-03-29,1.065,1.4629999999999999,1.613,0.9490000000000001
1216299,2025-03-29,1.399,1.513,0.6160000000000001,1.393
1216303,2025-03-29,2.0989999999999998,0.9139999999999999,0.546,1.2870000000000004
1216304,2025-03-29,1.113,0.6839999999999999,1.4770000000000003,1.5250000000000001
1216305,2025-03-29,1.751,1.3459999999999999,1.085,1.0459999999999998
1216308,2025-03-29,1.0559999999999998,0.915,1.339,1.114
1216309,2025-03-29,1.4519999999999997,0.9189999999999999,1.2279999999999998,1.169
1216306,2025-03-29,1.3830000000000002,1.1960000000000002,1.2229999999999999,1.2650000000000001
1208317,2025-04-01,1.238,0.9900000000000002,1.559,1.3299999999999998
1208314,2025-04-01,1.1640000000000001,1.452,0.8450000000000001,0.9550000000000001
1208316,2025-04-01,1.374,1.2269999999999999,1.44,1.7870000000000001
1208320,2025-04-02,1.5970000000000002,1.7549999999999997,1.415,1.3450000000000002
1208313,2025-04-02,1.5699999999999998,0.933,1.507,1.886
1208321,2025-04-02,0.786,2.0509999999999997,2.662,0.982
1208319,2025-04-02,1.7599999999999998,0.679,1.2510000000000001,1.5859999999999999
1208315,2025-04-02,1.7419999999999998,1.2230000000000003,1.1650000000000003,1.6129999999999995
1216301,2025-04-02,0.9149999999999998,1.01,1.222,1.143
1208322,2025-04-02,2.123,1.4,0.7450000000000001,0.9219999999999999
1208318,2025-04-03,1.7890000000000004,1.252,1.2179999999999997,1.7449999999999999
1216311,2025-04-04,1.052,1.2200000000000002,1.1030000000000002,1.5810000000000002
1208326,2025-04-05,1.353,1.3139999999999996,0.9400000000000001,0.792
1216322,2025-04-05,1.169,1.614,0.9730000000000001,1.214
1216313,2025-04-05,1.593,1.5699999999999998,1.34,0.6060000000000001
1216314,2025-04-05,0.992,2.238,1.373,0.7260000000000001
1208332,2025-04-05,0.9869999999999999,1.5729999999999997,1.257,1.5529999999999997
1208325,2025-04-05,1.9359999999999995,1.6799999999999997,0.9390000000000001,1.202
1208328,2025-04-05,0.891,1.1969999999999998,1.8490000000000002,1.4799999999999998
1216312,2025-04-05,1.3489999999999998,1.271,1.394,1.2359999999999998
1216315,2025-04-05,0.8610000000000001,1.2960000000000003,1.2710000000000001,1.128
1216318,2025-04-05,0.999,1.17,1.076,1.2759999999999998
1216319,2025-04-05,0.9310000000000003,0.959,1.176,1.533
1216320,2025-04-05,1.4149999999999998,0.998,1.083,1.043
1216321,2025-04-05,0.9799999999999999,0.858,1.163,0.9740000000000002
1216316,2025-04-05,0.7120000000000001,1.4309999999999998,1.7260000000000002,1.3690000000000002
1216317,2025-04-05,0.8700000000000001,1.546,1.656,1.074
1208323,2025-04-05,1.1920000000000002,1.209,1.6620000000000001,1.4440000000000002
1208327,2025-04-06,1.327,2.0629999999999997,1.034,0.7810000000000001
1208331,2025-04-06,1.237,0.808,1.609,2.304
1208324,2025-04-06,1.4720000000000002,1.7740000000000002,1.459,1.189
1208330,2025-04-06,1.2850000000000001,1.793,1.5530000000000002,1.121
1208329,2025-04-07,0.6449999999999999,1.5480000000000003,1.654,1.4880000000000002
1216330,2025-04-08,1.228,0.8880000000000001,1.046,1.034
1216324,2025-04-08,1.3579999999999999,1.143,1.3210000000000002,0.8280000000000001
1216327,2025-04-08,0.959,1.0130000000000001,1.151,1.014
1216328,2025-04-08,1.4660000000000002,0.93,1.3920000000000001,1.255
1216323,2025-04-08,0.9270000000000002,1.2420000000000002,1.102,1.1030000000000002
1216332,2025-04-08,0.837,1.655,0.9080000000000001,0.631
1216326,2025-04-08,1.403,1.432,1.178,1.2530000000000001
1216329,2025-04-08,1.2979999999999998,1.0390000000000001,1.1559999999999997,1.252
1216325,2025-04-08,1.1800000000000002,1.8219999999999998,1.4180000000000001,0.8109999999999999
1216334,2025-04-09,0.978,0.877,0.9899999999999999,1.573
1216333,2025-04-09,0.72,0.9059999999999999,1.794,1.174
1216331,2025-04-09,1.505,1.2340000000000004,1.4760000000000002,1.18
1216335,2025-04-11,1.573,1.4160000000000001,0.6980000000000001,1.139
1208338,2025-04-12,1.6320000000000001,1.888,0.9650000000000002,0.915
1216338,2025-04-12,1.559,1.045,0.874,1.169
1216341,2025-04-12,0.6769999999999999,1.53,1.766,1.138
1208341,2025-04-12,0.758,1.374,2.1740000000000004,1.6960000000000002
1208335,2025-04-12,1.6829999999999998,0.5230000000000002,1.234,1.8
1208340,2025-04-12,1.326,1.267,1.5479999999999998,1.0070000000000001
1216336,2025-04-12,1.0070000000000001,1.299,1.0470000000000002,1.1119999999999999
1216340,2025-04-12,0.898,1.168,1.175,1.277
1216346,2025-04-12,1.173,1.137,0.7550000000000001,0.812
1216343,2025-04-12,0.916,1.3189999999999997,1.0739999999999998,1.3350000000000002
1216344,2025-04-12,1.1969999999999998,0.755,1.104,1.7720000000000002
1216345,2025-04-12,1.2060000000000002,1.08,1.1809999999999998,0.942
1216342,2025-04-12,1.0270000000000001,0.8190000000000002,1.216,0.917
1216339,2025-04-12,1.108,0.9270000000000002,1.1649999999999998,1.067
1208334,2025-04-12,1.3479999999999996,1.343,0.8230000000000001,1.372
1208342,2025-04-13,1.3059999999999998,1.371,1.3490000000000002,1.568
1208337,2025-04-13,1.8700000000000003,0.961,0.7830000000000001,1.279
1208336,2025-04-13,1.6469999999999998,0.9430000000000002,1.189,2.023
1208339,2025-04-13,1.6310000000000002,1.034,1.4420000000000002,1.4480000000000002
1208333,2025-04-14,1.6669999999999998,1.211,1.3719999999999999,1.089
1216337,2025-04-14,0.916,1.6029999999999998,0.9510000000000002,1.211
1208311,2025-04-16,1.637,1.8880000000000003,1.352,1.126
1216350,2025-04-18,0.877,1.0190000000000001,1.074,0.991
1216358,2025-04-18,1.1720000000000002,1.5210000000000001,0.709,0.8019999999999999
1216348,2025-04-18,1.2679999999999998,1.149,1.4800000000000002,1.24
1216354,2025-04-18,1.0539999999999998,1.0130000000000001,1.422,1.024
1216347,2025-04-18,0.9000000000000001,0.9890000000000001,1.0870000000000002,1.199
1216351,2025-04-18,1.146,0.6679999999999999,1.283,1.6079999999999999
1216352,2025-04-18,1.483,1.057,1.134,1.263
1216356,2025-04-18,1.313,1.205,1.1769999999999998,1.1969999999999998
1216357,2025-04-18,1.1520000000000001,0.945,0.9189999999999999,0.921
1216349,2025-04-18,1.5719999999999998,1.2310000000000003,1.221,0.782
1216355,2025-04-18,1.3510000000000002,0.9899999999999999,1.096,1.041
1216353,2025-04-18,0.841,1.6969999999999998,1.7850000000000001,0.8480000000000002
1208346,2025-04-19,1.318,1.7100000000000002,0.986,1.089
1208352,2025-04-19,1.083,0.7,1.3249999999999997,2.2720000000000002
1208345,2025-04-19,1.956,1.5870000000000002,1.252,1.4
1208344,2025-04-19,1.2950000000000002,1.8810000000000002,1.125,1.236
1208343,2025-04-19,1.573,1.7120000000000002,1.5939999999999999,1.3260000000000003
1208350,2025-04-20,0.9580000000000002,1.459,1.4720000000000002,1.23
1208347,2025-04-20,1.0990000000000002,1.5589999999999997,1.188,1.2099999999999997
1208348,2025-04-20,0.9920000000000002,1.311,1.9469999999999998,0.743
1208349,2025-04-20,0.6260000000000001,1.85,1.972,0.8850000000000001
1216360,2025-04-21,0.93,0.7430000000000001,1.093,1.7689999999999997
1216364,2025-04-21,1.093,1.4580000000000002,1.2349999999999999,1.3399999999999999
1216370,2025-04-21,1.2730000000000001,0.9960000000000001,0.826,1.0379999999999998
1216362,2025-04-21,1.685,1.2530000000000001,0.842,0.9950000000000001
1216361,2025-04-21,0.909,0.9889999999999999,0.9470000000000003,1.5290000000000001
1216367,2025-04-21,1.065,1.2040000000000002,1.045,0.8850000000000001
1216368,2025-04-21,1.1540000000000001,1.3089999999999997,1.151,1.259
1216369,2025-04-21,1.136,0.857,1.245,1.1320000000000001
1216366,2025-04-21,1.129,1.12,1.238,0.8140000000000001
1216365,2025-04-21,0.851,1.5370000000000001,1.732,1.152
1216363,2025-04-21,0.897,1.3579999999999999,1.1400000000000001,1.348
1216359,2025-04-21,1.6169999999999998,1.287,0.883,1.016
1208351,2025-04-21,1.455,1.173,1.612,1.5949999999999998
1208358,2025-04-22,1.6640000000000001,1.714,1.0,1.5630000000000002
1208354,2025-04-23,1.466,1.8850000000000002,0.6859999999999999,1.1720000000000002
1216382,2025-04-25,1.188,1.245,1.1190000000000002,1.0919999999999999
1208356,2025-04-26,1.4689999999999999,1.1629999999999998,0.985,1.157
1216380,2025-04-26,1.0260000000000002,1.675,1.0829999999999997,0.8470000000000001
1216375,2025-04-26,0.9649999999999999,1.55,0.968,1.303
1208359,2025-04-26,1.5190000000000001,0.9610000000000001,1.4760000000000002,2.004
1208362,2025-04-26,1.4100000000000001,0.49700000000000005,1.262,2.125
1208361,2025-04-26,0.688,1.0570000000000002,2.0700000000000003,1.2530000000000003
1208355,2025-04-26,1.9509999999999998,1.043,1.3679999999999999,1.304
1216372,2025-04-26,0.982,1.091,1.078,0.8870000000000001
1216377,2025-04-26,1.033,1.2040000000000002,1.23,0.8920000000000001
1216379,2025-04-26,0.9960000000000001,1.001,1.583,1.78
1216373,2025-04-26,1.119,1.044,1.004,0.8880000000000001
1216371,2025-04-26,0.8629999999999999,0.9430000000000002,1.0020000000000002,1.064
1216376,2025-04-26,1.302,1.206,1.491,1.355
1216381,2025-04-26,1.3940000000000001,1.275,1.2169999999999999,1.234
1216378,2025-04-26,0.7230000000000001,1.104,1.596,1.182
1208353,2025-04-27,1.4900000000000004,1.0650000000000002,1.339,1.4300000000000002
1208357,2025-04-27,1.8549999999999998,1.5650000000000002,0.7540000000000001,1.5040000000000002
1216374,2025-04-28,1.9,1.1949999999999998,0.7790000000000001,1.35
1208360,2025-05-01,1.123,1.36,1.64,1.1599999999999997
1208371,2025-05-02,1.6920000000000002,1.449,1.068,1.3320000000000003
1208364,2025-05-03,1.8369999999999997,1.1430000000000002,1.5090000000000001,1.2410000000000003
1216393,2025-05-03,0.9270000000000002,1.435,1.105,1.1580000000000001
1216384,2025-05-03,1.779,1.1099999999999999,0.7679999999999999,1.144
1216383,2025-05-03,1.019,1.0839999999999999,1.6060000000000003,1.616
1216394,2025-05-03,1.161,1.122,0.9,0.9359999999999999
1216390,2025-05-03,1.362,0.8590000000000002,1.025,0.9809999999999999
1216386,2025-05-03,1.053,1.2,0.8280000000000001,1.2760000000000002
1216387,2025-05-03,1.214,0.998,1.3160000000000003,1.0820000000000003
1216392,2025-05-03,1.254,0.7750000000000001,0.898,1.391
1216391,2025-05-03,1.058,0.9330000000000002,1.23,1.2389999999999999
1216385,2025-05-03,1.3,1.269,1.425,1.535
1216389,2025-05-03,1.2750000000000001,0.9070000000000003,1.314,1.0099999999999998
1216388,2025-05-03,1.058,2.1100000000000003,1.7700000000000002,0.7090000000000001
1208369,2025-05-03,1.1119999999999999,0.8160000000000001,1.183,2.188
1208370,2025-05-03,0.5790000000000001,0.6499999999999999,2.081,2.157
1208363,2025-05-03,1.484,1.3850000000000002,0.7859999999999999,1.339
1208372,2025-05-04,1.048,1.5250000000000004,1.268,1.526
1208366,2025-05-04,1.9940000000000002,1.7289999999999999,1.154,1.3299999999999998
1208365,2025-05-04,1.2830000000000001,1.205,1.164,1.2229999999999999
1208367,2025-05-04,1.3900000000000001,2.021,0.9069999999999998,0.705
1208368,2025-05-05,1.8059999999999998,0.8720000000000001,1.178,1.6809999999999998
1374041,2025-05-08,0.967,1.4689999999999999,1.65,1.055
1374043,2025-05-09,1.407,0.8700000000000001,1.356,1.2159999999999997
1208374,2025-05-10,1.01,1.0710000000000002,1.2950000000000004,1.096
1208382,2025-05-10,1.343,1.921,1.231,1.2870000000000001
1208380,2025-05-10,0.6239999999999999,1.567,2.1770000000000005,1.064
1208375,2025-05-10,0.8640000000000001,1.3969999999999998,2.0010000000000003,1.238
1208373,2025-05-10,1.3620000000000003,1.691,1.402,1.557
1208378,2025-05-11,1.8680000000000003,1.6490000000000002,1.2089999999999999,0.8700000000000001
1208377,2025-05-11,1.209,1.05,1.28,1.179
1208381,2025-05-11,1.3790000000000002,1.89,1.458,1.153
1208379,2025-05-11,0.9010000000000001,0.6970000000000001,1.7189999999999999,1.996
1208376,2025-05-11,1.9600000000000002,1.488,0.868,0.8610000000000001
1374042,2025-05-12,1.609,0.8460000000000001,0.9339999999999999,1.7900000000000003
1208384,2025-05-16,1.722,1.2760000000000002,1.387,1.682
1208387,2025-05-16,1.488,1.3910000000000002,0.7929999999999999,1.2650000000000001
1208389,2025-05-18,0.9920000000000002,0.6209999999999999,1.134,1.9619999999999997
1208392,2025-05-18,1.119,0.852,1.28,1.533
1208390,2025-05-18,0.7510000000000001,0.842,1.9740000000000002,1.971
1208385,2025-05-18,1.386,1.0690000000000002,1.28,1.278
1208383,2025-05-18,1.6239999999999999,1.7329999999999999,0.993,1.0989999999999998
1208386,2025-05-19,1.6809999999999998,1.9490000000000003,1.3649999999999998,1.059
1208391,2025-05-20,1.684,1.3800000000000003,1.003,1.3
1208388,2025-05-20,2.1,1.234,1.2009999999999998,1.326
1375668,2025-05-24,1.6280000000000001,0.805,0.8520000000000001,1.2889999999999997
1208397,2025-05-25,1.3490000000000002,1.6280000000000001,1.205,1.2079999999999997
1208398,2025-05-25,1.8959999999999997,1.1280000000000001,0.993,1.107
1208393,2025-05-25,1.346,0.7939999999999999,1.2120000000000002,1.9820000000000004
1208394,2025-05-25,0.999,1.6260000000000001,1.4340000000000004,0.982
1208402,2025-05-25,1.244,1.525,1.323,1.2420000000000002
1208396,2025-05-25,2.101,1.8349999999999997,1.214,1.3039999999999998
1208400,2025-05-25,0.67,1.589,1.9789999999999999,1.1389999999999998
1208401,2025-05-25,1.194,1.659,1.609,1.4420000000000002
1208395,2025-05-25,0.8399999999999999,1.0989999999999998,1.9790000000000003,1.439
1208399,2025-05-25,1.0080000000000002,1.315,1.5470000000000002,0.7510000000000001
1386551,2025-08-08,1.024,0.766,0.916,1.761
1386553,2025-08-09,0.696,,1.8060000000000003,
1386554,2025-08-09,,0.9299999999999999,,1.1869999999999998
1386552,2025-08-09,1.485,1.033,1.423,0.8469999999999999
1386555,2025-08-09,1.293,0.758,0.8469999999999999,1.009
1386557,2025-08-09,1.3780000000000001,1.266,1.6280000000000001,1.052
1386560,2025-08-09,1.36,1.1909999999999998,1.4529999999999998,1.217
1386558,2025-08-09,0.8619999999999999,1.2,1.21,1.661
1386556,2025-08-09,1.009,0.9789999999999999,1.334,0.6920000000000002
1386559,2025-08-09,0.9269999999999999,1.2870000000000001,1.3569999999999998,1.306
1386561,2025-08-09,1.61,0.79,0.805,1.657
1386562,2025-08-10,0.8109999999999999,1.4279999999999997,1.966,1.288
1378969,2025-08-15,2.145,1.2880000000000003,1.3679999999999999,1.0859999999999999
1378970,2025-08-16,1.629,1.8830000000000002,1.0719999999999998,1.037
1386568,2025-08-16,0.9390000000000001,1.342,0.7270000000000001,1.422
1386565,2025-08-16,1.268,1.315,1.417,1.4689999999999999
1386564,2025-08-16,,1.3539999999999999,,0.775
1378974,2025-08-16,1.244,1.7309999999999999,1.6130000000000002,0.8949999999999999
1378971,2025-08-16,1.7289999999999999,1.037,1.555,1.5790000000000002
1378973,2025-08-16,0.8320000000000001,1.135,1.1489999999999998,1.3729999999999998
1386571,2025-08-16,0.944,0.8520000000000001,1.236,1.178
1386566,2025-08-16,0.891,,1.6969999999999998,
1386563,2025-08-16,1.38,1.2970000000000002,1.2380000000000002,1.534
1386567,2025-08-16,1.205,0.9529999999999997,1.544,1.95
1386569,2025-08-16,0.7749999999999999,1.095,0.9869999999999999,0.924
1386573,2025-08-16,1.2969999999999997,0.977,1.3930000000000002,1.3190000000000002
1386574,2025-08-16,1.209,1.714,1.0290000000000001,0.8260000000000002
1378975,2025-08-16,1.2710000000000001,1.839,1.325,1.037
1386572,2025-08-17,0.85,0.9730000000000001,1.722,1.9579999999999997
1378976,2025-08-17,1.246,1.6860000000000004,0.8610000000000001,1.3699999999999999
1378972,2025-08-17,1.0550000000000002,1.5850000000000002,1.5700000000000003,1.214
1386570,2025-08-17,0.9119999999999999,1.014,0.9410000000000001,1.314
1378977,2025-08-17,1.4920000000000002,1.666,1.082,1.049
1378978,2025-08-18,2.182,1.1030000000000002,0.6920000000000001,1.157
1378988,2025-08-22,1.108,1.371,1.3479999999999999,0.85
1386580,2025-08-22,0.9890000000000001,0.897,0.9550000000000001,1.765
1378986,2025-08-23,1.9140000000000001,1.378,0.889,1.608
1386579,2025-08-23,1.0779999999999998,0.77,0.944,1.113
1386575,2025-08-23,1.299,1.0170000000000001,0.897,1.2369999999999999
1386577,2025-08-23,,1.038,,1.9740000000000002
1378980,2025-08-23,1.291,1.291,1.2240000000000002,1.435
1378982,2025-08-23,1.682,0.687,1.069,1.1230000000000002
1378981,2025-08-23,1.6509999999999998,1.517,1.23,1.1320000000000001
1386578,2025-08-23,0.9970000000000001,1.113,2.034,1.3530000000000002
1386584,2025-08-23,1.083,1.067,0.819,1.3719999999999999
1386581,2025-08-23,1.202,0.897,1.578,1.61
1386576,2025-08-23,1.4919999999999998,1.3860000000000001,0.951,1.3619999999999997
1386582,2025-08-23,1.5959999999999999,1.3239999999999998,0.908,1.267
1386583,2025-08-23,1.2449999999999999,1.3719999999999999,1.5419999999999998,1.348
1386586,2025-08-23,1.5479999999999998,0.8240000000000001,1.4010000000000002,1.247
1386585,2025-08-23,,1.3179999999999998,,1.4850000000000003
1378979,2025-08-23,1.72,2.3120000000000003,1.166,0.752
1378984,2025-08-24,1.0830000000000002,1.673,1.2869999999999997,1.459
1378983,2025-08-24,1.6640000000000001,1.0859999999999999,1.479,1.677
1378985,2025-08-24,1.0139999999999998,1.566,1.629,1.1010000000000002
1378987,2025-08-25,1.8830000000000002,1.9540000000000002,0.8939999999999998,1.502
1386587,2025-08-29,1.0390000000000001,1.1560000000000001,1.8089999999999997,0.6849999999999999
1378991,2025-08-30,1.536,1.091,0.8440000000000001,1.5540000000000003
1386595,2025-08-30,1.283,1.6629999999999998,1.321,0.9650000000000001
1386592,2025-08-30,0.8309999999999998,1.25,1.221,0.6466666666666666
1386594,2025-08-30,1.1099999999999999,1.4289999999999998,1.558,0.9479999999999998
1378994,2025-08-30,1.566,1.592,1.229,1.1019999999999999
1378998,2025-08-30,1.2189999999999999,1.1760000000000002,1.4300000000000002,1.3909999999999996
1378997,2025-08-30,1.41,1.2329999999999999,1.654,1.153
1378996,2025-08-30,0.741,1.609,1.052,1.206
1386596,2025-08-30,0.865,1.152,1.2449999999999999,1.9720000000000002
1386591,2025-08-30,0.908,1.0619999999999998,1.623,1.178
1386597,2025-08-30,0.9560000000000001,0.9700000000000001,1.423,1.001
1386588,2025-08-30,1.3820000000000001,1.7299999999999998,1.177,3.06
1386593,2025-08-30,1.028,1.266,1.134,1.571
1386598,2025-08-30,1.5419999999999998,1.168,1.443,0.76
1386589,2025-08-30,0.96,1.525,1.2970000000000002,1.299
1386590,2025-08-30,1.4489999999999998,1.2559999999999998,1.376,1.6510000000000002
1378992,2025-08-30,2.1919999999999997,1.6529999999999998,0.9620000000000001,0.9149999999999997
1378990,2025-08-31,1.826,1.8450000000000002,1.4939999999999998,0.993
1378995,2025-08-31,1.1309999999999998,1.0470000000000002,1.6239999999999999,1.504
1378993,2025-08-31,1.8840000000000003,1.7700000000000002,1.533,1.0839999999999999
1378989,2025-08-31,1.5110000000000001,1.714,1.1629999999999998,1.472
1386603,2025-09-12,1.1400000000000001,1.557,1.344,0.991
1378999,2025-09-13,1.64,1.056,1.027,1.5630000000000002
1386607,2025-09-13,1.304,1.3,1.5670000000000002,1.323
1386601,2025-09-13,1.1475,1.428,0.8425,1.169
1386609,2025-09-13,0.9550000000000001,0.9450000000000001,1.345,1.501
1379007,2025-09-13,1.482,1.0590000000000002,0.9119999999999997,1.543
1379000,2025-09-13,1.1800000000000002,1.955,1.103,1.6179999999999999
1379005,2025-09-13,1.119,2.083,1.639,0.8089999999999999
1379004,2025-09-13,1.26,1.3219999999999998,1.323,1.2800000000000002
1379003,2025-09-13,1.797,0.8239999999999998,1.2049999999999998,1.09
1386606,2025-09-13,0.892,1.178,1.359,1.251
1386602,2025-09-13,1.3239999999999998,1.0530000000000002,1.0199999999999998,1.267
1386599,2025-09-13,1.4819999999999998,1.1640000000000001,1.5110000000000003,1.7020000000000004
1386605,2025-09-13,0.9629999999999999,1.097,1.5710000000000002,0.718
1386600,2025-09-13,1.274,1.259,0.74,1.422
1386608,2025-09-13,1.551,1.361,1.3039999999999998,1.5879999999999999
1386610,2025-09-13,1.4349999999999998,0.9200000000000002,2.735,1.246
1379008,2025-09-13,1.2200000000000002,1.2169999999999999,1.3650000000000002,1.7090000000000003
1379001,2025-09-13,1.611,1.6480000000000001,1.237,0.828
1386604,2025-09-14,1.302,1.544,1.7240000000000002,1.347
1379002,2025-09-14,1.5219999999999998,1.786,1.436,1.508
1379006,2025-09-14,1.98,1.8379999999999999,1.1309999999999998,1.3
1386618,2025-09-19,1.339,1.2500000000000002,1.2969999999999997,0.9869999999999999
1379014,2025-09-20,1.873,1.332,1.371,1.325
1386611,2025-09-20,1.0020000000000002,1.807,1.454,1.2279999999999998
1386616,2025-09-20,1.09,1.097,0.6220000000000001,0.845
1386621,2025-09-20,0.925,0.975,1.388,1.5230000000000001
1379018,2025-09-20,0.8700000000000001,2.0050000000000003,1.502,0.8039999999999999
1379012,2025-09-20,1.3719999999999999,1.0239999999999998,1.551,1.611
1379017,2025-09-20,1.1300000000000001,1.7740000000000002,1.316,1.087
1379011,2025-09-20,1.6260000000000001,1.15,1.613,1.53
1386614,2025-09-20,1.519,1.064,1.02,0.8800000000000001
1386619,2025-09-20,1.3569999999999998,1.356,1.459,1.7270000000000003
1386622,2025-09-20,0.993,1.194,1.3039999999999998,1.6290000000000002
1386617,2025-09-20,1.297,1.552,1.8850000000000002,2.4739999999999998
1386615,2025-09-20,1.5390000000000001,1.472,1.3169999999999997,1.4900000000000002
1379015,2025-09-20,1.918,1.5459999999999998,1.3459999999999996,0.8639999999999999
1379013,2025-09-20,1.097,1.7299999999999998,1.5720000000000003,1.266
1379010,2025-09-21,1.1789999999999998,1.483,1.0580000000000003,0.7619999999999999
1379016,2025-09-21,0.7929999999999999,1.073,1.177,1.457
1386613,2025-09-21,1.1030000000000002,1.105,1.748,1.291
1379009,2025-09-21,1.7280000000000002,1.862,1.023,1.101
1386612,2025-09-22,1.4789999999999999,0.9040000000000001,1.0660000000000003,1.4409999999999998
1386627,2025-09-26,1.227,1.0090000000000001,0.9890000000000001,1.293
1379020,2025-09-27,1.573,1.97,1.224,1.3639999999999997
1386629,2025-09-27,1.15,1.3859999999999997,1.0190000000000001,1.073
1386632,2025-09-27,1.732,1.268,1.2630000000000001,0.6679999999999999
1386633,2025-09-27,1.51,0.884,2.4516666666666667,1.2120000000000002
1379021,2025-09-27,1.4989999999999999,1.6149999999999998,1.023,1.5179999999999998
1379025,2025-09-27,1.7450000000000003,1.379,1.099,1.5689999999999997
1379022,2025-09-27,1.968,1.706,1.081,1.4140000000000001
1379024,2025-09-27,1.9520000000000004,1.153,0.869,1.0350000000000001
1386624,2025-09-27,0.8860000000000001,1.4759999999999998,1.3989999999999998,1.454
1386625,2025-09-27,1.4,1.3659999999999997,1.698,1.2229999999999999
1386626,2025-09-27,1.356,1.5310000000000001,1.131,1.2810000000000001
1386631,2025-09-27,1.251,1.151,1.31,1.783
1386630,2025-09-27,1.4809999999999999,0.877,1.5530000000000002,1.404
1386623,2025-09-27,0.9799999999999999,1.392,1.504,1.921
1386628,2025-09-27,1.015,1.1629999999999998,0.8333333333333334,1.233
1386634,2025-09-27,1.166,1.371,1.311,1.0239999999999998
1379027,2025-09-27,1.0859999999999999,0.8600000000000001,1.4819999999999998,1.055
1379028,2025-09-27,1.058,1.0230000000000001,1.614,1.418
1379019,2025-09-28,0.9249999999999998,1.173,1.4609999999999999,1.542
1379026,2025-09-28,1.3970000000000002,1.5619999999999998,0.582,1.0929999999999997
1379023,2025-09-29,1.311,1.105,1.211,1.483
1386635,2025-09-30,0.9630000000000001,1.4214285714285715,1.404,2.1928571428571426
1386637,2025-09-30,1.15,1.517,0.8230000000000001,1.6650000000000003
1386638,2025-09-30,1.376,1.4989999999999999,1.4860000000000002,0.9349999999999999
1386636,2025-09-30,1.168,1.432,1.0779999999999998,1.5870000000000002
1386639,2025-09-30,1.5059999999999998,1.216,1.597,1.402
1386641,2025-09-30,1.178,1.145,1.306,1.0510000000000002
1386640,2025-09-30,1.097,1.06,1.0989999999999998,1.5310000000000001
1386642,2025-09-30,0.7729999999999999,1.0799999999999998,1.249,0.7928571428571428
1386646,2025-10-01,1.337,1.754,1.029,1.034
1386644,2025-10-01,1.407,1.304,1.8350000000000002,0.967
1386645,2025-10-01,1.349,1.063,1.317,1.289
1386643,2025-10-01,0.954,1.2360000000000002,1.468,1.176
1379031,2025-10-03,1.182,1.023,0.967,1.59
1386648,2025-10-03,1.3575000000000002,1.241,2.0524999999999998,0.8300000000000001
1379035,2025-10-04,1.783,1.0990000000000002,0.9179999999999999,1.5010000000000001
1386654,2025-10-04,1.456,0.9810000000000001,1.636,1.2570000000000001
1386653,2025-10-04,1.061,1.121,1.215,1.249
1386656,2025-10-04,1.2029999999999998,2.1,1.586,0.9359999999999999
1379036,2025-10-04,1.9259999999999997,0.945,1.513,1.194
1379029,2025-10-04,1.6480000000000001,1.097,0.9729999999999999,1.4250000000000003
1386655,2025-10-04,1.186,1.266,1.0819999999999996,1.154
1386651,2025-10-04,1.325,1.001,1.4780000000000002,1.2939999999999998
1386647,2025-10-04,1.2899999999999998,1.31,1.3539999999999999,1.041
1386650,2025-10-04,1.255,1.02,1.3519999999999999,0.9199999999999999
1386652,2025-10-04,0.8659999999999999,1.6239999999999999,1.219,1.495
1386657,2025-10-04,0.9800000000000001,0.9650000000000001,1.0820000000000003,1.365
1386649,2025-10-04,1.1420000000000001,0.9459999999999997,1.44,0.8629999999999999
1379033,2025-10-04,1.592,1.6919999999999997,1.2069999999999999,1.6600000000000001
1386658,2025-10-05,1.552,1.534,1.018,1.7510000000000001
1379037,2025-10-05,1.1730000000000003,1.164,0.776,1.519
1379038,2025-10-05,0.9359999999999999,1.7119999999999997,1.3900000000000001,1.5719999999999998
1379034,2025-10-05,1.34,2.0789999999999997,1.2419999999999998,1.177
1379030,2025-10-05,0.868,1.326,1.444,1.6330000000000002
1379032,2025-10-05,1.6460000000000001,1.8390000000000004,1.342,0.9720000000000001
1386662,2025-10-17,0.9789999999999999,1.639,0.8470000000000001,0.923
1379045,2025-10-18,1.1229999999999998,1.379,1.6079999999999999,1.297
1386659,2025-10-18,1.609,1.0670000000000002,1.3579999999999997,1.0870000000000002
1386664,2025-10-18,1.002,1.2069999999999999,1.168,1.299
1386668,2025-10-18,1.2429999999999999,0.9729999999999999,1.3599999999999999,1.2850000000000001
1379040,2025-10-18,1.17,1.768,1.6439999999999997,0.9269999999999999
1379044,2025-10-18,1.859,1.488,0.998,1.31
1379039,2025-10-18,1.735,1.331,1.441,0.737
1379041,2025-10-18,1.9760000000000002,1.1970000000000003,1.309,0.913
1379046,2025-10-18,0.9570000000000001,0.9480000000000001,1.217,1.4170000000000003
1386666,2025-10-18,1.2659999999999998,1.4609999999999999,0.8949999999999999,1.859
1386661,2025-10-18,1.2050000000000003,1.194,0.9759999999999998,1.326
1386667,2025-10-18,1.1,1.416,1.255,1.1179999999999999
1386665,2025-10-18,1.516,1.423,1.864,1.249
1386663,2025-10-18,1.129,1.4000000000000001,1.2289999999999999,1.9755555555555553
1386660,2025-10-18,0.9666666666666666,1.1540000000000001,1.018888888888889,2.034
1386670,2025-10-18,2.3960000000000004,1.22,0.8939999999999999,1.2150000000000003
1379042,2025-10-18,1.026,1.7830000000000001,1.6059999999999999,0.925
1386669,2025-10-18,1.05,1.1440000000000001,1.4080000000000001,1.386
1379047,2025-10-19,1.0749999999999997,0.8880000000000001,1.5850000000000002,1.3989999999999998
1379043,2025-10-19,1.782,1.9539999999999995,1.447,1.3039999999999998
1379048,2025-10-20,1.0619999999999998,1.4359999999999997,1.6250000000000004,1.271
1386678,2025-10-21,1.6949999999999998,1.026,1.029,1.081
1386671,2025-10-21,1.2200000000000002,1.165,1.2599999999999998,1.139
1386673,2025-10-21,1.187,1.4269999999999998,1.2670000000000001,0.999
1386677,2025-10-21,1.3479999999999999,1.176,2.0660000000000003,1.333
1386676,2025-10-21,1.232,1.1649999999999998,1.2680000000000002,1.293
1386675,2025-10-21,0.8489999999999999,1.2770000000000001,1.477,1.893
1386672,2025-10-21,1.153,2.332,1.3109999999999997,0.8620000000000001
1386674,2025-10-21,1.5820000000000003,1.857,1.174,1.1389999999999998
1386681,2025-10-22,1.369,1.117,1.177,1.061
1386679,2025-10-22,0.97,1.153,1.205,1.275
1386682,2025-10-22,1.3190000000000002,1.2679999999999998,1.8389999999999997,1.268
1386680,2025-10-22,1.1660000000000001,1.018,2.034,0.8460000000000001
1379055,2025-10-24,1.688,0.9209999999999999,0.9129999999999999,1.639
1386686,2025-10-24,1.237,1.048,1.256,1.2419999999999998
1386694,2025-10-25,1.8400000000000003,1.061,1.0639999999999998,1.076
1386684,2025-10-25,2.43,1.383,0.8820000000000002,1.124
1386687,2025-10-25,1.0950000000000002,1.0999999999999999,1.416,1.248
1379057,2025-10-25,1.3199999999999998,0.991,0.759,1.6809999999999998
1379053,2025-10-25,1.4769999999999999,0.9650000000000001,1.376,1.2639999999999998
1386685,2025-10-25,1.6150000000000002,1.3969999999999998,1.162,1.0070000000000001
1386683,2025-10-25,1.1590000000000003,1.07,1.1999999999999997,1.4229999999999998
1386688,2025-10-25,1.4569999999999999,1.053,2.071,1.228
1386690,2025-10-25,1.251,1.661,1.1300000000000001,1.1139999999999997
1386691,2025-10-25,0.905,1.283,1.479,1.2349999999999999
1386689,2025-10-25,1.1400000000000001,1.2079999999999997,0.906,1.44
1386692,2025-10-25,1.1740000000000002,1.1469999999999998,1.9369999999999998,1.2239999999999998
1386693,2025-10-25,1.004,1.2839999999999998,1.394,1.779
1379056,2025-10-25,1.8649999999999998,1.6689999999999998,1.403,1.4949999999999999
1379052,2025-10-25,1.5319999999999996,1.818,1.213,1.323
1379051,2025-10-26,1.32,1.2280000000000002,1.259,1.6700000000000004
1379058,2025-10-26,0.9400000000000001,1.011,1.3250000000000002,1.827
1379049,2025-10-26,1.7120000000000002,2.0810000000000004,0.7300000000000001,1.444
1379050,2025-10-26,0.8220000000000001,1.9149999999999998,1.3940000000000001,1.0690000000000002
1379054,2025-10-26,1.4569999999999999,1.0819999999999999,1.4689999999999999,1.278
1386706,2025-10-31,1.0749999999999997,2.2369999999999997,1.2799999999999998,1.0
1386705,2025-11-01,1.054,1.5,1.326,1.178
1386696,2025-11-01,0.8630000000000001,1.1400000000000001,1.097,1.8299999999999996
1386703,2025-11-01,1.205,1.377,1.6460000000000001,2.164
1379062,2025-11-01,1.045,1.027,1.608,1.302
1379060,2025-11-01,0.907,1.7400000000000002,2.008,0.5890000000000002
1379059,2025-11-01,1.561,1.4979999999999998,1.4010000000000002,0.9709999999999999
1379061,2025-11-01,1.9599999999999997,1.52,1.395,1.344
1379065,2025-11-01,1.069,1.964,1.6149999999999998,1.432
1386700,2025-11-01,1.4379999999999997,1.1179999999999999,1.205,0.914
1386695,2025-11-01,1.7530000000000001,1.1460000000000001,1.27,1.4010000000000002
1386702,2025-11-01,1.266,1.1019999999999999,0.991,1.31
1386701,2025-11-01,1.2269999999999999,0.929,1.265,1.193
1386698,2025-11-01,1.2710000000000001,1.936,1.1960000000000002,0.99
1386699,2025-11-01,0.984,1.5690000000000002,1.2810000000000001,1.135
1386697,2025-11-01,1.1519999999999997,0.9129999999999999,1.266,1.453
1386704,2025-11-01,1.144,1.2500000000000002,1.1489999999999998,1.177
1379067,2025-11-01,1.2029999999999998,1.4840000000000002,1.3130000000000002,1.4769999999999999
1379063,2025-11-01,1.825,0.764,1.378,1.4609999999999999
1379068,2025-11-02,0.873,1.348,1.592,0.8480000000000001
1379064,2025-11-02,1.879,1.266,1.0379999999999998,1.142
1379066,2025-11-03,0.95,1.358,1.2020000000000002,1.52
1386707,2025-11-04,1.129,1.046,1.3539999999999999,0.8719999999999999
1386710,2025-11-04,1.412,1.352,0.976,1.1099999999999999
1386711,2025-11-04,1.595,1.6480000000000001,1.289,1.1019999999999999
1386714,2025-11-04,1.875,1.4729999999999999,1.0710000000000002,1.216
1386712,2025-11-04,1.097,1.4969999999999999,1.333,2.151
1386713,2025-11-04,1.0819999999999999,0.9199999999999999,1.2879999999999998,1.036
1386708,2025-11-04,1.169,1.0350000000000001,1.226,1.124
1386709,2025-11-04,2.2659999999999996,1.313,1.0799999999999998,1.34
1386718,2025-11-05,1.286,0.916,1.315,1.5050000000000001
1386716,2025-11-05,1.366,1.547,1.172,1.3439999999999999
1386715,2025-11-05,0.9059999999999999,1.377,1.816,1.6670000000000003
1386717,2025-11-05,1.0310000000000001,1.0859999999999999,1.5619999999999998,1.169
1386725,2025-11-07,1.4519999999999997,1.2979999999999996,1.229,1.1949999999999998
1379077,2025-11-08,1.0100000000000002,1.781,1.457,1.5859999999999999
1386721,2025-11-08,1.188,1.2560000000000002,1.2449999999999999,1.2259999999999998
1386727,2025-11-08,1.362,1.022,1.8960000000000001,1.534
1386724,2025-11-08,1.511,1.043,1.1019999999999999,1.167
1379073,2025-11-08,1.331,1.056,1.5150000000000001,1.333
1379078,2025-11-08,0.9400000000000001,0.723,1.57,2.099
1386730,2025-11-08,1.4339999999999997,1.091,1.4540000000000002,1.862
1386729,2025-11-08,0.9829999999999999,1.2429999999999999,1.0539999999999998,1.271
1386719,2025-11-08,1.3610000000000002,1.3880000000000003,1.427,1.156
1386726,2025-11-08,1.056,1.519,0.968,0.9319999999999998
1386720,2025-11-08,1.3450000000000002,1.213,1.705,1.3900000000000001
1386723,2025-11-08,1.159,2.2880000000000003,1.236,1.068
1386728,2025-11-08,0.8539999999999999,1.9300000000000004,1.531,1.0210000000000001
1386722,2025-11-08,1.104,1.111,1.1420000000000001,1.2739999999999998
1379076,2025-11-08,1.0010000000000001,1.7429999999999999,1.145,0.5690000000000001
1379071,2025-11-08,1.7429999999999999,0.9470000000000001,1.3669999999999998,1.298
1379072,2025-11-09,1.8529999999999998,1.6440000000000001,1.2349999999999999,1.248
1379070,2025-11-09,1.4309999999999998,1.2730000000000001,1.3099999999999998,0.907
1379075,2025-11-09,1.142,1.24,1.6179999999999999,1.2289999999999999
1379069,2025-11-09,0.766,1.176,1.285,1.3370000000000002
1379074,2025-11-09,1.8019999999999996,1.73,0.9820000000000002,1.242
1386742,2025-11-21,1.2489999999999999,1.4280000000000002,1.2559999999999998,0.9879999999999999
1379082,2025-11-22,0.735,1.9140000000000001,2.169,1.3179999999999998
1386740,2025-11-22,1.236,0.797,1.251,1.5070000000000001
1386732,2025-11-22,1.119,1.4189999999999998,1.4169999999999998,1.4410000000000003
1386737,2025-11-22,2.0170000000000003,1.029,1.135,1.1169999999999998
1379080,2025-11-22,1.167,1.186,1.286,1.6010000000000002
1379083,2025-11-22,1.02,0.9700000000000001,1.329,1.28
1379088,2025-11-22,0.908,1.8619999999999997,1.3820000000000001,1.114
1379085,2025-11-22,1.5699999999999998,1.214,1.2229999999999999,1.538
1379081,2025-11-22,1.5350000000000001,1.517,1.2469999999999999,1.1709999999999998
1386736,2025-11-22,1.288,1.195,1.21,1.2810000000000001
1386739,2025-11-22,1.587,1.3570000000000002,0.9439999999999997,1.496
1386731,2025-11-22,1.7760000000000002,1.1480000000000001,0.9159999999999998,1.0800000000000003
1386735,2025-11-22,1.1059999999999999,1.5159999999999998,1.161,1.1609999999999998
1386734,2025-11-22,1.31,1.4369999999999998,1.095,1.925
1386738,2025-11-22,1.128,0.9650000000000001,1.3479999999999999,1.013
1386741,2025-11-22,1.057,1.267,1.6520000000000004,1.24
1379087,2025-11-22,1.174,1.706,1.122,0.9870000000000001
1386733,2025-11-23,1.089,1.46,1.826,1.2590000000000001
1379084,2025-11-23,1.0959999999999999,0.916,1.404,1.3029999999999997
1379079,2025-11-23,1.8030000000000002,0.8699999999999999,0.46100000000000013,1.4260000000000002
1379086,2025-11-24,1.6919999999999997,1.395,1.5470000000000002,1.342
1386747,2025-11-25,1.587,1.329,1.1529999999999998,1.345
1386746,2025-11-25,1.3359999999999999,1.7120000000000002,2.12,0.8779999999999998
1386748,2025-11-25,0.975,2.2030000000000003,0.9769999999999998,1.174
1386754,2025-11-25,1.251,1.009,1.722,1.3359999999999999
1386745,2025-11-25,1.223,1.109,1.2970000000000002,1.8199999999999998
1386749,2025-11-25,0.7479999999999999,1.134,1.4689999999999999,1.2180000000000002
1386750,2025-11-25,1.775,1.315,1.2950000000000002,1.3059999999999998
1386744,2025-11-26,1.2409999999999999,1.011,1.3230000000000002,1.8790000000000002
1386743,2025-11-26,1.627,1.0420000000000003,1.211,1.589
1386752,2025-11-26,1.4060000000000001,1.479,1.0829999999999997,1.098
1386753,2025-11-26,1.0219999999999998,1.321,1.0150000000000001,1.173
1386751,2025-11-26,1.1009999999999998,1.702,1.248,0.9289999999999999
1386761,2025-11-28,0.977,1.7909999999999997,1.43,0.8390000000000001
1386760,2025-11-29,1.2650000000000001,1.8079999999999998,1.3830000000000002,1.105
1386763,2025-11-29,1.1099999999999999,1.3,1.183,2.07
1386757,2025-11-29,0.9610000000000001,1.1789999999999998,1.6649999999999998,1.23
1379094,2025-11-29,1.8,1.2579999999999998,1.1,1.274
1379090,2025-11-29,1.587,0.679,1.174,2.264
1379096,2025-11-29,0.9099999999999999,1.443,1.3960000000000001,1.305
1386759,2025-11-29,1.3980000000000001,1.9309999999999998,1.259,1.31
1386765,2025-11-29,1.023,0.6769999999999998,1.252,1.4860000000000002
1386764,2025-11-29,1.0510000000000002,1.1749999999999998,1.0319999999999998,1.1920000000000002
1386755,2025-11-29,1.261,1.354,1.6189999999999998,1.043
1386766,2025-11-29,0.9399999999999998,1.3850000000000002,1.907,1.283
1386762,2025-11-29,2.13,0.9800000000000001,1.26,1.8369999999999997
1386758,2025-11-29,1.0319999999999998,1.4369999999999998,1.041,1.028
1379093,2025-11-29,1.256,1.3,1.2700000000000002,1.302
1379097,2025-11-29,0.766,1.06,1.464,1.183
1379092,2025-11-30,1.879,1.7,1.2,1.392
1379098,2025-11-30,1.178,1.6940000000000002,1.732,1.283
1379095,2025-11-30,1.2790000000000001,1.4140000000000001,1.621,1.278
1379089,2025-11-30,0.9550000000000001,1.041,1.361,1.3800000000000001
1379091,2025-11-30,1.8119999999999998,1.7079999999999997,1.289,0.45099999999999996
1386756,2025-12-01,1.781,1.475,0.8020000000000002,1.1649999999999998
1379100,2025-12-02,1.454,1.1620000000000001,1.414,1.35
1379103,2025-12-02,1.003,1.9259999999999997,1.034,1.025
1386620,2025-12-02,1.47,1.8229999999999997,1.147,0.8249999999999998
1379107,2025-12-02,1.4449999999999998,0.833,1.332,1.35
1379108,2025-12-03,0.9790000000000001,1.2950000000000002,1.281,1.5789999999999997
1379099,2025-12-03,1.7850000000000001,1.7730000000000001,0.4779999999999999,1.1149999999999998
1379102,2025-12-03,0.6540000000000001,1.797,2.207,1.2049999999999998
1379101,2025-12-03,1.3850000000000002,0.9349999999999999,1.1830000000000003,1.145
1379105,2025-12-03,1.766,0.884,1.263,1.446
1379104,2025-12-03,1.343,1.6560000000000001,1.5379999999999998,1.313
1379106,2025-12-04,1.456,0.9650000000000001,1.455,1.783
1386772,2025-12-05,1.236,1.1430000000000002,2.007,1.004
1379109,2025-12-06,1.122,1.778,1.1580000000000001,0.493
1386771,2025-12-06,1.3900000000000001,1.23,1.1789999999999998,1.625
1386774,2025-12-06,1.0859999999999999,1.256,1.285,1.3890000000000002
1379116,2025-12-06,1.4940000000000002,0.736,1.357,2.001
1379110,2025-12-06,1.359,1.6270000000000002,1.496,1.4489999999999998
1379112,2025-12-06,1.098,1.349,1.346,1.4859999999999998
1379117,2025-12-06,0.779,1.6650000000000003,1.4940000000000002,1.167
1379115,2025-12-06,1.8799999999999997,0.889,0.9640000000000001,1.414
1386769,2025-12-06,1.8489999999999998,1.7740000000000002,1.403,0.8630000000000001
1386778,2025-12-06,1.2009999999999998,1.448,1.239,1.0189999999999997
1386770,2025-12-06,1.6940000000000004,2.0130000000000003,0.9189999999999999,1.193
1386777,2025-12-06,1.336,1.1059999999999999,1.334,1.028
1386776,2025-12-06,1.815,1.07,1.0010000000000001,1.2399999999999998
1386775,2025-12-06,1.379,1.1,1.137,1.1110000000000002
1386767,2025-12-06,0.6519999999999999,1.0639999999999998,1.5980000000000003,1.523
1379114,2025-12-06,1.5429999999999997,1.6459999999999997,1.5490000000000002,1.291
1379111,2025-12-07,1.544,0.984,1.2790000000000001,1.834
1379113,2025-12-07,1.009,1.6789999999999998,1.172,1.2639999999999998
1379118,2025-12-08,1.02,1.4840000000000002,1.1999999999999997,1.2710000000000001
1386783,2025-12-09,1.2529999999999997,1.1309999999999998,1.2289999999999999,1.8679999999999999
1386784,2025-12-09,1.9509999999999998,1.2060000000000002,1.468,1.2340000000000002
1386779,2025-12-09,1.2979999999999998,1.586,1.4200000000000002,1.233
1386780,2025-12-09,1.8060000000000003,1.3719999999999999,0.9829999999999999,1.573
1386782,2025-12-09,1.422,1.067,1.117,1.347
1386786,2025-12-09,0.5569999999999999,0.9960000000000001,1.574,1.637
1386785,2025-12-09,0.986,1.172,1.8989999999999998,1.06
1386781,2025-12-09,1.5310000000000001,1.839,1.1640000000000001,0.897
1386790,2025-12-10,1.2239999999999998,1.2109999999999999,1.288,1.348
1386787,2025-12-10,1.642,1.0160000000000002,0.8,1.295
1386789,2025-12-10,1.093,1.468,1.299,1.1209999999999998
1386788,2025-12-10,1.295,1.072,1.884,1.035
1386801,2025-12-12,1.2100000000000002,1.8850000000000002,1.1920000000000002,1.0
1386791,2025-12-13,1.44,1.7379999999999995,1.6569999999999996,1.582
1386799,2025-12-13,0.9879999999999999,0.619,1.329,1.344
1386795,2025-12-13,0.8789999999999999,1.188,1.5499999999999998,1.4849999999999999
1379124,2025-12-13,1.7469999999999999,1.5990000000000002,1.3719999999999999,1.2710000000000001
1379122,2025-12-13,1.6760000000000006,1.14,1.4069999999999998,1.3089999999999997
1386796,2025-12-13,1.2269999999999999,1.5159999999999998,1.5030000000000001,0.6900000000000001
1386792,2025-12-13,1.585,0.958,0.933,1.7900000000000003
1386797,2025-12-13,1.3950000000000002,1.4089999999999996,1.0539999999999998,1.732
1386800,2025-12-13,1.058,1.4949999999999999,0.8889999999999999,1.0310000000000001
1386794,2025-12-13,1.693,1.26,1.148,1.399
1386793,2025-12-13,1.028,1.536,1.6189999999999998,1.058
1386798,2025-12-13,1.1460000000000001,1.4219999999999997,1.2029999999999998,1.066
1379121,2025-12-13,0.812,0.984,2.068,1.277
1379119,2025-12-13,1.8810000000000002,0.883,0.622,1.576
1379128,2025-12-14,1.032,1.26,1.7900000000000003,1.246
1379123,2025-12-14,1.613,2.035,1.2739999999999998,0.9460000000000001
1379126,2025-12-14,1.292,0.8750000000000002,1.513,1.391
1379127,2025-12-14,0.8560000000000001,1.657,1.5779999999999998,1.472
1379120,2025-12-14,1.634,1.6460000000000001,1.284,1.562
1379125,2025-12-15,1.7240000000000002,1.4549999999999998,1.2690000000000001,1.5739999999999998
1386802,2025-12-15,1.074,1.188,1.652,1.1729999999999998
1386803,2025-12-19,0.7,1.1889999999999998,1.166,1.271
1379136,2025-12-20,1.6199999999999999,1.7150000000000003,1.298,1.2819999999999998
1386806,2025-12-20,1.732,1.6629999999999998,1.552,1.2189999999999999
1386813,2025-12-20,1.1149999999999998,1.4620000000000002,1.559,1.7739999999999998
1386809,2025-12-20,1.529,1.3290000000000002,1.1219999999999999,1.2129999999999999
1379130,2025-12-20,1.5669999999999997,1.0170000000000001,1.7299999999999998,2.088
1379138,2025-12-20,0.806,1.504,1.6019999999999999,1.228
1379135,2025-12-20,1.951,1.016,1.093,1.7840000000000003
1379131,2025-12-20,1.5610000000000002,0.72,1.2790000000000001,1.434
1386807,2025-12-20,1.4189999999999998,0.99,1.123,1.3059999999999998
1386814,2025-12-20,1.2309999999999999,1.1300000000000001,1.392,0.9490000000000002
1386805,2025-12-20,1.4219999999999997,0.9280000000000002,0.748,1.6600000000000001
1386812,2025-12-20,1.887,1.626,1.152,0.9109999999999999
1386808,2025-12-20,1.4599999999999995,1.3780000000000001,1.666,1.2210000000000003
1386810,2025-12-20,1.2570000000000001,1.1179999999999999,1.0799999999999998,1.5379999999999998
1386811,2025-12-20,1.401,1.176,1.216,1.4789999999999999
1386804,2025-12-20,0.914,1.0210000000000001,1.75,1.5339999999999998
1379137,2025-12-20,0.8210000000000001,1.722,1.5079999999999998,1.27
1379132,2025-12-20,1.1699999999999997,1.7899999999999998,1.4100000000000001,0.599
1379134,2025-12-20,1.614,1.509,1.5519999999999998,1.1789999999999998
1379129,2025-12-21,1.216,1.8560000000000003,1.2570000000000001,1.2609999999999997
1379133,2025-12-22,1.115,1.356,1.4120000000000001,1.38
1386815,2025-12-26,1.6219999999999999,1.169,1.1640000000000001,1.057
1386820,2025-12-26,1.2370000000000003,1.611,1.3719999999999999,0.6719999999999999
1386821,2025-12-26,1.214,1.28,1.505,1.0439999999999998
1386825,2025-12-26,1.4730000000000003,1.294,1.1280000000000001,1.541
1386824,2025-12-26,1.2710000000000001,1.4440000000000002,0.9710000000000001,1.014
1386816,2025-12-26,1.385,0.8480000000000001,1.845,1.592
1386826,2025-12-26,0.9380000000000001,1.4780000000000002,1.7950000000000004,1.6050000000000004
1386823,2025-12-26,0.952,1.0719999999999998,1.2449999999999999,1.362
1386822,2025-12-26,0.983,1.6970000000000003,1.4949999999999997,1.28
1386819,2025-12-26,1.5799999999999998,0.861,1.09,1.0850000000000002
1386817,2025-12-26,1.0699999999999998,1.54,1.3760000000000001,1.1630000000000003
1386818,2025-12-26,1.1569999999999998,1.9300000000000002,1.3980000000000001,1.06
1379145,2025-12-26,1.8049999999999997,1.5059999999999998,1.344,1.3900000000000001
1379146,2025-12-27,1.3930000000000002,2.076,1.185,1.121
1379144,2025-12-27,1.5930000000000002,0.877,1.277,1.638
1379139,2025-12-27,1.7129999999999999,1.582,0.5700000000000001,1.361
1379141,2025-12-27,1.0150000000000001,0.9869999999999999,2.1130000000000004,1.457
1379148,2025-12-27,1.065,1.177,1.717,1.367
1379140,2025-12-27,1.5619999999999998,1.5959999999999999,1.27,1.6799999999999997
1379142,2025-12-27,1.737,1.254,1.318,1.35
1379147,2025-12-28,0.7869999999999999,1.7129999999999999,1.363,1.655
1379143,2025-12-28,1.5120000000000002,0.875,1.2429999999999999,1.406
1386832,2025-12-29,1.5539999999999998,1.4979999999999998,1.0710000000000002,0.674
1386834,2025-12-29,1.1330000000000002,1.033,1.454,1.139
1386833,2025-12-29,1.031,1.266,1.39,1.4989999999999999
1386828,2025-12-29,1.5160000000000002,1.431,1.169,1.113
1386830,2025-12-29,1.267,1.4579999999999997,1.018,1.471
1386838,2025-12-29,1.211,1.344,1.704,1.0079999999999998
1386827,2025-12-29,0.9780000000000001,1.376,1.848,0.9650000000000001
1386829,2025-12-29,0.857,1.903,1.202,1.0740000000000003
1386831,2025-12-29,1.011,0.9119999999999999,1.3969999999999998,1.122
1386836,2025-12-29,0.9399999999999998,0.6839999999999999,1.333,1.597
1386835,2025-12-29,1.2449999999999999,0.907,1.4310000000000003,1.415
1386837,2025-12-29,1.609,1.7880000000000003,1.22,1.147
1379151,2025-12-30,1.1110000000000002,1.4789999999999999,1.932,1.4260000000000002
1379158,2025-12-30,1.121,1.576,1.6420000000000001,1.524
1379152,2025-12-30,1.7840000000000003,1.6649999999999998,1.202,1.6020000000000003
1379156,2025-12-30,1.2129999999999999,0.9880000000000001,1.163,1.36
1379155,2025-12-30,1.798,0.901,1.187,1.7269999999999999
1379149,2025-12-30,1.8339999999999996,1.3409999999999997,0.611,1.489
1386845,2026-01-01,1.291,1.4249999999999998,0.96,1.389
1386843,2026-01-01,1.346,1.589,0.909,1.3439999999999999
1386848,2026-01-01,1.8560000000000003,1.082,1.152,1.296
1386839,2026-01-01,1.31,0.991,1.396,1.123
1386849,2026-01-01,1.475,0.881,0.711,1.2569999999999997
1386842,2026-01-01,0.943,0.992,1.599,1.813
1386844,2026-01-01,1.3619999999999997,0.6970000000000001,1.5240000000000002,1.274
1386847,2026-01-01,1.008,1.2950000000000002,1.082,0.9069999999999998
1386846,2026-01-01,1.28,1.129,1.193,1.51
1386840,2026-01-01,0.9219999999999999,1.5350000000000001,1.0990000000000002,1.07
1386850,2026-01-01,0.692,1.4380000000000002,1.6,1.0930000000000002
1379154,2026-01-01,1.472,1.6670000000000003,1.2500000000000002,1.6800000000000002
1379153,2026-01-01,1.2150000000000003,1.295,1.1280000000000001,1.271
1386841,2026-01-01,2.061,1.0610000000000002,0.937,1.4039999999999997
1379150,2026-01-01,1.691,0.8880000000000001,1.5070000000000001,1.521
1379157,2026-01-01,0.792,1.983,1.497,1.0950000000000002
1379159,2026-01-03,1.527,1.331,1.675,1.2309999999999999
1379168,2026-01-03,0.789,1.262,1.668,1.7870000000000001
1379161,2026-01-03,1.7580000000000002,1.0770000000000002,1.6010000000000002,1.9349999999999998
1379160,2026-01-03,1.921,2.0460000000000003,1.796,0.833
1386858,2026-01-04,1.509,1.496,1.4389999999999998,1.1540000000000004
1386852,2026-01-04,1.2870000000000004,0.7829999999999998,1.242,1.827
1379164,2026-01-04,1.587,1.7530000000000001,1.8229999999999997,1.191
1379166,2026-01-04,1.496,1.363,1.3820000000000001,1.2120000000000002
1379162,2026-01-04,0.9400000000000001,1.5079999999999998,1.3430000000000002,1.363
1379167,2026-01-04,0.8020000000000002,0.749,1.439,1.6309999999999998
1386859,2026-01-04,1.384,1.066,1.299,1.4380000000000002
1386862,2026-01-04,1.0490000000000002,0.946,1.3240000000000003,1.068
1386853,2026-01-04,1.248,0.725,0.932,1.6260000000000001
1386851,2026-01-04,1.035,1.246,1.105,1.374
1386855,2026-01-04,1.366,1.8490000000000002,0.909,1.22
1386860,2026-01-04,1.2890000000000001,0.7769999999999999,1.423,1.308
1379163,2026-01-04,1.318,1.4500000000000002,1.2499999999999998,1.044
1379165,2026-01-04,2.089,1.925,1.102,1.385
1386861,2026-01-05,0.923,1.48,1.6139999999999997,1.0420000000000003
1379178,2026-01-06,1.112,1.227,1.9220000000000002,1.278
1379170,2026-01-07,1.9920000000000002,0.9100000000000001,1.687,1.115
1379175,2026-01-07,1.2530000000000001,1.7420000000000002,1.363,1.4769999999999999
1379174,2026-01-07,0.9400000000000002,0.952,1.487,1.5539999999999998
1379176,2026-01-07,1.969,1.5959999999999996,1.2150000000000003,1.5810000000000002
1379173,2026-01-07,1.363,1.645,1.366,1.645
1379171,2026-01-07,1.72,0.671,1.3820000000000001,1.6600000000000001
1379177,2026-01-07,1.6520000000000004,1.627,1.277,1.6740000000000002
1379172,2026-01-07,1.065,1.7990000000000002,1.8379999999999999,1.088
1379169,2026-01-08,1.9169999999999998,1.468,0.9339999999999999,1.077
1386871,2026-01-16,1.4280000000000002,1.487,0.8960000000000001,0.968
1379184,2026-01-17,1.991,2.053,1.02,1.235
1386868,2026-01-17,1.363,1.198,0.8720000000000001,1.2700000000000002
1386872,2026-01-17,1.449,1.21,0.8149999999999998,0.909
1386865,2026-01-17,1.4020000000000004,0.8549999999999999,1.1199999999999999,1.5859999999999999
1379183,2026-01-17,1.4380000000000002,0.983,0.983,1.791
1379187,2026-01-17,0.9430000000000002,0.905,1.1789999999999998,1.9540000000000002
1379181,2026-01-17,1.65,1.809,1.5799999999999998,1.5100000000000002
1379182,2026-01-17,1.7469999999999999,1.3329999999999997,1.6629999999999998,1.4579999999999997
1379186,2026-01-17,0.799,1.438,1.793,1.501
1386873,2026-01-17,1.498,1.257,1.38,1.56
1386867,2026-01-17,1.004,1.108,1.357,1.058
1386870,2026-01-17,0.712,0.884,1.8739999999999999,1.201
1386874,2026-01-17,0.8460000000000001,1.1350000000000002,1.2129999999999999,1.1400000000000001
1386869,2026-01-17,0.791,2.16,1.465,0.893
1386863,2026-01-17,0.8940000000000001,1.223,1.239,1.313
1386864,2026-01-17,1.3419999999999999,1.2149999999999999,1.34,1.2730000000000001
1379185,2026-01-17,1.11,1.783,1.3039999999999998,0.921
1386866,2026-01-17,0.9570000000000001,1.2799999999999998,1.058,1.4440000000000002
1379188,2026-01-18,1.0030000000000001,1.8520000000000003,1.312,1.231
1379179,2026-01-18,1.6489999999999998,0.885,1.634,1.5150000000000001
1379180,2026-01-19,1.6379999999999995,1.9579999999999997,1.7410000000000003,1.6420000000000001
1386875,2026-01-20,1.503,1.1769999999999998,0.8309999999999998,1.334
1386879,2026-01-20,1.0050000000000001,1.2069999999999996,1.363,1.5510000000000002
1386876,2026-01-20,1.448,1.097,0.891,1.276
1386877,2026-01-20,0.716,1.2839999999999998,1.8119999999999998,1.5179999999999998
1386878,2026-01-20,1.0539999999999998,1.19,1.055,1.103
1386883,2026-01-20,0.8310000000000001,1.1789999999999998,1.0750000000000002,1.0939999999999999
1386882,2026-01-20,0.961,1.072,1.1769999999999998,1.1350000000000002
1386880,2026-01-20,1.5070000000000003,1.11,1.156,1.254
1386881,2026-01-20,1.3279999999999998,0.952,1.274,1.5900000000000003
1386885,2026-01-21,1.27,0.9200000000000002,0.967,0.998
1386884,2026-01-21,1.55,2.006,1.398,0.9710000000000003
1386886,2026-01-21,0.8550000000000001,1.475,1.2239999999999998,0.9340000000000002
1386889,2026-01-23,1.2579999999999998,1.4090000000000003,1.03,0.953
1379198,2026-01-24,1.109,0.9530000000000001,1.7169999999999999,1.638
1386892,2026-01-24,1.044,0.9019999999999999,1.403,1.1740000000000002
1386890,2026-01-24,1.4440000000000002,1.006,0.923,1.286
1379195,2026-01-24,1.1560000000000001,1.6179999999999999,1.584,1.6789999999999998
1379192,2026-01-24,0.9790000000000001,1.104,1.937,1.255
1379196,2026-01-24,1.8489999999999998,0.853,1.238,1.2790000000000001
1386893,2026-01-24,0.9059999999999999,0.9579999999999999,1.6009999999999998,1.098
1386896,2026-01-24,1.4339999999999997,0.8560000000000001,1.452,1.228
1386898,2026-01-24,1.0879999999999999,0.6829999999999999,1.295,1.843
1386894,2026-01-24,1.8829999999999998,1.441,1.0450000000000004,0.778
1386891,2026-01-24,1.313,1.1199999999999999,1.4140000000000001,0.985
1386887,2026-01-24,1.199,1.1800000000000002,1.025,0.933
1386888,2026-01-24,1.033,1.271,1.0830000000000002,1.232
1379190,2026-01-24,1.682,1.5630000000000002,1.6789999999999998,0.865
1386895,2026-01-25,0.8250000000000002,1.512,1.034,1.321
1379197,2026-01-25,1.7220000000000002,1.6350000000000002,1.011,1.506
1379193,2026-01-25,1.3719999999999999,1.637,1.4929999999999999,1.688
1379191,2026-01-25,1.77,0.986,1.5470000000000002,1.321
1379189,2026-01-25,1.8,2.0469999999999997,0.9480000000000001,1.044
1379194,2026-01-26,0.915,1.7109999999999999,1.488,1.544
1386897,2026-01-26,1.0490000000000002,1.533,1.308,1.2069999999999999
1386899,2026-01-30,1.2000000000000002,1.148,1.2690000000000001,1.029
1386901,2026-01-31,0.859,0.8500000000000002,1.6480000000000001,1.3279999999999998
1386910,2026-01-31,0.521,1.1789999999999998,2.005,1.1789999999999998
1386908,2026-01-31,0.865,1.422,1.188,1.286
1379208,2026-01-31,0.8649999999999999,1.7470000000000003,1.271,1.6440000000000001
1379200,2026-01-31,1.577,0.8859999999999999,1.6949999999999998,1.435
1379202,2026-01-31,1.6949999999999998,1.7930000000000004,1.304,0.9400000000000002
1386905,2026-01-31,1.22,1.2289999999999999,0.8960000000000001,1.024
1386909,2026-01-31,1.5870000000000002,0.9030000000000001,0.7969999999999999,1.4180000000000001
1386902,2026-01-31,1.3439999999999999,1.9449999999999998,1.2730000000000001,1.1440000000000001
1386907,2026-01-31,1.1480000000000001,1.375,1.1169999999999998,1.5319999999999998
1386904,2026-01-31,1.587,0.986,0.8590000000000002,1.347
1386906,2026-01-31,0.923,1.6329999999999998,0.9830000000000002,1.1869999999999998
1386903,2026-01-31,1.024,1.436,1.0010000000000001,1.2799999999999998
1386900,2026-01-31,0.9830000000000002,1.3800000000000001,0.9229999999999998,0.7859999999999999
1379201,2026-01-31,1.778,1.2319999999999998,1.739,1.6599999999999997
1379203,2026-01-31,1.5320000000000003,1.7489999999999999,1.0710000000000002,1.028
1379204,2026-02-01,1.9989999999999999,1.2160000000000002,0.9799999999999999,1.657
1379205,2026-02-01,0.9749999999999999,1.3659999999999999,1.302,1.594
1379199,2026-02-01,1.657,1.645,1.6750000000000003,1.53
1379207,2026-02-01,1.223,1.6249999999999996,1.3539999999999999,1.145
1379206,2026-02-02,0.892,1.028,1.6199999999999999,1.8359999999999999
1386856,2026-02-03,1.8240000000000003,0.93,1.2610000000000001,1.0260000000000002
1386854,2026-02-03,1.425,1.1830000000000003,1.4529999999999998,0.9719999999999999
1386773,2026-02-03,0.9700000000000001,0.518,1.2419999999999998,1.903
1379214,2026-02-06,1.431,0.9499999999999998,1.427,1.401
1386912,2026-02-06,0.9640000000000001,0.8850000000000001,1.448,1.011
1379216,2026-02-07,1.998,1.2530000000000001,1.0950000000000002,1.358
1386914,2026-02-07,1.5150000000000001,0.9979999999999999,1.2389999999999999,0.954
1386915,2026-02-07,1.228,1.721,0.9610000000000001,0.849
1386921,2026-02-07,0.913,0.9880000000000001,1.1069999999999998,1.0990000000000002
1379210,2026-02-07,1.8330000000000002,1.656,1.638,1.4920000000000002
1379213,2026-02-07,1.319,0.8619999999999999,1.6189999999999998,1.5290000000000001
1379218,2026-02-07,0.9120000000000001,1.952,1.333,1.5719999999999998
1379209,2026-02-07,1.8349999999999997,0.9709999999999999,0.9200000000000002,1.4809999999999999
1379212,2026-02-07,0.9390000000000001,1.265,1.8969999999999998,1.75
1386922,2026-02-07,1.519,0.882,1.176,1.5459999999999998
1386920,2026-02-07,0.993,1.093,1.502,0.7719999999999999
1386913,2026-02-07,1.2550000000000001,0.9189999999999999,0.946,1.285
1386916,2026-02-07,1.2260000000000002,0.9810000000000001,1.4129999999999998,1.3
1386918,2026-02-07,1.4969999999999999,1.0070000000000001,1.2710000000000001,0.898
1386917,2026-02-07,1.222,1.3969999999999998,0.9949999999999999,1.275
1379217,2026-02-07,1.581,1.6480000000000001,1.1809999999999998,1.5930000000000002
1386911,2026-02-08,1.411,0.534,1.035,1.829
1379211,2026-02-08,1.4999999999999998,1.4969999999999999,1.5740000000000003,1.5479999999999998
1379215,2026-02-08,1.6149999999999998,1.6159999999999997,1.066,1.159
1386919,2026-02-09,1.6340000000000003,1.565,1.241,0.8860000000000001
1379223,2026-02-10,0.938,1.8969999999999998,1.673,1.5899999999999996
1379227,2026-02-10,1.084,1.6279999999999997,1.507,1.1989999999999998
1379221,2026-02-10,2.204,1.5299999999999998,1.5359999999999998,1.369
1386929,2026-02-10,0.8150000000000001,1.3900000000000001,1.562,1.174
1386928,2026-02-10,0.8619999999999999,0.93,1.066,0.9209999999999999
1386923,2026-02-10,1.539,1.062,1.0939999999999999,0.8700000000000001
1379228,2026-02-10,1.2530000000000001,1.752,1.6969999999999998,1.1030000000000002
1379224,2026-02-11,1.6489999999999998,1.44,1.209,1.642
1379222,2026-02-11,1.448,0.9120000000000001,1.546,1.8219999999999998
1379225,2026-02-11,1.0299999999999998,0.9770000000000001,1.5390000000000001,1.253
1379219,2026-02-11,1.484,1.387,1.506,1.576
1386933,2026-02-11,0.9629999999999999,0.9120000000000001,1.395,1.1980000000000002
1379226,2026-02-11,0.9189999999999999,1.545,1.388,1.19
1379220,2026-02-12,1.798,1.7919999999999998,1.599,0.723
1386925,2026-02-14,0.9890000000000001,0.9829999999999999,1.4649999999999999,0.9209999999999999
1386930,2026-02-14,1.172,1.52,1.0939999999999999,0.9950000000000001
1386931,2026-02-14,0.8260000000000002,0.779,0.8929999999999998,1.1900000000000002
1386934,2026-02-14,0.45999999999999996,1.379,1.7710000000000001,1.213
1386926,2026-02-14,1.1329999999999998,1.607,0.747,1.154
1386927,2026-02-16,1.515,1.48,1.149,0.8440000000000001
1386924,2026-02-17,1.041,1.2429999999999999,1.2120000000000002,0.976
1386768,2026-02-17,1.117,1.193,1.384,0.8210000000000001
1379278,2026-02-18,0.9810000000000001,1.739,1.395,0.836
1386938,2026-02-20,0.804,0.9570000000000002,1.318,1.51
1386935,2026-02-21,0.9690000000000001,1.6460000000000001,0.867,1.134
1386939,2026-02-21,1.1460000000000001,0.852,1.525,0.9269999999999999
1386937,2026-02-21,0.9100000000000001,0.7660000000000001,1.3070000000000002,1.589
1386946,2026-02-21,1.416,0.9890000000000001,1.0390000000000001,1.1010000000000002
1379231,2026-02-21,2.2969999999999997,0.719,1.577,1.779
1379230,2026-02-21,1.8770000000000002,1.2469999999999999,1.5070000000000001,1.459
1379229,2026-02-21,1.489,1.5219999999999998,1.4529999999999998,1.6099999999999999
1386940,2026-02-21,0.946,1.1730000000000003,0.951,1.179
1386936,2026-02-21,1.4620000000000002,1.166,1.1909999999999998,1.3820000000000001
1386942,2026-02-21,1.624,1.2919999999999998,1.081,0.8220000000000001
1386941,2026-02-21,1.379,0.8449999999999998,0.9330000000000002,1.2200000000000002
1386945,2026-02-21,1.121,1.5999999999999999,0.851,0.8550000000000001
1386943,2026-02-21,1.314,1.7790000000000004,0.8100000000000002,0.924
1379238,2026-02-21,1.261,1.8369999999999997,1.687,1.5439999999999998
1379234,2026-02-21,1.6669999999999998,1.8519999999999999,1.163,1.354
1386944,2026-02-22,1.473,0.40700000000000003,1.326,1.9229999999999996
1379232,2026-02-22,1.4400000000000002,0.8829999999999998,1.48,1.427
1379235,2026-02-22,1.0530000000000002,1.609,1.548,1.0630000000000002
1379236,2026-02-22,0.952,1.359,1.6170000000000002,1.533
1379237,2026-02-22,1.236,1.6989999999999998,1.523,0.845
1379233,2026-02-23,1.129,1.4689999999999999,1.5870000000000002,1.02
1386950,2026-02-24,0.9359999999999999,1.746,0.9620000000000001,1.069
1386954,2026-02-24,0.8809999999999999,1.15,0.9119999999999999,1.4320000000000002
1386951,2026-02-24,1.2280000000000002,1.1480000000000001,1.5639999999999998,1.0110000000000001
1386955,2026-02-24,0.8290000000000001,0.99,1.283,1.004
1386949,2026-02-24,1.537,0.889,0.8920000000000001,1.626
1386947,2026-02-24,1.3559999999999999,0.9100000000000001,0.9840000000000002,1.5100000000000002
1386948,2026-02-24,1.327,1.391,0.716,0.817
1386953,2026-02-24,1.442,0.978,1.185,1.085
1386956,2026-02-25,1.6300000000000001,1.438,1.1519999999999997,0.944
1386958,2026-02-25,1.4520000000000004,1.6350000000000002,1.113,1.0829999999999997
1386957,2026-02-25,1.173,0.376,0.9559999999999998,2.0100000000000002
1386952,2026-02-25,0.9809999999999999,0.836,1.4140000000000001,1.309
1379248,2026-02-27,0.9390000000000001,1.4810000000000003,1.4729999999999999,1.455
1386961,2026-02-27,0.9720000000000001,1.068,1.161,0.9790000000000003
1379240,2026-02-28,1.761,0.999,1.8329999999999997,1.6919999999999997
1386964,2026-02-28,0.9099999999999999,1.261,1.6760000000000002,0.9690000000000001
1386967,2026-02-28,1.4170000000000003,0.9830000000000002,1.0010000000000001,1.2939999999999998
1386960,2026-02-28,1.3699999999999997,1.134,0.77,1.746
1379247,2026-02-28,1.6789999999999996,1.1720000000000002,1.3669999999999998,1.514
1379245,2026-02-28,1.7159999999999997,1.4899999999999998,1.075,1.542
1379242,2026-02-28,0.7659999999999999,1.9090000000000003,1.8369999999999997,1.4889999999999999
1386968,2026-02-28,1.566,1.432,1.157,1.113
1386959,2026-02-28,0.9800000000000001,1.688,1.4120000000000001,1.0679999999999998
1386966,2026-02-28,0.99,1.3699999999999999,1.093,1.1179999999999999
1386970,2026-02-28,0.404,1.4620000000000002,2.0020000000000002,1.041
1386969,2026-02-28,1.0340000000000003,1.1280000000000001,1.473,0.662
1386963,2026-02-28,0.9339999999999999,0.9289999999999999,1.381,0.9280000000000002
1386965,2026-02-28,1.6189999999999998,1.073,1.137,1.31
1379244,2026-02-28,1.39,1.592,1.6,1.123
1379246,2026-03-01,1.4629999999999996,1.4840000000000002,0.9289999999999999,1.3760000000000001
1379243,2026-03-01,1.3969999999999998,1.2049999999999998,1.6510000000000002,1.6639999999999997
1379241,2026-03-01,1.2429999999999999,1.105,1.4810000000000003,1.5710000000000002
1379239,2026-03-01,1.5979999999999999,2.3739999999999997,0.836,1.431
1386962,2026-03-02,1.2799999999999998,1.509,0.9289999999999999,0.9520000000000002
1379250,2026-03-03,1.6600000000000001,1.768,1.6089999999999995,1.314
1379252,2026-03-03,1.3030000000000002,0.722,1.476,1.9799999999999998
1379254,2026-03-03,1.3219999999999998,1.0710000000000002,1.73,1.6460000000000001
1386932,2026-03-03,1.6029999999999998,1.1389999999999998,1.1629999999999998,1.704
1379258,2026-03-03,0.915,1.746,1.4949999999999999,1.154
1379253,2026-03-04,1.463,1.5849999999999997,1.6480000000000001,1.5640000000000003
1379255,2026-03-04,1.6469999999999998,1.129,1.217,1.5580000000000003
1379251,2026-03-04,1.2899999999999998,1.403,1.252,0.6759999999999999
1379249,2026-03-04,1.4680000000000002,2.267,1.333,1.4209999999999998
1379256,2026-03-04,1.6640000000000001,1.552,1.4529999999999998,0.8490000000000002
1379257,2026-03-05,1.205,1.3750000000000002,1.7449999999999999,1.504
1386981,2026-03-06,0.8320000000000001,0.9040000000000001,1.65,1.363
1386976,2026-03-07,1.036,1.798,1.686,1.015
1386979,2026-03-07,0.9880000000000001,1.433,1.2909999999999997,0.6529999999999999
1386980,2026-03-07,0.9100000000000001,1.677,1.2180000000000002,1.012
1386973,2026-03-07,1.6359999999999997,0.9350000000000002,1.111,1.6009999999999998
1386982,2026-03-07,1.2319999999999998,0.9480000000000001,1.2110000000000003,0.9390000000000001
1386975,2026-03-07,1.4389999999999998,0.4720000000000001,0.9590000000000002,2.0450000000000004
1386971,2026-03-07,1.407,0.929,1.125,1.392
1386972,2026-03-07,1.0130000000000001,1.3009999999999997,1.443,0.8799999999999999
1386978,2026-03-08,1.032,1.484,1.005,0.891
1386987,2026-03-10,0.8720000000000001,1.059,1.677,1.2600000000000002
1386988,2026-03-10,1.7429999999999999,1.5509999999999997,1.214,0.932
1386990,2026-03-10,0.5120000000000001,1.011,2.127,1.028
1386983,2026-03-10,1.325,1.443,0.74,1.079
1386986,2026-03-10,1.116,1.2779999999999998,0.7220000000000001,1.5310000000000001
1386989,2026-03-10,0.8699999999999999,1.6779999999999997,1.4789999999999999,1.021
1386985,2026-03-11,1.2089999999999996,0.951,0.8230000000000001,1.375
1386991,2026-03-11,0.9400000000000001,1.559,0.9800000000000001,0.97
1386992,2026-03-11,1.637,0.9819999999999999,0.8480000000000001,1.4049999999999998
1386984,2026-03-11,1.236,1.2810000000000001,0.9430000000000002,1.2050000000000003
1386993,2026-03-11,0.9580000000000002,1.042,1.412,1.0619999999999998
1386994,2026-03-11,1.6940000000000002,0.817,1.076,1.782
1386996,2026-03-13,1.123,1.3539999999999999,0.74,1.0710000000000002
1387003,2026-03-14,1.7740000000000002,1.121,0.8150000000000001,1.266
1386998,2026-03-14,0.9950000000000001,0.966,1.4140000000000001,1.464
1386995,2026-03-14,1.8489999999999998,1.556,0.9789999999999999,0.898
1379261,2026-03-14,0.692,1.538,1.8790000000000002,1.418
1379267,2026-03-14,1.069,1.078,1.537,1.0930000000000002
1386999,2026-03-14,0.857,0.959,1.538,1.4639999999999997
1387000,2026-03-14,1.2769999999999997,1.249,0.7,1.3010000000000002
1386997,2026-03-14,1.754,1.004,1.2849999999999997,1.091
1387004,2026-03-14,0.9890000000000001,1.275,0.9959999999999999,1.5430000000000004
1387001,2026-03-14,1.3599999999999999,0.762,0.8109999999999999,2.006
1387006,2026-03-14,0.629,1.5399999999999998,2.047,1.2979999999999998
1387005,2026-03-14,1.1320000000000001,1.153,1.598,1.025
1379259,2026-03-14,1.3370000000000002,1.307,0.615,1.4
1379262,2026-03-14,2.396,1.6809999999999998,1.1849999999999998,1.4919999999999998
1379268,2026-03-14,1.488,1.6350000000000002,1.371,1.226
1379265,2026-03-15,1.616,1.279,0.9810000000000001,1.3889999999999998
1379263,2026-03-15,1.36,1.3679999999999999,1.437,1.6079999999999999
1379266,2026-03-15,1.071,1.388,1.6440000000000001,1.564
1379264,2026-03-15,1.721,1.228,1.129,1.8310000000000002
1379260,2026-03-16,1.716,0.772,1.4200000000000002,1.653
1387002,2026-03-16,1.355,1.5,0.731,1.001
1386977,2026-03-17,1.256,1.1320000000000001,1.127,0.8
1386974,2026-03-18,1.4609999999999999,1.441,1.098,0.958
1379270,2026-03-20,1.65,1.565,1.445,0.993
1387017,2026-03-20,0.8989999999999998,1.217,1.955,1.6589999999999996
1379271,2026-03-21,1.101,1.754,1.153,1.1729999999999998
1387010,2026-03-21,1.707,1.7749999999999997,1.263,1.248
1387014,2026-03-21,1.147,1.902,1.0859999999999999,0.766
1387012,2026-03-21,1.4289999999999998,1.153,1.084,0.835
1379273,2026-03-21,1.3809999999999998,0.8019999999999999,1.5219999999999998,1.989
1387011,2026-03-21,1.31,0.8399999999999999,1.073,1.5950000000000002
1387009,2026-03-21,1.44,0.9479999999999998,1.096,1.434
1387018,2026-03-21,1.082,1.09,1.408,0.9470000000000001
1387016,2026-03-21,1.262,1.059,1.2559999999999998,0.9450000000000001
1387013,2026-03-21,1.129,0.5940000000000001,1.5800000000000003,2.066
1387015,2026-03-21,1.061,1.361,1.4199999999999997,0.713
1387007,2026-03-21,1.045,1.4620000000000002,1.2099999999999997,0.885
1387008,2026-03-21,1.3510000000000002,1.842,1.0619999999999998,1.06
1379272,2026-03-21,1.323,2.35,1.404,1.2239999999999998
1379274,2026-03-21,1.39,1.706,1.517,1.464
1379276,2026-03-22,1.614,1.115,1.561,1.587
1379277,2026-03-22,1.228,1.0770000000000002,1.957,1.552
1379269,2026-03-22,1.222,1.517,1.4069999999999998,1.387
1387026,2026-04-03,1.786,1.5439999999999998,0.7570000000000001,1.3820000000000001
1387022,2026-04-03,0.9889999999999999,1.1400000000000001,1.4300000000000002,1.7819999999999996
1387020,2026-04-03,0.966,1.1280000000000001,0.915,1.088
1387027,2026-04-03,1.2129999999999999,1.1389999999999998,0.929,1.1030000000000002
1387021,2026-04-03,1.3880000000000001,1.2970000000000002,1.2399999999999998,1.1019999999999999
1387019,2026-04-03,1.5150000000000001,1.2670000000000001,0.889,0.873
1387025,2026-04-03,1.14,1.2440000000000002,1.5349999999999997,1.0310000000000001
1387029,2026-04-03,1.28,0.6160000000000001,1.737,2.1399999999999997
1387030,2026-04-03,1.0759999999999998,0.841,1.196,1.579
1387023,2026-04-03,1.011,1.225,1.504,1.597
1387024,2026-04-03,1.895,1.512,1.079,0.9810000000000001
1387040,2026-04-06,1.1969999999999998,1.249,0.86,1.486
1387038,2026-04-06,1.4789999999999999,1.5059999999999998,1.564,0.889
1387033,2026-04-06,1.185,1.121,1.241,1.384
1387042,2026-04-06,1.077,1.392,1.5350000000000001,1.3299999999999996
1387032,2026-04-06,1.658,0.9580000000000002,1.27,1.02
1387039,2026-04-06,1.062,1.267,1.704,1.5099999999999998
1387036,2026-04-06,1.19,1.3649999999999998,1.1600000000000001,0.845
1387034,2026-04-06,1.53,1.4469999999999998,1.115,1.686
1387031,2026-04-06,0.721,0.9979999999999999,2.304,1.331
1387041,2026-04-06,1.2289999999999999,2.04,1.1149999999999998,0.783
1387035,2026-04-06,1.277,1.9929999999999999,1.848,1.184
1387037,2026-04-07,1.136,1.506,1.2189999999999999,1.04
1379288,2026-04-10,1.507,0.8370000000000001,1.418,1.8199999999999998
1387051,2026-04-10,1.396,1.507,0.891,1.636
1379279,2026-04-11,1.55,1.703,0.6890000000000001,1.497
1387043,2026-04-11,1.5689999999999997,1.568,0.9550000000000001,1.197
1387049,2026-04-11,1.3059999999999998,0.921,1.462,1.5770000000000002
1387048,2026-04-11,1.811,0.8320000000000001,1.2489999999999999,2.323
1379281,2026-04-11,0.9019999999999999,1.237,2.0490000000000004,1.021
1379280,2026-04-11,1.4280000000000002,1.352,1.3439999999999999,1.4289999999999998
1387053,2026-04-11,1.577,1.661,1.081,0.994
1387045,2026-04-11,1.2209999999999999,1.2109999999999999,1.304,1.422
1387046,2026-04-11,1.4689999999999999,1.231,1.224,1.7009999999999998
1387050,2026-04-11,2.209,1.0539999999999998,0.9110000000000001,0.853
1387052,2026-04-11,1.4380000000000002,1.249,1.887,1.079
1387054,2026-04-11,1.1009999999999998,1.068,1.4629999999999999,1.6940000000000002
1387047,2026-04-11,1.376,1.246,1.351,1.365
1379284,2026-04-11,1.826,1.5759999999999998,1.3329999999999997,1.407
1387044,2026-04-12,0.8600000000000001,1.1229999999999998,1.1789999999999998,1.416
1379283,2026-04-12,1.357,1.499,1.341,1.616
1379286,2026-04-12,1.073,1.2169999999999999,1.5820000000000003,1.342
1379287,2026-04-12,1.1869999999999998,1.228,1.3920000000000001,1.964
1379282,2026-04-12,2.2039999999999997,1.736,1.222,1.095
1379285,2026-04-13,1.487,1.2529999999999997,1.149,1.319
1387087,2026-04-14,1.6629999999999998,1.168,1.1039999999999999,1.05
1386857,2026-04-14,0.9819999999999999,1.614,0.901,1.176
1387061,2026-04-17,1.0899999999999999,1.8649999999999998,1.261,1.1969999999999998
1379290,2026-04-18,1.56,1.641,1.3379999999999999,1.423
1387063,2026-04-18,1.313,1.162,1.668,1.3969999999999998
1387059,2026-04-18,1.672,1.518,1.067,1.201
1387065,2026-04-18,1.0079999999999998,1.293,0.966,1.168
1379296,2026-04-18,1.518,1.693,1.843,1.627
1379294,2026-04-18,1.3669999999999998,0.867,1.4069999999999998,1.9610000000000003
1387058,2026-04-18,1.242,1.5590000000000002,1.4689999999999999,1.107
1387066,2026-04-18,0.9660000000000002,1.4249999999999998,1.5290000000000001,1.108
1387064,2026-04-18,1.118,1.4899999999999998,1.7410000000000003,0.875
1387060,2026-04-18,1.14,0.891,1.764,1.1460000000000001
1387055,2026-04-18,0.794,1.153,2.2520000000000002,1.4809999999999999
1387056,2026-04-18,1.1789999999999998,1.6819999999999997,1.4789999999999999,1.067
1387062,2026-04-18,1.0239999999999998,1.5620000000000003,1.535,1.7230000000000003
1379298,2026-04-18,1.144,1.328,1.828,0.9800000000000001
1379291,2026-04-18,2.159,1.387,1.299,1.3610000000000002
1387057,2026-04-19,1.6260000000000001,2.22,1.1119999999999999,0.7739999999999999
1379293,2026-04-19,1.4540000000000002,1.6669999999999998,1.5689999999999997,1.3969999999999998
1379297,2026-04-19,1.154,0.95,1.474,1.924
1379289,2026-04-19,1.1749999999999998,1.149,1.4060000000000001,1.4149999999999998
1379295,2026-04-19,1.73,1.5720000000000003,1.1280000000000001,0.774
1379292,2026-04-20,1.4629999999999999,1.473,1.28,1.309
1387073,2026-04-21,1.6770000000000003,1.0340000000000003,1.1009999999999998,1.6809999999999998
1387077,2026-04-21,1.218,1.175,1.092,1.4709999999999999
1387072,2026-04-21,1.5849999999999997,1.241,0.8849999999999998,1.496
1387067,2026-04-21,1.4709999999999999,1.721,1.115,1.004
1387070,2026-04-21,1.003,1.2359999999999998,1.339,1.523
1387074,2026-04-21,1.42,1.4239999999999997,1.682,1.5299999999999998
1387068,2026-04-21,1.503,0.907,1.071,1.4749999999999999
1387069,2026-04-21,1.895,1.0559999999999998,1.23,1.003
1379301,2026-04-21,1.251,2.096,0.984,1.1509999999999998
1387076,2026-04-22,0.8000000000000002,1.235,1.0710000000000002,1.8009999999999997
1387078,2026-04-22,1.472,0.9739999999999999,1.22,1.332
1387071,2026-04-22,2.257,0.8640000000000001,0.951,2.2100000000000004
1387075,2026-04-22,1.194,1.7730000000000004,1.443,1.214
1379300,2026-04-22,1.7570000000000001,1.511,1.693,1.394
1379302,2026-04-22,0.842,1.8210000000000002,1.8380000000000003,1.063
1379306,2026-04-24,1.2550000000000001,1.1949999999999998,1.547,1.3290000000000002
1387080,2026-04-24,1.435,1.451,1.1190000000000002,1.616
1379303,2026-04-25,1.613,1.343,1.407,1.3610000000000002
1387088,2026-04-25,1.537,1.8420000000000005,0.916,1.2049999999999998
1387089,2026-04-25,2.32,1.134,0.9129999999999999,1.532
1387085,2026-04-25,1.197,1.2869999999999997,1.434,1.672
1379308,2026-04-25,0.8630000000000001,1.048,2.157,1.7659999999999996
1379304,2026-04-25,1.7189999999999999,1.475,1.241,1.17
1379307,2026-04-25,1.3819999999999997,1.4629999999999999,1.315,1.5759999999999998
1387081,2026-04-25,0.983,1.0299999999999998,1.187,1.6580000000000001
1387079,2026-04-25,1.4549999999999998,1.295,1.3139999999999998,1.841
1387082,2026-04-25,1.4420000000000002,1.342,1.186,1.501
1387090,2026-04-25,1.1320000000000001,1.503,1.444,1.1
1387086,2026-04-25,1.3670000000000002,0.9609999999999997,1.684,1.295
1387084,2026-04-25,1.4369999999999998,0.866,1.048,2.209
1379299,2026-04-25,1.6150000000000002,1.459,0.8390000000000001,2.026
1387083,2026-04-26,2.157,0.9810000000000001,1.072,1.502
1379305,2026-04-27,1.345,1.522,1.399,1.3369999999999997
1387028,2026-04-28,1.718,1.8020000000000003,1.1489999999999998,1.3070000000000002
1379315,2026-05-01,1.5770000000000002,0.8990000000000002,1.34,2.054
1387092,2026-05-02,1.1199999999999997,2.1019999999999994,1.673,1.176
1387099,2026-05-02,1.0539999999999998,1.497,1.735,1.6320000000000001
1387095,2026-05-02,1.8090000000000004,1.2660000000000002,1.3900000000000001,1.4549999999999996
1387097,2026-05-02,1.386,1.587,1.666,1.0200000000000002
1387102,2026-05-02,1.55,1.6260000000000001,1.8869999999999998,1.263
1387093,2026-05-02,1.353,1.448,1.636,1.2599999999999998
1387091,2026-05-02,1.042,1.4819999999999998,1.339,1.148
1387094,2026-05-02,1.472,1.658,1.2580000000000002,1.4980000000000002
1387096,2026-05-02,0.885,1.542,2.244,0.945
1387100,2026-05-02,1.4199999999999997,1.182,1.5539999999999998,1.4729999999999999
1387101,2026-05-02,1.065,1.098,1.326,1.193
1387098,2026-05-02,1.051,2.443,1.534,0.9369999999999999
1379317,2026-05-02,1.5230000000000001,1.3210000000000002,1.847,0.901
1379318,2026-05-02,0.7870000000000001,1.205,2.1260000000000003,1.6510000000000002
1379312,2026-05-02,1.6010000000000002,1.387,1.2329999999999999,1.19
1379309,2026-05-02,1.445,1.5369999999999997,0.924,1.321
1379311,2026-05-03,1.786,1.524,1.636,1.065
1379316,2026-05-03,1.3019999999999998,1.6059999999999999,1.3219999999999998,1.431
1379310,2026-05-03,1.196,1.048,1.441,1.6199999999999999
1379313,2026-05-04,1.8630000000000002,1.256,1.2530000000000001,1.2089999999999999
1379314,2026-05-04,1.488,2.071,1.549,1.065
1543786,2026-05-08,1.231,1.462,1.595,1.4709999999999999
1379323,2026-05-09,1.5739999999999998,1.734,1.3900000000000001,1.3519999999999999
1543787,2026-05-09,2.275,1.7579999999999998,1.0379999999999998,1.299
1379322,2026-05-09,1.3769999999999998,1.7880000000000003,1.456,1.6809999999999998
1379319,2026-05-09,1.4,0.853,1.1010000000000002,1.848
1379326,2026-05-09,1.252,1.3579999999999999,1.674,1.3619999999999999
1379324,2026-05-09,2.017,1.6490000000000002,1.232,1.101
1379320,2026-05-10,0.8219999999999998,1.1839999999999997,2.116,1.334
1379321,2026-05-10,1.423,1.5719999999999996,1.224,1.5059999999999998
1379325,2026-05-10,1.3279999999999998,1.6149999999999998,1.174,1.8210000000000002
1379328,2026-05-10,1.377,1.6189999999999998,1.283,0.9419999999999998
1379327,2026-05-11,1.098,1.491,1.4739999999999998,1.2640000000000002
1543788,2026-05-11,1.355,1.124,1.392,1.549
1379275,2026-05-13,2.04,1.5630000000000002,1.1350000000000002,1.309
1379330,2026-05-15,1.2559999999999998,1.3770000000000002,1.4629999999999999,1.377
1379336,2026-05-17,1.3629999999999998,1.183,1.376,1.2799999999999998
1379338,2026-05-17,0.86,1.3679999999999999,1.7550000000000001,1.4010000000000002
1379334,2026-05-17,1.4369999999999998,1.314,1.6279999999999997,1.483
1379332,2026-05-17,1.5219999999999998,1.4560000000000002,1.339,1.4220000000000002
1379335,2026-05-17,1.481,1.512,1.078,1.0779999999999998
1379337,2026-05-17,1.5150000000000001,1.3809999999999998,1.746,1.3439999999999999
1379329,2026-05-18,1.6770000000000003,0.9480000000000001,0.906,2.08
1379331,2026-05-19,1.736,2.069,1.52,1.066
1379333,2026-05-19,1.471,1.04,1.2639999999999998,1.3599999999999999
1545715,2026-05-23,1.302,2.226,1.4009999999999998,1.023
1379342,2026-05-24,1.3389999999999997,1.6300000000000001,1.356,1.706
1379343,2026-05-24,1.3590000000000002,1.533,1.449,1.4020000000000001
1379340,2026-05-24,0.882,0.9710000000000001,2.01,1.7540000000000002
1379347,2026-05-24,1.136,1.4780000000000002,1.216,1.577
1379348,2026-05-24,1.1489999999999998,1.3850000000000002,1.452,1.238
1379344,2026-05-24,2.082,1.301,1.233,1.483
1379339,2026-05-24,1.709,1.693,0.9570000000000002,1.5010000000000001
1379341,2026-05-24,1.4280000000000004,1.6460000000000001,1.4300000000000002,0.8960000000000001
1379345,2026-05-24,1.252,1.8960000000000001,1.5640000000000003,1.3410000000000002
1379346,2026-05-24,1.2049999999999998,1.335,1.3989999999999998,1.3510000000000002
1563083,2026-08-14,1.017,1.0619999999999998,1.6520000000000004,1.534
1563084,2026-08-15,,1.6480000000000001,,1.954
1563085,2026-08-15,1.061,1.3039999999999998,1.6880000000000002,1.3720000000000003
1563087,2026-08-15,2.0540000000000003,,1.0619999999999998,
1563088,2026-08-15,1.3670000000000004,1.6280000000000001,1.3679999999999999,0.951
1563090,2026-08-15,1.453,1.3949999999999998,1.689,1.5030000000000001
1563086,2026-08-15,1.202,1.436,1.554,1.37
1563089,2026-08-15,1.045,1.281,1.422,1.3279999999999998
1563091,2026-08-15,1.721,1.23,1.608,1.1909999999999998
1563092,2026-08-16,1.0939999999999999,1.6179999999999999,1.6580000000000001,1.2180000000000002
1563093,2026-08-16,0.883,1.2239999999999998,1.9939999999999998,1.427
1563094,2026-08-17,1.125,1.114,1.1340000000000001,1.593
1557367,2026-08-21,1.6920000000000002,2.091,0.9180000000000001,1.1549999999999998
1557368,2026-08-22,1.123,1.643,1.4119999999999997,1.5419999999999998
1563095,2026-08-22,1.137,1.007,1.183,1.902
1563099,2026-08-22,1.478,1.5580000000000003,1.2759999999999998,1.321
1563098,2026-08-22,,1.0899999999999999,,1.529
1557369,2026-08-22,1.3060000000000003,1.4880000000000002,1.589,1.467
1557370,2026-08-22,1.9140000000000001,1.2469999999999999,1.131,1.3170000000000002
1557371,2026-08-22,1.346,1.395,1.5270000000000001,1.299
1563102,2026-08-22,1.7280000000000002,1.1749999999999998,1.195,1.6030000000000002
1563105,2026-08-22,1.2479999999999998,1.226,1.559,1.424
1563100,2026-08-22,1.7160000000000004,1.129,1.6640000000000001,1.6280000000000001
1563096,2026-08-22,1.0790000000000002,2.121,1.6219999999999999,1.0879999999999999
1563097,2026-08-22,1.411,1.1380000000000001,1.299,1.178
1563101,2026-08-22,1.451,,1.375,
1563103,2026-08-22,1.3859999999999997,1.6760000000000002,1.474,1.5070000000000001
1563106,2026-08-22,1.1629999999999998,0.992,1.599,1.6630000000000003
1557372,2026-08-22,1.464,1.163,1.6090000000000004,1.0290000000000004
1563104,2026-08-23,1.6580000000000001,1.0370000000000001,1.138,1.9969999999999999
1557374,2026-08-23,2.016,1.8199999999999998,1.261,1.372
1557373,2026-08-23,1.6560000000000001,1.3719999999999999,1.044,1.525
1557375,2026-08-23,1.558,1.4790000000000003,1.674,1.419
1557376,2026-08-24,1.292,1.317,1.299,1.4260000000000002
1557381,2026-08-28,1.5060000000000002,2.0290000000000004,1.47,1.229
1563118,2026-08-28,1.3199999999999998,1.183,1.467,1.1539999999999997
1557383,2026-08-29,1.594,1.3150000000000002,1.533,1.362
1563117,2026-08-29,1.239,1.1019999999999999,1.5110000000000003,1.652
1563112,2026-08-29,1.473,1.3589999999999998,1.325,1.5260000000000002
1563113,2026-08-29,1.9600000000000002,1.5860000000000003,1.1,1.222
1557378,2026-08-29,1.693,1.2880000000000003,1.5570000000000002,1.706
1557380,2026-08-29,1.7109999999999999,1.142,1.299,1.251
1563116,2026-08-29,0.8600000000000001,1.478,1.8200000000000003,1.418
1563115,2026-08-29,1.7760000000000002,1.668,1.178,1.0739999999999998
1563110,2026-08-29,1.262,1.6499999999999997,1.2920000000000003,1.412
1563109,2026-08-29,1.1179999999999999,1.048,1.85,1.592
1563107,2026-08-29,0.9380000000000001,1.468,1.627,1.3589999999999998
1563108,2026-08-29,,,,
1563114,2026-08-29,1.5559999999999998,1.0150000000000001,1.529,1.905
1563111,2026-08-29,1.1949999999999998,1.55,1.565,1.7129999999999999
1557386,2026-08-29,1.1110000000000002,1.4680000000000002,1.2380000000000002,1.8239999999999998
1557379,2026-08-30,1.1810000000000003,1.951,1.481,1.026
1557382,2026-08-30,1.3270000000000002,1.811,1.2790000000000001,1.4740000000000002
1557385,2026-08-30,1.227,1.3239999999999998,1.3820000000000001,1.4140000000000001
1557384,2026-08-30,1.6780000000000002,1.8190000000000002,1.395,1.161
