fixture_id,date,competition,season,home_team,away_team,home_venue_xg_last5,away_venue_xg_last5,home_venue_xg_against_last5,away_venue_xg_against_last5,home_xg_per_shot_last5,away_xg_per_shot_last5
194197,2010-08-14,PL,2010,Tottenham,Manchester City,,,,,,
194198,2010-08-14,PL,2010,Aston Villa,West Ham,,,,,,
194199,2010-08-14,PL,2010,Blackburn,Everton,,,,,,
194200,2010-08-14,PL,2010,Wigan,Blackpool,,,,,,
194201,2010-08-14,PL,2010,Bolton,Fulham,,,,,,
194202,2010-08-14,PL,2010,Sunderland,Birmingham,,,,,,
194203,2010-08-14,PL,2010,Wolves,Stoke City,,,,,,
194204,2010-08-14,PL,2010,Chelsea,West Brom,,,,,,
194205,2010-08-15,PL,2010,Liverpool,Arsenal,,,,,,
194206,2010-08-16,PL,2010,Manchester United,Newcastle,,,,,,
194557,2010-08-21,PL,2010,West Ham,Bolton,,,,,,
194558,2010-08-21,PL,2010,West Brom,Sunderland,,,,,,
194559,2010-08-21,PL,2010,Stoke City,Tottenham,,,,,,
194560,2010-08-21,PL,2010,Everton,Wolves,,,,,,
194561,2010-08-21,PL,2010,Birmingham,Blackburn,,,,,,
194562,2010-08-21,PL,2010,Arsenal,Blackpool,,,,,,
194563,2010-08-21,PL,2010,Wigan,Chelsea,,,,,,
194564,2010-08-22,PL,2010,Newcastle,Aston Villa,,,,,,
194565,2010-08-22,PL,2010,Fulham,Manchester United,,,,,,
194566,2010-08-23,PL,2010,Manchester City,Liverpool,,,,,,
194547,2010-08-28,PL,2010,Blackburn,Arsenal,,,,,,
194548,2010-08-28,PL,2010,Wolves,Newcastle,,,,,,
194549,2010-08-28,PL,2010,Tottenham,Wigan,,,,,,
194550,2010-08-28,PL,2010,Chelsea,Stoke City,,,,,,
194551,2010-08-28,PL,2010,Blackpool,Fulham,,,,,,
194552,2010-08-28,PL,2010,Manchester United,West Ham,,,,,,
194553,2010-08-29,PL,2010,Bolton,Birmingham,,,,,,
194554,2010-08-29,PL,2010,Sunderland,Manchester City,,,,,,
194555,2010-08-29,PL,2010,Liverpool,West Brom,,,,,,
194556,2010-08-29,PL,2010,Aston Villa,Everton,,,,,,
194537,2010-09-11,PL,2010,Everton,Manchester United,,,,,,
194538,2010-09-11,PL,2010,Wigan,Sunderland,,,,,,
194539,2010-09-11,PL,2010,West Ham,Chelsea,,,,,,
194540,2010-09-11,PL,2010,West Brom,Tottenham,,,,,,
194541,2010-09-11,PL,2010,Newcastle,Blackpool,,,,,,
194542,2010-09-11,PL,2010,Manchester City,Blackburn,,,,,,
194543,2010-09-11,PL,2010,Fulham,Wolves,,,,,,
194544,2010-09-11,PL,2010,Arsenal,Bolton,,,,,,
194545,2010-09-12,PL,2010,Birmingham,Liverpool,,,,,,
194546,2010-09-13,PL,2010,Stoke City,Aston Villa,,,,,,
194527,2010-09-18,PL,2010,Stoke City,West Ham,,,,,,
194528,2010-09-18,PL,2010,West Brom,Birmingham,,,,,,
194529,2010-09-18,PL,2010,Tottenham,Wolves,,,,,,
194530,2010-09-18,PL,2010,Everton,Newcastle,,,,,,
194531,2010-09-18,PL,2010,Blackburn,Fulham,,,,,,
194532,2010-09-18,PL,2010,Aston Villa,Bolton,,,,,,
194533,2010-09-18,PL,2010,Sunderland,Arsenal,,,,,,
194534,2010-09-19,PL,2010,Manchester United,Liverpool,,,,,,
194535,2010-09-19,PL,2010,Wigan,Manchester City,,,,,,
194536,2010-09-19,PL,2010,Chelsea,Blackpool,,,,,,
194517,2010-09-25,PL,2010,Manchester City,Chelsea,,,,,,
194518,2010-09-25,PL,2010,West Ham,Tottenham,,,,,,
194519,2010-09-25,PL,2010,Liverpool,Sunderland,,,,,,
194520,2010-09-25,PL,2010,Fulham,Everton,,,,,,
194521,2010-09-25,PL,2010,Blackpool,Blackburn,,,,,,
194522,2010-09-25,PL,2010,Birmingham,Wigan,,,,,,
194523,2010-09-25,PL,2010,Arsenal,West Brom,,,,,,
194524,2010-09-26,PL,2010,Bolton,Manchester United,,,,,,
194525,2010-09-26,PL,2010,Wolves,Aston Villa,,,,,,
194526,2010-09-26,PL,2010,Newcastle,Stoke City,,,,,,
194507,2010-10-02,PL,2010,Wigan,Wolves,,,,,,
194508,2010-10-02,PL,2010,West Ham,Fulham,,,,,,
194509,2010-10-02,PL,2010,West Brom,Bolton,,,,,,
194510,2010-10-02,PL,2010,Tottenham,Aston Villa,,,,,,
194512,2010-10-02,PL,2010,Stoke City,Blackburn,,,,,,
194513,2010-10-02,PL,2010,Birmingham,Everton,,,,,,
194511,2010-10-02,PL,2010,Sunderland,Manchester United,,,,,,
194514,2010-10-03,PL,2010,Manchester City,Newcastle,,,,,,
194515,2010-10-03,PL,2010,Liverpool,Blackpool,,,,,,
194516,2010-10-03,PL,2010,Chelsea,Arsenal,,,,,,
194497,2010-10-16,PL,2010,Wolves,West Ham,,,,,,
194498,2010-10-16,PL,2010,Newcastle,Wigan,,,,,,
194499,2010-10-16,PL,2010,Manchester United,West Brom,,,,,,
194500,2010-10-16,PL,2010,Fulham,Tottenham,,,,,,
194501,2010-10-16,PL,2010,Bolton,Stoke City,,,,,,
194502,2010-10-16,PL,2010,Arsenal,Birmingham,,,,,,
194503,2010-10-16,PL,2010,Aston Villa,Chelsea,,,,,,
194504,2010-10-17,PL,2010,Everton,Liverpool,,,,,,
194505,2010-10-17,PL,2010,Blackpool,Manchester City,,,,,,
194506,2010-10-18,PL,2010,Blackburn,Sunderland,,,,,,
194487,2010-10-23,PL,2010,Tottenham,Everton,,,,,,
194488,2010-10-23,PL,2010,Wigan,Bolton,,,,,,
194489,2010-10-23,PL,2010,West Brom,Fulham,,,,,,
194490,2010-10-23,PL,2010,Sunderland,Aston Villa,,,,,,
194491,2010-10-23,PL,2010,Chelsea,Wolves,,,,,,
194492,2010-10-23,PL,2010,Birmingham,Blackpool,,,,,,
194493,2010-10-23,PL,2010,West Ham,Newcastle,,,,,,
194494,2010-10-24,PL,2010,Stoke City,Manchester United,,,,,,
194495,2010-10-24,PL,2010,Liverpool,Blackburn,,,,,,
194496,2010-10-24,PL,2010,Manchester City,Arsenal,,,,,,
194477,2010-10-30,PL,2010,Wolves,Manchester City,,,,,,
194478,2010-10-30,PL,2010,Fulham,Wigan,,,,,,
194479,2010-10-30,PL,2010,Everton,Stoke City,,,,,,
194480,2010-10-30,PL,2010,Blackburn,Chelsea,,,,,,
194481,2010-10-30,PL,2010,Arsenal,West Ham,,,,,,
194482,2010-10-30,PL,2010,Manchester United,Tottenham,,,,,,
194483,2010-10-31,PL,2010,Aston Villa,Birmingham,,,,,,
194484,2010-10-31,PL,2010,Newcastle,Sunderland,,,,,,
194485,2010-10-31,PL,2010,Bolton,Liverpool,,,,,,
194486,2010-11-01,PL,2010,Blackpool,West Brom,,,,,,
194467,2010-11-06,PL,2010,Bolton,Tottenham,,,,,,
194468,2010-11-06,PL,2010,Sunderland,Stoke City,,,,,,
194469,2010-11-06,PL,2010,Manchester United,Wolves,,,,,,
194470,2010-11-06,PL,2010,Fulham,Aston Villa,,,,,,
194471,2010-11-06,PL,2010,Blackpool,Everton,,,,,,
194472,2010-11-06,PL,2010,Blackburn,Wigan,,,,,,
194473,2010-11-06,PL,2010,Birmingham,West Ham,,,,,,
194474,2010-11-07,PL,2010,Arsenal,Newcastle,,,,,,
194475,2010-11-07,PL,2010,West Brom,Manchester City,,,,,,
194476,2010-11-07,PL,2010,Liverpool,Chelsea,,,,,,
194457,2010-11-09,PL,2010,Stoke City,Birmingham,,,,,,
194458,2010-11-09,PL,2010,Tottenham,Sunderland,,,,,,
194459,2010-11-10,PL,2010,Newcastle,Blackburn,,,,,,
194460,2010-11-10,PL,2010,Chelsea,Fulham,,,,,,
194461,2010-11-10,PL,2010,Aston Villa,Blackpool,,,,,,
194462,2010-11-10,PL,2010,Wolves,Arsenal,,,,,,
194463,2010-11-10,PL,2010,Wigan,Liverpool,,,,,,
194464,2010-11-10,PL,2010,West Ham,West Brom,,,,,,
194465,2010-11-10,PL,2010,Manchester City,Manchester United,,,,,,
194466,2010-11-10,PL,2010,Everton,Bolton,,,,,,
194447,2010-11-13,PL,2010,Aston Villa,Manchester United,,,,,,
194448,2010-11-13,PL,2010,Wolves,Bolton,,,,,,
194449,2010-11-13,PL,2010,Wigan,West Brom,,,,,,
194450,2010-11-13,PL,2010,West Ham,Blackpool,,,,,,
194451,2010-11-13,PL,2010,Tottenham,Blackburn,,,,,,
194452,2010-11-13,PL,2010,Newcastle,Fulham,,,,,,
194453,2010-11-13,PL,2010,Manchester City,Birmingham,,,,,,
194454,2010-11-13,PL,2010,Stoke City,Liverpool,,,,,,
194455,2010-11-14,PL,2010,Everton,Arsenal,,,,,,
194456,2010-11-14,PL,2010,Chelsea,Sunderland,,,,,,
194437,2010-11-20,PL,2010,Arsenal,Tottenham,,,,,,
194438,2010-11-20,PL,2010,West Brom,Stoke City,,,,,,
194439,2010-11-20,PL,2010,Manchester United,Wigan,,,,,,
194440,2010-11-20,PL,2010,Bolton,Newcastle,,,,,,
194441,2010-11-20,PL,2010,Blackpool,Wolves,,,,,,
194442,2010-11-20,PL,2010,Birmingham,Chelsea,,,,,,
194443,2010-11-20,PL,2010,Liverpool,West Ham,,,,,,
194444,2010-11-21,PL,2010,Blackburn,Aston Villa,,,,,,
194445,2010-11-21,PL,2010,Fulham,Manchester City,,,,,,
194446,2010-11-22,PL,2010,Sunderland,Everton,,,,,,
194427,2010-11-27,PL,2010,Aston Villa,Arsenal,,,,,,
194428,2010-11-27,PL,2010,Wolves,Sunderland,,,,,,
194429,2010-11-27,PL,2010,West Ham,Wigan,,,,,,
194430,2010-11-27,PL,2010,Stoke City,Manchester City,,,,,,
194431,2010-11-27,PL,2010,Manchester United,Blackburn,,,,,,
194432,2010-11-27,PL,2010,Fulham,Birmingham,,,,,,
194433,2010-11-27,PL,2010,Everton,West Brom,,,,,,
194434,2010-11-27,PL,2010,Bolton,Blackpool,,,,,,
194435,2010-11-28,PL,2010,Newcastle,Chelsea,,,,,,
194436,2010-11-28,PL,2010,Tottenham,Liverpool,,,,,,
194417,2010-12-04,PL,2010,Wigan,Stoke City,,,,,,
194418,2010-12-04,PL,2010,Manchester City,Bolton,,,,,,
194419,2010-12-04,PL,2010,Chelsea,Everton,,,,,,
194420,2010-12-04,PL,2010,Blackburn,Wolves,,,,,,
194421,2010-12-04,PL,2010,Birmingham,Tottenham,,,,,,
194422,2010-12-04,PL,2010,Arsenal,Fulham,,,,,,
194423,2010-12-05,PL,2010,West Brom,Newcastle,,,,,,
194424,2010-12-05,PL,2010,Sunderland,West Ham,,,,,,
194425,2010-12-06,PL,2010,Liverpool,Aston Villa,,,,,,
194407,2010-12-11,PL,2010,Stoke City,Blackpool,,,,,,
194408,2010-12-11,PL,2010,Fulham,Sunderland,,,,,,
194409,2010-12-11,PL,2010,Everton,Wigan,,,,,,
194410,2010-12-11,PL,2010,Aston Villa,West Brom,,,,,,
194426,2010-12-11,PL,2010,West Ham,Manchester City,,,,,,
194411,2010-12-11,PL,2010,Newcastle,Liverpool,,,,,,
194412,2010-12-12,PL,2010,Wolves,Birmingham,,,,,,
194413,2010-12-12,PL,2010,Bolton,Blackburn,,,,,,
194414,2010-12-12,PL,2010,Tottenham,Chelsea,,,,,,
194415,2010-12-13,PL,2010,Manchester United,Arsenal,,,,,,
194416,2010-12-18,PL,2010,Sunderland,Bolton,,,,,,
194397,2010-12-18,PL,2010,Blackburn,West Ham,,,,,,
194398,2010-12-20,PL,2010,Manchester City,Everton,,,,,,
194399,2010-12-26,PL,2010,Fulham,West Ham,,,,,,
194400,2010-12-26,PL,2010,Wolves,Wigan,,,,,,
194401,2010-12-26,PL,2010,Newcastle,Manchester City,,,,,,
194402,2010-12-26,PL,2010,Manchester United,Sunderland,,,,,,
194403,2010-12-26,PL,2010,Bolton,West Brom,,,,,,
194404,2010-12-26,PL,2010,Blackburn,Stoke City,,,,,,
194405,2010-12-26,PL,2010,Aston Villa,Tottenham,,,,,,
194406,2010-12-27,PL,2010,Arsenal,Chelsea,,,,,,
194387,2010-12-28,PL,2010,West Brom,Blackburn,,,,,,
194388,2010-12-28,PL,2010,Tottenham,Newcastle,,,,,,
194389,2010-12-28,PL,2010,Sunderland,Blackpool,,,,,,
194390,2010-12-28,PL,2010,Stoke City,Fulham,,,,,,
194391,2010-12-28,PL,2010,Manchester City,Aston Villa,,,,,,
194392,2010-12-28,PL,2010,West Ham,Everton,,,,,,
194393,2010-12-28,PL,2010,Birmingham,Manchester United,,,,,,
194394,2010-12-29,PL,2010,Wigan,Arsenal,,,,,,
194395,2010-12-29,PL,2010,Chelsea,Bolton,,,,,,
194396,2010-12-29,PL,2010,Liverpool,Wolves,,,,,,
194377,2011-01-01,PL,2010,West Brom,Manchester United,,,,,,
194378,2011-01-01,PL,2010,West Ham,Wolves,,,,,,
194379,2011-01-01,PL,2010,Tottenham,Fulham,,,,,,
194380,2011-01-01,PL,2010,Sunderland,Blackburn,,,,,,
194381,2011-01-01,PL,2010,Stoke City,Everton,,,,,,
194382,2011-01-01,PL,2010,Manchester City,Blackpool,,,,,,
194383,2011-01-01,PL,2010,Liverpool,Bolton,,,,,,
194384,2011-01-01,PL,2010,Birmingham,Arsenal,,,,,,
194385,2011-01-02,PL,2010,Chelsea,Aston Villa,,,,,,
194386,2011-01-02,PL,2010,Wigan,Newcastle,,,,,,
194367,2011-01-04,PL,2010,Fulham,West Brom,,,,,,
194368,2011-01-04,PL,2010,Manchester United,Stoke City,,,,,,
194369,2011-01-04,PL,2010,Blackpool,Birmingham,,,,,,
194370,2011-01-05,PL,2010,Newcastle,West Ham,,,,,,
194371,2011-01-05,PL,2010,Aston Villa,Sunderland,,,,,,
194372,2011-01-05,PL,2010,Wolves,Chelsea,,,,,,
194373,2011-01-05,PL,2010,Arsenal,Manchester City,,,,,,
194374,2011-01-05,PL,2010,Everton,Tottenham,,,,,,
194375,2011-01-05,PL,2010,Blackburn,Liverpool,,,,,,
194376,2011-01-05,PL,2010,Bolton,Wigan,,,,,,
194357,2011-01-12,PL,2010,Blackpool,Liverpool,,,,,,
194358,2011-01-15,PL,2010,Wigan,Fulham,,,,,,
194359,2011-01-15,PL,2010,West Brom,Blackpool,,,,,,
194360,2011-01-15,PL,2010,Stoke City,Bolton,,,,,,
194361,2011-01-15,PL,2010,Manchester City,Wolves,,,,,,
194362,2011-01-15,PL,2010,Chelsea,Blackburn,,,,,,
194363,2011-01-15,PL,2010,West Ham,Arsenal,,,,,,
194364,2011-01-16,PL,2010,Sunderland,Newcastle,,,,,,
194365,2011-01-16,PL,2010,Birmingham,Aston Villa,,,,,,
194366,2011-01-16,PL,2010,Liverpool,Everton,,,,,,
194347,2011-01-16,PL,2010,Tottenham,Manchester United,,,,,,
194348,2011-01-22,PL,2010,Wolves,Liverpool,,,,,,
194349,2011-01-22,PL,2010,Newcastle,Tottenham,,,,,,
194350,2011-01-22,PL,2010,Manchester United,Birmingham,,,,,,
194351,2011-01-22,PL,2010,Fulham,Stoke City,,,,,,
194352,2011-01-22,PL,2010,Everton,West Ham,,,,,,
194353,2011-01-22,PL,2010,Blackpool,Sunderland,,,,,,
194354,2011-01-22,PL,2010,Arsenal,Wigan,,,,,,
194355,2011-01-22,PL,2010,Aston Villa,Manchester City,,,,,,
194356,2011-01-23,PL,2010,Blackburn,West Brom,,,,,,
194337,2011-01-24,PL,2010,Bolton,Chelsea,,,,,,
194338,2011-01-25,PL,2010,Blackpool,Manchester United,,,,,,
194339,2011-01-25,PL,2010,Wigan,Aston Villa,,,,,,
194340,2011-01-26,PL,2010,Liverpool,Fulham,,,,,,
194341,2011-02-01,PL,2010,Sunderland,Chelsea,,,,,,
194342,2011-02-01,PL,2010,Arsenal,Everton,,,,,,
194343,2011-02-01,PL,2010,West Brom,Wigan,,,,,,
194344,2011-02-01,PL,2010,Manchester United,Aston Villa,,,,,,
194345,2011-02-02,PL,2010,Birmingham,Manchester City,,,,,,
194327,2011-02-02,PL,2010,Fulham,Newcastle,,,,,,
194328,2011-02-02,PL,2010,Blackburn,Tottenham,,,,,,
194329,2011-02-02,PL,2010,Bolton,Wolves,,,,,,
194330,2011-02-02,PL,2010,Blackpool,West Ham,,,,,,
194346,2011-02-02,PL,2010,Liverpool,Stoke City,,,,,,
194331,2011-02-05,PL,2010,Stoke City,Sunderland,,,,,,
194317,2011-02-05,PL,2010,Aston Villa,Fulham,,,,,,
194332,2011-02-05,PL,2010,Wigan,Blackburn,,,,,,
194333,2011-02-05,PL,2010,Tottenham,Bolton,,,,,,
194334,2011-02-05,PL,2010,Newcastle,Arsenal,,,,,,
194335,2011-02-05,PL,2010,Manchester City,West Brom,,,,,,
194336,2011-02-05,PL,2010,Everton,Blackpool,,,,,,
194318,2011-02-05,PL,2010,Wolves,Manchester United,,,,,,
194319,2011-02-06,PL,2010,West Ham,Birmingham,,,,,,
194320,2011-02-06,PL,2010,Chelsea,Liverpool,,,,,,
194321,2011-02-12,PL,2010,Manchester United,Manchester City,,,,,,
194307,2011-02-12,PL,2010,Arsenal,Wolves,,,,,,
194322,2011-02-12,PL,2010,West Brom,West Ham,,,,,,
194323,2011-02-12,PL,2010,Liverpool,Wigan,,,,,,
194324,2011-02-12,PL,2010,Blackpool,Aston Villa,,,,,,
194325,2011-02-12,PL,2010,Blackburn,Newcastle,,,,,,
194326,2011-02-12,PL,2010,Birmingham,Stoke City,,,,,,
194308,2011-02-12,PL,2010,Sunderland,Tottenham,,,,,,
194309,2011-02-13,PL,2010,Bolton,Everton,,,,,,
194310,2011-02-14,PL,2010,Fulham,Chelsea,,,,,,
194311,2011-02-15,PL,2010,Birmingham,Newcastle,,,,,,
194312,2011-02-20,PL,2010,West Brom,Wolves,,,,,,
194313,2011-02-22,PL,2010,Blackpool,Tottenham,,,,,,
194314,2011-02-23,PL,2010,Arsenal,Stoke City,,,,,,
194297,2011-02-26,PL,2010,Newcastle,Bolton,,,,,,
194298,2011-02-26,PL,2010,Everton,Sunderland,,,,,,
194299,2011-02-26,PL,2010,Aston Villa,Blackburn,,,,,,
194315,2011-02-26,PL,2010,Wolves,Blackpool,,,,,,
194316,2011-02-26,PL,2010,Wigan,Manchester United,,,,,,
194300,2011-02-27,PL,2010,West Ham,Liverpool,,,,,,
194301,2011-02-27,PL,2010,Manchester City,Fulham,,,,,,
194302,2011-02-28,PL,2010,Stoke City,West Brom,,,,,,
194303,2011-03-01,PL,2010,Chelsea,Manchester United,,,,,,
194304,2011-03-05,PL,2010,Birmingham,West Brom,,,,,,
194287,2011-03-05,PL,2010,Fulham,Blackburn,,,,,,
194288,2011-03-05,PL,2010,Bolton,Aston Villa,,,,,,
194289,2011-03-05,PL,2010,Arsenal,Sunderland,,,,,,
194305,2011-03-05,PL,2010,West Ham,Stoke City,,,,,,
194306,2011-03-05,PL,2010,Newcastle,Everton,,,,,,
194290,2011-03-05,PL,2010,Manchester City,Wigan,,,,,,
194291,2011-03-06,PL,2010,Liverpool,Manchester United,,,,,,
194292,2011-03-06,PL,2010,Wolves,Tottenham,,,,,,
194293,2011-03-07,PL,2010,Blackpool,Chelsea,,,,,,
194294,2011-03-09,PL,2010,Everton,Birmingham,,,,,,
194295,2011-03-19,PL,2010,Tottenham,West Ham,,,,,,
194277,2011-03-19,PL,2010,West Brom,Arsenal,,,,,,
194278,2011-03-19,PL,2010,Stoke City,Newcastle,,,,,,
194279,2011-03-19,PL,2010,Manchester United,Bolton,,,,,,
194280,2011-03-19,PL,2010,Blackburn,Blackpool,,,,,,
194281,2011-03-19,PL,2010,Aston Villa,Wolves,,,,,,
194296,2011-03-19,PL,2010,Wigan,Birmingham,,,,,,
194282,2011-03-19,PL,2010,Everton,Fulham,,,,,,
194283,2011-03-20,PL,2010,Sunderland,Liverpool,,,,,,
194284,2011-03-20,PL,2010,Chelsea,Manchester City,,,,,,
194285,2011-04-02,PL,2010,West Ham,Manchester United,,,,,,
194267,2011-04-02,PL,2010,West Brom,Liverpool,,,,,,
194268,2011-04-02,PL,2010,Stoke City,Chelsea,,,,,,
194269,2011-04-02,PL,2010,Newcastle,Wolves,,,,,,
194270,2011-04-02,PL,2010,Everton,Aston Villa,,,,,,
194271,2011-04-02,PL,2010,Birmingham,Bolton,,,,,,
194286,2011-04-02,PL,2010,Wigan,Tottenham,,,,,,
194272,2011-04-02,PL,2010,Arsenal,Blackburn,,,,,,
194273,2011-04-03,PL,2010,Fulham,Blackpool,,,,,,
194274,2011-04-03,PL,2010,Manchester City,Sunderland,,,,,,
194275,2011-04-09,PL,2010,Wolves,Everton,,,,,,
194257,2011-04-09,PL,2010,Sunderland,West Brom,,,,,,
194258,2011-04-09,PL,2010,Manchester United,Fulham,,,,,,
194259,2011-04-09,PL,2010,Chelsea,Wigan,,,,,,
194260,2011-04-09,PL,2010,Bolton,West Ham,,,,,,
194261,2011-04-09,PL,2010,Blackburn,Birmingham,,,,,,
194276,2011-04-09,PL,2010,Tottenham,Stoke City,,,,,,
194262,2011-04-10,PL,2010,Blackpool,Arsenal,,,,,,
194263,2011-04-10,PL,2010,Aston Villa,Newcastle,,,,,,
194264,2011-04-11,PL,2010,Liverpool,Manchester City,,,,,,
194247,2011-04-16,PL,2010,West Brom,Chelsea,,,,,,
194248,2011-04-16,PL,2010,Everton,Blackburn,,,,,,
194249,2011-04-16,PL,2010,Birmingham,Sunderland,,,,,,
194265,2011-04-16,PL,2010,Blackpool,Wigan,,,,,,
194266,2011-04-16,PL,2010,West Ham,Aston Villa,,,,,,
194250,2011-04-17,PL,2010,Arsenal,Liverpool,,,,,,
194251,2011-04-19,PL,2010,Newcastle,Manchester United,,,,,,
194252,2011-04-20,PL,2010,Tottenham,Arsenal,,,,,,
194253,2011-04-20,PL,2010,Chelsea,Birmingham,,,,,,
194254,2011-04-23,PL,2010,Manchester United,Everton,,,,,,
194237,2011-04-23,PL,2010,Sunderland,Wigan,,,,,,
194238,2011-04-23,PL,2010,Liverpool,Birmingham,,,,,,
194239,2011-04-23,PL,2010,Blackpool,Newcastle,,,,,,
194240,2011-04-23,PL,2010,Aston Villa,Stoke City,,,,,,
194255,2011-04-23,PL,2010,Wolves,Fulham,,,,,,
194256,2011-04-23,PL,2010,Tottenham,West Brom,,,,,,
194241,2011-04-23,PL,2010,Chelsea,West Ham,,,,,,
194242,2011-04-24,PL,2010,Bolton,Arsenal,,,,,,
194243,2011-04-25,PL,2010,Blackburn,Manchester City,,,,,,
194244,2011-04-26,PL,2010,Stoke City,Wolves,,,,,,
194245,2011-04-27,PL,2010,Fulham,Bolton,,,,,,
194227,2011-04-30,PL,2010,West Brom,Aston Villa,,,,,,
194228,2011-04-30,PL,2010,Sunderland,Fulham,,,,,,
194229,2011-04-30,PL,2010,Blackpool,Stoke City,,,,,,
194230,2011-04-30,PL,2010,Blackburn,Bolton,,,,,,
194246,2011-04-30,PL,2010,Wigan,Everton,,,,,,
194231,2011-04-30,PL,2010,Chelsea,Tottenham,,,,,,
194232,2011-05-01,PL,2010,Liverpool,Newcastle,,,,,,
194233,2011-05-01,PL,2010,Birmingham,Wolves,,,,,,
194234,2011-05-01,PL,2010,Arsenal,Manchester United,,,,,,
194235,2011-05-01,PL,2010,Manchester City,West Ham,,,,,,
194217,2011-05-07,PL,2010,Newcastle,Birmingham,,,,,,
194218,2011-05-07,PL,2010,Everton,Manchester City,,,,,,
194219,2011-05-07,PL,2010,Bolton,Sunderland,,,,,,
194220,2011-05-07,PL,2010,Aston Villa,Wigan,,,,,,
194236,2011-05-07,PL,2010,West Ham,Blackburn,,,,,,
194221,2011-05-07,PL,2010,Tottenham,Blackpool,,,,,,
194222,2011-05-08,PL,2010,Wolves,West Brom,,,,,,
194223,2011-05-08,PL,2010,Stoke City,Arsenal,,,,,,
194224,2011-05-08,PL,2010,Manchester United,Chelsea,,,,,,
194225,2011-05-09,PL,2010,Fulham,Liverpool,,,,,,
194226,2011-05-10,PL,2010,Manchester City,Tottenham,,,,,,
194207,2011-05-14,PL,2010,West Brom,Everton,,,,,,
194208,2011-05-14,PL,2010,Sunderland,Wolves,,,,,,
194209,2011-05-14,PL,2010,Blackpool,Bolton,,,,,,
194210,2011-05-14,PL,2010,Blackburn,Manchester United,,,,,,
194211,2011-05-15,PL,2010,Chelsea,Newcastle,,,,,,
194212,2011-05-15,PL,2010,Wigan,West Ham,,,,,,
194213,2011-05-15,PL,2010,Liverpool,Tottenham,,,,,,
194214,2011-05-15,PL,2010,Birmingham,Fulham,,,,,,
194215,2011-05-15,PL,2010,Arsenal,Aston Villa,,,,,,
194216,2011-05-17,PL,2010,Manchester City,Stoke City,,,,,,
1539075,2011-05-22,PL,2010,Wolves,Blackburn,,,,,,
1539076,2011-05-22,PL,2010,Stoke City,Wigan,,,,,,
1539077,2011-05-22,PL,2010,West Ham,Sunderland,,,,,,
1539078,2011-05-22,PL,2010,Newcastle,West Brom,,,,,,
1539079,2011-05-22,PL,2010,Tottenham,Birmingham,,,,,,
1539080,2011-05-22,PL,2010,Bolton,Manchester City,,,,,,
1539081,2011-05-22,PL,2010,Aston Villa,Liverpool,,,,,,
1539082,2011-05-22,PL,2010,Fulham,Arsenal,,,,,,
1539083,2011-05-22,PL,2010,Everton,Chelsea,,,,,,
1539084,2011-05-22,PL,2010,Manchester United,Blackpool,,,,,,
447104,2011-08-05,ELC,2011,Hull City,Blackpool,,,,,,
447105,2011-08-06,ELC,2011,Coventry,Leicester,,,,,,
447106,2011-08-06,ELC,2011,Burnley,Watford,,,,,,
447113,2011-08-06,ELC,2011,Brighton,Doncaster,,,,,,
447107,2011-08-06,ELC,2011,Reading,Millwall,,,,,,
447110,2011-08-06,ELC,2011,Bristol City,Ipswich,,,,,,
447108,2011-08-06,ELC,2011,Nottingham Forest,Barnsley,,,,,,
447112,2011-08-06,ELC,2011,Derby,Birmingham,,,,,,
447109,2011-08-06,ELC,2011,Middlesbrough,Portsmouth,,,,,,
447111,2011-08-06,ELC,2011,Peterborough,Crystal Palace,,,,,,
447114,2011-08-06,ELC,2011,Southampton,Leeds,,,,,,
447115,2011-08-07,ELC,2011,West Ham,Cardiff,,,,,,
193817,2011-08-13,PL,2011,Blackburn,Wolves,,,,,,
193818,2011-08-13,PL,2011,Fulham,Aston Villa,,,,,,
193819,2011-08-13,PL,2011,Liverpool,Sunderland,,,,,,
193820,2011-08-13,PL,2011,QPR,Bolton,,,,,,
193821,2011-08-13,PL,2011,Wigan,Norwich,,,,,,
447118,2011-08-13,ELC,2011,Watford,Derby,,,,,,
447121,2011-08-13,ELC,2011,Leicester,Reading,,,,,,
447124,2011-08-13,ELC,2011,Crystal Palace,Burnley,,,,,,
447119,2011-08-13,ELC,2011,Birmingham,Coventry,,,,,,
447123,2011-08-13,ELC,2011,Ipswich,Hull City,,,,,,
447122,2011-08-13,ELC,2011,Millwall,Nottingham Forest,,,,,,
447117,2011-08-13,ELC,2011,Leeds,Middlesbrough,,,,,,
447116,2011-08-13,ELC,2011,Barnsley,Southampton,,,,,,
447125,2011-08-13,ELC,2011,Doncaster,West Ham,,,,,,
447120,2011-08-13,ELC,2011,Portsmouth,Brighton,,,,,,
193822,2011-08-13,PL,2011,Newcastle,Arsenal,,,,,,
193823,2011-08-14,PL,2011,Stoke City,Chelsea,,,,,,
447127,2011-08-14,ELC,2011,Cardiff,Bristol City,,,,,,
447126,2011-08-14,ELC,2011,Blackpool,Peterborough,,,,,,
193824,2011-08-14,PL,2011,West Brom,Manchester United,,,,,,
193825,2011-08-15,PL,2011,Manchester City,Swansea,,,,,,
447130,2011-08-16,ELC,2011,Watford,West Ham,,,,,,
447133,2011-08-16,ELC,2011,Ipswich,Southampton,,,,,,
447129,2011-08-16,ELC,2011,Leeds,Hull City,,,,,,
447131,2011-08-16,ELC,2011,Barnsley,Middlesbrough,,,,,,
447128,2011-08-16,ELC,2011,Doncaster,Nottingham Forest,,,,,,
447132,2011-08-16,ELC,2011,Portsmouth,Reading,,,,,,
447134,2011-08-16,ELC,2011,Crystal Palace,Coventry,,,,,,
447137,2011-08-17,ELC,2011,Cardiff,Brighton,,,,,,
447136,2011-08-17,ELC,2011,Leicester,Bristol City,,,,,,
447135,2011-08-17,ELC,2011,Millwall,Peterborough,,,,,,
447138,2011-08-17,ELC,2011,Blackpool,Derby,,,,,,
193827,2011-08-20,PL,2011,Sunderland,Newcastle,,,,,,
193828,2011-08-20,PL,2011,Arsenal,Liverpool,,,,,,
193829,2011-08-20,PL,2011,Aston Villa,Blackburn,,,,,,
193830,2011-08-20,PL,2011,Everton,QPR,,,,,,
193831,2011-08-20,PL,2011,Swansea,Wigan,,,,,,
447146,2011-08-20,ELC,2011,Southampton,Millwall,,,,,,
447144,2011-08-20,ELC,2011,Burnley,Cardiff,,,,,,
447141,2011-08-20,ELC,2011,Brighton,Blackpool,,,,,,
447147,2011-08-20,ELC,2011,Reading,Barnsley,,,,,,
447140,2011-08-20,ELC,2011,Bristol City,Portsmouth,,,,,,
447143,2011-08-20,ELC,2011,Hull City,Crystal Palace,,,,,,
447145,2011-08-20,ELC,2011,Nottingham Forest,Leicester,,,,,,
447142,2011-08-20,ELC,2011,Derby,Doncaster,,,,,,
447148,2011-08-20,ELC,2011,Coventry,Watford,,,,,,
447149,2011-08-20,ELC,2011,Peterborough,Ipswich,,,,,,
193832,2011-08-20,PL,2011,Chelsea,West Brom,,,,,,
447150,2011-08-21,ELC,2011,West Ham,Leeds,,,,,,
193833,2011-08-21,PL,2011,Norwich,Stoke City,,,,,,
193834,2011-08-21,PL,2011,Wolves,Fulham,,,,,,
447151,2011-08-21,ELC,2011,Middlesbrough,Birmingham,,,,,,
193835,2011-08-21,PL,2011,Bolton,Manchester City,,,,,,
193836,2011-08-22,PL,2011,Manchester United,Tottenham,,,,,,
193837,2011-08-27,PL,2011,Aston Villa,Wolves,,,,,,
193838,2011-08-27,PL,2011,Wigan,QPR,,,,,,
193839,2011-08-27,PL,2011,Blackburn,Everton,,,,,,
193840,2011-08-27,PL,2011,Chelsea,Norwich,,,,,,
193841,2011-08-27,PL,2011,Swansea,Sunderland,,,,,,
447157,2011-08-27,ELC,2011,Leicester,Southampton,,,,,,
447154,2011-08-27,ELC,2011,Brighton,Peterborough,,,,,,
447153,2011-08-27,ELC,2011,Crystal Palace,Blackpool,,,,,,
447155,2011-08-27,ELC,2011,Ipswich,Leeds,,,,,,
447156,2011-08-27,ELC,2011,Millwall,Barnsley,,,,,,
447159,2011-08-27,ELC,2011,Hull City,Reading,,,,,,
447158,2011-08-27,ELC,2011,Derby,Burnley,,,,,,
447152,2011-08-27,ELC,2011,Middlesbrough,Coventry,,,,,,
447161,2011-08-27,ELC,2011,Doncaster,Bristol City,,,,,,
447160,2011-08-27,ELC,2011,Portsmouth,Cardiff,,,,,,
193842,2011-08-27,PL,2011,Liverpool,Bolton,,,,,,
193843,2011-08-28,PL,2011,Newcastle,Fulham,,,,,,
447162,2011-08-28,ELC,2011,Nottingham Forest,West Ham,,,,,,
193844,2011-08-28,PL,2011,Tottenham,Manchester City,,,,,,
193845,2011-08-28,PL,2011,West Brom,Stoke City,,,,,,
447163,2011-08-28,ELC,2011,Watford,Birmingham,,,,,,
193846,2011-08-28,PL,2011,Manchester United,Arsenal,,,,,,
193847,2011-09-10,PL,2011,Arsenal,Swansea,,,,,,
193848,2011-09-10,PL,2011,Everton,Aston Villa,,,,,,
193849,2011-09-10,PL,2011,Manchester City,Wigan,,,,,,
193850,2011-09-10,PL,2011,Stoke City,Liverpool,,,,,,
193851,2011-09-10,PL,2011,Sunderland,Chelsea,,,,,,
193852,2011-09-10,PL,2011,Wolves,Tottenham,,,,,,
447171,2011-09-10,ELC,2011,Southampton,Nottingham Forest,,,,,,
447166,2011-09-10,ELC,2011,Cardiff,Doncaster,,,,,,
447167,2011-09-10,ELC,2011,Burnley,Middlesbrough,,,,,,
447170,2011-09-10,ELC,2011,West Ham,Portsmouth,,,,,,
447169,2011-09-10,ELC,2011,Reading,Watford,,,,,,
447168,2011-09-10,ELC,2011,Bristol City,Brighton,,,,,,
447165,2011-09-10,ELC,2011,Leeds,Crystal Palace,,,,,,
447172,2011-09-10,ELC,2011,Barnsley,Leicester,,,,,,
447173,2011-09-10,ELC,2011,Peterborough,Hull City,,,,,,
447164,2011-09-10,ELC,2011,Blackpool,Ipswich,,,,,,
447174,2011-09-10,ELC,2011,Coventry,Derby,,,,,,
193853,2011-09-10,PL,2011,Bolton,Manchester United,,,,,,
447175,2011-09-11,ELC,2011,Birmingham,Millwall,,,,,,
193854,2011-09-11,PL,2011,Norwich,West Brom,,,,,,
193855,2011-09-11,PL,2011,Fulham,Blackburn,,,,,,
193856,2011-09-12,PL,2011,QPR,Newcastle,,,,,,
447176,2011-09-17,ELC,2011,Millwall,West Ham,,,,,,
193857,2011-09-17,PL,2011,Blackburn,Arsenal,,,,,,
447177,2011-09-17,ELC,2011,Nottingham Forest,Derby,,,,,,
193858,2011-09-17,PL,2011,Aston Villa,Newcastle,,,,,,
193859,2011-09-17,PL,2011,Bolton,Norwich,,,,,,
193860,2011-09-17,PL,2011,Everton,Wigan,,,,,,
193861,2011-09-17,PL,2011,Swansea,West Brom,,,,,,
193862,2011-09-17,PL,2011,Wolves,QPR,,,,,,
447179,2011-09-17,ELC,2011,Leicester,Brighton,,,,,,
447178,2011-09-17,ELC,2011,Crystal Palace,Middlesbrough,,,,,,
447182,2011-09-17,ELC,2011,Reading,Doncaster,,,,,,
447185,2011-09-17,ELC,2011,Leeds,Bristol City,,,,,,
447181,2011-09-17,ELC,2011,Hull City,Portsmouth,,,,,,
447180,2011-09-17,ELC,2011,Barnsley,Watford,,,,,,
447184,2011-09-17,ELC,2011,Peterborough,Burnley,,,,,,
447183,2011-09-17,ELC,2011,Blackpool,Cardiff,,,,,,
193863,2011-09-18,PL,2011,Tottenham,Liverpool,,,,,,
193864,2011-09-18,PL,2011,Fulham,Manchester City,,,,,,
193865,2011-09-18,PL,2011,Sunderland,Stoke City,,,,,,
447186,2011-09-18,ELC,2011,Southampton,Birmingham,,,,,,
193866,2011-09-18,PL,2011,Manchester United,Chelsea,,,,,,
447187,2011-09-19,ELC,2011,Ipswich,Coventry,,,,,,
447188,2011-09-23,ELC,2011,Brighton,Leeds,,,,,,
193867,2011-09-24,PL,2011,Manchester City,Everton,,,,,,
193868,2011-09-24,PL,2011,Arsenal,Bolton,,,,,,
193869,2011-09-24,PL,2011,Chelsea,Swansea,,,,,,
193870,2011-09-24,PL,2011,Liverpool,Wolves,,,,,,
193871,2011-09-24,PL,2011,Newcastle,Blackburn,,,,,,
193872,2011-09-24,PL,2011,West Brom,Fulham,,,,,,
193873,2011-09-24,PL,2011,Wigan,Tottenham,,,,,,
447192,2011-09-24,ELC,2011,Burnley,Southampton,,,,,,
447193,2011-09-24,ELC,2011,West Ham,Peterborough,,,,,,
447194,2011-09-24,ELC,2011,Birmingham,Barnsley,,,,,,
447189,2011-09-24,ELC,2011,Bristol City,Hull City,,,,,,
447191,2011-09-24,ELC,2011,Derby,Millwall,,,,,,
447190,2011-09-24,ELC,2011,Middlesbrough,Ipswich,,,,,,
447197,2011-09-24,ELC,2011,Coventry,Reading,,,,,,
447195,2011-09-24,ELC,2011,Doncaster,Crystal Palace,,,,,,
447196,2011-09-24,ELC,2011,Portsmouth,Blackpool,,,,,,
447198,2011-09-24,ELC,2011,Watford,Nottingham Forest,,,,,,
193874,2011-09-24,PL,2011,Stoke City,Manchester United,,,,,,
447199,2011-09-25,ELC,2011,Cardiff,Leicester,,,,,,
193875,2011-09-25,PL,2011,QPR,Aston Villa,,,,,,
193876,2011-09-26,PL,2011,Norwich,Sunderland,,,,,,
447203,2011-09-27,ELC,2011,Watford,Millwall,,,,,,
447206,2011-09-27,ELC,2011,Burnley,Nottingham Forest,,,,,,
447204,2011-09-27,ELC,2011,West Ham,Ipswich,,,,,,
447202,2011-09-27,ELC,2011,Brighton,Crystal Palace,,,,,,
447208,2011-09-27,ELC,2011,Bristol City,Reading,,,,,,
447200,2011-09-27,ELC,2011,Derby,Barnsley,,,,,,
447205,2011-09-27,ELC,2011,Coventry,Blackpool,,,,,,
447207,2011-09-27,ELC,2011,Doncaster,Hull City,,,,,,
447201,2011-09-27,ELC,2011,Portsmouth,Peterborough,,,,,,
447210,2011-09-28,ELC,2011,Cardiff,Southampton,,,,,,
447209,2011-09-28,ELC,2011,Middlesbrough,Leicester,,,,,,
193877,2011-10-01,PL,2011,Everton,Liverpool,,,,,,
193878,2011-10-01,PL,2011,Aston Villa,Wigan,,,,,,
193879,2011-10-01,PL,2011,Blackburn,Manchester City,,,,,,
193880,2011-10-01,PL,2011,Manchester United,Norwich,,,,,,
193881,2011-10-01,PL,2011,Sunderland,West Brom,,,,,,
193882,2011-10-01,PL,2011,Wolves,Newcastle,,,,,,
447219,2011-10-01,ELC,2011,Southampton,Watford,,,,,,
447216,2011-10-01,ELC,2011,Crystal Palace,West Ham,,,,,,
447218,2011-10-01,ELC,2011,Reading,Middlesbrough,,,,,,
447212,2011-10-01,ELC,2011,Ipswich,Brighton,,,,,,
447213,2011-10-01,ELC,2011,Millwall,Burnley,,,,,,
447217,2011-10-01,ELC,2011,Leeds,Portsmouth,,,,,,
447221,2011-10-01,ELC,2011,Hull City,Cardiff,,,,,,
447215,2011-10-01,ELC,2011,Barnsley,Coventry,,,,,,
447214,2011-10-01,ELC,2011,Peterborough,Doncaster,,,,,,
447220,2011-10-01,ELC,2011,Blackpool,Bristol City,,,,,,
447222,2011-10-01,ELC,2011,Leicester,Derby,,,,,,
193883,2011-10-02,PL,2011,Bolton,Chelsea,,,,,,
193884,2011-10-02,PL,2011,Fulham,QPR,,,,,,
193885,2011-10-02,PL,2011,Swansea,Stoke City,,,,,,
447223,2011-10-02,ELC,2011,Nottingham Forest,Birmingham,,,,,,
193886,2011-10-02,PL,2011,Tottenham,Arsenal,,,,,,
447224,2011-10-14,ELC,2011,Doncaster,Leeds,,,,,,
193887,2011-10-15,PL,2011,Liverpool,Manchester United,,,,,,
193888,2011-10-15,PL,2011,Manchester City,Aston Villa,,,,,,
193889,2011-10-15,PL,2011,Norwich,Swansea,,,,,,
193890,2011-10-15,PL,2011,QPR,Blackburn,,,,,,
193891,2011-10-15,PL,2011,Stoke City,Fulham,,,,,,
193892,2011-10-15,PL,2011,Wigan,Bolton,,,,,,
447229,2011-10-15,ELC,2011,Watford,Crystal Palace,,,,,,
447232,2011-10-15,ELC,2011,Cardiff,Ipswich,,,,,,
447225,2011-10-15,ELC,2011,Burnley,Reading,,,,,,
447231,2011-10-15,ELC,2011,West Ham,Blackpool,,,,,,
447227,2011-10-15,ELC,2011,Bristol City,Peterborough,,,,,,
447226,2011-10-15,ELC,2011,Derby,Southampton,,,,,,
447228,2011-10-15,ELC,2011,Middlesbrough,Millwall,,,,,,
447230,2011-10-15,ELC,2011,Coventry,Nottingham Forest,,,,,,
447233,2011-10-15,ELC,2011,Portsmouth,Barnsley,,,,,,
193893,2011-10-15,PL,2011,Chelsea,Everton,,,,,,
447234,2011-10-15,ELC,2011,Brighton,Hull City,,,,,,
193894,2011-10-16,PL,2011,West Brom,Wolves,,,,,,
447235,2011-10-16,ELC,2011,Birmingham,Leicester,,,,,,
193895,2011-10-16,PL,2011,Arsenal,Sunderland,,,,,,
193896,2011-10-16,PL,2011,Newcastle,Tottenham,,,,,,
447236,2011-10-18,ELC,2011,Southampton,West Ham,,,,,,
447241,2011-10-18,ELC,2011,Ipswich,Portsmouth,,,,,,
447240,2011-10-18,ELC,2011,Millwall,Brighton,,,,,,
447238,2011-10-18,ELC,2011,Leeds,Coventry,,,,,,
447237,2011-10-18,ELC,2011,Nottingham Forest,Middlesbrough,,,,,,
447239,2011-10-18,ELC,2011,Barnsley,Burnley,,,,,,
447242,2011-10-18,ELC,2011,Peterborough,Cardiff,,,,,,
447243,2011-10-18,ELC,2011,Crystal Palace,Bristol City,,,,,,
447244,2011-10-18,ELC,2011,Reading,Derby,,,,,,
447245,2011-10-18,ELC,2011,Blackpool,Doncaster,,,,,,
447246,2011-10-19,ELC,2011,Leicester,Watford,,,,,,
447248,2011-10-22,ELC,2011,Peterborough,Leeds,,,,,,
193897,2011-10-22,PL,2011,Wolves,Swansea,,,,,,
193898,2011-10-22,PL,2011,Aston Villa,West Brom,,,,,,
193899,2011-10-22,PL,2011,Bolton,Sunderland,,,,,,
193900,2011-10-22,PL,2011,Newcastle,Wigan,,,,,,
447249,2011-10-22,ELC,2011,Cardiff,Barnsley,,,,,,
447252,2011-10-22,ELC,2011,Leicester,Millwall,,,,,,
447251,2011-10-22,ELC,2011,Ipswich,Crystal Palace,,,,,,
447253,2011-10-22,ELC,2011,Hull City,Watford,,,,,,
447250,2011-10-22,ELC,2011,Middlesbrough,Derby,,,,,,
447256,2011-10-22,ELC,2011,Coventry,Burnley,,,,,,
447255,2011-10-22,ELC,2011,Portsmouth,Doncaster,,,,,,
447254,2011-10-22,ELC,2011,Blackpool,Nottingham Forest,,,,,,
447257,2011-10-22,ELC,2011,Reading,Southampton,,,,,,
193901,2011-10-22,PL,2011,Liverpool,Norwich,,,,,,
193902,2011-10-23,PL,2011,Arsenal,Stoke City,,,,,,
193903,2011-10-23,PL,2011,Fulham,Everton,,,,,,
193904,2011-10-23,PL,2011,Manchester United,Manchester City,,,,,,
193905,2011-10-23,PL,2011,Blackburn,Tottenham,,,,,,
447258,2011-10-23,ELC,2011,Bristol City,Birmingham,,,,,,
193906,2011-10-23,PL,2011,QPR,Chelsea,,,,,,
447259,2011-10-24,ELC,2011,Brighton,West Ham,,,,,,
447211,2011-10-26,ELC,2011,Birmingham,Leeds,,,,,,
193907,2011-10-29,PL,2011,Everton,Manchester United,,,,,,
193908,2011-10-29,PL,2011,Chelsea,Arsenal,,,,,,
193909,2011-10-29,PL,2011,Manchester City,Wolves,,,,,,
193910,2011-10-29,PL,2011,Norwich,Blackburn,,,,,,
193911,2011-10-29,PL,2011,Sunderland,Aston Villa,,,,,,
193912,2011-10-29,PL,2011,Swansea,Bolton,,,,,,
193913,2011-10-29,PL,2011,Wigan,Fulham,,,,,,
447268,2011-10-29,ELC,2011,Watford,Peterborough,,,,,,
447264,2011-10-29,ELC,2011,Southampton,Middlesbrough,,,,,,
447260,2011-10-29,ELC,2011,West Ham,Leicester,,,,,,
447261,2011-10-29,ELC,2011,Crystal Palace,Reading,,,,,,
447267,2011-10-29,ELC,2011,Birmingham,Brighton,,,,,,
447265,2011-10-29,ELC,2011,Millwall,Ipswich,,,,,,
447266,2011-10-29,ELC,2011,Nottingham Forest,Hull City,,,,,,
447262,2011-10-29,ELC,2011,Derby,Portsmouth,,,,,,
447269,2011-10-29,ELC,2011,Barnsley,Bristol City,,,,,,
447263,2011-10-29,ELC,2011,Doncaster,Coventry,,,,,,
447270,2011-10-29,ELC,2011,Burnley,Blackpool,,,,,,
193914,2011-10-29,PL,2011,West Brom,Liverpool,,,,,,
447271,2011-10-30,ELC,2011,Leeds,Cardiff,,,,,,
193915,2011-10-30,PL,2011,Tottenham,QPR,,,,,,
193916,2011-10-31,PL,2011,Stoke City,Newcastle,,,,,,
447273,2011-11-01,ELC,2011,Watford,Brighton,,,,,,
447274,2011-11-01,ELC,2011,Southampton,Peterborough,,,,,,
447279,2011-11-01,ELC,2011,Burnley,Leicester,,,,,,
447277,2011-11-01,ELC,2011,West Ham,Bristol City,,,,,,
447272,2011-11-01,ELC,2011,Millwall,Coventry,,,,,,
447275,2011-11-01,ELC,2011,Nottingham Forest,Reading,,,,,,
447276,2011-11-01,ELC,2011,Barnsley,Hull City,,,,,,
447278,2011-11-01,ELC,2011,Doncaster,Middlesbrough,,,,,,
447280,2011-11-01,ELC,2011,Crystal Palace,Portsmouth,,,,,,
447282,2011-11-02,ELC,2011,Leeds,Blackpool,,,,,,
447281,2011-11-02,ELC,2011,Derby,Cardiff,,,,,,
193917,2011-11-05,PL,2011,Newcastle,Everton,,,,,,
193918,2011-11-05,PL,2011,Arsenal,West Brom,,,,,,
193919,2011-11-05,PL,2011,Aston Villa,Norwich,,,,,,
193920,2011-11-05,PL,2011,Blackburn,Chelsea,,,,,,
193921,2011-11-05,PL,2011,Liverpool,Swansea,,,,,,
193922,2011-11-05,PL,2011,Manchester United,Sunderland,,,,,,
447291,2011-11-05,ELC,2011,Cardiff,Crystal Palace,,,,,,
447286,2011-11-05,ELC,2011,Bristol City,Burnley,,,,,,
447285,2011-11-05,ELC,2011,Ipswich,Doncaster,,,,,,
447288,2011-11-05,ELC,2011,Hull City,West Ham,,,,,,
447287,2011-11-05,ELC,2011,Coventry,Southampton,,,,,,
447289,2011-11-05,ELC,2011,Peterborough,Derby,,,,,,
447290,2011-11-05,ELC,2011,Portsmouth,Nottingham Forest,,,,,,
447284,2011-11-05,ELC,2011,Blackpool,Millwall,,,,,,
447292,2011-11-05,ELC,2011,Middlesbrough,Watford,,,,,,
193923,2011-11-05,PL,2011,QPR,Manchester City,,,,,,
193924,2011-11-06,PL,2011,Wolves,Wigan,,,,,,
193925,2011-11-06,PL,2011,Bolton,Stoke City,,,,,,
447293,2011-11-06,ELC,2011,Leicester,Leeds,,,,,,
447295,2011-11-06,ELC,2011,Brighton,Barnsley,,,,,,
447294,2011-11-06,ELC,2011,Reading,Birmingham,,,,,,
193926,2011-11-06,PL,2011,Fulham,Tottenham,,,,,,
193927,2011-11-19,PL,2011,Norwich,Arsenal,,,,,,
447296,2011-11-19,ELC,2011,Burnley,Leeds,,,,,,
193928,2011-11-19,PL,2011,Everton,Wolves,,,,,,
193929,2011-11-19,PL,2011,Manchester City,Newcastle,,,,,,
193930,2011-11-19,PL,2011,Stoke City,QPR,,,,,,
193931,2011-11-19,PL,2011,Sunderland,Fulham,,,,,,
193932,2011-11-19,PL,2011,West Brom,Bolton,,,,,,
193933,2011-11-19,PL,2011,Wigan,Blackburn,,,,,,
447298,2011-11-19,ELC,2011,Watford,Portsmouth,,,,,,
447304,2011-11-19,ELC,2011,Southampton,Brighton,,,,,,
447305,2011-11-19,ELC,2011,Reading,Cardiff,,,,,,
447299,2011-11-19,ELC,2011,Birmingham,Peterborough,,,,,,
447297,2011-11-19,ELC,2011,Nottingham Forest,Ipswich,,,,,,
447302,2011-11-19,ELC,2011,Derby,Hull City,,,,,,
447300,2011-11-19,ELC,2011,Middlesbrough,Blackpool,,,,,,
447303,2011-11-19,ELC,2011,Barnsley,Doncaster,,,,,,
447301,2011-11-19,ELC,2011,Coventry,West Ham,,,,,,
193934,2011-11-19,PL,2011,Swansea,Manchester United,,,,,,
447306,2011-11-20,ELC,2011,Millwall,Bristol City,,,,,,
447307,2011-11-20,ELC,2011,Leicester,Crystal Palace,,,,,,
193935,2011-11-20,PL,2011,Chelsea,Liverpool,,,,,,
193936,2011-11-21,PL,2011,Tottenham,Aston Villa,,,,,,
447139,2011-11-22,ELC,2011,Birmingham,Burnley,,,,,,
447320,2011-11-22,ELC,2011,Coventry,Cardiff,,,,,,
193937,2011-11-26,PL,2011,Stoke City,Blackburn,,,,,,
193938,2011-11-26,PL,2011,Bolton,Everton,,,,,,
193939,2011-11-26,PL,2011,Chelsea,Wolves,,,,,,
193940,2011-11-26,PL,2011,Manchester United,Newcastle,,,,,,
193941,2011-11-26,PL,2011,Norwich,QPR,,,,,,
193942,2011-11-26,PL,2011,Sunderland,Wigan,,,,,,
193943,2011-11-26,PL,2011,West Brom,Tottenham,,,,,,
447315,2011-11-26,ELC,2011,Cardiff,Nottingham Forest,,,,,,
447308,2011-11-26,ELC,2011,Brighton,Coventry,,,,,,
447318,2011-11-26,ELC,2011,Crystal Palace,Millwall,,,,,,
447311,2011-11-26,ELC,2011,Bristol City,Southampton,,,,,,
447316,2011-11-26,ELC,2011,Ipswich,Reading,,,,,,
447312,2011-11-26,ELC,2011,Leeds,Barnsley,,,,,,
447314,2011-11-26,ELC,2011,Hull City,Burnley,,,,,,
447310,2011-11-26,ELC,2011,Peterborough,Middlesbrough,,,,,,
447317,2011-11-26,ELC,2011,Doncaster,Watford,,,,,,
447309,2011-11-26,ELC,2011,Portsmouth,Leicester,,,,,,
447313,2011-11-26,ELC,2011,Blackpool,Birmingham,,,,,,
447319,2011-11-26,ELC,2011,West Ham,Derby,,,,,,
193944,2011-11-26,PL,2011,Arsenal,Fulham,,,,,,
193945,2011-11-27,PL,2011,Swansea,Aston Villa,,,,,,
193946,2011-11-27,PL,2011,Liverpool,Manchester City,,,,,,
447327,2011-11-29,ELC,2011,Watford,Bristol City,,,,,,
447328,2011-11-29,ELC,2011,Southampton,Hull City,,,,,,
447323,2011-11-29,ELC,2011,Burnley,Ipswich,,,,,,
447326,2011-11-29,ELC,2011,Leicester,Blackpool,,,,,,
447325,2011-11-29,ELC,2011,Millwall,Doncaster,,,,,,
447321,2011-11-29,ELC,2011,Nottingham Forest,Leeds,,,,,,
447324,2011-11-29,ELC,2011,Derby,Brighton,,,,,,
447322,2011-11-29,ELC,2011,Middlesbrough,West Ham,,,,,,
447329,2011-11-29,ELC,2011,Reading,Peterborough,,,,,,
447332,2011-12-02,ELC,2011,Crystal Palace,Derby,,,,,,
447333,2011-12-03,ELC,2011,Leeds,Millwall,,,,,,
193947,2011-12-03,PL,2011,Newcastle,Chelsea,,,,,,
193948,2011-12-03,PL,2011,Blackburn,Swansea,,,,,,
193949,2011-12-03,PL,2011,Manchester City,Norwich,,,,,,
193950,2011-12-03,PL,2011,QPR,West Brom,,,,,,
193951,2011-12-03,PL,2011,Tottenham,Bolton,,,,,,
193952,2011-12-03,PL,2011,Wigan,Arsenal,,,,,,
447337,2011-12-03,ELC,2011,West Ham,Burnley,,,,,,
447336,2011-12-03,ELC,2011,Brighton,Nottingham Forest,,,,,,
447334,2011-12-03,ELC,2011,Ipswich,Watford,,,,,,
447340,2011-12-03,ELC,2011,Hull City,Leicester,,,,,,
447338,2011-12-03,ELC,2011,Peterborough,Barnsley,,,,,,
447339,2011-12-03,ELC,2011,Doncaster,Southampton,,,,,,
447341,2011-12-03,ELC,2011,Portsmouth,Coventry,,,,,,
447335,2011-12-03,ELC,2011,Blackpool,Reading,,,,,,
447342,2011-12-03,ELC,2011,Bristol City,Middlesbrough,,,,,,
193953,2011-12-03,PL,2011,Aston Villa,Manchester United,,,,,,
447343,2011-12-04,ELC,2011,Cardiff,Birmingham,,,,,,
193954,2011-12-04,PL,2011,Everton,Stoke City,,,,,,
193955,2011-12-04,PL,2011,Wolves,Sunderland,,,,,,
193956,2011-12-05,PL,2011,Fulham,Liverpool,,,,,,
447330,2011-12-06,ELC,2011,Barnsley,Crystal Palace,,,,,,
447247,2011-12-07,ELC,2011,Hull City,Birmingham,,,,,,
447344,2011-12-10,ELC,2011,Southampton,Blackpool,,,,,,
193957,2011-12-10,PL,2011,Arsenal,Everton,,,,,,
193958,2011-12-10,PL,2011,Bolton,Aston Villa,,,,,,
193959,2011-12-10,PL,2011,Liverpool,QPR,,,,,,
193960,2011-12-10,PL,2011,Manchester United,Wolves,,,,,,
193961,2011-12-10,PL,2011,Norwich,Newcastle,,,,,,
193962,2011-12-10,PL,2011,Swansea,Fulham,,,,,,
193963,2011-12-10,PL,2011,West Brom,Wigan,,,,,,
447346,2011-12-10,ELC,2011,Watford,Leeds,,,,,,
447353,2011-12-10,ELC,2011,Burnley,Portsmouth,,,,,,
447354,2011-12-10,ELC,2011,Leicester,Peterborough,,,,,,
447347,2011-12-10,ELC,2011,Reading,West Ham,,,,,,
447351,2011-12-10,ELC,2011,Birmingham,Doncaster,,,,,,
447349,2011-12-10,ELC,2011,Millwall,Cardiff,,,,,,
447350,2011-12-10,ELC,2011,Nottingham Forest,Crystal Palace,,,,,,
447348,2011-12-10,ELC,2011,Derby,Bristol City,,,,,,
447345,2011-12-10,ELC,2011,Middlesbrough,Brighton,,,,,,
447352,2011-12-10,ELC,2011,Coventry,Hull City,,,,,,
447355,2011-12-10,ELC,2011,Barnsley,Ipswich,,,,,,
193964,2011-12-11,PL,2011,Sunderland,Blackburn,,,,,,
193965,2011-12-11,PL,2011,Stoke City,Tottenham,,,,,,
193966,2011-12-12,PL,2011,Chelsea,Manchester City,,,,,,
193967,2011-12-17,PL,2011,Blackburn,West Brom,,,,,,
193968,2011-12-17,PL,2011,Everton,Norwich,,,,,,
193969,2011-12-17,PL,2011,Fulham,Bolton,,,,,,
193970,2011-12-17,PL,2011,Newcastle,Swansea,,,,,,
193971,2011-12-17,PL,2011,Wolves,Stoke City,,,,,,
447359,2011-12-17,ELC,2011,Cardiff,Middlesbrough,,,,,,
447356,2011-12-17,ELC,2011,West Ham,Barnsley,,,,,,
447362,2011-12-17,ELC,2011,Brighton,Burnley,,,,,,
447360,2011-12-17,ELC,2011,Bristol City,Nottingham Forest,,,,,,
447365,2011-12-17,ELC,2011,Ipswich,Derby,,,,,,
447357,2011-12-17,ELC,2011,Leeds,Reading,,,,,,
447363,2011-12-17,ELC,2011,Hull City,Millwall,,,,,,
447358,2011-12-17,ELC,2011,Peterborough,Coventry,,,,,,
447364,2011-12-17,ELC,2011,Doncaster,Leicester,,,,,,
447361,2011-12-17,ELC,2011,Blackpool,Watford,,,,,,
193972,2011-12-17,PL,2011,Wigan,Chelsea,,,,,,
193973,2011-12-18,PL,2011,QPR,Manchester United,,,,,,
447366,2011-12-18,ELC,2011,Portsmouth,Southampton,,,,,,
193974,2011-12-18,PL,2011,Aston Villa,Liverpool,,,,,,
193975,2011-12-18,PL,2011,Tottenham,Sunderland,,,,,,
193976,2011-12-18,PL,2011,Manchester City,Arsenal,,,,,,
447367,2011-12-19,ELC,2011,Crystal Palace,Birmingham,,,,,,
193977,2011-12-20,PL,2011,Wolves,Norwich,,,,,,
193978,2011-12-20,PL,2011,Blackburn,Bolton,,,,,,
193979,2011-12-21,PL,2011,Aston Villa,Arsenal,,,,,,
193980,2011-12-21,PL,2011,Manchester City,Stoke City,,,,,,
193981,2011-12-21,PL,2011,Newcastle,West Brom,,,,,,
193982,2011-12-21,PL,2011,QPR,Sunderland,,,,,,
193983,2011-12-21,PL,2011,Wigan,Liverpool,,,,,,
193984,2011-12-21,PL,2011,Everton,Swansea,,,,,,
193985,2011-12-21,PL,2011,Fulham,Manchester United,,,,,,
193986,2011-12-22,PL,2011,Tottenham,Chelsea,,,,,,
447368,2011-12-26,ELC,2011,Watford,Cardiff,,,,,,
193987,2011-12-26,PL,2011,Chelsea,Fulham,,,,,,
447371,2011-12-26,ELC,2011,Southampton,Crystal Palace,,,,,,
447370,2011-12-26,ELC,2011,Millwall,Portsmouth,,,,,,
447369,2011-12-26,ELC,2011,Derby,Leeds,,,,,,
193988,2011-12-26,PL,2011,Bolton,Newcastle,,,,,,
193989,2011-12-26,PL,2011,Liverpool,Blackburn,,,,,,
193990,2011-12-26,PL,2011,Manchester United,Wigan,,,,,,
193991,2011-12-26,PL,2011,Sunderland,Everton,,,,,,
193992,2011-12-26,PL,2011,West Brom,Manchester City,,,,,,
447377,2011-12-26,ELC,2011,Burnley,Doncaster,,,,,,
447372,2011-12-26,ELC,2011,Leicester,Ipswich,,,,,,
447373,2011-12-26,ELC,2011,Reading,Brighton,,,,,,
447375,2011-12-26,ELC,2011,Nottingham Forest,Peterborough,,,,,,
447376,2011-12-26,ELC,2011,Middlesbrough,Hull City,,,,,,
447374,2011-12-26,ELC,2011,Barnsley,Blackpool,,,,,,
447378,2011-12-26,ELC,2011,Coventry,Bristol City,,,,,,
447379,2011-12-26,ELC,2011,Birmingham,West Ham,,,,,,
193993,2011-12-26,PL,2011,Stoke City,Aston Villa,,,,,,
193994,2011-12-27,PL,2011,Arsenal,Wolves,,,,,,
193995,2011-12-27,PL,2011,Swansea,QPR,,,,,,
193996,2011-12-27,PL,2011,Norwich,Tottenham,,,,,,
193997,2011-12-30,PL,2011,Liverpool,Newcastle,,,,,,
447380,2011-12-30,ELC,2011,Southampton,Bristol City,,,,,,
447381,2011-12-31,ELC,2011,Leicester,Portsmouth,,,,,,
193998,2011-12-31,PL,2011,Manchester United,Blackburn,,,,,,
447382,2011-12-31,ELC,2011,Watford,Doncaster,,,,,,
447385,2011-12-31,ELC,2011,Millwall,Crystal Palace,,,,,,
447383,2011-12-31,ELC,2011,Derby,West Ham,,,,,,
447384,2011-12-31,ELC,2011,Barnsley,Leeds,,,,,,
193999,2011-12-31,PL,2011,Arsenal,QPR,,,,,,
194000,2011-12-31,PL,2011,Bolton,Wolves,,,,,,
194001,2011-12-31,PL,2011,Chelsea,Aston Villa,,,,,,
194002,2011-12-31,PL,2011,Norwich,Fulham,,,,,,
194003,2011-12-31,PL,2011,Stoke City,Wigan,,,,,,
194004,2011-12-31,PL,2011,Swansea,Tottenham,,,,,,
447387,2011-12-31,ELC,2011,Burnley,Hull City,,,,,,
447391,2011-12-31,ELC,2011,Reading,Ipswich,,,,,,
447390,2011-12-31,ELC,2011,Birmingham,Blackpool,,,,,,
447389,2011-12-31,ELC,2011,Nottingham Forest,Cardiff,,,,,,
447388,2011-12-31,ELC,2011,Middlesbrough,Peterborough,,,,,,
447386,2011-12-31,ELC,2011,Coventry,Brighton,,,,,,
194005,2012-01-01,PL,2011,West Brom,Everton,,,,,,
194006,2012-01-01,PL,2011,Sunderland,Manchester City,,,,,,
447392,2012-01-02,ELC,2011,Crystal Palace,Leicester,,,,,,
194007,2012-01-02,PL,2011,Aston Villa,Swansea,,,,,,
194008,2012-01-02,PL,2011,Blackburn,Stoke City,,,,,,
194009,2012-01-02,PL,2011,QPR,Norwich,,,,,,
194010,2012-01-02,PL,2011,Wolves,Chelsea,,,,,,
447397,2012-01-02,ELC,2011,Cardiff,Reading,,,,,,
447396,2012-01-02,ELC,2011,West Ham,Coventry,,,,,,
447401,2012-01-02,ELC,2011,Brighton,Southampton,,,,,,
447394,2012-01-02,ELC,2011,Ipswich,Nottingham Forest,,,,,,
447398,2012-01-02,ELC,2011,Leeds,Burnley,,,,,,
447399,2012-01-02,ELC,2011,Hull City,Derby,,,,,,
447402,2012-01-02,ELC,2011,Peterborough,Birmingham,,,,,,
447393,2012-01-02,ELC,2011,Doncaster,Barnsley,,,,,,
447395,2012-01-02,ELC,2011,Portsmouth,Watford,,,,,,
447400,2012-01-02,ELC,2011,Blackpool,Middlesbrough,,,,,,
194011,2012-01-02,PL,2011,Fulham,Arsenal,,,,,,
194012,2012-01-03,PL,2011,Tottenham,West Brom,,,,,,
194013,2012-01-03,PL,2011,Wigan,Sunderland,,,,,,
447403,2012-01-03,ELC,2011,Bristol City,Millwall,,,,,,
194014,2012-01-03,PL,2011,Manchester City,Liverpool,,,,,,
194015,2012-01-04,PL,2011,Everton,Bolton,,,,,,
194016,2012-01-04,PL,2011,Newcastle,Manchester United,,,,,,
193826,2012-01-11,PL,2011,Tottenham,Everton,,,,,,
447283,2012-01-11,ELC,2011,Birmingham,Ipswich,,,,,,
194017,2012-01-14,PL,2011,Aston Villa,Everton,,,,,,
194018,2012-01-14,PL,2011,Blackburn,Fulham,,,,,,
194019,2012-01-14,PL,2011,Chelsea,Sunderland,,,,,,
194020,2012-01-14,PL,2011,Liverpool,Stoke City,,,,,,
194021,2012-01-14,PL,2011,Manchester United,Bolton,,,,,,
194022,2012-01-14,PL,2011,Tottenham,Wolves,,,,,,
194023,2012-01-14,PL,2011,West Brom,Norwich,,,,,,
447408,2012-01-14,ELC,2011,Leicester,Barnsley,,,,,,
447413,2012-01-14,ELC,2011,Brighton,Bristol City,,,,,,
447414,2012-01-14,ELC,2011,Crystal Palace,Leeds,,,,,,
447404,2012-01-14,ELC,2011,Ipswich,Blackpool,,,,,,
447407,2012-01-14,ELC,2011,Millwall,Birmingham,,,,,,
447405,2012-01-14,ELC,2011,Hull City,Peterborough,,,,,,
447410,2012-01-14,ELC,2011,Nottingham Forest,Southampton,,,,,,
447412,2012-01-14,ELC,2011,Derby,Coventry,,,,,,
447409,2012-01-14,ELC,2011,Middlesbrough,Burnley,,,,,,
447406,2012-01-14,ELC,2011,Doncaster,Cardiff,,,,,,
447411,2012-01-14,ELC,2011,Portsmouth,West Ham,,,,,,
447415,2012-01-14,ELC,2011,Watford,Reading,,,,,,
194024,2012-01-15,PL,2011,Newcastle,QPR,,,,,,
194025,2012-01-15,PL,2011,Swansea,Arsenal,,,,,,
194026,2012-01-16,PL,2011,Wigan,Manchester City,,,,,,
194027,2012-01-21,PL,2011,Norwich,Chelsea,,,,,,
194028,2012-01-21,PL,2011,Everton,Blackburn,,,,,,
194029,2012-01-21,PL,2011,Fulham,Newcastle,,,,,,
194030,2012-01-21,PL,2011,QPR,Wigan,,,,,,
194031,2012-01-21,PL,2011,Stoke City,West Brom,,,,,,
194032,2012-01-21,PL,2011,Sunderland,Swansea,,,,,,
194033,2012-01-21,PL,2011,Wolves,Aston Villa,,,,,,
447424,2012-01-21,ELC,2011,Cardiff,Portsmouth,,,,,,
447426,2012-01-21,ELC,2011,Burnley,Derby,,,,,,
447417,2012-01-21,ELC,2011,West Ham,Nottingham Forest,,,,,,
447418,2012-01-21,ELC,2011,Reading,Hull City,,,,,,
447423,2012-01-21,ELC,2011,Birmingham,Watford,,,,,,
447419,2012-01-21,ELC,2011,Bristol City,Doncaster,,,,,,
447425,2012-01-21,ELC,2011,Leeds,Ipswich,,,,,,
447422,2012-01-21,ELC,2011,Barnsley,Millwall,,,,,,
447416,2012-01-21,ELC,2011,Coventry,Middlesbrough,,,,,,
447421,2012-01-21,ELC,2011,Peterborough,Brighton,,,,,,
447420,2012-01-21,ELC,2011,Blackpool,Crystal Palace,,,,,,
194034,2012-01-21,PL,2011,Bolton,Liverpool,,,,,,
194035,2012-01-22,PL,2011,Manchester City,Tottenham,,,,,,
194036,2012-01-22,PL,2011,Arsenal,Manchester United,,,,,,
447427,2012-01-23,ELC,2011,Southampton,Leicester,,,,,,
447428,2012-01-28,ELC,2011,Reading,Bristol City,,,,,,
447429,2012-01-28,ELC,2011,Peterborough,Portsmouth,,,,,,
194037,2012-01-31,PL,2011,Swansea,Chelsea,,,,,,
194038,2012-01-31,PL,2011,Tottenham,Wigan,,,,,,
194039,2012-01-31,PL,2011,Wolves,Liverpool,,,,,,
447431,2012-01-31,ELC,2011,Southampton,Cardiff,,,,,,
447433,2012-01-31,ELC,2011,Ipswich,West Ham,,,,,,
447436,2012-01-31,ELC,2011,Millwall,Watford,,,,,,
447435,2012-01-31,ELC,2011,Leeds,Birmingham,,,,,,
447430,2012-01-31,ELC,2011,Hull City,Doncaster,,,,,,
447432,2012-01-31,ELC,2011,Nottingham Forest,Burnley,,,,,,
447434,2012-01-31,ELC,2011,Barnsley,Derby,,,,,,
194040,2012-01-31,PL,2011,Manchester United,Stoke City,,,,,,
194041,2012-01-31,PL,2011,Everton,Manchester City,,,,,,
447438,2012-01-31,ELC,2011,Crystal Palace,Brighton,,,,,,
447437,2012-01-31,ELC,2011,Blackpool,Coventry,,,,,,
194042,2012-02-01,PL,2011,Aston Villa,QPR,,,,,,
447439,2012-02-01,ELC,2011,Leicester,Middlesbrough,,,,,,
194043,2012-02-01,PL,2011,Bolton,Arsenal,,,,,,
194044,2012-02-01,PL,2011,Sunderland,Norwich,,,,,,
194045,2012-02-01,PL,2011,Fulham,West Brom,,,,,,
194046,2012-02-01,PL,2011,Blackburn,Newcastle,,,,,,
447440,2012-02-04,ELC,2011,West Ham,Millwall,,,,,,
194047,2012-02-04,PL,2011,Arsenal,Blackburn,,,,,,
194048,2012-02-04,PL,2011,Norwich,Bolton,,,,,,
194049,2012-02-04,PL,2011,QPR,Wolves,,,,,,
194050,2012-02-04,PL,2011,Stoke City,Sunderland,,,,,,
194051,2012-02-04,PL,2011,West Brom,Swansea,,,,,,
194052,2012-02-04,PL,2011,Wigan,Everton,,,,,,
447443,2012-02-04,ELC,2011,Watford,Barnsley,,,,,,
447445,2012-02-04,ELC,2011,Cardiff,Blackpool,,,,,,
447446,2012-02-04,ELC,2011,Burnley,Peterborough,,,,,,
447444,2012-02-04,ELC,2011,Brighton,Leicester,,,,,,
447447,2012-02-04,ELC,2011,Bristol City,Leeds,,,,,,
447441,2012-02-04,ELC,2011,Middlesbrough,Crystal Palace,,,,,,
447442,2012-02-04,ELC,2011,Coventry,Ipswich,,,,,,
447448,2012-02-04,ELC,2011,Birmingham,Southampton,,,,,,
194053,2012-02-04,PL,2011,Manchester City,Fulham,,,,,,
194054,2012-02-05,PL,2011,Newcastle,Aston Villa,,,,,,
194055,2012-02-05,PL,2011,Chelsea,Manchester United,,,,,,
194056,2012-02-06,PL,2011,Liverpool,Tottenham,,,,,,
447331,2012-02-07,ELC,2011,Birmingham,Portsmouth,,,,,,
194057,2012-02-11,PL,2011,Manchester United,Liverpool,,,,,,
194058,2012-02-11,PL,2011,Blackburn,QPR,,,,,,
194059,2012-02-11,PL,2011,Bolton,Wigan,,,,,,
194060,2012-02-11,PL,2011,Everton,Chelsea,,,,,,
194061,2012-02-11,PL,2011,Fulham,Stoke City,,,,,,
194062,2012-02-11,PL,2011,Sunderland,Arsenal,,,,,,
194063,2012-02-11,PL,2011,Swansea,Norwich,,,,,,
447453,2012-02-11,ELC,2011,Southampton,Burnley,,,,,,
447452,2012-02-11,ELC,2011,Leicester,Cardiff,,,,,,
447455,2012-02-11,ELC,2011,Reading,Coventry,,,,,,
447457,2012-02-11,ELC,2011,Millwall,Derby,,,,,,
447456,2012-02-11,ELC,2011,Leeds,Brighton,,,,,,
447454,2012-02-11,ELC,2011,Hull City,Bristol City,,,,,,
447458,2012-02-11,ELC,2011,Nottingham Forest,Watford,,,,,,
447459,2012-02-11,ELC,2011,Blackpool,Portsmouth,,,,,,
194064,2012-02-11,PL,2011,Tottenham,Newcastle,,,,,,
194065,2012-02-12,PL,2011,Wolves,West Brom,,,,,,
194066,2012-02-12,PL,2011,Aston Villa,Manchester City,,,,,,
447471,2012-02-14,ELC,2011,Watford,Leicester,,,,,,
447467,2012-02-14,ELC,2011,Cardiff,Peterborough,,,,,,
447474,2012-02-14,ELC,2011,Burnley,Barnsley,,,,,,
447475,2012-02-14,ELC,2011,West Ham,Southampton,,,,,,
447468,2012-02-14,ELC,2011,Brighton,Millwall,,,,,,
447464,2012-02-14,ELC,2011,Birmingham,Hull City,,,,,,
447465,2012-02-14,ELC,2011,Bristol City,Crystal Palace,,,,,,
447469,2012-02-14,ELC,2011,Derby,Reading,,,,,,
447470,2012-02-14,ELC,2011,Middlesbrough,Nottingham Forest,,,,,,
447472,2012-02-14,ELC,2011,Coventry,Leeds,,,,,,
447466,2012-02-14,ELC,2011,Doncaster,Blackpool,,,,,,
447473,2012-02-14,ELC,2011,Portsmouth,Ipswich,,,,,,
447476,2012-02-17,ELC,2011,Reading,Burnley,,,,,,
447481,2012-02-18,ELC,2011,Southampton,Derby,,,,,,
447482,2012-02-18,ELC,2011,Crystal Palace,Watford,,,,,,
447480,2012-02-18,ELC,2011,Ipswich,Cardiff,,,,,,
447477,2012-02-18,ELC,2011,Leeds,Doncaster,,,,,,
447479,2012-02-18,ELC,2011,Nottingham Forest,Coventry,,,,,,
447478,2012-02-18,ELC,2011,Barnsley,Portsmouth,,,,,,
447483,2012-02-18,ELC,2011,Peterborough,Bristol City,,,,,,
447484,2012-02-21,ELC,2011,Millwall,Middlesbrough,,,,,,
447460,2012-02-21,ELC,2011,Barnsley,Birmingham,,,,,,
447485,2012-02-21,ELC,2011,Blackpool,West Ham,,,,,,
447486,2012-02-22,ELC,2011,Hull City,Brighton,,,,,,
447488,2012-02-23,ELC,2011,Derby,Leicester,,,,,,
447489,2012-02-25,ELC,2011,West Ham,Crystal Palace,,,,,,
194067,2012-02-25,PL,2011,Chelsea,Bolton,,,,,,
194068,2012-02-25,PL,2011,Newcastle,Wolves,,,,,,
194069,2012-02-25,PL,2011,QPR,Fulham,,,,,,
194070,2012-02-25,PL,2011,West Brom,Sunderland,,,,,,
194071,2012-02-25,PL,2011,Wigan,Aston Villa,,,,,,
447491,2012-02-25,ELC,2011,Watford,Southampton,,,,,,
447495,2012-02-25,ELC,2011,Burnley,Millwall,,,,,,
447494,2012-02-25,ELC,2011,Brighton,Ipswich,,,,,,
447490,2012-02-25,ELC,2011,Birmingham,Nottingham Forest,,,,,,
447497,2012-02-25,ELC,2011,Bristol City,Blackpool,,,,,,
447493,2012-02-25,ELC,2011,Middlesbrough,Reading,,,,,,
447498,2012-02-25,ELC,2011,Coventry,Barnsley,,,,,,
447496,2012-02-25,ELC,2011,Doncaster,Peterborough,,,,,,
447492,2012-02-25,ELC,2011,Portsmouth,Leeds,,,,,,
194072,2012-02-25,PL,2011,Manchester City,Blackburn,,,,,,
194073,2012-02-26,PL,2011,Arsenal,Tottenham,,,,,,
194074,2012-02-26,PL,2011,Norwich,Manchester United,,,,,,
194075,2012-02-26,PL,2011,Stoke City,Swansea,,,,,,
447500,2012-03-02,ELC,2011,Blackpool,Hull City,,,,,,
194077,2012-03-03,PL,2011,Liverpool,Arsenal,,,,,,
194078,2012-03-03,PL,2011,Blackburn,Aston Villa,,,,,,
194079,2012-03-03,PL,2011,Manchester City,Bolton,,,,,,
194080,2012-03-03,PL,2011,QPR,Everton,,,,,,
194081,2012-03-03,PL,2011,Stoke City,Norwich,,,,,,
194082,2012-03-03,PL,2011,West Brom,Chelsea,,,,,,
194083,2012-03-03,PL,2011,Wigan,Swansea,,,,,,
447506,2012-03-03,ELC,2011,Watford,Burnley,,,,,,
447507,2012-03-03,ELC,2011,Leicester,Coventry,,,,,,
447503,2012-03-03,ELC,2011,Crystal Palace,Peterborough,,,,,,
447508,2012-03-03,ELC,2011,Birmingham,Derby,,,,,,
447505,2012-03-03,ELC,2011,Ipswich,Bristol City,,,,,,
447502,2012-03-03,ELC,2011,Millwall,Reading,,,,,,
447504,2012-03-03,ELC,2011,Barnsley,Nottingham Forest,,,,,,
447501,2012-03-03,ELC,2011,Doncaster,Brighton,,,,,,
447509,2012-03-03,ELC,2011,Portsmouth,Middlesbrough,,,,,,
447510,2012-03-03,ELC,2011,Leeds,Southampton,,,,,,
194084,2012-03-04,PL,2011,Newcastle,Sunderland,,,,,,
447511,2012-03-04,ELC,2011,Cardiff,West Ham,,,,,,
194085,2012-03-04,PL,2011,Fulham,Wolves,,,,,,
194086,2012-03-04,PL,2011,Tottenham,Manchester United,,,,,,
447518,2012-03-06,ELC,2011,Southampton,Ipswich,,,,,,
447512,2012-03-06,ELC,2011,Bristol City,Leicester,,,,,,
447515,2012-03-06,ELC,2011,Hull City,Leeds,,,,,,
447516,2012-03-06,ELC,2011,Nottingham Forest,Doncaster,,,,,,
447514,2012-03-06,ELC,2011,Derby,Blackpool,,,,,,
447517,2012-03-06,ELC,2011,Middlesbrough,Barnsley,,,,,,
447519,2012-03-06,ELC,2011,Coventry,Crystal Palace,,,,,,
447513,2012-03-06,ELC,2011,Peterborough,Millwall,,,,,,
447520,2012-03-06,ELC,2011,Reading,Portsmouth,,,,,,
447521,2012-03-07,ELC,2011,West Ham,Watford,,,,,,
447522,2012-03-07,ELC,2011,Brighton,Cardiff,,,,,,
447524,2012-03-10,ELC,2011,Coventry,Birmingham,,,,,,
194087,2012-03-10,PL,2011,Bolton,QPR,,,,,,
194088,2012-03-10,PL,2011,Aston Villa,Fulham,,,,,,
194089,2012-03-10,PL,2011,Chelsea,Stoke City,,,,,,
194090,2012-03-10,PL,2011,Sunderland,Liverpool,,,,,,
194091,2012-03-10,PL,2011,Wolves,Blackburn,,,,,,
447532,2012-03-10,ELC,2011,Southampton,Barnsley,,,,,,
447529,2012-03-10,ELC,2011,Burnley,Crystal Palace,,,,,,
447530,2012-03-10,ELC,2011,West Ham,Doncaster,,,,,,
447531,2012-03-10,ELC,2011,Brighton,Portsmouth,,,,,,
447525,2012-03-10,ELC,2011,Reading,Leicester,,,,,,
447533,2012-03-10,ELC,2011,Hull City,Ipswich,,,,,,
447527,2012-03-10,ELC,2011,Nottingham Forest,Millwall,,,,,,
447526,2012-03-10,ELC,2011,Derby,Watford,,,,,,
447528,2012-03-10,ELC,2011,Peterborough,Blackpool,,,,,,
447534,2012-03-10,ELC,2011,Bristol City,Cardiff,,,,,,
194092,2012-03-10,PL,2011,Everton,Tottenham,,,,,,
447535,2012-03-11,ELC,2011,Middlesbrough,Leeds,,,,,,
194093,2012-03-11,PL,2011,Manchester United,West Brom,,,,,,
194094,2012-03-11,PL,2011,Swansea,Manchester City,,,,,,
194095,2012-03-11,PL,2011,Norwich,Wigan,,,,,,
194096,2012-03-12,PL,2011,Arsenal,Newcastle,,,,,,
447499,2012-03-13,ELC,2011,Cardiff,Hull City,,,,,,
447487,2012-03-13,ELC,2011,Leicester,Birmingham,,,,,,
447449,2012-03-13,ELC,2011,Derby,Nottingham Forest,,,,,,
447450,2012-03-13,ELC,2011,Doncaster,Reading,,,,,,
194076,2012-03-13,PL,2011,Liverpool,Everton,,,,,,
194097,2012-03-17,PL,2011,Fulham,Swansea,,,,,,
194098,2012-03-17,PL,2011,Wigan,West Brom,,,,,,
447544,2012-03-17,ELC,2011,Watford,Coventry,,,,,,
447537,2012-03-17,ELC,2011,Crystal Palace,Hull City,,,,,,
447541,2012-03-17,ELC,2011,Birmingham,Middlesbrough,,,,,,
447542,2012-03-17,ELC,2011,Ipswich,Peterborough,,,,,,
447545,2012-03-17,ELC,2011,Millwall,Southampton,,,,,,
447536,2012-03-17,ELC,2011,Leeds,West Ham,,,,,,
447538,2012-03-17,ELC,2011,Barnsley,Reading,,,,,,
447539,2012-03-17,ELC,2011,Doncaster,Derby,,,,,,
447543,2012-03-17,ELC,2011,Portsmouth,Bristol City,,,,,,
447540,2012-03-17,ELC,2011,Blackpool,Brighton,,,,,,
194099,2012-03-18,PL,2011,Wolves,Manchester United,,,,,,
447546,2012-03-18,ELC,2011,Cardiff,Burnley,,,,,,
194100,2012-03-18,PL,2011,Newcastle,Norwich,,,,,,
447549,2012-03-20,ELC,2011,West Ham,Middlesbrough,,,,,,
447554,2012-03-20,ELC,2011,Brighton,Derby,,,,,,
447550,2012-03-20,ELC,2011,Bristol City,Watford,,,,,,
447553,2012-03-20,ELC,2011,Leeds,Nottingham Forest,,,,,,
447551,2012-03-20,ELC,2011,Hull City,Southampton,,,,,,
447555,2012-03-20,ELC,2011,Peterborough,Reading,,,,,,
447548,2012-03-20,ELC,2011,Doncaster,Millwall,,,,,,
447552,2012-03-20,ELC,2011,Portsmouth,Birmingham,,,,,,
194101,2012-03-20,PL,2011,Blackburn,Sunderland,,,,,,
447556,2012-03-20,ELC,2011,Crystal Palace,Barnsley,,,,,,
194102,2012-03-21,PL,2011,Manchester City,Chelsea,,,,,,
194103,2012-03-21,PL,2011,Tottenham,Stoke City,,,,,,
447558,2012-03-21,ELC,2011,Cardiff,Coventry,,,,,,
447557,2012-03-21,ELC,2011,Ipswich,Burnley,,,,,,
194104,2012-03-21,PL,2011,Everton,Arsenal,,,,,,
194105,2012-03-21,PL,2011,QPR,Liverpool,,,,,,
447559,2012-03-21,ELC,2011,Blackpool,Leicester,,,,,,
194107,2012-03-24,PL,2011,Chelsea,Tottenham,,,,,,
194108,2012-03-24,PL,2011,Arsenal,Aston Villa,,,,,,
194109,2012-03-24,PL,2011,Bolton,Blackburn,,,,,,
194110,2012-03-24,PL,2011,Liverpool,Wigan,,,,,,
194111,2012-03-24,PL,2011,Norwich,Wolves,,,,,,
194112,2012-03-24,PL,2011,Sunderland,QPR,,,,,,
194113,2012-03-24,PL,2011,Swansea,Everton,,,,,,
447568,2012-03-24,ELC,2011,Watford,Ipswich,,,,,,
447562,2012-03-24,ELC,2011,Southampton,Doncaster,,,,,,
447560,2012-03-24,ELC,2011,Burnley,West Ham,,,,,,
447561,2012-03-24,ELC,2011,Leicester,Hull City,,,,,,
447564,2012-03-24,ELC,2011,Reading,Blackpool,,,,,,
447569,2012-03-24,ELC,2011,Millwall,Leeds,,,,,,
447567,2012-03-24,ELC,2011,Nottingham Forest,Brighton,,,,,,
447563,2012-03-24,ELC,2011,Derby,Crystal Palace,,,,,,
447570,2012-03-24,ELC,2011,Middlesbrough,Bristol City,,,,,,
447565,2012-03-24,ELC,2011,Barnsley,Peterborough,,,,,,
447566,2012-03-24,ELC,2011,Coventry,Portsmouth,,,,,,
194114,2012-03-24,PL,2011,Stoke City,Manchester City,,,,,,
447571,2012-03-25,ELC,2011,Birmingham,Cardiff,,,,,,
194115,2012-03-25,PL,2011,West Brom,Newcastle,,,,,,
194116,2012-03-26,PL,2011,Manchester United,Fulham,,,,,,
447547,2012-03-27,ELC,2011,Leicester,Nottingham Forest,,,,,,
447462,2012-03-27,ELC,2011,Ipswich,Middlesbrough,,,,,,
447461,2012-03-27,ELC,2011,Peterborough,West Ham,,,,,,
447451,2012-03-27,ELC,2011,Portsmouth,Hull City,,,,,,
447463,2012-03-27,ELC,2011,Crystal Palace,Doncaster,,,,,,
447572,2012-03-30,ELC,2011,Doncaster,Birmingham,,,,,,
447573,2012-03-31,ELC,2011,Cardiff,Millwall,,,,,,
194117,2012-03-31,PL,2011,Aston Villa,Chelsea,,,,,,
194118,2012-03-31,PL,2011,Everton,West Brom,,,,,,
194119,2012-03-31,PL,2011,Fulham,Norwich,,,,,,
194120,2012-03-31,PL,2011,Manchester City,Sunderland,,,,,,
194121,2012-03-31,PL,2011,QPR,Arsenal,,,,,,
194122,2012-03-31,PL,2011,Wigan,Stoke City,,,,,,
194123,2012-03-31,PL,2011,Wolves,Bolton,,,,,,
447577,2012-03-31,ELC,2011,West Ham,Reading,,,,,,
447578,2012-03-31,ELC,2011,Brighton,Middlesbrough,,,,,,
447580,2012-03-31,ELC,2011,Crystal Palace,Nottingham Forest,,,,,,
447574,2012-03-31,ELC,2011,Bristol City,Derby,,,,,,
447581,2012-03-31,ELC,2011,Ipswich,Barnsley,,,,,,
447576,2012-03-31,ELC,2011,Leeds,Watford,,,,,,
447582,2012-03-31,ELC,2011,Hull City,Coventry,,,,,,
447579,2012-03-31,ELC,2011,Peterborough,Leicester,,,,,,
447575,2012-03-31,ELC,2011,Portsmouth,Burnley,,,,,,
447583,2012-03-31,ELC,2011,Blackpool,Southampton,,,,,,
194124,2012-04-01,PL,2011,Newcastle,Liverpool,,,,,,
194125,2012-04-01,PL,2011,Tottenham,Swansea,,,,,,
194126,2012-04-02,PL,2011,Blackburn,Manchester United,,,,,,
447523,2012-04-03,ELC,2011,Burnley,Birmingham,,,,,,
447584,2012-04-06,ELC,2011,Reading,Leeds,,,,,,
447586,2012-04-06,ELC,2011,Watford,Blackpool,,,,,,
447585,2012-04-06,ELC,2011,Burnley,Brighton,,,,,,
194127,2012-04-06,PL,2011,Swansea,Newcastle,,,,,,
447587,2012-04-06,ELC,2011,Barnsley,West Ham,,,,,,
194128,2012-04-07,PL,2011,Sunderland,Tottenham,,,,,,
447588,2012-04-07,ELC,2011,Southampton,Portsmouth,,,,,,
194129,2012-04-07,PL,2011,Bolton,Fulham,,,,,,
194130,2012-04-07,PL,2011,Chelsea,Wigan,,,,,,
194131,2012-04-07,PL,2011,Liverpool,Aston Villa,,,,,,
194132,2012-04-07,PL,2011,Norwich,Everton,,,,,,
194133,2012-04-07,PL,2011,West Brom,Blackburn,,,,,,
447592,2012-04-07,ELC,2011,Leicester,Doncaster,,,,,,
447591,2012-04-07,ELC,2011,Birmingham,Crystal Palace,,,,,,
447593,2012-04-07,ELC,2011,Millwall,Hull City,,,,,,
447594,2012-04-07,ELC,2011,Derby,Ipswich,,,,,,
447590,2012-04-07,ELC,2011,Middlesbrough,Cardiff,,,,,,
447589,2012-04-07,ELC,2011,Coventry,Peterborough,,,,,,
447595,2012-04-07,ELC,2011,Nottingham Forest,Bristol City,,,,,,
194134,2012-04-07,PL,2011,Stoke City,Wolves,,,,,,
194135,2012-04-08,PL,2011,Manchester United,QPR,,,,,,
194136,2012-04-08,PL,2011,Arsenal,Manchester City,,,,,,
194137,2012-04-09,PL,2011,Everton,Sunderland,,,,,,
194138,2012-04-09,PL,2011,Newcastle,Bolton,,,,,,
194139,2012-04-09,PL,2011,Tottenham,Norwich,,,,,,
447601,2012-04-09,ELC,2011,Cardiff,Watford,,,,,,
447604,2012-04-09,ELC,2011,Crystal Palace,Southampton,,,,,,
447602,2012-04-09,ELC,2011,Bristol City,Coventry,,,,,,
447603,2012-04-09,ELC,2011,Ipswich,Leicester,,,,,,
447599,2012-04-09,ELC,2011,Leeds,Derby,,,,,,
447596,2012-04-09,ELC,2011,Hull City,Middlesbrough,,,,,,
447597,2012-04-09,ELC,2011,Peterborough,Nottingham Forest,,,,,,
447600,2012-04-09,ELC,2011,Doncaster,Burnley,,,,,,
447598,2012-04-09,ELC,2011,Blackpool,Barnsley,,,,,,
447605,2012-04-09,ELC,2011,West Ham,Birmingham,,,,,,
194140,2012-04-09,PL,2011,Aston Villa,Stoke City,,,,,,
194141,2012-04-09,PL,2011,Fulham,Chelsea,,,,,,
447607,2012-04-10,ELC,2011,Brighton,Reading,,,,,,
447606,2012-04-10,ELC,2011,Portsmouth,Millwall,,,,,,
194142,2012-04-10,PL,2011,Blackburn,Liverpool,,,,,,
194143,2012-04-11,PL,2011,Manchester City,West Brom,,,,,,
194144,2012-04-11,PL,2011,Wigan,Manchester United,,,,,,
194145,2012-04-11,PL,2011,Wolves,Arsenal,,,,,,
194146,2012-04-11,PL,2011,QPR,Swansea,,,,,,
447608,2012-04-13,ELC,2011,Southampton,Reading,,,,,,
194147,2012-04-14,PL,2011,Norwich,Manchester City,,,,,,
194148,2012-04-14,PL,2011,Sunderland,Wolves,,,,,,
194149,2012-04-14,PL,2011,Swansea,Blackburn,,,,,,
194150,2012-04-14,PL,2011,West Brom,QPR,,,,,,
447616,2012-04-14,ELC,2011,Watford,Hull City,,,,,,
447613,2012-04-14,ELC,2011,Burnley,Coventry,,,,,,
447612,2012-04-14,ELC,2011,West Ham,Brighton,,,,,,
447619,2012-04-14,ELC,2011,Crystal Palace,Ipswich,,,,,,
447609,2012-04-14,ELC,2011,Birmingham,Bristol City,,,,,,
447615,2012-04-14,ELC,2011,Millwall,Leicester,,,,,,
447618,2012-04-14,ELC,2011,Leeds,Peterborough,,,,,,
447617,2012-04-14,ELC,2011,Nottingham Forest,Blackpool,,,,,,
447610,2012-04-14,ELC,2011,Derby,Middlesbrough,,,,,,
447611,2012-04-14,ELC,2011,Barnsley,Cardiff,,,,,,
447614,2012-04-14,ELC,2011,Doncaster,Portsmouth,,,,,,
194151,2012-04-15,PL,2011,Manchester United,Aston Villa,,,,,,
194152,2012-04-16,PL,2011,Arsenal,Wigan,,,,,,
447621,2012-04-17,ELC,2011,Cardiff,Derby,,,,,,
447626,2012-04-17,ELC,2011,Leicester,Burnley,,,,,,
447628,2012-04-17,ELC,2011,Brighton,Watford,,,,,,
447625,2012-04-17,ELC,2011,Bristol City,West Ham,,,,,,
447623,2012-04-17,ELC,2011,Ipswich,Birmingham,,,,,,
447624,2012-04-17,ELC,2011,Hull City,Barnsley,,,,,,
447622,2012-04-17,ELC,2011,Middlesbrough,Doncaster,,,,,,
447629,2012-04-17,ELC,2011,Coventry,Millwall,,,,,,
447620,2012-04-17,ELC,2011,Peterborough,Southampton,,,,,,
447627,2012-04-17,ELC,2011,Portsmouth,Crystal Palace,,,,,,
447630,2012-04-17,ELC,2011,Reading,Nottingham Forest,,,,,,
447631,2012-04-17,ELC,2011,Blackpool,Leeds,,,,,,
447632,2012-04-21,ELC,2011,Cardiff,Leeds,,,,,,
194157,2012-04-21,PL,2011,Arsenal,Chelsea,,,,,,
194158,2012-04-21,PL,2011,Aston Villa,Sunderland,,,,,,
194159,2012-04-21,PL,2011,Blackburn,Norwich,,,,,,
194160,2012-04-21,PL,2011,Bolton,Swansea,,,,,,
194161,2012-04-21,PL,2011,Fulham,Wigan,,,,,,
194162,2012-04-21,PL,2011,Newcastle,Stoke City,,,,,,
447640,2012-04-21,ELC,2011,Brighton,Birmingham,,,,,,
447635,2012-04-21,ELC,2011,Reading,Crystal Palace,,,,,,
447641,2012-04-21,ELC,2011,Bristol City,Barnsley,,,,,,
447636,2012-04-21,ELC,2011,Ipswich,Millwall,,,,,,
447633,2012-04-21,ELC,2011,Hull City,Nottingham Forest,,,,,,
447634,2012-04-21,ELC,2011,Coventry,Doncaster,,,,,,
447637,2012-04-21,ELC,2011,Peterborough,Watford,,,,,,
447638,2012-04-21,ELC,2011,Portsmouth,Derby,,,,,,
447639,2012-04-21,ELC,2011,Blackpool,Burnley,,,,,,
447642,2012-04-21,ELC,2011,Middlesbrough,Southampton,,,,,,
194163,2012-04-21,PL,2011,QPR,Tottenham,,,,,,
194164,2012-04-22,PL,2011,Manchester United,Everton,,,,,,
194165,2012-04-22,PL,2011,Liverpool,West Brom,,,,,,
194166,2012-04-22,PL,2011,Wolves,Manchester City,,,,,,
447643,2012-04-23,ELC,2011,Leicester,West Ham,,,,,,
194106,2012-04-24,PL,2011,Aston Villa,Bolton,,,,,,
447652,2012-04-28,ELC,2011,Watford,Middlesbrough,,,,,,
447650,2012-04-28,ELC,2011,Southampton,Coventry,,,,,,
447645,2012-04-28,ELC,2011,Burnley,Bristol City,,,,,,
447649,2012-04-28,ELC,2011,West Ham,Hull City,,,,,,
447654,2012-04-28,ELC,2011,Crystal Palace,Cardiff,,,,,,
447646,2012-04-28,ELC,2011,Birmingham,Reading,,,,,,
447651,2012-04-28,ELC,2011,Millwall,Blackpool,,,,,,
447647,2012-04-28,ELC,2011,Leeds,Leicester,,,,,,
447648,2012-04-28,ELC,2011,Nottingham Forest,Portsmouth,,,,,,
447644,2012-04-28,ELC,2011,Derby,Peterborough,,,,,,
447655,2012-04-28,ELC,2011,Barnsley,Brighton,,,,,,
447653,2012-04-28,ELC,2011,Doncaster,Ipswich,,,,,,
194167,2012-04-28,PL,2011,Everton,Fulham,,,,,,
194168,2012-04-28,PL,2011,Stoke City,Arsenal,,,,,,
194169,2012-04-28,PL,2011,Sunderland,Bolton,,,,,,
194170,2012-04-28,PL,2011,Swansea,Wolves,,,,,,
194171,2012-04-28,PL,2011,West Brom,Aston Villa,,,,,,
194172,2012-04-28,PL,2011,Wigan,Newcastle,,,,,,
194173,2012-04-28,PL,2011,Norwich,Liverpool,,,,,,
194174,2012-04-29,PL,2011,Chelsea,QPR,,,,,,
194175,2012-04-29,PL,2011,Tottenham,Blackburn,,,,,,
194176,2012-04-30,PL,2011,Manchester City,Manchester United,,,,,,
194153,2012-05-01,PL,2011,Liverpool,Fulham,,,,,,
194154,2012-05-01,PL,2011,Stoke City,Everton,,,,,,
194155,2012-05-02,PL,2011,Chelsea,Newcastle,,,,,,
194156,2012-05-02,PL,2011,Bolton,Tottenham,,,,,,
447100,2012-05-03,ELC,2011,Cardiff,West Ham,,,,,,
447102,2012-05-04,ELC,2011,Blackpool,Birmingham,,,,,,
194177,2012-05-05,PL,2011,Arsenal,Norwich,,,,,,
194178,2012-05-06,PL,2011,Newcastle,Manchester City,,,,,,
194179,2012-05-06,PL,2011,Aston Villa,Tottenham,,,,,,
194180,2012-05-06,PL,2011,Bolton,West Brom,,,,,,
194181,2012-05-06,PL,2011,Fulham,Sunderland,,,,,,
194182,2012-05-06,PL,2011,QPR,Stoke City,,,,,,
194183,2012-05-06,PL,2011,Wolves,Everton,,,,,,
194184,2012-05-06,PL,2011,Manchester United,Swansea,,,,,,
447101,2012-05-07,ELC,2011,West Ham,Cardiff,,,,,,
194185,2012-05-07,PL,2011,Blackburn,Wigan,,,,,,
194186,2012-05-08,PL,2011,Liverpool,Chelsea,,,,,,
447103,2012-05-09,ELC,2011,Birmingham,Blackpool,,,,,,
194187,2012-05-13,PL,2011,Chelsea,Blackburn,,,,,,
194188,2012-05-13,PL,2011,Everton,Newcastle,,,,,,
194189,2012-05-13,PL,2011,Manchester City,QPR,,,,,,
194190,2012-05-13,PL,2011,Norwich,Aston Villa,,,,,,
194191,2012-05-13,PL,2011,Stoke City,Bolton,,,,,,
194192,2012-05-13,PL,2011,Sunderland,Manchester United,,,,,,
194193,2012-05-13,PL,2011,Swansea,Liverpool,,,,,,
194194,2012-05-13,PL,2011,Tottenham,Fulham,,,,,,
194195,2012-05-13,PL,2011,West Brom,Arsenal,,,,,,
194196,2012-05-13,PL,2011,Wigan,Wolves,,,,,,
447099,2012-05-19,ELC,2011,Blackpool,West Ham,,,,,,
446547,2012-08-17,ELC,2012,Cardiff,Huddersfield,,,,,,
446548,2012-08-18,ELC,2012,Leeds,Wolves,,,,,,
193438,2012-08-18,PL,2012,Fulham,Norwich,,,,,,
193437,2012-08-18,PL,2012,Arsenal,Sunderland,,,,,,
193442,2012-08-18,PL,2012,West Ham,Aston Villa,,,,,,
193440,2012-08-18,PL,2012,Reading,Stoke City,,,,,,
193441,2012-08-18,PL,2012,West Brom,Liverpool,,,,,,
193439,2012-08-18,PL,2012,QPR,Swansea,,,,,,
446549,2012-08-18,ELC,2012,Burnley,Bolton,,,,,,
446555,2012-08-18,ELC,2012,Leicester,Peterborough,,,,,,
446551,2012-08-18,ELC,2012,Crystal Palace,Watford,,,,,,
446554,2012-08-18,ELC,2012,Birmingham,Charlton,,,,,,
446550,2012-08-18,ELC,2012,Ipswich,Blackburn,,,,,,
446556,2012-08-18,ELC,2012,Millwall,Blackpool,,,,,,
446558,2012-08-18,ELC,2012,Hull City,Brighton,,,,,,
446557,2012-08-18,ELC,2012,Nottingham Forest,Bristol City,,,,,,
446552,2012-08-18,ELC,2012,Derby,Sheffield Wednesday,,,,,,
446553,2012-08-18,ELC,2012,Barnsley,Middlesbrough,,,,,,
193443,2012-08-18,PL,2012,Newcastle,Tottenham,,,,,,
193444,2012-08-19,PL,2012,Wigan,Chelsea,,,,,,
193445,2012-08-19,PL,2012,Manchester City,Southampton,,,,,,
193446,2012-08-20,PL,2012,Everton,Manchester United,,,,,,
446565,2012-08-21,ELC,2012,Huddersfield,Nottingham Forest,,,,,,
446567,2012-08-21,ELC,2012,Watford,Ipswich,,,,,,
446560,2012-08-21,ELC,2012,Wolves,Barnsley,,,,,,
446566,2012-08-21,ELC,2012,Brighton,Cardiff,,,,,,
446561,2012-08-21,ELC,2012,Bristol City,Crystal Palace,,,,,,
446563,2012-08-21,ELC,2012,Middlesbrough,Burnley,,,,,,
446559,2012-08-21,ELC,2012,Sheffield Wednesday,Birmingham,,,,,,
446562,2012-08-21,ELC,2012,Charlton,Leicester,,,,,,
446564,2012-08-21,ELC,2012,Peterborough,Millwall,,,,,,
446568,2012-08-21,ELC,2012,Bolton,Derby,,,,,,
446569,2012-08-21,ELC,2012,Blackpool,Leeds,,,,,,
193457,2012-08-22,PL,2012,Chelsea,Reading,,,,,,
446570,2012-08-22,ELC,2012,Blackburn,Hull City,,,,,,
446571,2012-08-24,ELC,2012,Bolton,Nottingham Forest,,,,,,
193447,2012-08-25,PL,2012,Swansea,West Ham,,,,,,
446572,2012-08-25,ELC,2012,Bristol City,Cardiff,,,,,,
193449,2012-08-25,PL,2012,Manchester United,Fulham,,,,,,
193451,2012-08-25,PL,2012,Southampton,Wigan,,,,,,
193452,2012-08-25,PL,2012,Tottenham,West Brom,,,,,,
193448,2012-08-25,PL,2012,Aston Villa,Everton,,,,,,
193450,2012-08-25,PL,2012,Norwich,QPR,,,,,,
446575,2012-08-25,ELC,2012,Huddersfield,Burnley,,,,,,
446578,2012-08-25,ELC,2012,Wolves,Derby,,,,,,
446577,2012-08-25,ELC,2012,Brighton,Barnsley,,,,,,
446581,2012-08-25,ELC,2012,Blackburn,Leicester,,,,,,
446576,2012-08-25,ELC,2012,Middlesbrough,Crystal Palace,,,,,,
446574,2012-08-25,ELC,2012,Sheffield Wednesday,Millwall,,,,,,
446573,2012-08-25,ELC,2012,Charlton,Hull City,,,,,,
446580,2012-08-25,ELC,2012,Peterborough,Leeds,,,,,,
446579,2012-08-25,ELC,2012,Blackpool,Ipswich,,,,,,
446582,2012-08-25,ELC,2012,Watford,Birmingham,,,,,,
193453,2012-08-25,PL,2012,Chelsea,Newcastle,,,,,,
193454,2012-08-26,PL,2012,Stoke City,Arsenal,,,,,,
193455,2012-08-26,PL,2012,Liverpool,Manchester City,,,,,,
193458,2012-09-01,PL,2012,West Ham,Fulham,,,,,,
446583,2012-09-01,ELC,2012,Millwall,Middlesbrough,,,,,,
193460,2012-09-01,PL,2012,Tottenham,Norwich,,,,,,
193461,2012-09-01,PL,2012,West Brom,Everton,,,,,,
193462,2012-09-01,PL,2012,Wigan,Stoke City,,,,,,
193459,2012-09-01,PL,2012,Swansea,Sunderland,,,,,,
446584,2012-09-01,ELC,2012,Burnley,Brighton,,,,,,
446591,2012-09-01,ELC,2012,Crystal Palace,Sheffield Wednesday,,,,,,
446589,2012-09-01,ELC,2012,Birmingham,Peterborough,,,,,,
446586,2012-09-01,ELC,2012,Ipswich,Huddersfield,,,,,,
446592,2012-09-01,ELC,2012,Leeds,Blackburn,,,,,,
446585,2012-09-01,ELC,2012,Hull City,Bolton,,,,,,
446587,2012-09-01,ELC,2012,Nottingham Forest,Charlton,,,,,,
446590,2012-09-01,ELC,2012,Derby,Watford,,,,,,
446588,2012-09-01,ELC,2012,Barnsley,Bristol City,,,,,,
446593,2012-09-01,ELC,2012,Leicester,Blackpool,,,,,,
193463,2012-09-01,PL,2012,Manchester City,QPR,,,,,,
193464,2012-09-02,PL,2012,Liverpool,Arsenal,,,,,,
446594,2012-09-02,ELC,2012,Cardiff,Wolves,,,,,,
193465,2012-09-02,PL,2012,Newcastle,Aston Villa,,,,,,
193466,2012-09-02,PL,2012,Southampton,Manchester United,,,,,,
446596,2012-09-14,ELC,2012,Brighton,Sheffield Wednesday,,,,,,
446595,2012-09-14,ELC,2012,Charlton,Crystal Palace,,,,,,
193467,2012-09-15,PL,2012,Norwich,West Ham,,,,,,
193471,2012-09-15,PL,2012,Manchester United,Wigan,,,,,,
193470,2012-09-15,PL,2012,Fulham,West Brom,,,,,,
193468,2012-09-15,PL,2012,Arsenal,Southampton,,,,,,
193469,2012-09-15,PL,2012,Aston Villa,Swansea,,,,,,
193472,2012-09-15,PL,2012,QPR,Chelsea,,,,,,
193473,2012-09-15,PL,2012,Stoke City,Manchester City,,,,,,
446605,2012-09-15,ELC,2012,Huddersfield,Derby,,,,,,
446600,2012-09-15,ELC,2012,Cardiff,Leeds,,,,,,
446597,2012-09-15,ELC,2012,Burnley,Peterborough,,,,,,
446598,2012-09-15,ELC,2012,Bristol City,Blackburn,,,,,,
446602,2012-09-15,ELC,2012,Hull City,Millwall,,,,,,
446599,2012-09-15,ELC,2012,Nottingham Forest,Birmingham,,,,,,
446603,2012-09-15,ELC,2012,Bolton,Watford,,,,,,
446601,2012-09-15,ELC,2012,Middlesbrough,Ipswich,,,,,,
446604,2012-09-15,ELC,2012,Barnsley,Blackpool,,,,,,
193474,2012-09-15,PL,2012,Sunderland,Liverpool,,,,,,
446606,2012-09-16,ELC,2012,Wolves,Leicester,,,,,,
193475,2012-09-16,PL,2012,Reading,Tottenham,,,,,,
193476,2012-09-17,PL,2012,Everton,Newcastle,,,,,,
446611,2012-09-18,ELC,2012,Watford,Brighton,,,,,,
446607,2012-09-18,ELC,2012,Birmingham,Bolton,,,,,,
446609,2012-09-18,ELC,2012,Millwall,Cardiff,,,,,,
446612,2012-09-18,ELC,2012,Leeds,Hull City,,,,,,
446613,2012-09-18,ELC,2012,Blackburn,Barnsley,,,,,,
446610,2012-09-18,ELC,2012,Derby,Charlton,,,,,,
446608,2012-09-18,ELC,2012,Peterborough,Bristol City,,,,,,
446614,2012-09-18,ELC,2012,Crystal Palace,Nottingham Forest,,,,,,
446615,2012-09-18,ELC,2012,Blackpool,Middlesbrough,,,,,,
446618,2012-09-19,ELC,2012,Leicester,Burnley,,,,,,
446616,2012-09-19,ELC,2012,Ipswich,Wolves,,,,,,
446617,2012-09-19,ELC,2012,Sheffield Wednesday,Huddersfield,,,,,,
446619,2012-09-21,ELC,2012,Blackburn,Middlesbrough,,,,,,
193477,2012-09-22,PL,2012,Swansea,Everton,,,,,,
193479,2012-09-22,PL,2012,Southampton,Aston Villa,,,,,,
193481,2012-09-22,PL,2012,West Ham,Sunderland,,,,,,
193478,2012-09-22,PL,2012,Chelsea,Stoke City,,,,,,
193480,2012-09-22,PL,2012,West Brom,Reading,,,,,,
193482,2012-09-22,PL,2012,Wigan,Fulham,,,,,,
446622,2012-09-22,ELC,2012,Watford,Bristol City,,,,,,
446626,2012-09-22,ELC,2012,Crystal Palace,Cardiff,,,,,,
446627,2012-09-22,ELC,2012,Ipswich,Charlton,,,,,,
446625,2012-09-22,ELC,2012,Millwall,Brighton,,,,,,
446624,2012-09-22,ELC,2012,Leeds,Nottingham Forest,,,,,,
446621,2012-09-22,ELC,2012,Derby,Burnley,,,,,,
446620,2012-09-22,ELC,2012,Sheffield Wednesday,Bolton,,,,,,
446623,2012-09-22,ELC,2012,Peterborough,Wolves,,,,,,
446628,2012-09-22,ELC,2012,Birmingham,Barnsley,,,,,,
193483,2012-09-23,PL,2012,Liverpool,Manchester United,,,,,,
193484,2012-09-23,PL,2012,Newcastle,Norwich,,,,,,
446629,2012-09-23,ELC,2012,Leicester,Hull City,,,,,,
193486,2012-09-23,PL,2012,Tottenham,QPR,,,,,,
193485,2012-09-23,PL,2012,Manchester City,Arsenal,,,,,,
446630,2012-09-24,ELC,2012,Blackpool,Huddersfield,,,,,,
193487,2012-09-29,PL,2012,Arsenal,Chelsea,,,,,,
193489,2012-09-29,PL,2012,Fulham,Manchester City,,,,,,
193488,2012-09-29,PL,2012,Everton,Southampton,,,,,,
193491,2012-09-29,PL,2012,Reading,Newcastle,,,,,,
193490,2012-09-29,PL,2012,Norwich,Liverpool,,,,,,
193492,2012-09-29,PL,2012,Stoke City,Swansea,,,,,,
193493,2012-09-29,PL,2012,Sunderland,Wigan,,,,,,
446634,2012-09-29,ELC,2012,Huddersfield,Watford,,,,,,
446640,2012-09-29,ELC,2012,Wolves,Sheffield Wednesday,,,,,,
446637,2012-09-29,ELC,2012,Cardiff,Blackpool,,,,,,
446633,2012-09-29,ELC,2012,Burnley,Millwall,,,,,,
446639,2012-09-29,ELC,2012,Bristol City,Leeds,,,,,,
446638,2012-09-29,ELC,2012,Hull City,Peterborough,,,,,,
446631,2012-09-29,ELC,2012,Bolton,Crystal Palace,,,,,,
446632,2012-09-29,ELC,2012,Middlesbrough,Leicester,,,,,,
446636,2012-09-29,ELC,2012,Barnsley,Ipswich,,,,,,
446635,2012-09-29,ELC,2012,Charlton,Blackburn,,,,,,
193494,2012-09-29,PL,2012,Manchester United,Tottenham,,,,,,
446641,2012-09-29,ELC,2012,Brighton,Birmingham,,,,,,
446642,2012-09-30,ELC,2012,Nottingham Forest,Derby,,,,,,
193495,2012-09-30,PL,2012,Aston Villa,West Brom,,,,,,
193496,2012-10-01,PL,2012,QPR,West Ham,,,,,,
446644,2012-10-02,ELC,2012,Huddersfield,Leicester,,,,,,
446647,2012-10-02,ELC,2012,Wolves,Crystal Palace,,,,,,
446646,2012-10-02,ELC,2012,Cardiff,Birmingham,,,,,,
446649,2012-10-02,ELC,2012,Burnley,Sheffield Wednesday,,,,,,
446645,2012-10-02,ELC,2012,Brighton,Ipswich,,,,,,
446643,2012-10-02,ELC,2012,Bristol City,Millwall,,,,,,
446650,2012-10-02,ELC,2012,Hull City,Blackpool,,,,,,
446651,2012-10-02,ELC,2012,Barnsley,Peterborough,,,,,,
446648,2012-10-02,ELC,2012,Charlton,Watford,,,,,,
446652,2012-10-02,ELC,2012,Bolton,Leeds,,,,,,
446654,2012-10-03,ELC,2012,Nottingham Forest,Blackburn,,,,,,
446653,2012-10-03,ELC,2012,Middlesbrough,Derby,,,,,,
193497,2012-10-06,PL,2012,Manchester City,Sunderland,,,,,,
193498,2012-10-06,PL,2012,Chelsea,Norwich,,,,,,
193500,2012-10-06,PL,2012,West Brom,QPR,,,,,,
193501,2012-10-06,PL,2012,Wigan,Everton,,,,,,
193499,2012-10-06,PL,2012,Swansea,Reading,,,,,,
446664,2012-10-06,ELC,2012,Watford,Middlesbrough,,,,,,
446661,2012-10-06,ELC,2012,Leicester,Bristol City,,,,,,
446655,2012-10-06,ELC,2012,Crystal Palace,Burnley,,,,,,
446657,2012-10-06,ELC,2012,Birmingham,Huddersfield,,,,,,
446659,2012-10-06,ELC,2012,Millwall,Bolton,,,,,,
446665,2012-10-06,ELC,2012,Leeds,Barnsley,,,,,,
446662,2012-10-06,ELC,2012,Blackburn,Wolves,,,,,,
446663,2012-10-06,ELC,2012,Derby,Brighton,,,,,,
446656,2012-10-06,ELC,2012,Sheffield Wednesday,Hull City,,,,,,
446660,2012-10-06,ELC,2012,Peterborough,Nottingham Forest,,,,,,
446658,2012-10-06,ELC,2012,Blackpool,Charlton,,,,,,
446666,2012-10-06,ELC,2012,Ipswich,Cardiff,,,,,,
193502,2012-10-06,PL,2012,West Ham,Arsenal,,,,,,
193503,2012-10-07,PL,2012,Southampton,Fulham,,,,,,
193504,2012-10-07,PL,2012,Liverpool,Stoke City,,,,,,
193505,2012-10-07,PL,2012,Tottenham,Aston Villa,,,,,,
193506,2012-10-07,PL,2012,Newcastle,Manchester United,,,,,,
446667,2012-10-19,ELC,2012,Sheffield Wednesday,Leeds,,,,,,
193507,2012-10-20,PL,2012,Tottenham,Chelsea,,,,,,
446668,2012-10-20,ELC,2012,Crystal Palace,Millwall,,,,,,
193510,2012-10-20,PL,2012,Manchester United,Stoke City,,,,,,
193508,2012-10-20,PL,2012,Fulham,Aston Villa,,,,,,
193509,2012-10-20,PL,2012,Liverpool,Reading,,,,,,
193513,2012-10-20,PL,2012,West Ham,Southampton,,,,,,
193512,2012-10-20,PL,2012,West Brom,Manchester City,,,,,,
193511,2012-10-20,PL,2012,Swansea,Wigan,,,,,,
446672,2012-10-20,ELC,2012,Huddersfield,Wolves,,,,,,
446674,2012-10-20,ELC,2012,Watford,Peterborough,,,,,,
446673,2012-10-20,ELC,2012,Brighton,Middlesbrough,,,,,,
446676,2012-10-20,ELC,2012,Birmingham,Leicester,,,,,,
446669,2012-10-20,ELC,2012,Hull City,Ipswich,,,,,,
446677,2012-10-20,ELC,2012,Nottingham Forest,Cardiff,,,,,,
446670,2012-10-20,ELC,2012,Bolton,Bristol City,,,,,,
446671,2012-10-20,ELC,2012,Derby,Blackburn,,,,,,
446675,2012-10-20,ELC,2012,Charlton,Barnsley,,,,,,
446678,2012-10-20,ELC,2012,Burnley,Blackpool,,,,,,
193514,2012-10-20,PL,2012,Norwich,Arsenal,,,,,,
193515,2012-10-21,PL,2012,Sunderland,Newcastle,,,,,,
193516,2012-10-21,PL,2012,QPR,Everton,,,,,,
446688,2012-10-23,ELC,2012,Wolves,Bolton,,,,,,
446684,2012-10-23,ELC,2012,Cardiff,Watford,,,,,,
446686,2012-10-23,ELC,2012,Leicester,Brighton,,,,,,
446683,2012-10-23,ELC,2012,Bristol City,Burnley,,,,,,
446679,2012-10-23,ELC,2012,Ipswich,Derby,,,,,,
446680,2012-10-23,ELC,2012,Millwall,Birmingham,,,,,,
446685,2012-10-23,ELC,2012,Leeds,Charlton,,,,,,
446687,2012-10-23,ELC,2012,Middlesbrough,Hull City,,,,,,
446682,2012-10-23,ELC,2012,Barnsley,Crystal Palace,,,,,,
446681,2012-10-23,ELC,2012,Peterborough,Huddersfield,,,,,,
446689,2012-10-23,ELC,2012,Blackpool,Nottingham Forest,,,,,,
446690,2012-10-24,ELC,2012,Blackburn,Sheffield Wednesday,,,,,,
193517,2012-10-27,PL,2012,Aston Villa,Norwich,,,,,,
193518,2012-10-27,PL,2012,Arsenal,QPR,,,,,,
193519,2012-10-27,PL,2012,Reading,Fulham,,,,,,
193521,2012-10-27,PL,2012,Wigan,West Ham,,,,,,
193520,2012-10-27,PL,2012,Stoke City,Sunderland,,,,,,
446697,2012-10-27,ELC,2012,Wolves,Charlton,,,,,,
446691,2012-10-27,ELC,2012,Cardiff,Burnley,,,,,,
446698,2012-10-27,ELC,2012,Leicester,Crystal Palace,,,,,,
446692,2012-10-27,ELC,2012,Ipswich,Sheffield Wednesday,,,,,,
446699,2012-10-27,ELC,2012,Millwall,Huddersfield,,,,,,
446695,2012-10-27,ELC,2012,Leeds,Birmingham,,,,,,
446696,2012-10-27,ELC,2012,Blackburn,Watford,,,,,,
446700,2012-10-27,ELC,2012,Middlesbrough,Bolton,,,,,,
446694,2012-10-27,ELC,2012,Barnsley,Nottingham Forest,,,,,,
446693,2012-10-27,ELC,2012,Peterborough,Derby,,,,,,
446701,2012-10-27,ELC,2012,Blackpool,Brighton,,,,,,
446702,2012-10-27,ELC,2012,Bristol City,Hull City,,,,,,
193522,2012-10-27,PL,2012,Manchester City,Swansea,,,,,,
193523,2012-10-28,PL,2012,Everton,Liverpool,,,,,,
193524,2012-10-28,PL,2012,Newcastle,West Brom,,,,,,
193525,2012-10-28,PL,2012,Southampton,Tottenham,,,,,,
193526,2012-10-28,PL,2012,Chelsea,Manchester United,,,,,,
446703,2012-11-02,ELC,2012,Brighton,Leeds,,,,,,
193527,2012-11-03,PL,2012,Manchester United,Arsenal,,,,,,
193528,2012-11-03,PL,2012,Fulham,Everton,,,,,,
193532,2012-11-03,PL,2012,Tottenham,Wigan,,,,,,
193529,2012-11-03,PL,2012,Norwich,Stoke City,,,,,,
193531,2012-11-03,PL,2012,Swansea,Chelsea,,,,,,
193530,2012-11-03,PL,2012,Sunderland,Aston Villa,,,,,,
446705,2012-11-03,ELC,2012,Huddersfield,Bristol City,,,,,,
446709,2012-11-03,ELC,2012,Watford,Leicester,,,,,,
446708,2012-11-03,ELC,2012,Burnley,Wolves,,,,,,
446711,2012-11-03,ELC,2012,Crystal Palace,Blackburn,,,,,,
446707,2012-11-03,ELC,2012,Birmingham,Ipswich,,,,,,
446712,2012-11-03,ELC,2012,Hull City,Barnsley,,,,,,
446706,2012-11-03,ELC,2012,Nottingham Forest,Millwall,,,,,,
446710,2012-11-03,ELC,2012,Derby,Blackpool,,,,,,
446704,2012-11-03,ELC,2012,Sheffield Wednesday,Peterborough,,,,,,
446713,2012-11-03,ELC,2012,Charlton,Middlesbrough,,,,,,
446714,2012-11-03,ELC,2012,Bolton,Cardiff,,,,,,
193533,2012-11-03,PL,2012,West Ham,Manchester City,,,,,,
193534,2012-11-04,PL,2012,QPR,Reading,,,,,,
193535,2012-11-04,PL,2012,Liverpool,Newcastle,,,,,,
193536,2012-11-05,PL,2012,West Brom,Southampton,,,,,,
446721,2012-11-06,ELC,2012,Huddersfield,Blackburn,,,,,,
446716,2012-11-06,ELC,2012,Watford,Millwall,,,,,,
446720,2012-11-06,ELC,2012,Burnley,Leeds,,,,,,
446719,2012-11-06,ELC,2012,Brighton,Peterborough,,,,,,
446715,2012-11-06,ELC,2012,Birmingham,Bristol City,,,,,,
446717,2012-11-06,ELC,2012,Hull City,Wolves,,,,,,
446723,2012-11-06,ELC,2012,Nottingham Forest,Middlesbrough,,,,,,
446722,2012-11-06,ELC,2012,Derby,Barnsley,,,,,,
446718,2012-11-06,ELC,2012,Sheffield Wednesday,Blackpool,,,,,,
446724,2012-11-06,ELC,2012,Charlton,Cardiff,,,,,,
446726,2012-11-06,ELC,2012,Crystal Palace,Ipswich,,,,,,
446725,2012-11-06,ELC,2012,Bolton,Leicester,,,,,,
446727,2012-11-09,ELC,2012,Middlesbrough,Sheffield Wednesday,,,,,,
446728,2012-11-10,ELC,2012,Leicester,Nottingham Forest,,,,,,
193540,2012-11-10,PL,2012,Southampton,Swansea,,,,,,
193537,2012-11-10,PL,2012,Arsenal,Fulham,,,,,,
193538,2012-11-10,PL,2012,Everton,Sunderland,,,,,,
193539,2012-11-10,PL,2012,Reading,Norwich,,,,,,
193542,2012-11-10,PL,2012,Wigan,West Brom,,,,,,
193541,2012-11-10,PL,2012,Stoke City,QPR,,,,,,
446735,2012-11-10,ELC,2012,Wolves,Brighton,,,,,,
446732,2012-11-10,ELC,2012,Cardiff,Hull City,,,,,,
446731,2012-11-10,ELC,2012,Ipswich,Burnley,,,,,,
446737,2012-11-10,ELC,2012,Millwall,Derby,,,,,,
446736,2012-11-10,ELC,2012,Leeds,Watford,,,,,,
446730,2012-11-10,ELC,2012,Blackburn,Birmingham,,,,,,
446733,2012-11-10,ELC,2012,Barnsley,Huddersfield,,,,,,
446734,2012-11-10,ELC,2012,Peterborough,Crystal Palace,,,,,,
446729,2012-11-10,ELC,2012,Blackpool,Bolton,,,,,,
193543,2012-11-10,PL,2012,Aston Villa,Manchester United,,,,,,
193544,2012-11-11,PL,2012,Manchester City,Tottenham,,,,,,
193545,2012-11-11,PL,2012,Newcastle,West Ham,,,,,,
446738,2012-11-11,ELC,2012,Bristol City,Charlton,,,,,,
193546,2012-11-11,PL,2012,Chelsea,Liverpool,,,,,,
193547,2012-11-17,PL,2012,Arsenal,Tottenham,,,,,,
193550,2012-11-17,PL,2012,Newcastle,Swansea,,,,,,
193548,2012-11-17,PL,2012,Liverpool,Wigan,,,,,,
193549,2012-11-17,PL,2012,Manchester City,Aston Villa,,,,,,
193552,2012-11-17,PL,2012,Reading,Everton,,,,,,
193553,2012-11-17,PL,2012,West Brom,Chelsea,,,,,,
193551,2012-11-17,PL,2012,QPR,Southampton,,,,,,
446741,2012-11-17,ELC,2012,Huddersfield,Brighton,,,,,,
446744,2012-11-17,ELC,2012,Watford,Wolves,,,,,,
446745,2012-11-17,ELC,2012,Cardiff,Middlesbrough,,,,,,
446747,2012-11-17,ELC,2012,Burnley,Charlton,,,,,,
446739,2012-11-17,ELC,2012,Leicester,Ipswich,,,,,,
446748,2012-11-17,ELC,2012,Crystal Palace,Derby,,,,,,
446742,2012-11-17,ELC,2012,Birmingham,Hull City,,,,,,
446740,2012-11-17,ELC,2012,Bristol City,Blackpool,,,,,,
446743,2012-11-17,ELC,2012,Nottingham Forest,Sheffield Wednesday,,,,,,
446746,2012-11-17,ELC,2012,Bolton,Barnsley,,,,,,
446749,2012-11-17,ELC,2012,Peterborough,Blackburn,,,,,,
193554,2012-11-17,PL,2012,Norwich,Manchester United,,,,,,
446750,2012-11-18,ELC,2012,Millwall,Leeds,,,,,,
193555,2012-11-18,PL,2012,Fulham,Sunderland,,,,,,
193556,2012-11-19,PL,2012,West Ham,Stoke City,,,,,,
193557,2012-11-24,PL,2012,Sunderland,West Brom,,,,,,
193559,2012-11-24,PL,2012,Manchester United,QPR,,,,,,
193558,2012-11-24,PL,2012,Everton,Norwich,,,,,,
193561,2012-11-24,PL,2012,Wigan,Reading,,,,,,
193560,2012-11-24,PL,2012,Stoke City,Fulham,,,,,,
446759,2012-11-24,ELC,2012,Wolves,Nottingham Forest,,,,,,
446751,2012-11-24,ELC,2012,Brighton,Bolton,,,,,,
446754,2012-11-24,ELC,2012,Ipswich,Peterborough,,,,,,
446761,2012-11-24,ELC,2012,Leeds,Crystal Palace,,,,,,
446755,2012-11-24,ELC,2012,Hull City,Burnley,,,,,,
446757,2012-11-24,ELC,2012,Blackburn,Millwall,,,,,,
446760,2012-11-24,ELC,2012,Middlesbrough,Bristol City,,,,,,
446752,2012-11-24,ELC,2012,Sheffield Wednesday,Leicester,,,,,,
446758,2012-11-24,ELC,2012,Barnsley,Cardiff,,,,,,
446753,2012-11-24,ELC,2012,Charlton,Huddersfield,,,,,,
446756,2012-11-24,ELC,2012,Blackpool,Watford,,,,,,
446762,2012-11-24,ELC,2012,Derby,Birmingham,,,,,,
193562,2012-11-24,PL,2012,Aston Villa,Arsenal,,,,,,
193563,2012-11-25,PL,2012,Swansea,Liverpool,,,,,,
193564,2012-11-25,PL,2012,Southampton,Newcastle,,,,,,
193566,2012-11-25,PL,2012,Tottenham,West Ham,,,,,,
193565,2012-11-25,PL,2012,Chelsea,Manchester City,,,,,,
193567,2012-11-27,PL,2012,Sunderland,QPR,,,,,,
446767,2012-11-27,ELC,2012,Wolves,Millwall,,,,,,
446771,2012-11-27,ELC,2012,Brighton,Bristol City,,,,,,
446769,2012-11-27,ELC,2012,Ipswich,Nottingham Forest,,,,,,
446772,2012-11-27,ELC,2012,Leeds,Leicester,,,,,,
446764,2012-11-27,ELC,2012,Hull City,Crystal Palace,,,,,,
446765,2012-11-27,ELC,2012,Derby,Cardiff,,,,,,
446763,2012-11-27,ELC,2012,Middlesbrough,Huddersfield,,,,,,
446768,2012-11-27,ELC,2012,Sheffield Wednesday,Watford,,,,,,
446766,2012-11-27,ELC,2012,Barnsley,Burnley,,,,,,
446770,2012-11-27,ELC,2012,Charlton,Peterborough,,,,,,
193568,2012-11-27,PL,2012,Aston Villa,Reading,,,,,,
446773,2012-11-27,ELC,2012,Blackpool,Birmingham,,,,,,
193569,2012-11-28,PL,2012,Southampton,Norwich,,,,,,
193574,2012-11-28,PL,2012,Everton,Arsenal,,,,,,
193572,2012-11-28,PL,2012,Tottenham,Liverpool,,,,,,
193573,2012-11-28,PL,2012,Chelsea,Fulham,,,,,,
193570,2012-11-28,PL,2012,Stoke City,Newcastle,,,,,,
193571,2012-11-28,PL,2012,Swansea,West Brom,,,,,,
446774,2012-11-28,ELC,2012,Blackburn,Bolton,,,,,,
193575,2012-11-28,PL,2012,Manchester United,West Ham,,,,,,
193576,2012-11-28,PL,2012,Wigan,Manchester City,,,,,,
446775,2012-11-30,ELC,2012,Birmingham,Middlesbrough,,,,,,
446776,2012-12-01,ELC,2012,Huddersfield,Leeds,,,,,,
193577,2012-12-01,PL,2012,West Ham,Chelsea,,,,,,
193579,2012-12-01,PL,2012,Fulham,Tottenham,,,,,,
193580,2012-12-01,PL,2012,Liverpool,Southampton,,,,,,
193578,2012-12-01,PL,2012,Arsenal,Swansea,,,,,,
193581,2012-12-01,PL,2012,Manchester City,Everton,,,,,,
193583,2012-12-01,PL,2012,West Brom,Stoke City,,,,,,
193582,2012-12-01,PL,2012,QPR,Aston Villa,,,,,,
446781,2012-12-01,ELC,2012,Watford,Barnsley,,,,,,
446780,2012-12-01,ELC,2012,Crystal Palace,Brighton,,,,,,
446783,2012-12-01,ELC,2012,Bristol City,Wolves,,,,,,
446777,2012-12-01,ELC,2012,Millwall,Charlton,,,,,,
446782,2012-12-01,ELC,2012,Nottingham Forest,Hull City,,,,,,
446778,2012-12-01,ELC,2012,Bolton,Ipswich,,,,,,
446779,2012-12-01,ELC,2012,Peterborough,Blackpool,,,,,,
446784,2012-12-01,ELC,2012,Leicester,Derby,,,,,,
193584,2012-12-01,PL,2012,Reading,Manchester United,,,,,,
446785,2012-12-02,ELC,2012,Burnley,Blackburn,,,,,,
446786,2012-12-02,ELC,2012,Cardiff,Sheffield Wednesday,,,,,,
193585,2012-12-02,PL,2012,Norwich,Sunderland,,,,,,
193586,2012-12-03,PL,2012,Newcastle,Wigan,,,,,,
446787,2012-12-07,ELC,2012,Blackburn,Cardiff,,,,,,
446788,2012-12-08,ELC,2012,Derby,Leeds,,,,,,
193589,2012-12-08,PL,2012,Southampton,Reading,,,,,,
193587,2012-12-08,PL,2012,Arsenal,West Brom,,,,,,
193592,2012-12-08,PL,2012,Wigan,QPR,,,,,,
193588,2012-12-08,PL,2012,Aston Villa,Stoke City,,,,,,
193591,2012-12-08,PL,2012,Swansea,Norwich,,,,,,
193590,2012-12-08,PL,2012,Sunderland,Chelsea,,,,,,
446789,2012-12-08,ELC,2012,Huddersfield,Bolton,,,,,,
446792,2012-12-08,ELC,2012,Watford,Hull City,,,,,,
446790,2012-12-08,ELC,2012,Leicester,Barnsley,,,,,,
446796,2012-12-08,ELC,2012,Crystal Palace,Blackpool,,,,,,
446797,2012-12-08,ELC,2012,Ipswich,Millwall,,,,,,
446793,2012-12-08,ELC,2012,Nottingham Forest,Burnley,,,,,,
446794,2012-12-08,ELC,2012,Sheffield Wednesday,Bristol City,,,,,,
446795,2012-12-08,ELC,2012,Charlton,Brighton,,,,,,
446791,2012-12-08,ELC,2012,Peterborough,Middlesbrough,,,,,,
446798,2012-12-08,ELC,2012,Wolves,Birmingham,,,,,,
193593,2012-12-09,PL,2012,Manchester City,Manchester United,,,,,,
193594,2012-12-09,PL,2012,Everton,Tottenham,,,,,,
193595,2012-12-09,PL,2012,West Ham,Liverpool,,,,,,
193596,2012-12-10,PL,2012,Fulham,Newcastle,,,,,,
193456,2012-12-11,PL,2012,Sunderland,Reading,,,,,,
446799,2012-12-15,ELC,2012,Hull City,Huddersfield,,,,,,
193597,2012-12-15,PL,2012,Newcastle,Manchester City,,,,,,
193599,2012-12-15,PL,2012,Manchester United,Sunderland,,,,,,
193598,2012-12-15,PL,2012,Liverpool,Aston Villa,,,,,,
193600,2012-12-15,PL,2012,Norwich,Wigan,,,,,,
193601,2012-12-15,PL,2012,QPR,Fulham,,,,,,
193602,2012-12-15,PL,2012,Stoke City,Everton,,,,,,
446801,2012-12-15,ELC,2012,Cardiff,Peterborough,,,,,,
446803,2012-12-15,ELC,2012,Burnley,Watford,,,,,,
446802,2012-12-15,ELC,2012,Brighton,Nottingham Forest,,,,,,
446805,2012-12-15,ELC,2012,Birmingham,Crystal Palace,,,,,,
446808,2012-12-15,ELC,2012,Bristol City,Derby,,,,,,
446800,2012-12-15,ELC,2012,Millwall,Leicester,,,,,,
446809,2012-12-15,ELC,2012,Leeds,Ipswich,,,,,,
446807,2012-12-15,ELC,2012,Bolton,Charlton,,,,,,
446804,2012-12-15,ELC,2012,Middlesbrough,Wolves,,,,,,
446806,2012-12-15,ELC,2012,Blackpool,Blackburn,,,,,,
446810,2012-12-15,ELC,2012,Barnsley,Sheffield Wednesday,,,,,,
193603,2012-12-16,PL,2012,Tottenham,Swansea,,,,,,
193604,2012-12-16,PL,2012,West Brom,West Ham,,,,,,
193605,2012-12-17,PL,2012,Reading,Arsenal,,,,,,
446823,2012-12-18,ELC,2012,Brighton,Millwall,,,,,,
446812,2012-12-21,ELC,2012,Derby,Hull City,,,,,,
446811,2012-12-21,ELC,2012,Blackpool,Wolves,,,,,,
193607,2012-12-22,PL,2012,Wigan,Arsenal,,,,,,
193609,2012-12-22,PL,2012,Newcastle,QPR,,,,,,
193610,2012-12-22,PL,2012,Southampton,Sunderland,,,,,,
193611,2012-12-22,PL,2012,Tottenham,Stoke City,,,,,,
193613,2012-12-22,PL,2012,West Ham,Everton,,,,,,
193608,2012-12-22,PL,2012,Manchester City,Reading,,,,,,
193612,2012-12-22,PL,2012,West Brom,Norwich,,,,,,
446817,2012-12-22,ELC,2012,Watford,Nottingham Forest,,,,,,
446819,2012-12-22,ELC,2012,Leicester,Cardiff,,,,,,
446820,2012-12-22,ELC,2012,Birmingham,Burnley,,,,,,
446815,2012-12-22,ELC,2012,Ipswich,Bristol City,,,,,,
446816,2012-12-22,ELC,2012,Millwall,Barnsley,,,,,,
446814,2012-12-22,ELC,2012,Leeds,Middlesbrough,,,,,,
446818,2012-12-22,ELC,2012,Sheffield Wednesday,Charlton,,,,,,
446813,2012-12-22,ELC,2012,Peterborough,Bolton,,,,,,
446821,2012-12-22,ELC,2012,Crystal Palace,Huddersfield,,,,,,
193614,2012-12-22,PL,2012,Liverpool,Fulham,,,,,,
193615,2012-12-23,PL,2012,Swansea,Manchester United,,,,,,
193616,2012-12-23,PL,2012,Chelsea,Aston Villa,,,,,,
446824,2012-12-26,ELC,2012,Nottingham Forest,Leeds,,,,,,
446825,2012-12-26,ELC,2012,Charlton,Ipswich,,,,,,
193619,2012-12-26,PL,2012,Manchester United,Newcastle,,,,,,
193618,2012-12-26,PL,2012,Fulham,Southampton,,,,,,
193617,2012-12-26,PL,2012,Everton,Wigan,,,,,,
193621,2012-12-26,PL,2012,Reading,Swansea,,,,,,
193620,2012-12-26,PL,2012,Norwich,Chelsea,,,,,,
193622,2012-12-26,PL,2012,Sunderland,Manchester City,,,,,,
446827,2012-12-26,ELC,2012,Huddersfield,Blackpool,,,,,,
446828,2012-12-26,ELC,2012,Wolves,Peterborough,,,,,,
446833,2012-12-26,ELC,2012,Cardiff,Crystal Palace,,,,,,
446830,2012-12-26,ELC,2012,Burnley,Derby,,,,,,
446829,2012-12-26,ELC,2012,Hull City,Leicester,,,,,,
446826,2012-12-26,ELC,2012,Bolton,Sheffield Wednesday,,,,,,
446831,2012-12-26,ELC,2012,Middlesbrough,Blackburn,,,,,,
446832,2012-12-26,ELC,2012,Barnsley,Birmingham,,,,,,
193623,2012-12-26,PL,2012,QPR,West Brom,,,,,,
193624,2012-12-26,PL,2012,Aston Villa,Tottenham,,,,,,
193625,2012-12-26,PL,2012,Stoke City,Liverpool,,,,,,
446836,2012-12-29,ELC,2012,Huddersfield,Sheffield Wednesday,,,,,,
446835,2012-12-29,ELC,2012,Hull City,Leeds,,,,,,
193627,2012-12-29,PL,2012,Sunderland,Tottenham,,,,,,
193630,2012-12-29,PL,2012,Manchester United,West Brom,,,,,,
193629,2012-12-29,PL,2012,Fulham,Swansea,,,,,,
193632,2012-12-29,PL,2012,Reading,West Ham,,,,,,
193628,2012-12-29,PL,2012,Aston Villa,Wigan,,,,,,
193631,2012-12-29,PL,2012,Norwich,Manchester City,,,,,,
193633,2012-12-29,PL,2012,Stoke City,Southampton,,,,,,
446841,2012-12-29,ELC,2012,Wolves,Ipswich,,,,,,
446838,2012-12-29,ELC,2012,Cardiff,Millwall,,,,,,
446839,2012-12-29,ELC,2012,Burnley,Leicester,,,,,,
446837,2012-12-29,ELC,2012,Bristol City,Peterborough,,,,,,
446843,2012-12-29,ELC,2012,Nottingham Forest,Crystal Palace,,,,,,
446840,2012-12-29,ELC,2012,Bolton,Birmingham,,,,,,
446844,2012-12-29,ELC,2012,Middlesbrough,Blackpool,,,,,,
446845,2012-12-29,ELC,2012,Barnsley,Blackburn,,,,,,
446842,2012-12-29,ELC,2012,Charlton,Derby,,,,,,
446846,2012-12-29,ELC,2012,Brighton,Watford,,,,,,
193634,2012-12-29,PL,2012,Arsenal,Newcastle,,,,,,
193635,2012-12-30,PL,2012,Everton,Chelsea,,,,,,
193636,2012-12-30,PL,2012,QPR,Liverpool,,,,,,
193637,2013-01-01,PL,2012,West Brom,Fulham,,,,,,
446847,2013-01-01,ELC,2012,Watford,Charlton,,,,,,
193640,2013-01-01,PL,2012,Tottenham,Reading,,,,,,
193641,2013-01-01,PL,2012,West Ham,Norwich,,,,,,
193638,2013-01-01,PL,2012,Manchester City,Stoke City,,,,,,
193642,2013-01-01,PL,2012,Wigan,Manchester United,,,,,,
193639,2013-01-01,PL,2012,Swansea,Aston Villa,,,,,,
446857,2013-01-01,ELC,2012,Leicester,Huddersfield,,,,,,
446849,2013-01-01,ELC,2012,Crystal Palace,Wolves,,,,,,
446856,2013-01-01,ELC,2012,Birmingham,Cardiff,,,,,,
446850,2013-01-01,ELC,2012,Ipswich,Brighton,,,,,,
446854,2013-01-01,ELC,2012,Millwall,Bristol City,,,,,,
446853,2013-01-01,ELC,2012,Leeds,Bolton,,,,,,
446848,2013-01-01,ELC,2012,Blackburn,Nottingham Forest,,,,,,
446851,2013-01-01,ELC,2012,Derby,Middlesbrough,,,,,,
446855,2013-01-01,ELC,2012,Sheffield Wednesday,Burnley,,,,,,
446858,2013-01-01,ELC,2012,Peterborough,Barnsley,,,,,,
446852,2013-01-01,ELC,2012,Blackpool,Hull City,,,,,,
193643,2013-01-01,PL,2012,Southampton,Arsenal,,,,,,
193645,2013-01-02,PL,2012,Liverpool,Sunderland,,,,,,
193644,2013-01-02,PL,2012,Chelsea,QPR,,,,,,
193646,2013-01-02,PL,2012,Newcastle,Everton,,,,,,
446859,2013-01-11,ELC,2012,Wolves,Blackburn,,,,,,
193647,2013-01-12,PL,2012,QPR,Tottenham,,,,,,
193650,2013-01-12,PL,2012,Fulham,Wigan,,,,,,
193649,2013-01-12,PL,2012,Everton,Swansea,,,,,,
193652,2013-01-12,PL,2012,Reading,West Brom,,,,,,
193648,2013-01-12,PL,2012,Aston Villa,Southampton,,,,,,
193651,2013-01-12,PL,2012,Norwich,Newcastle,,,,,,
193653,2013-01-12,PL,2012,Stoke City,Chelsea,,,,,,
193654,2013-01-12,PL,2012,Sunderland,West Ham,,,,,,
446868,2013-01-12,ELC,2012,Huddersfield,Birmingham,,,,,,
446865,2013-01-12,ELC,2012,Cardiff,Ipswich,,,,,,
446869,2013-01-12,ELC,2012,Burnley,Crystal Palace,,,,,,
446864,2013-01-12,ELC,2012,Brighton,Derby,,,,,,
446867,2013-01-12,ELC,2012,Bristol City,Leicester,,,,,,
446862,2013-01-12,ELC,2012,Nottingham Forest,Peterborough,,,,,,
446861,2013-01-12,ELC,2012,Bolton,Millwall,,,,,,
446860,2013-01-12,ELC,2012,Middlesbrough,Watford,,,,,,
446866,2013-01-12,ELC,2012,Barnsley,Leeds,,,,,,
446863,2013-01-12,ELC,2012,Charlton,Blackpool,,,,,,
446870,2013-01-12,ELC,2012,Hull City,Sheffield Wednesday,,,,,,
193655,2013-01-13,PL,2012,Manchester United,Liverpool,,,,,,
193656,2013-01-13,PL,2012,Arsenal,Manchester City,,,,,,
193606,2013-01-16,PL,2012,Chelsea,Southampton,,,,,,
446871,2013-01-18,ELC,2012,Leicester,Middlesbrough,,,,,,
446872,2013-01-19,ELC,2012,Derby,Nottingham Forest,,,,,,
193659,2013-01-19,PL,2012,Newcastle,Reading,,,,,,
193657,2013-01-19,PL,2012,Liverpool,Norwich,,,,,,
193661,2013-01-19,PL,2012,West Ham,QPR,,,,,,
193658,2013-01-19,PL,2012,Manchester City,Fulham,,,,,,
193662,2013-01-19,PL,2012,Wigan,Sunderland,,,,,,
193660,2013-01-19,PL,2012,Swansea,Stoke City,,,,,,
446873,2013-01-19,ELC,2012,Watford,Huddersfield,,,,,,
446881,2013-01-19,ELC,2012,Crystal Palace,Bolton,,,,,,
446880,2013-01-19,ELC,2012,Birmingham,Brighton,,,,,,
446879,2013-01-19,ELC,2012,Ipswich,Barnsley,,,,,,
446874,2013-01-19,ELC,2012,Millwall,Burnley,,,,,,
446875,2013-01-19,ELC,2012,Leeds,Bristol City,,,,,,
446878,2013-01-19,ELC,2012,Blackburn,Charlton,,,,,,
446876,2013-01-19,ELC,2012,Sheffield Wednesday,Wolves,,,,,,
446877,2013-01-19,ELC,2012,Peterborough,Hull City,,,,,,
446882,2013-01-19,ELC,2012,Blackpool,Cardiff,,,,,,
193663,2013-01-19,PL,2012,West Brom,Aston Villa,,,,,,
193664,2013-01-20,PL,2012,Chelsea,Arsenal,,,,,,
193665,2013-01-20,PL,2012,Tottenham,Manchester United,,,,,,
193666,2013-01-21,PL,2012,Southampton,Everton,,,,,,
446822,2013-01-22,ELC,2012,Blackburn,Brighton,,,,,,
193626,2013-01-23,PL,2012,Arsenal,West Ham,,,,,,
446885,2013-01-26,ELC,2012,Wolves,Blackpool,,,,,,
446883,2013-01-26,ELC,2012,Burnley,Birmingham,,,,,,
446884,2013-01-26,ELC,2012,Bristol City,Ipswich,,,,,,
446886,2013-01-26,ELC,2012,Nottingham Forest,Watford,,,,,,
446887,2013-01-26,ELC,2012,Charlton,Sheffield Wednesday,,,,,,
193667,2013-01-29,PL,2012,Aston Villa,Newcastle,,,,,,
193668,2013-01-29,PL,2012,QPR,Manchester City,,,,,,
193669,2013-01-29,PL,2012,Stoke City,Wigan,,,,,,
193670,2013-01-29,PL,2012,Sunderland,Swansea,,,,,,
446834,2013-01-29,ELC,2012,Bristol City,Watford,,,,,,
446888,2013-01-29,ELC,2012,Barnsley,Millwall,,,,,,
193671,2013-01-30,PL,2012,Arsenal,Liverpool,,,,,,
193673,2013-01-30,PL,2012,Everton,West Brom,,,,,,
193672,2013-01-30,PL,2012,Norwich,Tottenham,,,,,,
446889,2013-01-30,ELC,2012,Huddersfield,Crystal Palace,,,,,,
193674,2013-01-30,PL,2012,Manchester United,Southampton,,,,,,
193676,2013-01-30,PL,2012,Fulham,West Ham,,,,,,
193675,2013-01-30,PL,2012,Reading,Chelsea,,,,,,
446895,2013-01-31,ELC,2012,Leicester,Wolves,,,,,,
193677,2013-02-02,PL,2012,QPR,Norwich,,,,,,
193680,2013-02-02,PL,2012,Newcastle,Chelsea,,,,,,
193678,2013-02-02,PL,2012,Arsenal,Stoke City,,,,,,
193679,2013-02-02,PL,2012,Everton,Aston Villa,,,,,,
193682,2013-02-02,PL,2012,West Ham,Swansea,,,,,,
193681,2013-02-02,PL,2012,Reading,Sunderland,,,,,,
193683,2013-02-02,PL,2012,Wigan,Southampton,,,,,,
446896,2013-02-02,ELC,2012,Watford,Bolton,,,,,,
446897,2013-02-02,ELC,2012,Crystal Palace,Charlton,,,,,,
446900,2013-02-02,ELC,2012,Birmingham,Nottingham Forest,,,,,,
446904,2013-02-02,ELC,2012,Ipswich,Middlesbrough,,,,,,
446902,2013-02-02,ELC,2012,Millwall,Hull City,,,,,,
446901,2013-02-02,ELC,2012,Leeds,Cardiff,,,,,,
446906,2013-02-02,ELC,2012,Blackburn,Bristol City,,,,,,
446898,2013-02-02,ELC,2012,Derby,Huddersfield,,,,,,
446899,2013-02-02,ELC,2012,Sheffield Wednesday,Brighton,,,,,,
446903,2013-02-02,ELC,2012,Peterborough,Burnley,,,,,,
446905,2013-02-02,ELC,2012,Blackpool,Barnsley,,,,,,
193684,2013-02-02,PL,2012,Fulham,Manchester United,,,,,,
193685,2013-02-03,PL,2012,West Brom,Tottenham,,,,,,
193686,2013-02-03,PL,2012,Manchester City,Liverpool,,,,,,
446907,2013-02-08,ELC,2012,Watford,Crystal Palace,,,,,,
193687,2013-02-09,PL,2012,Tottenham,Newcastle,,,,,,
193688,2013-02-09,PL,2012,Chelsea,Wigan,,,,,,
193689,2013-02-09,PL,2012,Norwich,Fulham,,,,,,
193690,2013-02-09,PL,2012,Stoke City,Reading,,,,,,
193692,2013-02-09,PL,2012,Swansea,QPR,,,,,,
193691,2013-02-09,PL,2012,Sunderland,Arsenal,,,,,,
446917,2013-02-09,ELC,2012,Huddersfield,Cardiff,,,,,,
446910,2013-02-09,ELC,2012,Wolves,Leeds,,,,,,
446915,2013-02-09,ELC,2012,Bristol City,Nottingham Forest,,,,,,
446914,2013-02-09,ELC,2012,Blackburn,Ipswich,,,,,,
446908,2013-02-09,ELC,2012,Bolton,Burnley,,,,,,
446912,2013-02-09,ELC,2012,Middlesbrough,Barnsley,,,,,,
446916,2013-02-09,ELC,2012,Sheffield Wednesday,Derby,,,,,,
446913,2013-02-09,ELC,2012,Charlton,Birmingham,,,,,,
446909,2013-02-09,ELC,2012,Peterborough,Leicester,,,,,,
446911,2013-02-09,ELC,2012,Blackpool,Millwall,,,,,,
446918,2013-02-09,ELC,2012,Brighton,Hull City,,,,,,
193693,2013-02-09,PL,2012,Southampton,Manchester City,,,,,,
193694,2013-02-10,PL,2012,Aston Villa,West Ham,,,,,,
193695,2013-02-10,PL,2012,Manchester United,Everton,,,,,,
193696,2013-02-11,PL,2012,Liverpool,West Brom,,,,,,
446890,2013-02-12,ELC,2012,Brighton,Blackburn,,,,,,
446892,2013-02-12,ELC,2012,Hull City,Derby,,,,,,
446891,2013-02-12,ELC,2012,Middlesbrough,Leeds,,,,,,
446919,2013-02-16,ELC,2012,Cardiff,Bristol City,,,,,,
446921,2013-02-16,ELC,2012,Crystal Palace,Middlesbrough,,,,,,
446925,2013-02-16,ELC,2012,Birmingham,Watford,,,,,,
446923,2013-02-16,ELC,2012,Ipswich,Blackpool,,,,,,
446922,2013-02-16,ELC,2012,Hull City,Charlton,,,,,,
446920,2013-02-16,ELC,2012,Nottingham Forest,Bolton,,,,,,
446924,2013-02-16,ELC,2012,Derby,Wolves,,,,,,
193697,2013-02-17,PL,2012,Liverpool,Swansea,,,,,,
446934,2013-02-19,ELC,2012,Cardiff,Brighton,,,,,,
446932,2013-02-19,ELC,2012,Burnley,Middlesbrough,,,,,,
446933,2013-02-19,ELC,2012,Leicester,Charlton,,,,,,
446937,2013-02-19,ELC,2012,Birmingham,Sheffield Wednesday,,,,,,
446939,2013-02-19,ELC,2012,Ipswich,Watford,,,,,,
446940,2013-02-19,ELC,2012,Millwall,Peterborough,,,,,,
446931,2013-02-19,ELC,2012,Hull City,Blackburn,,,,,,
446936,2013-02-19,ELC,2012,Nottingham Forest,Huddersfield,,,,,,
446935,2013-02-19,ELC,2012,Derby,Bolton,,,,,,
446938,2013-02-19,ELC,2012,Barnsley,Wolves,,,,,,
446941,2013-02-19,ELC,2012,Crystal Palace,Bristol City,,,,,,
446942,2013-02-20,ELC,2012,Leeds,Blackpool,,,,,,
193698,2013-02-23,PL,2012,Fulham,Stoke City,,,,,,
193699,2013-02-23,PL,2012,Arsenal,Aston Villa,,,,,,
193702,2013-02-23,PL,2012,Reading,Wigan,,,,,,
193703,2013-02-23,PL,2012,West Brom,Sunderland,,,,,,
193700,2013-02-23,PL,2012,Norwich,Everton,,,,,,
193701,2013-02-23,PL,2012,QPR,Manchester United,,,,,,
446944,2013-02-23,ELC,2012,Huddersfield,Ipswich,,,,,,
446943,2013-02-23,ELC,2012,Watford,Derby,,,,,,
446949,2013-02-23,ELC,2012,Brighton,Burnley,,,,,,
446947,2013-02-23,ELC,2012,Bristol City,Barnsley,,,,,,
446945,2013-02-23,ELC,2012,Blackburn,Leeds,,,,,,
446951,2013-02-23,ELC,2012,Bolton,Hull City,,,,,,
446950,2013-02-23,ELC,2012,Sheffield Wednesday,Crystal Palace,,,,,,
446952,2013-02-23,ELC,2012,Charlton,Nottingham Forest,,,,,,
446948,2013-02-23,ELC,2012,Peterborough,Birmingham,,,,,,
446946,2013-02-23,ELC,2012,Blackpool,Leicester,,,,,,
446953,2013-02-23,ELC,2012,Middlesbrough,Millwall,,,,,,
193705,2013-02-24,PL,2012,Newcastle,Southampton,,,,,,
193704,2013-02-24,PL,2012,Manchester City,Chelsea,,,,,,
446954,2013-02-24,ELC,2012,Wolves,Cardiff,,,,,,
193706,2013-02-25,PL,2012,West Ham,Tottenham,,,,,,
446927,2013-02-26,ELC,2012,Burnley,Huddersfield,,,,,,
446926,2013-02-26,ELC,2012,Leicester,Blackburn,,,,,,
446893,2013-02-26,ELC,2012,Bolton,Peterborough,,,,,,
446955,2013-03-01,ELC,2012,Wolves,Watford,,,,,,
446956,2013-03-01,ELC,2012,Derby,Crystal Palace,,,,,,
446957,2013-03-02,ELC,2012,Leeds,Millwall,,,,,,
193709,2013-03-02,PL,2012,Manchester United,Norwich,,,,,,
193710,2013-03-02,PL,2012,Southampton,QPR,,,,,,
193708,2013-03-02,PL,2012,Everton,Reading,,,,,,
193707,2013-03-02,PL,2012,Chelsea,West Brom,,,,,,
193711,2013-03-02,PL,2012,Stoke City,West Ham,,,,,,
193713,2013-03-02,PL,2012,Swansea,Newcastle,,,,,,
193712,2013-03-02,PL,2012,Sunderland,Fulham,,,,,,
446965,2013-03-02,ELC,2012,Brighton,Huddersfield,,,,,,
446963,2013-03-02,ELC,2012,Ipswich,Leicester,,,,,,
446961,2013-03-02,ELC,2012,Hull City,Birmingham,,,,,,
446962,2013-03-02,ELC,2012,Blackburn,Peterborough,,,,,,
446959,2013-03-02,ELC,2012,Middlesbrough,Cardiff,,,,,,
446960,2013-03-02,ELC,2012,Barnsley,Bolton,,,,,,
446958,2013-03-02,ELC,2012,Charlton,Burnley,,,,,,
446964,2013-03-02,ELC,2012,Blackpool,Bristol City,,,,,,
446966,2013-03-02,ELC,2012,Sheffield Wednesday,Nottingham Forest,,,,,,
193714,2013-03-02,PL,2012,Wigan,Liverpool,,,,,,
193715,2013-03-03,PL,2012,Tottenham,Arsenal,,,,,,
193716,2013-03-04,PL,2012,Aston Villa,Manchester City,,,,,,
446967,2013-03-05,ELC,2012,Huddersfield,Middlesbrough,,,,,,
446972,2013-03-05,ELC,2012,Watford,Sheffield Wednesday,,,,,,
446975,2013-03-05,ELC,2012,Cardiff,Derby,,,,,,
446973,2013-03-05,ELC,2012,Burnley,Barnsley,,,,,,
446976,2013-03-05,ELC,2012,Leicester,Leeds,,,,,,
446969,2013-03-05,ELC,2012,Birmingham,Blackpool,,,,,,
446971,2013-03-05,ELC,2012,Bristol City,Brighton,,,,,,
446968,2013-03-05,ELC,2012,Millwall,Wolves,,,,,,
446974,2013-03-05,ELC,2012,Nottingham Forest,Ipswich,,,,,,
446970,2013-03-05,ELC,2012,Peterborough,Charlton,,,,,,
446977,2013-03-05,ELC,2012,Crystal Palace,Hull City,,,,,,
446978,2013-03-05,ELC,2012,Bolton,Blackburn,,,,,,
193719,2013-03-09,PL,2012,Reading,Aston Villa,,,,,,
193720,2013-03-09,PL,2012,West Brom,Swansea,,,,,,
193717,2013-03-09,PL,2012,Norwich,Southampton,,,,,,
193718,2013-03-09,PL,2012,QPR,Sunderland,,,,,,
446984,2013-03-09,ELC,2012,Huddersfield,Charlton,,,,,,
446985,2013-03-09,ELC,2012,Watford,Blackpool,,,,,,
446987,2013-03-09,ELC,2012,Leicester,Sheffield Wednesday,,,,,,
446980,2013-03-09,ELC,2012,Crystal Palace,Leeds,,,,,,
446982,2013-03-09,ELC,2012,Birmingham,Derby,,,,,,
446979,2013-03-09,ELC,2012,Bristol City,Middlesbrough,,,,,,
446986,2013-03-09,ELC,2012,Nottingham Forest,Wolves,,,,,,
446983,2013-03-09,ELC,2012,Bolton,Brighton,,,,,,
446981,2013-03-09,ELC,2012,Peterborough,Ipswich,,,,,,
193721,2013-03-10,PL,2012,Newcastle,Stoke City,,,,,,
193722,2013-03-10,PL,2012,Liverpool,Tottenham,,,,,,
446988,2013-03-11,ELC,2012,Burnley,Hull City,,,,,,
446894,2013-03-12,ELC,2012,Cardiff,Leicester,,,,,,
446929,2013-03-12,ELC,2012,Leeds,Peterborough,,,,,,
446928,2013-03-12,ELC,2012,Barnsley,Brighton,,,,,,
446991,2013-03-16,ELC,2012,Leeds,Huddersfield,,,,,,
446992,2013-03-16,ELC,2012,Charlton,Millwall,,,,,,
193727,2013-03-16,PL,2012,Everton,Manchester City,,,,,,
193729,2013-03-16,PL,2012,Southampton,Liverpool,,,,,,
193728,2013-03-16,PL,2012,Aston Villa,QPR,,,,,,
193730,2013-03-16,PL,2012,Stoke City,West Brom,,,,,,
193731,2013-03-16,PL,2012,Swansea,Arsenal,,,,,,
446999,2013-03-16,ELC,2012,Wolves,Bristol City,,,,,,
446997,2013-03-16,ELC,2012,Ipswich,Bolton,,,,,,
446998,2013-03-16,ELC,2012,Hull City,Nottingham Forest,,,,,,
446996,2013-03-16,ELC,2012,Middlesbrough,Birmingham,,,,,,
446993,2013-03-16,ELC,2012,Sheffield Wednesday,Cardiff,,,,,,
446995,2013-03-16,ELC,2012,Barnsley,Watford,,,,,,
446994,2013-03-16,ELC,2012,Blackpool,Peterborough,,,,,,
447000,2013-03-16,ELC,2012,Derby,Leicester,,,,,,
193732,2013-03-16,PL,2012,Manchester United,Reading,,,,,,
447001,2013-03-17,ELC,2012,Brighton,Crystal Palace,,,,,,
447002,2013-03-17,ELC,2012,Blackburn,Burnley,,,,,,
193733,2013-03-17,PL,2012,Sunderland,Norwich,,,,,,
193734,2013-03-17,PL,2012,Tottenham,Fulham,,,,,,
193735,2013-03-17,PL,2012,Chelsea,West Ham,,,,,,
193736,2013-03-17,PL,2012,Wigan,Newcastle,,,,,,
447003,2013-03-29,ELC,2012,Watford,Burnley,,,,,,
447004,2013-03-29,ELC,2012,Blackburn,Blackpool,,,,,,
447005,2013-03-29,ELC,2012,Crystal Palace,Birmingham,,,,,,
447007,2013-03-29,ELC,2012,Leicester,Millwall,,,,,,
447006,2013-03-29,ELC,2012,Derby,Bristol City,,,,,,
193737,2013-03-30,PL,2012,Sunderland,Manchester United,,,,,,
193740,2013-03-30,PL,2012,Southampton,Chelsea,,,,,,
193738,2013-03-30,PL,2012,Arsenal,Reading,,,,,,
193742,2013-03-30,PL,2012,West Ham,West Brom,,,,,,
193739,2013-03-30,PL,2012,Manchester City,Newcastle,,,,,,
193743,2013-03-30,PL,2012,Wigan,Norwich,,,,,,
193741,2013-03-30,PL,2012,Swansea,Tottenham,,,,,,
447008,2013-03-30,ELC,2012,Wolves,Middlesbrough,,,,,,
447009,2013-03-30,ELC,2012,Ipswich,Leeds,,,,,,
447012,2013-03-30,ELC,2012,Nottingham Forest,Brighton,,,,,,
447010,2013-03-30,ELC,2012,Sheffield Wednesday,Barnsley,,,,,,
447011,2013-03-30,ELC,2012,Charlton,Bolton,,,,,,
447013,2013-03-30,ELC,2012,Peterborough,Cardiff,,,,,,
447014,2013-03-30,ELC,2012,Huddersfield,Hull City,,,,,,
193744,2013-03-30,PL,2012,Everton,Stoke City,,,,,,
193745,2013-03-31,PL,2012,Aston Villa,Liverpool,,,,,,
447021,2013-04-01,ELC,2012,Cardiff,Blackburn,,,,,,
447019,2013-04-01,ELC,2012,Burnley,Nottingham Forest,,,,,,
447017,2013-04-01,ELC,2012,Birmingham,Wolves,,,,,,
447020,2013-04-01,ELC,2012,Bristol City,Sheffield Wednesday,,,,,,
447015,2013-04-01,ELC,2012,Millwall,Ipswich,,,,,,
447016,2013-04-01,ELC,2012,Barnsley,Leicester,,,,,,
447018,2013-04-01,ELC,2012,Blackpool,Crystal Palace,,,,,,
447022,2013-04-01,ELC,2012,Leeds,Derby,,,,,,
193746,2013-04-01,PL,2012,Fulham,QPR,,,,,,
447024,2013-04-02,ELC,2012,Brighton,Charlton,,,,,,
447025,2013-04-02,ELC,2012,Hull City,Watford,,,,,,
447023,2013-04-02,ELC,2012,Middlesbrough,Peterborough,,,,,,
447026,2013-04-02,ELC,2012,Bolton,Huddersfield,,,,,,
193747,2013-04-06,PL,2012,Reading,Southampton,,,,,,
193750,2013-04-06,PL,2012,West Brom,Arsenal,,,,,,
193748,2013-04-06,PL,2012,Norwich,Swansea,,,,,,
193749,2013-04-06,PL,2012,Stoke City,Aston Villa,,,,,,
447027,2013-04-06,ELC,2012,Huddersfield,Peterborough,,,,,,
447035,2013-04-06,ELC,2012,Burnley,Bristol City,,,,,,
447031,2013-04-06,ELC,2012,Brighton,Leicester,,,,,,
447033,2013-04-06,ELC,2012,Crystal Palace,Barnsley,,,,,,
447037,2013-04-06,ELC,2012,Birmingham,Millwall,,,,,,
447032,2013-04-06,ELC,2012,Hull City,Middlesbrough,,,,,,
447028,2013-04-06,ELC,2012,Nottingham Forest,Blackpool,,,,,,
447036,2013-04-06,ELC,2012,Bolton,Wolves,,,,,,
447029,2013-04-06,ELC,2012,Derby,Ipswich,,,,,,
447034,2013-04-06,ELC,2012,Sheffield Wednesday,Blackburn,,,,,,
447030,2013-04-06,ELC,2012,Charlton,Leeds,,,,,,
447038,2013-04-06,ELC,2012,Watford,Cardiff,,,,,,
193751,2013-04-07,PL,2012,Liverpool,West Ham,,,,,,
193752,2013-04-07,PL,2012,Tottenham,Everton,,,,,,
193754,2013-04-07,PL,2012,Newcastle,Fulham,,,,,,
193753,2013-04-07,PL,2012,Chelsea,Sunderland,,,,,,
193755,2013-04-07,PL,2012,QPR,Wigan,,,,,,
193756,2013-04-08,PL,2012,Manchester United,Manchester City,,,,,,
446989,2013-04-09,ELC,2012,Cardiff,Barnsley,,,,,,
446930,2013-04-09,ELC,2012,Millwall,Sheffield Wednesday,,,,,,
447039,2013-04-12,ELC,2012,Leicester,Birmingham,,,,,,
447040,2013-04-13,ELC,2012,Leeds,Sheffield Wednesday,,,,,,
193761,2013-04-13,PL,2012,Southampton,West Ham,,,,,,
193757,2013-04-13,PL,2012,Arsenal,Norwich,,,,,,
193759,2013-04-13,PL,2012,Everton,QPR,,,,,,
193760,2013-04-13,PL,2012,Reading,Liverpool,,,,,,
193758,2013-04-13,PL,2012,Aston Villa,Fulham,,,,,,
447048,2013-04-13,ELC,2012,Wolves,Huddersfield,,,,,,
447041,2013-04-13,ELC,2012,Cardiff,Nottingham Forest,,,,,,
447044,2013-04-13,ELC,2012,Bristol City,Bolton,,,,,,
447045,2013-04-13,ELC,2012,Ipswich,Hull City,,,,,,
447043,2013-04-13,ELC,2012,Blackburn,Derby,,,,,,
447046,2013-04-13,ELC,2012,Middlesbrough,Brighton,,,,,,
447049,2013-04-13,ELC,2012,Barnsley,Charlton,,,,,,
447042,2013-04-13,ELC,2012,Peterborough,Watford,,,,,,
447047,2013-04-13,ELC,2012,Blackpool,Burnley,,,,,,
193762,2013-04-14,PL,2012,Newcastle,Sunderland,,,,,,
193763,2013-04-14,PL,2012,Stoke City,Manchester United,,,,,,
193723,2013-04-16,PL,2012,Arsenal,Everton,,,,,,
447059,2013-04-16,ELC,2012,Wolves,Hull City,,,,,,
447053,2013-04-16,ELC,2012,Cardiff,Charlton,,,,,,
447060,2013-04-16,ELC,2012,Leicester,Bolton,,,,,,
447052,2013-04-16,ELC,2012,Bristol City,Birmingham,,,,,,
447058,2013-04-16,ELC,2012,Ipswich,Crystal Palace,,,,,,
447054,2013-04-16,ELC,2012,Millwall,Watford,,,,,,
447057,2013-04-16,ELC,2012,Leeds,Burnley,,,,,,
447061,2013-04-16,ELC,2012,Blackburn,Huddersfield,,,,,,
447051,2013-04-16,ELC,2012,Middlesbrough,Nottingham Forest,,,,,,
447056,2013-04-16,ELC,2012,Barnsley,Derby,,,,,,
447055,2013-04-16,ELC,2012,Peterborough,Brighton,,,,,,
447062,2013-04-16,ELC,2012,Blackpool,Sheffield Wednesday,,,,,,
193725,2013-04-17,PL,2012,West Ham,Manchester United,,,,,,
193724,2013-04-17,PL,2012,Manchester City,Wigan,,,,,,
193726,2013-04-17,PL,2012,Fulham,Chelsea,,,,,,
447063,2013-04-19,ELC,2012,Hull City,Bristol City,,,,,,
447064,2013-04-20,ELC,2012,Huddersfield,Millwall,,,,,,
447065,2013-04-20,ELC,2012,Burnley,Cardiff,,,,,,
193767,2013-04-20,PL,2012,Fulham,Arsenal,,,,,,
193773,2013-04-20,PL,2012,West Ham,Wigan,,,,,,
193772,2013-04-20,PL,2012,West Brom,Newcastle,,,,,,
193768,2013-04-20,PL,2012,Norwich,Reading,,,,,,
193769,2013-04-20,PL,2012,QPR,Stoke City,,,,,,
193771,2013-04-20,PL,2012,Swansea,Southampton,,,,,,
193770,2013-04-20,PL,2012,Sunderland,Everton,,,,,,
447066,2013-04-20,ELC,2012,Watford,Blackburn,,,,,,
447073,2013-04-20,ELC,2012,Brighton,Blackpool,,,,,,
447069,2013-04-20,ELC,2012,Crystal Palace,Leicester,,,,,,
447070,2013-04-20,ELC,2012,Birmingham,Leeds,,,,,,
447067,2013-04-20,ELC,2012,Nottingham Forest,Barnsley,,,,,,
447068,2013-04-20,ELC,2012,Bolton,Middlesbrough,,,,,,
447072,2013-04-20,ELC,2012,Derby,Peterborough,,,,,,
447071,2013-04-20,ELC,2012,Sheffield Wednesday,Ipswich,,,,,,
447074,2013-04-20,ELC,2012,Charlton,Wolves,,,,,,
193774,2013-04-21,PL,2012,Tottenham,Manchester City,,,,,,
193775,2013-04-21,PL,2012,Liverpool,Chelsea,,,,,,
193776,2013-04-22,PL,2012,Manchester United,Aston Villa,,,,,,
446990,2013-04-23,ELC,2012,Millwall,Blackburn,,,,,,
447075,2013-04-26,ELC,2012,Leicester,Watford,,,,,,
193777,2013-04-27,PL,2012,Manchester City,West Ham,,,,,,
193779,2013-04-27,PL,2012,Southampton,West Brom,,,,,,
193778,2013-04-27,PL,2012,Everton,Fulham,,,,,,
193781,2013-04-27,PL,2012,Wigan,Tottenham,,,,,,
193780,2013-04-27,PL,2012,Stoke City,Norwich,,,,,,
447078,2013-04-27,ELC,2012,Wolves,Burnley,,,,,,
447079,2013-04-27,ELC,2012,Cardiff,Bolton,,,,,,
447081,2013-04-27,ELC,2012,Bristol City,Huddersfield,,,,,,
447080,2013-04-27,ELC,2012,Ipswich,Birmingham,,,,,,
447077,2013-04-27,ELC,2012,Millwall,Nottingham Forest,,,,,,
447084,2013-04-27,ELC,2012,Leeds,Brighton,,,,,,
447076,2013-04-27,ELC,2012,Blackburn,Crystal Palace,,,,,,
447083,2013-04-27,ELC,2012,Middlesbrough,Charlton,,,,,,
447085,2013-04-27,ELC,2012,Barnsley,Hull City,,,,,,
447082,2013-04-27,ELC,2012,Blackpool,Derby,,,,,,
447086,2013-04-27,ELC,2012,Peterborough,Sheffield Wednesday,,,,,,
193782,2013-04-27,PL,2012,Newcastle,Liverpool,,,,,,
193783,2013-04-28,PL,2012,Reading,QPR,,,,,,
193784,2013-04-28,PL,2012,Chelsea,Swansea,,,,,,
193785,2013-04-28,PL,2012,Arsenal,Manchester United,,,,,,
193786,2013-04-29,PL,2012,Aston Villa,Sunderland,,,,,,
447050,2013-04-30,ELC,2012,Millwall,Crystal Palace,,,,,,
447091,2013-05-04,ELC,2012,Huddersfield,Barnsley,,,,,,
447088,2013-05-04,ELC,2012,Watford,Leeds,,,,,,
447087,2013-05-04,ELC,2012,Burnley,Ipswich,,,,,,
447095,2013-05-04,ELC,2012,Brighton,Wolves,,,,,,
447097,2013-05-04,ELC,2012,Crystal Palace,Peterborough,,,,,,
447098,2013-05-04,ELC,2012,Birmingham,Blackburn,,,,,,
447094,2013-05-04,ELC,2012,Hull City,Cardiff,,,,,,
447089,2013-05-04,ELC,2012,Nottingham Forest,Leicester,,,,,,
447092,2013-05-04,ELC,2012,Bolton,Blackpool,,,,,,
447096,2013-05-04,ELC,2012,Derby,Millwall,,,,,,
447090,2013-05-04,ELC,2012,Sheffield Wednesday,Middlesbrough,,,,,,
447093,2013-05-04,ELC,2012,Charlton,Bristol City,,,,,,
193787,2013-05-04,PL,2012,Fulham,Reading,,,,,,
193791,2013-05-04,PL,2012,West Ham,Newcastle,,,,,,
193790,2013-05-04,PL,2012,West Brom,Wigan,,,,,,
193788,2013-05-04,PL,2012,Norwich,Aston Villa,,,,,,
193789,2013-05-04,PL,2012,Swansea,Manchester City,,,,,,
193792,2013-05-04,PL,2012,Tottenham,Southampton,,,,,,
193793,2013-05-04,PL,2012,QPR,Arsenal,,,,,,
193794,2013-05-05,PL,2012,Liverpool,Everton,,,,,,
193795,2013-05-05,PL,2012,Manchester United,Chelsea,,,,,,
193796,2013-05-06,PL,2012,Sunderland,Stoke City,,,,,,
193764,2013-05-07,PL,2012,Manchester City,West Brom,,,,,,
193765,2013-05-07,PL,2012,Wigan,Swansea,,,,,,
193766,2013-05-08,PL,2012,Chelsea,Tottenham,,,,,,
446543,2013-05-09,ELC,2012,Leicester,Watford,,,,,,
446545,2013-05-10,ELC,2012,Crystal Palace,Brighton,,,,,,
193797,2013-05-11,PL,2012,Aston Villa,Chelsea,,,,,,
446544,2013-05-12,ELC,2012,Watford,Leicester,,,,,,
193798,2013-05-12,PL,2012,Stoke City,Tottenham,,,,,,
193800,2013-05-12,PL,2012,Fulham,Liverpool,,,,,,
193799,2013-05-12,PL,2012,Everton,West Ham,,,,,,
193801,2013-05-12,PL,2012,Norwich,West Brom,,,,,,
193802,2013-05-12,PL,2012,QPR,Newcastle,,,,,,
193803,2013-05-12,PL,2012,Sunderland,Southampton,,,,,,
193804,2013-05-12,PL,2012,Manchester United,Swansea,,,,,,
446546,2013-05-13,ELC,2012,Brighton,Crystal Palace,,,,,,
193805,2013-05-14,PL,2012,Arsenal,Wigan,,,,,,
193806,2013-05-14,PL,2012,Reading,Manchester City,,,,,,
193810,2013-05-19,PL,2012,Newcastle,Arsenal,,,,,,
193808,2013-05-19,PL,2012,Liverpool,QPR,,,,,,
193811,2013-05-19,PL,2012,Southampton,Stoke City,,,,,,
193813,2013-05-19,PL,2012,Tottenham,Sunderland,,,,,,
193815,2013-05-19,PL,2012,West Ham,Reading,,,,,,
193807,2013-05-19,PL,2012,Chelsea,Everton,,,,,,
193809,2013-05-19,PL,2012,Manchester City,Norwich,,,,,,
193814,2013-05-19,PL,2012,West Brom,Manchester United,,,,,,
193816,2013-05-19,PL,2012,Wigan,Aston Villa,,,,,,
193812,2013-05-19,PL,2012,Swansea,Fulham,,,,,,
445990,2013-08-03,ELC,2013,Burnley,Bolton,,,,,,
445991,2013-08-03,ELC,2013,Bournemouth,Charlton,,,,,,
446000,2013-08-03,ELC,2013,Reading,Ipswich,,,,,,
445993,2013-08-03,ELC,2013,Birmingham,Watford,,,,,,
445997,2013-08-03,ELC,2013,Millwall,Yeovil Town,,,,,,
445995,2013-08-03,ELC,2013,Leeds,Brighton,,,,,,
445998,2013-08-03,ELC,2013,Nottingham Forest,Huddersfield,,,,,,
445996,2013-08-03,ELC,2013,Middlesbrough,Leicester,,,,,,
445999,2013-08-03,ELC,2013,QPR,Sheffield Wednesday,,,,,,
445992,2013-08-03,ELC,2013,Barnsley,Wigan,,,,,,
445994,2013-08-03,ELC,2013,Doncaster,Blackpool,,,,,,
446001,2013-08-04,ELC,2013,Derby,Blackburn,,,,,,
446007,2013-08-10,ELC,2013,Huddersfield,QPR,,,,,,
446010,2013-08-10,ELC,2013,Watford,Bournemouth,,,,,,
446005,2013-08-10,ELC,2013,Brighton,Derby,,,,,,
446008,2013-08-10,ELC,2013,Ipswich,Millwall,,,,,,
446002,2013-08-10,ELC,2013,Blackburn,Nottingham Forest,,,,,,
446004,2013-08-10,ELC,2013,Bolton,Reading,,,,,,
446009,2013-08-10,ELC,2013,Sheffield Wednesday,Burnley,,,,,,
446006,2013-08-10,ELC,2013,Charlton,Middlesbrough,,,,,,
446003,2013-08-10,ELC,2013,Blackpool,Barnsley,,,,,,
446011,2013-08-10,ELC,2013,Yeovil Town,Birmingham,,,,,,
446012,2013-08-11,ELC,2013,Leicester,Leeds,,,,,,
446014,2013-08-16,ELC,2013,Doncaster,Blackburn,,,,,,
446015,2013-08-17,ELC,2013,Leeds,Sheffield Wednesday,,,,,,
193057,2013-08-17,PL,2013,Liverpool,Stoke City,,,,,,
193058,2013-08-17,PL,2013,Arsenal,Aston Villa,,,,,,
193062,2013-08-17,PL,2013,West Ham,Cardiff,,,,,,
193061,2013-08-17,PL,2013,West Brom,Southampton,,,,,,
193059,2013-08-17,PL,2013,Norwich,Everton,,,,,,
193060,2013-08-17,PL,2013,Sunderland,Fulham,,,,,,
446023,2013-08-17,ELC,2013,Bournemouth,Wigan,,,,,,
446020,2013-08-17,ELC,2013,Burnley,Yeovil Town,,,,,,
446024,2013-08-17,ELC,2013,Reading,Watford,,,,,,
446021,2013-08-17,ELC,2013,Birmingham,Brighton,,,,,,
446025,2013-08-17,ELC,2013,Millwall,Huddersfield,,,,,,
446019,2013-08-17,ELC,2013,Nottingham Forest,Bolton,,,,,,
446016,2013-08-17,ELC,2013,Derby,Leicester,,,,,,
446022,2013-08-17,ELC,2013,Middlesbrough,Blackpool,,,,,,
446017,2013-08-17,ELC,2013,QPR,Ipswich,,,,,,
446018,2013-08-17,ELC,2013,Barnsley,Charlton,,,,,,
193063,2013-08-17,PL,2013,Swansea,Manchester United,,,,,,
193064,2013-08-18,PL,2013,Crystal Palace,Tottenham,,,,,,
193065,2013-08-18,PL,2013,Chelsea,Hull City,,,,,,
193066,2013-08-19,PL,2013,Manchester City,Newcastle,,,,,,
446013,2013-08-20,ELC,2013,Wigan,Doncaster,,,,,,
193077,2013-08-21,PL,2013,Chelsea,Aston Villa,,,,,,
446026,2013-08-24,ELC,2013,Bolton,QPR,,,,,,
193067,2013-08-24,PL,2013,Fulham,Arsenal,,,,,,
193070,2013-08-24,PL,2013,Newcastle,West Ham,,,,,,
193071,2013-08-24,PL,2013,Southampton,Sunderland,,,,,,
193068,2013-08-24,PL,2013,Everton,West Brom,,,,,,
193069,2013-08-24,PL,2013,Hull City,Norwich,,,,,,
193072,2013-08-24,PL,2013,Stoke City,Crystal Palace,,,,,,
446027,2013-08-24,ELC,2013,Huddersfield,Bournemouth,,,,,,
446032,2013-08-24,ELC,2013,Leicester,Birmingham,,,,,,
446031,2013-08-24,ELC,2013,Brighton,Burnley,,,,,,
446030,2013-08-24,ELC,2013,Ipswich,Leeds,,,,,,
446029,2013-08-24,ELC,2013,Blackburn,Barnsley,,,,,,
446034,2013-08-24,ELC,2013,Sheffield Wednesday,Millwall,,,,,,
446033,2013-08-24,ELC,2013,Blackpool,Reading,,,,,,
446028,2013-08-24,ELC,2013,Yeovil Town,Derby,,,,,,
193073,2013-08-24,PL,2013,Aston Villa,Liverpool,,,,,,
446035,2013-08-25,ELC,2013,Watford,Nottingham Forest,,,,,,
446036,2013-08-25,ELC,2013,Wigan,Middlesbrough,,,,,,
193074,2013-08-25,PL,2013,Cardiff,Manchester City,,,,,,
193075,2013-08-25,PL,2013,Tottenham,Swansea,,,,,,
193076,2013-08-26,PL,2013,Manchester United,Chelsea,,,,,,
446038,2013-08-31,ELC,2013,Leeds,QPR,,,,,,
193078,2013-08-31,PL,2013,Manchester City,Hull City,,,,,,
193080,2013-08-31,PL,2013,Newcastle,Fulham,,,,,,
193079,2013-08-31,PL,2013,Cardiff,Everton,,,,,,
193082,2013-08-31,PL,2013,West Ham,Stoke City,,,,,,
193081,2013-08-31,PL,2013,Norwich,Southampton,,,,,,
446044,2013-08-31,ELC,2013,Brighton,Millwall,,,,,,
446039,2013-08-31,ELC,2013,Birmingham,Ipswich,,,,,,
446048,2013-08-31,ELC,2013,Wigan,Nottingham Forest,,,,,,
446042,2013-08-31,ELC,2013,Blackburn,Bolton,,,,,,
446047,2013-08-31,ELC,2013,Derby,Burnley,,,,,,
446043,2013-08-31,ELC,2013,Middlesbrough,Sheffield Wednesday,,,,,,
446045,2013-08-31,ELC,2013,Barnsley,Huddersfield,,,,,,
446041,2013-08-31,ELC,2013,Charlton,Leicester,,,,,,
446040,2013-08-31,ELC,2013,Doncaster,Bournemouth,,,,,,
446049,2013-08-31,ELC,2013,Blackpool,Watford,,,,,,
446046,2013-08-31,ELC,2013,Yeovil Town,Reading,,,,,,
193083,2013-08-31,PL,2013,Crystal Palace,Sunderland,,,,,,
193084,2013-09-01,PL,2013,Liverpool,Manchester United,,,,,,
193085,2013-09-01,PL,2013,West Brom,Swansea,,,,,,
193086,2013-09-01,PL,2013,Arsenal,Tottenham,,,,,,
446050,2013-09-14,ELC,2013,Burnley,Blackburn,,,,,,
193087,2013-09-14,PL,2013,Manchester United,Crystal Palace,,,,,,
193089,2013-09-14,PL,2013,Fulham,West Brom,,,,,,
193093,2013-09-14,PL,2013,Tottenham,Norwich,,,,,,
193090,2013-09-14,PL,2013,Hull City,Cardiff,,,,,,
193088,2013-09-14,PL,2013,Aston Villa,Newcastle,,,,,,
193091,2013-09-14,PL,2013,Stoke City,Manchester City,,,,,,
193092,2013-09-14,PL,2013,Sunderland,Arsenal,,,,,,
446053,2013-09-14,ELC,2013,Bournemouth,Blackpool,,,,,,
446059,2013-09-14,ELC,2013,Huddersfield,Doncaster,,,,,,
446060,2013-09-14,ELC,2013,Watford,Charlton,,,,,,
446054,2013-09-14,ELC,2013,Leicester,Wigan,,,,,,
446052,2013-09-14,ELC,2013,Ipswich,Middlesbrough,,,,,,
446057,2013-09-14,ELC,2013,Millwall,Derby,,,,,,
446055,2013-09-14,ELC,2013,Nottingham Forest,Barnsley,,,,,,
446051,2013-09-14,ELC,2013,Bolton,Leeds,,,,,,
446058,2013-09-14,ELC,2013,QPR,Birmingham,,,,,,
446056,2013-09-14,ELC,2013,Sheffield Wednesday,Yeovil Town,,,,,,
193094,2013-09-14,PL,2013,Everton,Chelsea,,,,,,
446061,2013-09-15,ELC,2013,Reading,Brighton,,,,,,
193095,2013-09-15,PL,2013,Southampton,West Ham,,,,,,
193096,2013-09-16,PL,2013,Swansea,Liverpool,,,,,,
446068,2013-09-17,ELC,2013,Bournemouth,Barnsley,,,,,,
446062,2013-09-17,ELC,2013,Huddersfield,Charlton,,,,,,
446067,2013-09-17,ELC,2013,Watford,Doncaster,,,,,,
446066,2013-09-17,ELC,2013,Burnley,Birmingham,,,,,,
446069,2013-09-17,ELC,2013,Leicester,Blackburn,,,,,,
446064,2013-09-17,ELC,2013,Ipswich,Yeovil Town,,,,,,
446065,2013-09-17,ELC,2013,Millwall,Blackpool,,,,,,
446063,2013-09-17,ELC,2013,Nottingham Forest,Middlesbrough,,,,,,
446070,2013-09-17,ELC,2013,Bolton,Derby,,,,,,
446071,2013-09-18,ELC,2013,QPR,Brighton,,,,,,
446072,2013-09-18,ELC,2013,Reading,Leeds,,,,,,
446074,2013-09-21,ELC,2013,Charlton,Millwall,,,,,,
193097,2013-09-21,PL,2013,Norwich,Aston Villa,,,,,,
193099,2013-09-21,PL,2013,Newcastle,Hull City,,,,,,
193098,2013-09-21,PL,2013,Liverpool,Southampton,,,,,,
193101,2013-09-21,PL,2013,West Ham,Everton,,,,,,
193100,2013-09-21,PL,2013,West Brom,Sunderland,,,,,,
446081,2013-09-21,ELC,2013,Brighton,Bolton,,,,,,
446078,2013-09-21,ELC,2013,Birmingham,Sheffield Wednesday,,,,,,
446082,2013-09-21,ELC,2013,Leeds,Burnley,,,,,,
446075,2013-09-21,ELC,2013,Blackburn,Huddersfield,,,,,,
446079,2013-09-21,ELC,2013,Derby,Reading,,,,,,
446077,2013-09-21,ELC,2013,Middlesbrough,Bournemouth,,,,,,
446083,2013-09-21,ELC,2013,Barnsley,Watford,,,,,,
446080,2013-09-21,ELC,2013,Doncaster,Nottingham Forest,,,,,,
446076,2013-09-21,ELC,2013,Blackpool,Leicester,,,,,,
446084,2013-09-21,ELC,2013,Yeovil Town,QPR,,,,,,
193102,2013-09-21,PL,2013,Chelsea,Fulham,,,,,,
193103,2013-09-22,PL,2013,Arsenal,Stoke City,,,,,,
193104,2013-09-22,PL,2013,Crystal Palace,Swansea,,,,,,
446085,2013-09-22,ELC,2013,Wigan,Ipswich,,,,,,
193105,2013-09-22,PL,2013,Cardiff,Tottenham,,,,,,
193106,2013-09-22,PL,2013,Manchester City,Manchester United,,,,,,
446086,2013-09-27,ELC,2013,Huddersfield,Blackpool,,,,,,
446087,2013-09-28,ELC,2013,Nottingham Forest,Derby,,,,,,
193107,2013-09-28,PL,2013,Tottenham,Chelsea,,,,,,
193111,2013-09-28,PL,2013,Manchester United,West Brom,,,,,,
193109,2013-09-28,PL,2013,Fulham,Cardiff,,,,,,
193112,2013-09-28,PL,2013,Southampton,Crystal Palace,,,,,,
193110,2013-09-28,PL,2013,Hull City,West Ham,,,,,,
193108,2013-09-28,PL,2013,Aston Villa,Manchester City,,,,,,
446090,2013-09-28,ELC,2013,Bournemouth,Blackburn,,,,,,
446088,2013-09-28,ELC,2013,Watford,Wigan,,,,,,
446096,2013-09-28,ELC,2013,Burnley,Charlton,,,,,,
446094,2013-09-28,ELC,2013,Leicester,Barnsley,,,,,,
446091,2013-09-28,ELC,2013,Reading,Birmingham,,,,,,
446092,2013-09-28,ELC,2013,Ipswich,Brighton,,,,,,
446093,2013-09-28,ELC,2013,Millwall,Leeds,,,,,,
446089,2013-09-28,ELC,2013,Bolton,Yeovil Town,,,,,,
446097,2013-09-28,ELC,2013,QPR,Middlesbrough,,,,,,
446095,2013-09-28,ELC,2013,Sheffield Wednesday,Doncaster,,,,,,
193113,2013-09-28,PL,2013,Swansea,Arsenal,,,,,,
193114,2013-09-29,PL,2013,Stoke City,Norwich,,,,,,
193115,2013-09-29,PL,2013,Sunderland,Liverpool,,,,,,
193116,2013-09-30,PL,2013,Everton,Newcastle,,,,,,
446104,2013-10-01,ELC,2013,Brighton,Sheffield Wednesday,,,,,,
446103,2013-10-01,ELC,2013,Birmingham,Millwall,,,,,,
446100,2013-10-01,ELC,2013,Leeds,Bournemouth,,,,,,
446106,2013-10-01,ELC,2013,Blackburn,Watford,,,,,,
446105,2013-10-01,ELC,2013,Derby,Ipswich,,,,,,
446102,2013-10-01,ELC,2013,Middlesbrough,Huddersfield,,,,,,
446101,2013-10-01,ELC,2013,Barnsley,Reading,,,,,,
446099,2013-10-01,ELC,2013,Charlton,Nottingham Forest,,,,,,
446107,2013-10-01,ELC,2013,Doncaster,Burnley,,,,,,
446098,2013-10-01,ELC,2013,Yeovil Town,Leicester,,,,,,
446108,2013-10-01,ELC,2013,Blackpool,Bolton,,,,,,
446110,2013-10-05,ELC,2013,Birmingham,Bolton,,,,,,
193117,2013-10-05,PL,2013,Manchester City,Everton,,,,,,
193119,2013-10-05,PL,2013,Fulham,Stoke City,,,,,,
193121,2013-10-05,PL,2013,Liverpool,Crystal Palace,,,,,,
193118,2013-10-05,PL,2013,Cardiff,Newcastle,,,,,,
193120,2013-10-05,PL,2013,Hull City,Aston Villa,,,,,,
446117,2013-10-05,ELC,2013,Bournemouth,Millwall,,,,,,
446113,2013-10-05,ELC,2013,Huddersfield,Watford,,,,,,
446112,2013-10-05,ELC,2013,Burnley,Reading,,,,,,
446115,2013-10-05,ELC,2013,Derby,Leeds,,,,,,
446118,2013-10-05,ELC,2013,Middlesbrough,Yeovil Town,,,,,,
446111,2013-10-05,ELC,2013,QPR,Barnsley,,,,,,
446119,2013-10-05,ELC,2013,Sheffield Wednesday,Ipswich,,,,,,
446116,2013-10-05,ELC,2013,Charlton,Blackpool,,,,,,
446114,2013-10-05,ELC,2013,Doncaster,Leicester,,,,,,
193122,2013-10-05,PL,2013,Sunderland,Manchester United,,,,,,
446120,2013-10-05,ELC,2013,Brighton,Nottingham Forest,,,,,,
193124,2013-10-06,PL,2013,Southampton,Swansea,,,,,,
193123,2013-10-06,PL,2013,Norwich,Chelsea,,,,,,
446121,2013-10-06,ELC,2013,Wigan,Blackburn,,,,,,
193125,2013-10-06,PL,2013,Tottenham,West Ham,,,,,,
193126,2013-10-06,PL,2013,West Brom,Arsenal,,,,,,
446122,2013-10-19,ELC,2013,Blackpool,Wigan,,,,,,
193127,2013-10-19,PL,2013,Newcastle,Liverpool,,,,,,
193131,2013-10-19,PL,2013,Manchester United,Southampton,,,,,,
193128,2013-10-19,PL,2013,Arsenal,Norwich,,,,,,
193130,2013-10-19,PL,2013,Everton,Hull City,,,,,,
193129,2013-10-19,PL,2013,Chelsea,Cardiff,,,,,,
193132,2013-10-19,PL,2013,Stoke City,West Brom,,,,,,
193133,2013-10-19,PL,2013,Swansea,Sunderland,,,,,,
446126,2013-10-19,ELC,2013,Watford,Derby,,,,,,
446129,2013-10-19,ELC,2013,Leicester,Huddersfield,,,,,,
446123,2013-10-19,ELC,2013,Reading,Doncaster,,,,,,
446131,2013-10-19,ELC,2013,Ipswich,Burnley,,,,,,
446132,2013-10-19,ELC,2013,Millwall,QPR,,,,,,
446124,2013-10-19,ELC,2013,Nottingham Forest,Bournemouth,,,,,,
446127,2013-10-19,ELC,2013,Blackburn,Charlton,,,,,,
446125,2013-10-19,ELC,2013,Bolton,Sheffield Wednesday,,,,,,
446128,2013-10-19,ELC,2013,Barnsley,Middlesbrough,,,,,,
446130,2013-10-19,ELC,2013,Yeovil Town,Brighton,,,,,,
193134,2013-10-19,PL,2013,West Ham,Manchester City,,,,,,
446133,2013-10-20,ELC,2013,Leeds,Birmingham,,,,,,
193135,2013-10-20,PL,2013,Aston Villa,Tottenham,,,,,,
193136,2013-10-21,PL,2013,Crystal Palace,Fulham,,,,,,
446134,2013-10-25,ELC,2013,Middlesbrough,Doncaster,,,,,,
446135,2013-10-26,ELC,2013,Barnsley,Sheffield Wednesday,,,,,,
446136,2013-10-26,ELC,2013,Huddersfield,Leeds,,,,,,
193137,2013-10-26,PL,2013,Crystal Palace,Arsenal,,,,,,
193140,2013-10-26,PL,2013,Manchester United,Stoke City,,,,,,
193139,2013-10-26,PL,2013,Liverpool,West Brom,,,,,,
193138,2013-10-26,PL,2013,Aston Villa,Everton,,,,,,
193141,2013-10-26,PL,2013,Norwich,Cardiff,,,,,,
446140,2013-10-26,ELC,2013,Burnley,QPR,,,,,,
446143,2013-10-26,ELC,2013,Leicester,Bournemouth,,,,,,
446142,2013-10-26,ELC,2013,Reading,Millwall,,,,,,
446138,2013-10-26,ELC,2013,Bolton,Ipswich,,,,,,
446139,2013-10-26,ELC,2013,Derby,Birmingham,,,,,,
446137,2013-10-26,ELC,2013,Blackpool,Blackburn,,,,,,
446141,2013-10-26,ELC,2013,Yeovil Town,Nottingham Forest,,,,,,
193142,2013-10-26,PL,2013,Southampton,Fulham,,,,,,
193143,2013-10-27,PL,2013,Sunderland,Newcastle,,,,,,
446144,2013-10-27,ELC,2013,Charlton,Wigan,,,,,,
193146,2013-10-27,PL,2013,Tottenham,Hull City,,,,,,
193144,2013-10-27,PL,2013,Chelsea,Manchester City,,,,,,
193145,2013-10-27,PL,2013,Swansea,West Ham,,,,,,
446145,2013-10-28,ELC,2013,Brighton,Watford,,,,,,
446109,2013-10-30,ELC,2013,Wigan,QPR,,,,,,
446146,2013-11-01,ELC,2013,Ipswich,Barnsley,,,,,,
446147,2013-11-02,ELC,2013,Watford,Leicester,,,,,,
193147,2013-11-02,PL,2013,Newcastle,Chelsea,,,,,,
193148,2013-11-02,PL,2013,Fulham,Manchester United,,,,,,
193153,2013-11-02,PL,2013,West Ham,Aston Villa,,,,,,
193150,2013-11-02,PL,2013,Manchester City,Norwich,,,,,,
193152,2013-11-02,PL,2013,West Brom,Crystal Palace,,,,,,
193149,2013-11-02,PL,2013,Hull City,Sunderland,,,,,,
193151,2013-11-02,PL,2013,Stoke City,Southampton,,,,,,
446154,2013-11-02,ELC,2013,Bournemouth,Bolton,,,,,,
446148,2013-11-02,ELC,2013,Birmingham,Charlton,,,,,,
446156,2013-11-02,ELC,2013,Millwall,Burnley,,,,,,
446155,2013-11-02,ELC,2013,Wigan,Huddersfield,,,,,,
446153,2013-11-02,ELC,2013,Leeds,Yeovil Town,,,,,,
446157,2013-11-02,ELC,2013,Nottingham Forest,Blackpool,,,,,,
446151,2013-11-02,ELC,2013,Blackburn,Middlesbrough,,,,,,
446152,2013-11-02,ELC,2013,QPR,Derby,,,,,,
446150,2013-11-02,ELC,2013,Sheffield Wednesday,Reading,,,,,,
446149,2013-11-02,ELC,2013,Doncaster,Brighton,,,,,,
193154,2013-11-02,PL,2013,Arsenal,Liverpool,,,,,,
193155,2013-11-03,PL,2013,Everton,Tottenham,,,,,,
193156,2013-11-03,PL,2013,Cardiff,Swansea,,,,,,
446158,2013-11-09,ELC,2013,Reading,QPR,,,,,,
193160,2013-11-09,PL,2013,Liverpool,Fulham,,,,,,
193161,2013-11-09,PL,2013,Southampton,Hull City,,,,,,
193158,2013-11-09,PL,2013,Chelsea,West Brom,,,,,,
193159,2013-11-09,PL,2013,Crystal Palace,Everton,,,,,,
193157,2013-11-09,PL,2013,Aston Villa,Cardiff,,,,,,
446162,2013-11-09,ELC,2013,Huddersfield,Birmingham,,,,,,
446165,2013-11-09,ELC,2013,Burnley,Bournemouth,,,,,,
446159,2013-11-09,ELC,2013,Leicester,Nottingham Forest,,,,,,
446163,2013-11-09,ELC,2013,Brighton,Blackburn,,,,,,
446167,2013-11-09,ELC,2013,Bolton,Millwall,,,,,,
446161,2013-11-09,ELC,2013,Derby,Sheffield Wednesday,,,,,,
446160,2013-11-09,ELC,2013,Middlesbrough,Watford,,,,,,
446166,2013-11-09,ELC,2013,Barnsley,Doncaster,,,,,,
446164,2013-11-09,ELC,2013,Blackpool,Ipswich,,,,,,
446168,2013-11-09,ELC,2013,Charlton,Leeds,,,,,,
193162,2013-11-09,PL,2013,Norwich,West Ham,,,,,,
193163,2013-11-10,PL,2013,Tottenham,Newcastle,,,,,,
193164,2013-11-10,PL,2013,Sunderland,Manchester City,,,,,,
446169,2013-11-10,ELC,2013,Yeovil Town,Wigan,,,,,,
193165,2013-11-10,PL,2013,Manchester United,Arsenal,,,,,,
193166,2013-11-10,PL,2013,Swansea,Stoke City,,,,,,
446170,2013-11-22,ELC,2013,Doncaster,Yeovil Town,,,,,,
446171,2013-11-23,ELC,2013,Sheffield Wednesday,Huddersfield,,,,,,
193167,2013-11-23,PL,2013,Everton,Liverpool,,,,,,
193170,2013-11-23,PL,2013,Newcastle,Norwich,,,,,,
193168,2013-11-23,PL,2013,Fulham,Swansea,,,,,,
193169,2013-11-23,PL,2013,Hull City,Crystal Palace,,,,,,
193171,2013-11-23,PL,2013,Stoke City,Sunderland,,,,,,
446175,2013-11-23,ELC,2013,Bournemouth,Derby,,,,,,
446177,2013-11-23,ELC,2013,Watford,Bolton,,,,,,
446180,2013-11-23,ELC,2013,Birmingham,Blackpool,,,,,,
446174,2013-11-23,ELC,2013,Ipswich,Leicester,,,,,,
446172,2013-11-23,ELC,2013,Millwall,Barnsley,,,,,,
446179,2013-11-23,ELC,2013,Wigan,Brighton,,,,,,
446178,2013-11-23,ELC,2013,Leeds,Middlesbrough,,,,,,
446181,2013-11-23,ELC,2013,Nottingham Forest,Burnley,,,,,,
446173,2013-11-23,ELC,2013,Blackburn,Reading,,,,,,
446176,2013-11-23,ELC,2013,QPR,Charlton,,,,,,
193172,2013-11-23,PL,2013,Arsenal,Southampton,,,,,,
193173,2013-11-23,PL,2013,West Ham,Chelsea,,,,,,
193174,2013-11-24,PL,2013,Manchester City,Tottenham,,,,,,
193175,2013-11-24,PL,2013,Cardiff,Manchester United,,,,,,
193176,2013-11-25,PL,2013,West Brom,Aston Villa,,,,,,
446037,2013-11-26,ELC,2013,Charlton,Doncaster,,,,,,
446182,2013-11-29,ELC,2013,Nottingham Forest,Reading,,,,,,
446183,2013-11-30,ELC,2013,Bournemouth,Brighton,,,,,,
193178,2013-11-30,PL,2013,Cardiff,Arsenal,,,,,,
193179,2013-11-30,PL,2013,Everton,Stoke City,,,,,,
193181,2013-11-30,PL,2013,West Ham,Fulham,,,,,,
193177,2013-11-30,PL,2013,Aston Villa,Sunderland,,,,,,
193180,2013-11-30,PL,2013,Norwich,Crystal Palace,,,,,,
446185,2013-11-30,ELC,2013,Huddersfield,Burnley,,,,,,
446189,2013-11-30,ELC,2013,Watford,Yeovil Town,,,,,,
446192,2013-11-30,ELC,2013,Leicester,Millwall,,,,,,
446184,2013-11-30,ELC,2013,Blackburn,Leeds,,,,,,
446186,2013-11-30,ELC,2013,Middlesbrough,Bolton,,,,,,
446190,2013-11-30,ELC,2013,Barnsley,Birmingham,,,,,,
446187,2013-11-30,ELC,2013,Charlton,Ipswich,,,,,,
446188,2013-11-30,ELC,2013,Doncaster,QPR,,,,,,
446191,2013-11-30,ELC,2013,Blackpool,Sheffield Wednesday,,,,,,
193182,2013-11-30,PL,2013,Newcastle,West Brom,,,,,,
193183,2013-12-01,PL,2013,Tottenham,Manchester United,,,,,,
193184,2013-12-01,PL,2013,Hull City,Liverpool,,,,,,
446193,2013-12-01,ELC,2013,Wigan,Derby,,,,,,
193185,2013-12-01,PL,2013,Chelsea,Southampton,,,,,,
193186,2013-12-01,PL,2013,Manchester City,Swansea,,,,,,
446201,2013-12-03,ELC,2013,Burnley,Watford,,,,,,
446195,2013-12-03,ELC,2013,Brighton,Barnsley,,,,,,
446197,2013-12-03,ELC,2013,Birmingham,Doncaster,,,,,,
446196,2013-12-03,ELC,2013,Ipswich,Blackburn,,,,,,
446199,2013-12-03,ELC,2013,Millwall,Nottingham Forest,,,,,,
446198,2013-12-03,ELC,2013,QPR,Bournemouth,,,,,,
446194,2013-12-03,ELC,2013,Sheffield Wednesday,Leicester,,,,,,
446200,2013-12-03,ELC,2013,Yeovil Town,Blackpool,,,,,,
193187,2013-12-03,PL,2013,Crystal Palace,West Ham,,,,,,
446203,2013-12-03,ELC,2013,Reading,Charlton,,,,,,
446202,2013-12-03,ELC,2013,Bolton,Huddersfield,,,,,,
193190,2013-12-04,PL,2013,Manchester United,Everton,,,,,,
193189,2013-12-04,PL,2013,Liverpool,Norwich,,,,,,
193191,2013-12-04,PL,2013,Southampton,Aston Villa,,,,,,
193188,2013-12-04,PL,2013,Arsenal,Hull City,,,,,,
193192,2013-12-04,PL,2013,Stoke City,Cardiff,,,,,,
193194,2013-12-04,PL,2013,Swansea,Newcastle,,,,,,
193193,2013-12-04,PL,2013,Sunderland,Chelsea,,,,,,
446205,2013-12-04,ELC,2013,Leeds,Wigan,,,,,,
446204,2013-12-04,ELC,2013,Derby,Middlesbrough,,,,,,
193195,2013-12-04,PL,2013,Fulham,Tottenham,,,,,,
193196,2013-12-04,PL,2013,West Brom,Manchester City,,,,,,
446206,2013-12-07,ELC,2013,Derby,Blackpool,,,,,,
193197,2013-12-07,PL,2013,Manchester United,Newcastle,,,,,,
193199,2013-12-07,PL,2013,Liverpool,West Ham,,,,,,
193200,2013-12-07,PL,2013,Southampton,Manchester City,,,,,,
193198,2013-12-07,PL,2013,Crystal Palace,Cardiff,,,,,,
193202,2013-12-07,PL,2013,West Brom,Norwich,,,,,,
193201,2013-12-07,PL,2013,Stoke City,Chelsea,,,,,,
446214,2013-12-07,ELC,2013,Burnley,Barnsley,,,,,,
446207,2013-12-07,ELC,2013,Brighton,Leicester,,,,,,
446211,2013-12-07,ELC,2013,Reading,Bournemouth,,,,,,
446208,2013-12-07,ELC,2013,Birmingham,Middlesbrough,,,,,,
446212,2013-12-07,ELC,2013,Ipswich,Huddersfield,,,,,,
446216,2013-12-07,ELC,2013,Millwall,Wigan,,,,,,
446210,2013-12-07,ELC,2013,Leeds,Watford,,,,,,
446209,2013-12-07,ELC,2013,Bolton,Doncaster,,,,,,
446217,2013-12-07,ELC,2013,QPR,Blackburn,,,,,,
446215,2013-12-07,ELC,2013,Sheffield Wednesday,Nottingham Forest,,,,,,
446213,2013-12-07,ELC,2013,Yeovil Town,Charlton,,,,,,
193203,2013-12-07,PL,2013,Sunderland,Tottenham,,,,,,
193204,2013-12-08,PL,2013,Fulham,Aston Villa,,,,,,
193205,2013-12-08,PL,2013,Arsenal,Everton,,,,,,
193206,2013-12-09,PL,2013,Swansea,Hull City,,,,,,
446218,2013-12-14,ELC,2013,Leicester,Burnley,,,,,,
193207,2013-12-14,PL,2013,Manchester City,Arsenal,,,,,,
193211,2013-12-14,PL,2013,Newcastle,Southampton,,,,,,
193208,2013-12-14,PL,2013,Cardiff,West Brom,,,,,,
193210,2013-12-14,PL,2013,Everton,Fulham,,,,,,
193212,2013-12-14,PL,2013,West Ham,Sunderland,,,,,,
193209,2013-12-14,PL,2013,Chelsea,Crystal Palace,,,,,,
446221,2013-12-14,ELC,2013,Bournemouth,Birmingham,,,,,,
446228,2013-12-14,ELC,2013,Huddersfield,Reading,,,,,,
446224,2013-12-14,ELC,2013,Watford,Sheffield Wednesday,,,,,,
446225,2013-12-14,ELC,2013,Nottingham Forest,Ipswich,,,,,,
446220,2013-12-14,ELC,2013,Blackburn,Millwall,,,,,,
446223,2013-12-14,ELC,2013,Middlesbrough,Brighton,,,,,,
446222,2013-12-14,ELC,2013,Barnsley,Yeovil Town,,,,,,
446219,2013-12-14,ELC,2013,Charlton,Derby,,,,,,
446227,2013-12-14,ELC,2013,Doncaster,Leeds,,,,,,
446226,2013-12-14,ELC,2013,Blackpool,QPR,,,,,,
193213,2013-12-14,PL,2013,Hull City,Stoke City,,,,,,
193214,2013-12-15,PL,2013,Aston Villa,Manchester United,,,,,,
193215,2013-12-15,PL,2013,Norwich,Swansea,,,,,,
446229,2013-12-15,ELC,2013,Wigan,Bolton,,,,,,
193216,2013-12-15,PL,2013,Tottenham,Liverpool,,,,,,
446230,2013-12-21,ELC,2013,QPR,Leicester,,,,,,
193217,2013-12-21,PL,2013,Liverpool,Cardiff,,,,,,
193220,2013-12-21,PL,2013,Manchester United,West Ham,,,,,,
193219,2013-12-21,PL,2013,Fulham,Manchester City,,,,,,
193218,2013-12-21,PL,2013,Crystal Palace,Newcastle,,,,,,
193223,2013-12-21,PL,2013,West Brom,Hull City,,,,,,
193221,2013-12-21,PL,2013,Stoke City,Aston Villa,,,,,,
193222,2013-12-21,PL,2013,Sunderland,Norwich,,,,,,
446238,2013-12-21,ELC,2013,Burnley,Blackpool,,,,,,
446233,2013-12-21,ELC,2013,Brighton,Huddersfield,,,,,,
446239,2013-12-21,ELC,2013,Reading,Wigan,,,,,,
446235,2013-12-21,ELC,2013,Birmingham,Nottingham Forest,,,,,,
446240,2013-12-21,ELC,2013,Ipswich,Watford,,,,,,
446234,2013-12-21,ELC,2013,Leeds,Barnsley,,,,,,
446237,2013-12-21,ELC,2013,Bolton,Charlton,,,,,,
446231,2013-12-21,ELC,2013,Derby,Doncaster,,,,,,
446232,2013-12-21,ELC,2013,Sheffield Wednesday,Bournemouth,,,,,,
446236,2013-12-21,ELC,2013,Yeovil Town,Blackburn,,,,,,
446241,2013-12-21,ELC,2013,Millwall,Middlesbrough,,,,,,
193224,2013-12-22,PL,2013,Southampton,Tottenham,,,,,,
193225,2013-12-22,PL,2013,Swansea,Everton,,,,,,
193226,2013-12-23,PL,2013,Arsenal,Chelsea,,,,,,
446242,2013-12-26,ELC,2013,Charlton,Brighton,,,,,,
193227,2013-12-26,PL,2013,Hull City,Manchester United,,,,,,
446243,2013-12-26,ELC,2013,Watford,Millwall,,,,,,
193232,2013-12-26,PL,2013,Newcastle,Stoke City,,,,,,
193229,2013-12-26,PL,2013,Cardiff,Southampton,,,,,,
193231,2013-12-26,PL,2013,Everton,Sunderland,,,,,,
193234,2013-12-26,PL,2013,Tottenham,West Brom,,,,,,
193235,2013-12-26,PL,2013,West Ham,Arsenal,,,,,,
193230,2013-12-26,PL,2013,Chelsea,Swansea,,,,,,
193228,2013-12-26,PL,2013,Aston Villa,Crystal Palace,,,,,,
193233,2013-12-26,PL,2013,Norwich,Fulham,,,,,,
446248,2013-12-26,ELC,2013,Bournemouth,Yeovil Town,,,,,,
446249,2013-12-26,ELC,2013,Huddersfield,Derby,,,,,,
446244,2013-12-26,ELC,2013,Leicester,Reading,,,,,,
446250,2013-12-26,ELC,2013,Wigan,Birmingham,,,,,,
446246,2013-12-26,ELC,2013,Blackburn,Sheffield Wednesday,,,,,,
446245,2013-12-26,ELC,2013,Middlesbrough,Burnley,,,,,,
446247,2013-12-26,ELC,2013,Barnsley,Bolton,,,,,,
446251,2013-12-26,ELC,2013,Doncaster,Ipswich,,,,,,
446252,2013-12-26,ELC,2013,Blackpool,Leeds,,,,,,
193236,2013-12-26,PL,2013,Manchester City,Liverpool,,,,,,
446253,2013-12-26,ELC,2013,Nottingham Forest,QPR,,,,,,
193237,2013-12-28,PL,2013,West Ham,West Brom,,,,,,
193240,2013-12-28,PL,2013,Manchester City,Crystal Palace,,,,,,
193239,2013-12-28,PL,2013,Hull City,Fulham,,,,,,
193238,2013-12-28,PL,2013,Aston Villa,Swansea,,,,,,
193241,2013-12-28,PL,2013,Norwich,Manchester United,,,,,,
193242,2013-12-28,PL,2013,Cardiff,Sunderland,,,,,,
193244,2013-12-29,PL,2013,Newcastle,Arsenal,,,,,,
193243,2013-12-29,PL,2013,Everton,Southampton,,,,,,
446256,2013-12-29,ELC,2013,Bournemouth,Ipswich,,,,,,
446265,2013-12-29,ELC,2013,Huddersfield,Yeovil Town,,,,,,
446261,2013-12-29,ELC,2013,Watford,QPR,,,,,,
446254,2013-12-29,ELC,2013,Leicester,Bolton,,,,,,
446263,2013-12-29,ELC,2013,Wigan,Burnley,,,,,,
446257,2013-12-29,ELC,2013,Nottingham Forest,Leeds,,,,,,
446262,2013-12-29,ELC,2013,Blackburn,Birmingham,,,,,,
446259,2013-12-29,ELC,2013,Middlesbrough,Reading,,,,,,
446255,2013-12-29,ELC,2013,Barnsley,Derby,,,,,,
446258,2013-12-29,ELC,2013,Charlton,Sheffield Wednesday,,,,,,
446260,2013-12-29,ELC,2013,Doncaster,Millwall,,,,,,
446264,2013-12-29,ELC,2013,Blackpool,Brighton,,,,,,
193246,2013-12-29,PL,2013,Tottenham,Stoke City,,,,,,
193245,2013-12-29,PL,2013,Chelsea,Liverpool,,,,,,
193247,2014-01-01,PL,2013,Swansea,Manchester City,,,,,,
193250,2014-01-01,PL,2013,Fulham,West Ham,,,,,,
193251,2014-01-01,PL,2013,Liverpool,Hull City,,,,,,
193252,2014-01-01,PL,2013,Southampton,Chelsea,,,,,,
193248,2014-01-01,PL,2013,Arsenal,Cardiff,,,,,,
193249,2014-01-01,PL,2013,Crystal Palace,Norwich,,,,,,
193255,2014-01-01,PL,2013,West Brom,Newcastle,,,,,,
193253,2014-01-01,PL,2013,Stoke City,Everton,,,,,,
193254,2014-01-01,PL,2013,Sunderland,Aston Villa,,,,,,
446270,2014-01-01,ELC,2013,Burnley,Huddersfield,,,,,,
446273,2014-01-01,ELC,2013,Brighton,Bournemouth,,,,,,
446274,2014-01-01,ELC,2013,Reading,Nottingham Forest,,,,,,
446268,2014-01-01,ELC,2013,Birmingham,Barnsley,,,,,,
446266,2014-01-01,ELC,2013,Ipswich,Charlton,,,,,,
446272,2014-01-01,ELC,2013,Millwall,Leicester,,,,,,
446276,2014-01-01,ELC,2013,Leeds,Blackburn,,,,,,
446275,2014-01-01,ELC,2013,Bolton,Middlesbrough,,,,,,
446269,2014-01-01,ELC,2013,Derby,Wigan,,,,,,
446271,2014-01-01,ELC,2013,QPR,Doncaster,,,,,,
446267,2014-01-01,ELC,2013,Sheffield Wednesday,Blackpool,,,,,,
193256,2014-01-01,PL,2013,Manchester United,Tottenham,,,,,,
446278,2014-01-10,ELC,2013,Leicester,Derby,,,,,,
446279,2014-01-11,ELC,2013,Sheffield Wednesday,Leeds,,,,,,
193257,2014-01-11,PL,2013,Hull City,Chelsea,,,,,,
193260,2014-01-11,PL,2013,Fulham,Sunderland,,,,,,
193261,2014-01-11,PL,2013,Southampton,West Brom,,,,,,
193258,2014-01-11,PL,2013,Cardiff,West Ham,,,,,,
193259,2014-01-11,PL,2013,Everton,Norwich,,,,,,
193262,2014-01-11,PL,2013,Tottenham,Crystal Palace,,,,,,
446285,2014-01-11,ELC,2013,Huddersfield,Millwall,,,,,,
446282,2014-01-11,ELC,2013,Watford,Reading,,,,,,
446283,2014-01-11,ELC,2013,Brighton,Birmingham,,,,,,
446287,2014-01-11,ELC,2013,Ipswich,QPR,,,,,,
446288,2014-01-11,ELC,2013,Wigan,Bournemouth,,,,,,
446286,2014-01-11,ELC,2013,Blackburn,Doncaster,,,,,,
446281,2014-01-11,ELC,2013,Bolton,Nottingham Forest,,,,,,
446284,2014-01-11,ELC,2013,Blackpool,Middlesbrough,,,,,,
446280,2014-01-11,ELC,2013,Yeovil Town,Burnley,,,,,,
193263,2014-01-11,PL,2013,Manchester United,Swansea,,,,,,
193264,2014-01-12,PL,2013,Newcastle,Manchester City,,,,,,
193265,2014-01-12,PL,2013,Stoke City,Liverpool,,,,,,
193266,2014-01-13,PL,2013,Aston Villa,Arsenal,,,,,,
446290,2014-01-18,ELC,2013,Leeds,Leicester,,,,,,
193267,2014-01-18,PL,2013,Sunderland,Southampton,,,,,,
193268,2014-01-18,PL,2013,Arsenal,Fulham,,,,,,
193272,2014-01-18,PL,2013,West Ham,Newcastle,,,,,,
193270,2014-01-18,PL,2013,Manchester City,Cardiff,,,,,,
193269,2014-01-18,PL,2013,Crystal Palace,Stoke City,,,,,,
193271,2014-01-18,PL,2013,Norwich,Hull City,,,,,,
446298,2014-01-18,ELC,2013,Bournemouth,Watford,,,,,,
446291,2014-01-18,ELC,2013,Burnley,Sheffield Wednesday,,,,,,
446300,2014-01-18,ELC,2013,Reading,Bolton,,,,,,
446301,2014-01-18,ELC,2013,Birmingham,Yeovil Town,,,,,,
446292,2014-01-18,ELC,2013,Millwall,Ipswich,,,,,,
446293,2014-01-18,ELC,2013,Nottingham Forest,Blackburn,,,,,,
446294,2014-01-18,ELC,2013,Derby,Brighton,,,,,,
446299,2014-01-18,ELC,2013,Middlesbrough,Charlton,,,,,,
446296,2014-01-18,ELC,2013,QPR,Huddersfield,,,,,,
446295,2014-01-18,ELC,2013,Barnsley,Blackpool,,,,,,
446297,2014-01-18,ELC,2013,Doncaster,Wigan,,,,,,
193273,2014-01-18,PL,2013,Liverpool,Aston Villa,,,,,,
193274,2014-01-19,PL,2013,Swansea,Tottenham,,,,,,
193275,2014-01-19,PL,2013,Chelsea,Manchester United,,,,,,
193276,2014-01-20,PL,2013,West Brom,Everton,,,,,,
446305,2014-01-25,ELC,2013,Leicester,Middlesbrough,,,,,,
446302,2014-01-25,ELC,2013,Ipswich,Reading,,,,,,
446304,2014-01-25,ELC,2013,Blackburn,Derby,,,,,,
446303,2014-01-25,ELC,2013,Blackpool,Doncaster,,,,,,
193277,2014-01-28,PL,2013,Manchester United,Cardiff,,,,,,
193279,2014-01-28,PL,2013,Southampton,Arsenal,,,,,,
193278,2014-01-28,PL,2013,Norwich,Newcastle,,,,,,
193280,2014-01-28,PL,2013,Swansea,Fulham,,,,,,
446315,2014-01-28,ELC,2013,Bournemouth,Huddersfield,,,,,,
446317,2014-01-28,ELC,2013,Burnley,Brighton,,,,,,
446322,2014-01-28,ELC,2013,Birmingham,Leicester,,,,,,
446319,2014-01-28,ELC,2013,Millwall,Sheffield Wednesday,,,,,,
446321,2014-01-28,ELC,2013,Leeds,Ipswich,,,,,,
446314,2014-01-28,ELC,2013,Derby,Yeovil Town,,,,,,
446320,2014-01-28,ELC,2013,Middlesbrough,Wigan,,,,,,
446316,2014-01-28,ELC,2013,QPR,Bolton,,,,,,
446323,2014-01-28,ELC,2013,Barnsley,Blackburn,,,,,,
446318,2014-01-28,ELC,2013,Doncaster,Charlton,,,,,,
193282,2014-01-28,PL,2013,Liverpool,Everton,,,,,,
193281,2014-01-28,PL,2013,Crystal Palace,Hull City,,,,,,
446324,2014-01-28,ELC,2013,Reading,Blackpool,,,,,,
193286,2014-01-29,PL,2013,Tottenham,Manchester City,,,,,,
193285,2014-01-29,PL,2013,Chelsea,West Ham,,,,,,
193283,2014-01-29,PL,2013,Aston Villa,West Brom,,,,,,
193284,2014-01-29,PL,2013,Sunderland,Stoke City,,,,,,
446325,2014-01-30,ELC,2013,Nottingham Forest,Watford,,,,,,
446326,2014-02-01,ELC,2013,QPR,Burnley,,,,,,
193287,2014-02-01,PL,2013,Newcastle,Sunderland,,,,,,
193288,2014-02-01,PL,2013,West Ham,Swansea,,,,,,
193291,2014-02-01,PL,2013,Fulham,Southampton,,,,,,
193289,2014-02-01,PL,2013,Cardiff,Norwich,,,,,,
193290,2014-02-01,PL,2013,Everton,Aston Villa,,,,,,
193292,2014-02-01,PL,2013,Hull City,Tottenham,,,,,,
193293,2014-02-01,PL,2013,Stoke City,Manchester United,,,,,,
446327,2014-02-01,ELC,2013,Bournemouth,Leicester,,,,,,
446334,2014-02-01,ELC,2013,Birmingham,Derby,,,,,,
446331,2014-02-01,ELC,2013,Ipswich,Bolton,,,,,,
446330,2014-02-01,ELC,2013,Millwall,Reading,,,,,,
446332,2014-02-01,ELC,2013,Wigan,Charlton,,,,,,
446329,2014-02-01,ELC,2013,Leeds,Huddersfield,,,,,,
446333,2014-02-01,ELC,2013,Blackburn,Blackpool,,,,,,
446335,2014-02-01,ELC,2013,Sheffield Wednesday,Barnsley,,,,,,
446328,2014-02-01,ELC,2013,Doncaster,Middlesbrough,,,,,,
193294,2014-02-02,PL,2013,West Brom,Liverpool,,,,,,
446336,2014-02-02,ELC,2013,Watford,Brighton,,,,,,
446337,2014-02-02,ELC,2013,Nottingham Forest,Yeovil Town,,,,,,
193295,2014-02-02,PL,2013,Arsenal,Crystal Palace,,,,,,
193296,2014-02-03,PL,2013,Manchester City,Chelsea,,,,,,
446338,2014-02-08,ELC,2013,Yeovil Town,Leeds,,,,,,
193297,2014-02-08,PL,2013,Liverpool,Arsenal,,,,,,
193302,2014-02-08,PL,2013,Southampton,Stoke City,,,,,,
193299,2014-02-08,PL,2013,Chelsea,Newcastle,,,,,,
193300,2014-02-08,PL,2013,Crystal Palace,West Brom,,,,,,
193298,2014-02-08,PL,2013,Aston Villa,West Ham,,,,,,
193301,2014-02-08,PL,2013,Norwich,Manchester City,,,,,,
193303,2014-02-08,PL,2013,Sunderland,Hull City,,,,,,
446342,2014-02-08,ELC,2013,Huddersfield,Wigan,,,,,,
446344,2014-02-08,ELC,2013,Burnley,Millwall,,,,,,
446348,2014-02-08,ELC,2013,Leicester,Watford,,,,,,
446346,2014-02-08,ELC,2013,Brighton,Doncaster,,,,,,
446345,2014-02-08,ELC,2013,Reading,Sheffield Wednesday,,,,,,
446340,2014-02-08,ELC,2013,Bolton,Bournemouth,,,,,,
446347,2014-02-08,ELC,2013,Middlesbrough,Blackburn,,,,,,
446341,2014-02-08,ELC,2013,Barnsley,Ipswich,,,,,,
446343,2014-02-08,ELC,2013,Charlton,Birmingham,,,,,,
446339,2014-02-08,ELC,2013,Blackpool,Nottingham Forest,,,,,,
193304,2014-02-08,PL,2013,Swansea,Cardiff,,,,,,
193305,2014-02-09,PL,2013,Tottenham,Everton,,,,,,
193306,2014-02-09,PL,2013,Manchester United,Fulham,,,,,,
446349,2014-02-10,ELC,2013,Derby,QPR,,,,,,
193307,2014-02-11,PL,2013,Cardiff,Aston Villa,,,,,,
193309,2014-02-11,PL,2013,West Ham,Norwich,,,,,,
193308,2014-02-11,PL,2013,Hull City,Southampton,,,,,,
446306,2014-02-11,ELC,2013,Huddersfield,Nottingham Forest,,,,,,
446308,2014-02-11,ELC,2013,Watford,Birmingham,,,,,,
446307,2014-02-11,ELC,2013,Brighton,Leeds,,,,,,
446073,2014-02-11,ELC,2013,Sheffield Wednesday,Wigan,,,,,,
446309,2014-02-11,ELC,2013,Yeovil Town,Millwall,,,,,,
193310,2014-02-11,PL,2013,West Brom,Chelsea,,,,,,
446310,2014-02-11,ELC,2013,Bolton,Burnley,,,,,,
193312,2014-02-12,PL,2013,Newcastle,Tottenham,,,,,,
193311,2014-02-12,PL,2013,Arsenal,Manchester United,,,,,,
193314,2014-02-12,PL,2013,Fulham,Liverpool,,,,,,
193313,2014-02-12,PL,2013,Stoke City,Swansea,,,,,,
446353,2014-02-15,ELC,2013,Bournemouth,Burnley,,,,,,
446355,2014-02-15,ELC,2013,Watford,Middlesbrough,,,,,,
446350,2014-02-15,ELC,2013,Birmingham,Huddersfield,,,,,,
446352,2014-02-15,ELC,2013,Ipswich,Blackpool,,,,,,
446354,2014-02-15,ELC,2013,Millwall,Bolton,,,,,,
446351,2014-02-15,ELC,2013,Doncaster,Barnsley,,,,,,
446356,2014-02-16,ELC,2013,QPR,Reading,,,,,,
446311,2014-02-18,ELC,2013,Wigan,Barnsley,,,,,,
446357,2014-02-18,ELC,2013,Sheffield Wednesday,Derby,,,,,,
446277,2014-02-18,ELC,2013,Yeovil Town,Watford,,,,,,
446358,2014-02-19,ELC,2013,Nottingham Forest,Leicester,,,,,,
446362,2014-02-22,ELC,2013,Middlesbrough,Leeds,,,,,,
193317,2014-02-22,PL,2013,Chelsea,Everton,,,,,,
193318,2014-02-22,PL,2013,Arsenal,Sunderland,,,,,,
193319,2014-02-22,PL,2013,Cardiff,Hull City,,,,,,
193322,2014-02-22,PL,2013,West Ham,Southampton,,,,,,
193320,2014-02-22,PL,2013,Manchester City,Stoke City,,,,,,
193321,2014-02-22,PL,2013,West Brom,Fulham,,,,,,
446372,2014-02-22,ELC,2013,Huddersfield,Sheffield Wednesday,,,,,,
446363,2014-02-22,ELC,2013,Burnley,Nottingham Forest,,,,,,
446366,2014-02-22,ELC,2013,Leicester,Ipswich,,,,,,
446367,2014-02-22,ELC,2013,Brighton,Wigan,,,,,,
446368,2014-02-22,ELC,2013,Reading,Blackburn,,,,,,
446364,2014-02-22,ELC,2013,Bolton,Watford,,,,,,
446365,2014-02-22,ELC,2013,Derby,Bournemouth,,,,,,
446370,2014-02-22,ELC,2013,Barnsley,Millwall,,,,,,
446371,2014-02-22,ELC,2013,Charlton,QPR,,,,,,
446373,2014-02-22,ELC,2013,Blackpool,Birmingham,,,,,,
446369,2014-02-22,ELC,2013,Yeovil Town,Doncaster,,,,,,
193323,2014-02-22,PL,2013,Crystal Palace,Manchester United,,,,,,
193325,2014-02-23,PL,2013,Newcastle,Aston Villa,,,,,,
193324,2014-02-23,PL,2013,Liverpool,Swansea,,,,,,
193326,2014-02-23,PL,2013,Norwich,Tottenham,,,,,,
446374,2014-03-01,ELC,2013,QPR,Leeds,,,,,,
193328,2014-03-01,PL,2013,Fulham,Chelsea,,,,,,
193327,2014-03-01,PL,2013,Everton,West Ham,,,,,,
193329,2014-03-01,PL,2013,Hull City,Newcastle,,,,,,
193330,2014-03-01,PL,2013,Stoke City,Arsenal,,,,,,
446380,2014-03-01,ELC,2013,Bournemouth,Doncaster,,,,,,
446381,2014-03-01,ELC,2013,Huddersfield,Barnsley,,,,,,
446376,2014-03-01,ELC,2013,Watford,Blackpool,,,,,,
446378,2014-03-01,ELC,2013,Burnley,Derby,,,,,,
446385,2014-03-01,ELC,2013,Leicester,Charlton,,,,,,
446375,2014-03-01,ELC,2013,Reading,Yeovil Town,,,,,,
446384,2014-03-01,ELC,2013,Ipswich,Birmingham,,,,,,
446379,2014-03-01,ELC,2013,Millwall,Brighton,,,,,,
446377,2014-03-01,ELC,2013,Nottingham Forest,Wigan,,,,,,
446382,2014-03-01,ELC,2013,Bolton,Blackburn,,,,,,
446383,2014-03-01,ELC,2013,Sheffield Wednesday,Middlesbrough,,,,,,
193331,2014-03-01,PL,2013,Southampton,Liverpool,,,,,,
193334,2014-03-02,PL,2013,Tottenham,Cardiff,,,,,,
193332,2014-03-02,PL,2013,Aston Villa,Norwich,,,,,,
193333,2014-03-02,PL,2013,Swansea,Crystal Palace,,,,,,
193337,2014-03-08,PL,2013,West Brom,Manchester United,,,,,,
193338,2014-03-08,PL,2013,Cardiff,Fulham,,,,,,
193339,2014-03-08,PL,2013,Crystal Palace,Southampton,,,,,,
193340,2014-03-08,PL,2013,Norwich,Stoke City,,,,,,
446389,2014-03-08,ELC,2013,Brighton,Reading,,,,,,
446391,2014-03-08,ELC,2013,Birmingham,QPR,,,,,,
446386,2014-03-08,ELC,2013,Leeds,Bolton,,,,,,
446392,2014-03-08,ELC,2013,Derby,Millwall,,,,,,
446387,2014-03-08,ELC,2013,Middlesbrough,Ipswich,,,,,,
446388,2014-03-08,ELC,2013,Barnsley,Nottingham Forest,,,,,,
446394,2014-03-08,ELC,2013,Doncaster,Huddersfield,,,,,,
446393,2014-03-08,ELC,2013,Blackpool,Bournemouth,,,,,,
446390,2014-03-08,ELC,2013,Yeovil Town,Sheffield Wednesday,,,,,,
193341,2014-03-08,PL,2013,Chelsea,Tottenham,,,,,,
446395,2014-03-09,ELC,2013,Blackburn,Burnley,,,,,,
446398,2014-03-11,ELC,2013,Brighton,QPR,,,,,,
446403,2014-03-11,ELC,2013,Derby,Bolton,,,,,,
446399,2014-03-11,ELC,2013,Middlesbrough,Nottingham Forest,,,,,,
446402,2014-03-11,ELC,2013,Barnsley,Leicester,,,,,,
446401,2014-03-11,ELC,2013,Doncaster,Watford,,,,,,
446400,2014-03-11,ELC,2013,Yeovil Town,Ipswich,,,,,,
446404,2014-03-11,ELC,2013,Blackpool,Millwall,,,,,,
446405,2014-03-11,ELC,2013,Leeds,Reading,,,,,,
446409,2014-03-12,ELC,2013,Birmingham,Burnley,,,,,,
446408,2014-03-12,ELC,2013,Wigan,Sheffield Wednesday,,,,,,
446406,2014-03-12,ELC,2013,Blackburn,Bournemouth,,,,,,
446407,2014-03-12,ELC,2013,Charlton,Huddersfield,,,,,,
193347,2014-03-15,PL,2013,Hull City,Manchester City,,,,,,
193349,2014-03-15,PL,2013,Fulham,Newcastle,,,,,,
193350,2014-03-15,PL,2013,Southampton,Norwich,,,,,,
193348,2014-03-15,PL,2013,Everton,Cardiff,,,,,,
193351,2014-03-15,PL,2013,Stoke City,West Ham,,,,,,
193353,2014-03-15,PL,2013,Swansea,West Brom,,,,,,
193352,2014-03-15,PL,2013,Sunderland,Crystal Palace,,,,,,
446413,2014-03-15,ELC,2013,Bournemouth,Middlesbrough,,,,,,
446414,2014-03-15,ELC,2013,Huddersfield,Blackburn,,,,,,
446416,2014-03-15,ELC,2013,Watford,Barnsley,,,,,,
446410,2014-03-15,ELC,2013,Burnley,Leeds,,,,,,
446417,2014-03-15,ELC,2013,Leicester,Blackpool,,,,,,
446411,2014-03-15,ELC,2013,Reading,Derby,,,,,,
446418,2014-03-15,ELC,2013,Ipswich,Wigan,,,,,,
446412,2014-03-15,ELC,2013,Millwall,Charlton,,,,,,
446415,2014-03-15,ELC,2013,Nottingham Forest,Doncaster,,,,,,
446421,2014-03-15,ELC,2013,Bolton,Brighton,,,,,,
446420,2014-03-15,ELC,2013,QPR,Yeovil Town,,,,,,
446419,2014-03-15,ELC,2013,Sheffield Wednesday,Birmingham,,,,,,
193354,2014-03-15,PL,2013,Aston Villa,Chelsea,,,,,,
193355,2014-03-16,PL,2013,Manchester United,Liverpool,,,,,,
193356,2014-03-16,PL,2013,Tottenham,Arsenal,,,,,,
446359,2014-03-18,ELC,2013,Wigan,Yeovil Town,,,,,,
446312,2014-03-18,ELC,2013,Sheffield Wednesday,QPR,,,,,,
446313,2014-03-18,ELC,2013,Charlton,Bournemouth,,,,,,
446422,2014-03-22,ELC,2013,Derby,Nottingham Forest,,,,,,
193357,2014-03-22,PL,2013,Chelsea,Arsenal,,,,,,
193362,2014-03-22,PL,2013,Newcastle,Crystal Palace,,,,,,
193358,2014-03-22,PL,2013,Cardiff,Liverpool,,,,,,
193359,2014-03-22,PL,2013,Everton,Swansea,,,,,,
193361,2014-03-22,PL,2013,Manchester City,Fulham,,,,,,
193360,2014-03-22,PL,2013,Hull City,West Brom,,,,,,
193363,2014-03-22,PL,2013,Norwich,Sunderland,,,,,,
446433,2014-03-22,ELC,2013,Brighton,Ipswich,,,,,,
446431,2014-03-22,ELC,2013,Birmingham,Reading,,,,,,
446424,2014-03-22,ELC,2013,Wigan,Watford,,,,,,
446428,2014-03-22,ELC,2013,Leeds,Millwall,,,,,,
446429,2014-03-22,ELC,2013,Blackburn,Leicester,,,,,,
446423,2014-03-22,ELC,2013,Middlesbrough,QPR,,,,,,
446427,2014-03-22,ELC,2013,Barnsley,Bournemouth,,,,,,
446425,2014-03-22,ELC,2013,Charlton,Burnley,,,,,,
446430,2014-03-22,ELC,2013,Doncaster,Sheffield Wednesday,,,,,,
446426,2014-03-22,ELC,2013,Blackpool,Huddersfield,,,,,,
446432,2014-03-22,ELC,2013,Yeovil Town,Bolton,,,,,,
193364,2014-03-22,PL,2013,West Ham,Manchester United,,,,,,
193365,2014-03-23,PL,2013,Tottenham,Southampton,,,,,,
193366,2014-03-23,PL,2013,Aston Villa,Stoke City,,,,,,
193335,2014-03-25,PL,2013,Manchester United,Manchester City,,,,,,
193343,2014-03-25,PL,2013,Newcastle,Everton,,,,,,
193342,2014-03-25,PL,2013,Arsenal,Swansea,,,,,,
446440,2014-03-25,ELC,2013,Bournemouth,Leeds,,,,,,
446438,2014-03-25,ELC,2013,Huddersfield,Middlesbrough,,,,,,
446439,2014-03-25,ELC,2013,Watford,Blackburn,,,,,,
446441,2014-03-25,ELC,2013,Burnley,Doncaster,,,,,,
446436,2014-03-25,ELC,2013,Leicester,Yeovil Town,,,,,,
446435,2014-03-25,ELC,2013,Ipswich,Derby,,,,,,
446443,2014-03-25,ELC,2013,Millwall,Birmingham,,,,,,
446437,2014-03-25,ELC,2013,Nottingham Forest,Charlton,,,,,,
446442,2014-03-25,ELC,2013,QPR,Wigan,,,,,,
446434,2014-03-25,ELC,2013,Sheffield Wednesday,Brighton,,,,,,
446444,2014-03-25,ELC,2013,Reading,Barnsley,,,,,,
446445,2014-03-25,ELC,2013,Bolton,Blackpool,,,,,,
193344,2014-03-26,PL,2013,West Ham,Hull City,,,,,,
193345,2014-03-26,PL,2013,Liverpool,Sunderland,,,,,,
446446,2014-03-29,ELC,2013,Burnley,Leicester,,,,,,
193367,2014-03-29,PL,2013,Manchester United,Aston Villa,,,,,,
193369,2014-03-29,PL,2013,Southampton,Newcastle,,,,,,
193368,2014-03-29,PL,2013,Crystal Palace,Chelsea,,,,,,
193372,2014-03-29,PL,2013,West Brom,Cardiff,,,,,,
193370,2014-03-29,PL,2013,Stoke City,Hull City,,,,,,
193371,2014-03-29,PL,2013,Swansea,Norwich,,,,,,
446448,2014-03-29,ELC,2013,Brighton,Middlesbrough,,,,,,
446451,2014-03-29,ELC,2013,Reading,Huddersfield,,,,,,
446450,2014-03-29,ELC,2013,Birmingham,Bournemouth,,,,,,
446457,2014-03-29,ELC,2013,Ipswich,Nottingham Forest,,,,,,
446453,2014-03-29,ELC,2013,Millwall,Blackburn,,,,,,
446447,2014-03-29,ELC,2013,Leeds,Doncaster,,,,,,
446455,2014-03-29,ELC,2013,Bolton,Wigan,,,,,,
446456,2014-03-29,ELC,2013,Derby,Charlton,,,,,,
446454,2014-03-29,ELC,2013,QPR,Blackpool,,,,,,
446452,2014-03-29,ELC,2013,Sheffield Wednesday,Watford,,,,,,
446449,2014-03-29,ELC,2013,Yeovil Town,Barnsley,,,,,,
193373,2014-03-29,PL,2013,Arsenal,Manchester City,,,,,,
193374,2014-03-30,PL,2013,Fulham,Everton,,,,,,
193375,2014-03-30,PL,2013,Liverpool,Tottenham,,,,,,
193376,2014-03-31,PL,2013,Sunderland,West Ham,,,,,,
446396,2014-04-01,ELC,2013,Wigan,Leicester,,,,,,
446361,2014-04-01,ELC,2013,Leeds,Charlton,,,,,,
446360,2014-04-01,ELC,2013,Blackburn,Brighton,,,,,,
446458,2014-04-04,ELC,2013,Leicester,Sheffield Wednesday,,,,,,
446459,2014-04-05,ELC,2013,Wigan,Leeds,,,,,,
193377,2014-04-05,PL,2013,Manchester City,Southampton,,,,,,
193381,2014-04-05,PL,2013,Newcastle,Manchester United,,,,,,
193379,2014-04-05,PL,2013,Cardiff,Crystal Palace,,,,,,
193380,2014-04-05,PL,2013,Hull City,Swansea,,,,,,
193378,2014-04-05,PL,2013,Aston Villa,Fulham,,,,,,
193382,2014-04-05,PL,2013,Norwich,West Brom,,,,,,
446462,2014-04-05,ELC,2013,Bournemouth,QPR,,,,,,
446461,2014-04-05,ELC,2013,Huddersfield,Bolton,,,,,,
446466,2014-04-05,ELC,2013,Watford,Burnley,,,,,,
446463,2014-04-05,ELC,2013,Nottingham Forest,Millwall,,,,,,
446465,2014-04-05,ELC,2013,Blackburn,Ipswich,,,,,,
446469,2014-04-05,ELC,2013,Middlesbrough,Derby,,,,,,
446464,2014-04-05,ELC,2013,Barnsley,Brighton,,,,,,
446468,2014-04-05,ELC,2013,Charlton,Reading,,,,,,
446460,2014-04-05,ELC,2013,Doncaster,Birmingham,,,,,,
446467,2014-04-05,ELC,2013,Blackpool,Yeovil Town,,,,,,
193383,2014-04-05,PL,2013,Chelsea,Stoke City,,,,,,
193384,2014-04-06,PL,2013,Everton,Arsenal,,,,,,
193385,2014-04-06,PL,2013,West Ham,Liverpool,,,,,,
193386,2014-04-07,PL,2013,Tottenham,Sunderland,,,,,,
446475,2014-04-08,ELC,2013,Bournemouth,Reading,,,,,,
446476,2014-04-08,ELC,2013,Huddersfield,Ipswich,,,,,,
446480,2014-04-08,ELC,2013,Watford,Leeds,,,,,,
446471,2014-04-08,ELC,2013,Leicester,Brighton,,,,,,
446472,2014-04-08,ELC,2013,Wigan,Millwall,,,,,,
446473,2014-04-08,ELC,2013,Nottingham Forest,Sheffield Wednesday,,,,,,
446474,2014-04-08,ELC,2013,Blackburn,QPR,,,,,,
446470,2014-04-08,ELC,2013,Middlesbrough,Birmingham,,,,,,
446478,2014-04-08,ELC,2013,Barnsley,Burnley,,,,,,
446477,2014-04-08,ELC,2013,Charlton,Yeovil Town,,,,,,
446479,2014-04-08,ELC,2013,Doncaster,Bolton,,,,,,
446481,2014-04-08,ELC,2013,Blackpool,Derby,,,,,,
446482,2014-04-12,ELC,2013,QPR,Nottingham Forest,,,,,,
193388,2014-04-12,PL,2013,Fulham,Norwich,,,,,,
193389,2014-04-12,PL,2013,Southampton,Cardiff,,,,,,
193387,2014-04-12,PL,2013,Crystal Palace,Aston Villa,,,,,,
193392,2014-04-12,PL,2013,West Brom,Tottenham,,,,,,
193390,2014-04-12,PL,2013,Stoke City,Newcastle,,,,,,
193391,2014-04-12,PL,2013,Sunderland,Everton,,,,,,
446484,2014-04-12,ELC,2013,Burnley,Middlesbrough,,,,,,
446483,2014-04-12,ELC,2013,Brighton,Charlton,,,,,,
446486,2014-04-12,ELC,2013,Ipswich,Doncaster,,,,,,
446490,2014-04-12,ELC,2013,Millwall,Watford,,,,,,
446489,2014-04-12,ELC,2013,Leeds,Blackpool,,,,,,
446488,2014-04-12,ELC,2013,Bolton,Barnsley,,,,,,
446491,2014-04-12,ELC,2013,Derby,Huddersfield,,,,,,
446485,2014-04-12,ELC,2013,Sheffield Wednesday,Blackburn,,,,,,
446487,2014-04-12,ELC,2013,Yeovil Town,Bournemouth,,,,,,
193393,2014-04-13,PL,2013,Liverpool,Manchester City,,,,,,
193394,2014-04-13,PL,2013,Swansea,Chelsea,,,,,,
446492,2014-04-14,ELC,2013,Reading,Leicester,,,,,,
193395,2014-04-15,PL,2013,Arsenal,West Ham,,,,,,
446289,2014-04-15,ELC,2013,Charlton,Barnsley,,,,,,
193315,2014-04-16,PL,2013,Everton,Crystal Palace,,,,,,
193316,2014-04-16,PL,2013,Manchester City,Sunderland,,,,,,
446496,2014-04-18,ELC,2013,Bournemouth,Sheffield Wednesday,,,,,,
446494,2014-04-18,ELC,2013,Huddersfield,Brighton,,,,,,
446497,2014-04-18,ELC,2013,Wigan,Reading,,,,,,
446495,2014-04-18,ELC,2013,Blackburn,Yeovil Town,,,,,,
446498,2014-04-18,ELC,2013,Charlton,Bolton,,,,,,
446499,2014-04-18,ELC,2013,Blackpool,Burnley,,,,,,
446500,2014-04-18,ELC,2013,Doncaster,Derby,,,,,,
446501,2014-04-19,ELC,2013,Leicester,QPR,,,,,,
193397,2014-04-19,PL,2013,Tottenham,Fulham,,,,,,
193400,2014-04-19,PL,2013,Newcastle,Swansea,,,,,,
193399,2014-04-19,PL,2013,Cardiff,Stoke City,,,,,,
193401,2014-04-19,PL,2013,West Ham,Crystal Palace,,,,,,
193398,2014-04-19,PL,2013,Aston Villa,Southampton,,,,,,
446502,2014-04-19,ELC,2013,Watford,Ipswich,,,,,,
446503,2014-04-19,ELC,2013,Nottingham Forest,Birmingham,,,,,,
446504,2014-04-19,ELC,2013,Middlesbrough,Millwall,,,,,,
446505,2014-04-19,ELC,2013,Barnsley,Leeds,,,,,,
193402,2014-04-19,PL,2013,Chelsea,Sunderland,,,,,,
193403,2014-04-20,PL,2013,Norwich,Liverpool,,,,,,
193404,2014-04-20,PL,2013,Hull City,Arsenal,,,,,,
193405,2014-04-20,PL,2013,Everton,Manchester United,,,,,,
446512,2014-04-21,ELC,2013,Burnley,Wigan,,,,,,
446511,2014-04-21,ELC,2013,Brighton,Blackpool,,,,,,
446510,2014-04-21,ELC,2013,Birmingham,Blackburn,,,,,,
446509,2014-04-21,ELC,2013,Ipswich,Bournemouth,,,,,,
446513,2014-04-21,ELC,2013,Millwall,Doncaster,,,,,,
446508,2014-04-21,ELC,2013,Derby,Barnsley,,,,,,
446514,2014-04-21,ELC,2013,QPR,Watford,,,,,,
446507,2014-04-21,ELC,2013,Sheffield Wednesday,Charlton,,,,,,
446506,2014-04-21,ELC,2013,Yeovil Town,Huddersfield,,,,,,
446515,2014-04-21,ELC,2013,Leeds,Nottingham Forest,,,,,,
193406,2014-04-21,PL,2013,Manchester City,West Brom,,,,,,
446516,2014-04-22,ELC,2013,Reading,Middlesbrough,,,,,,
446517,2014-04-22,ELC,2013,Bolton,Leicester,,,,,,
446518,2014-04-25,ELC,2013,Brighton,Yeovil Town,,,,,,
446519,2014-04-26,ELC,2013,Burnley,Ipswich,,,,,,
193407,2014-04-26,PL,2013,Southampton,Everton,,,,,,
193408,2014-04-26,PL,2013,Fulham,Hull City,,,,,,
193411,2014-04-26,PL,2013,West Brom,West Ham,,,,,,
193409,2014-04-26,PL,2013,Stoke City,Tottenham,,,,,,
193410,2014-04-26,PL,2013,Swansea,Aston Villa,,,,,,
446521,2014-04-26,ELC,2013,Bournemouth,Nottingham Forest,,,,,,
446524,2014-04-26,ELC,2013,Huddersfield,Leicester,,,,,,
446529,2014-04-26,ELC,2013,Birmingham,Leeds,,,,,,
446527,2014-04-26,ELC,2013,Wigan,Blackpool,,,,,,
446528,2014-04-26,ELC,2013,Derby,Watford,,,,,,
446526,2014-04-26,ELC,2013,Middlesbrough,Barnsley,,,,,,
446525,2014-04-26,ELC,2013,QPR,Millwall,,,,,,
446520,2014-04-26,ELC,2013,Sheffield Wednesday,Bolton,,,,,,
446523,2014-04-26,ELC,2013,Charlton,Blackburn,,,,,,
446522,2014-04-26,ELC,2013,Doncaster,Reading,,,,,,
193412,2014-04-26,PL,2013,Manchester United,Norwich,,,,,,
193413,2014-04-27,PL,2013,Sunderland,Cardiff,,,,,,
193414,2014-04-27,PL,2013,Liverpool,Chelsea,,,,,,
193415,2014-04-27,PL,2013,Crystal Palace,Manchester City,,,,,,
193416,2014-04-28,PL,2013,Arsenal,Newcastle,,,,,,
446493,2014-04-29,ELC,2013,Birmingham,Wigan,,,,,,
446397,2014-04-29,ELC,2013,Charlton,Watford,,,,,,
446534,2014-05-03,ELC,2013,Watford,Huddersfield,,,,,,
446536,2014-05-03,ELC,2013,Leicester,Doncaster,,,,,,
446532,2014-05-03,ELC,2013,Reading,Burnley,,,,,,
446538,2014-05-03,ELC,2013,Ipswich,Sheffield Wednesday,,,,,,
446541,2014-05-03,ELC,2013,Millwall,Bournemouth,,,,,,
446535,2014-05-03,ELC,2013,Leeds,Derby,,,,,,
446530,2014-05-03,ELC,2013,Nottingham Forest,Brighton,,,,,,
446533,2014-05-03,ELC,2013,Blackburn,Wigan,,,,,,
446531,2014-05-03,ELC,2013,Bolton,Birmingham,,,,,,
446537,2014-05-03,ELC,2013,Barnsley,QPR,,,,,,
446540,2014-05-03,ELC,2013,Blackpool,Charlton,,,,,,
446539,2014-05-03,ELC,2013,Yeovil Town,Middlesbrough,,,,,,
193417,2014-05-03,PL,2013,West Ham,Tottenham,,,,,,
193419,2014-05-03,PL,2013,Manchester United,Sunderland,,,,,,
193420,2014-05-03,PL,2013,Newcastle,Cardiff,,,,,,
193418,2014-05-03,PL,2013,Aston Villa,Hull City,,,,,,
193421,2014-05-03,PL,2013,Stoke City,Fulham,,,,,,
193422,2014-05-03,PL,2013,Swansea,Southampton,,,,,,
193423,2014-05-03,PL,2013,Everton,Manchester City,,,,,,
193424,2014-05-04,PL,2013,Arsenal,West Brom,,,,,,
193425,2014-05-04,PL,2013,Chelsea,Norwich,,,,,,
193426,2014-05-05,PL,2013,Crystal Palace,Liverpool,,,,,,
193396,2014-05-06,PL,2013,Manchester United,Hull City,,,,,,
193346,2014-05-07,PL,2013,Manchester City,Aston Villa,,,,,,
193336,2014-05-07,PL,2013,Sunderland,West Brom,,,,,,
445986,2014-05-08,ELC,2013,Brighton,Derby,,,,,,
445988,2014-05-09,ELC,2013,Wigan,QPR,,,,,,
193428,2014-05-11,PL,2013,Fulham,Crystal Palace,,,,,,
193430,2014-05-11,PL,2013,Liverpool,Newcastle,,,,,,
193433,2014-05-11,PL,2013,Southampton,Manchester United,,,,,,
193427,2014-05-11,PL,2013,Cardiff,Chelsea,,,,,,
193435,2014-05-11,PL,2013,Tottenham,Aston Villa,,,,,,
193431,2014-05-11,PL,2013,Manchester City,West Ham,,,,,,
193436,2014-05-11,PL,2013,West Brom,Stoke City,,,,,,
193429,2014-05-11,PL,2013,Hull City,Everton,,,,,,
193432,2014-05-11,PL,2013,Norwich,Arsenal,,,,,,
193434,2014-05-11,PL,2013,Sunderland,Swansea,,,,,,
445987,2014-05-11,ELC,2013,Derby,Brighton,,,,,,
445985,2014-05-24,ELC,2013,Derby,QPR,,,,,,
445433,2014-08-08,ELC,2014,Blackburn,Cardiff,,,,,,
445437,2014-08-09,ELC,2014,Huddersfield,Bournemouth,,,,,,
445441,2014-08-09,ELC,2014,Watford,Bolton,,,,,,
445435,2014-08-09,ELC,2014,Brighton,Sheffield Wednesday,,,,,,
445434,2014-08-09,ELC,2014,Brentford,Charlton,,,,,,
445439,2014-08-09,ELC,2014,Millwall,Leeds,,,,,,
445442,2014-08-09,ELC,2014,Wigan,Reading,,,,,,
445440,2014-08-09,ELC,2014,Nottingham Forest,Blackpool,,,,,,
445436,2014-08-09,ELC,2014,Derby,Rotherham,,,,,,
445438,2014-08-09,ELC,2014,Middlesbrough,Birmingham,,,,,,
445443,2014-08-09,ELC,2014,Ipswich,Fulham,,,,,,
445444,2014-08-10,ELC,2014,Wolves,Norwich,,,,,,
445445,2014-08-16,ELC,2014,Leeds,Middlesbrough,,,,,,
192677,2014-08-16,PL,2014,Manchester United,Swansea,,,,,,
192678,2014-08-16,PL,2014,Leicester,Everton,,,,,,
192682,2014-08-16,PL,2014,West Ham,Tottenham,,,,,,
192681,2014-08-16,PL,2014,West Brom,Sunderland,,,,,,
192679,2014-08-16,PL,2014,QPR,Hull City,,,,,,
192680,2014-08-16,PL,2014,Stoke City,Aston Villa,,,,,,
445446,2014-08-16,ELC,2014,Bournemouth,Brentford,,,,,,
445452,2014-08-16,ELC,2014,Fulham,Millwall,,,,,,
445450,2014-08-16,ELC,2014,Cardiff,Huddersfield,,,,,,
445454,2014-08-16,ELC,2014,Reading,Ipswich,,,,,,
445447,2014-08-16,ELC,2014,Birmingham,Brighton,,,,,,
445449,2014-08-16,ELC,2014,Bolton,Nottingham Forest,,,,,,
445453,2014-08-16,ELC,2014,Norwich,Watford,,,,,,
445455,2014-08-16,ELC,2014,Rotherham,Wolves,,,,,,
445456,2014-08-16,ELC,2014,Sheffield Wednesday,Derby,,,,,,
445451,2014-08-16,ELC,2014,Charlton,Wigan,,,,,,
445448,2014-08-16,ELC,2014,Blackpool,Blackburn,,,,,,
192683,2014-08-16,PL,2014,Arsenal,Crystal Palace,,,,,,
192684,2014-08-17,PL,2014,Liverpool,Southampton,,,,,,
192685,2014-08-17,PL,2014,Newcastle,Manchester City,,,,,,
192686,2014-08-18,PL,2014,Burnley,Chelsea,,,,,,
445457,2014-08-19,ELC,2014,Bournemouth,Nottingham Forest,,,,,,
445460,2014-08-19,ELC,2014,Cardiff,Wigan,,,,,,
445458,2014-08-19,ELC,2014,Birmingham,Ipswich,,,,,,
445462,2014-08-19,ELC,2014,Leeds,Brighton,,,,,,
445463,2014-08-19,ELC,2014,Norwich,Blackburn,,,,,,
445464,2014-08-19,ELC,2014,Rotherham,Watford,,,,,,
445465,2014-08-19,ELC,2014,Sheffield Wednesday,Millwall,,,,,,
445461,2014-08-19,ELC,2014,Charlton,Derby,,,,,,
445459,2014-08-19,ELC,2014,Blackpool,Brentford,,,,,,
445467,2014-08-19,ELC,2014,Reading,Huddersfield,,,,,,
445466,2014-08-19,ELC,2014,Bolton,Middlesbrough,,,,,,
445468,2014-08-20,ELC,2014,Fulham,Wolves,,,,,,
445469,2014-08-23,ELC,2014,Ipswich,Norwich,,,,,,
192687,2014-08-23,PL,2014,Aston Villa,Newcastle,,,,,,
192690,2014-08-23,PL,2014,Southampton,West Brom,,,,,,
192688,2014-08-23,PL,2014,Chelsea,Leicester,,,,,,
192689,2014-08-23,PL,2014,Crystal Palace,West Ham,,,,,,
192691,2014-08-23,PL,2014,Swansea,Burnley,,,,,,
445474,2014-08-23,ELC,2014,Huddersfield,Charlton,,,,,,
445478,2014-08-23,ELC,2014,Watford,Leeds,,,,,,
445480,2014-08-23,ELC,2014,Wolves,Cardiff,,,,,,
445472,2014-08-23,ELC,2014,Brighton,Bolton,,,,,,
445471,2014-08-23,ELC,2014,Brentford,Birmingham,,,,,,
445476,2014-08-23,ELC,2014,Millwall,Rotherham,,,,,,
445479,2014-08-23,ELC,2014,Wigan,Blackpool,,,,,,
445477,2014-08-23,ELC,2014,Nottingham Forest,Reading,,,,,,
445470,2014-08-23,ELC,2014,Blackburn,Bournemouth,,,,,,
445473,2014-08-23,ELC,2014,Derby,Fulham,,,,,,
445475,2014-08-23,ELC,2014,Middlesbrough,Sheffield Wednesday,,,,,,
192692,2014-08-23,PL,2014,Everton,Arsenal,,,,,,
192694,2014-08-24,PL,2014,Tottenham,QPR,,,,,,
192693,2014-08-24,PL,2014,Hull City,Stoke City,,,,,,
192695,2014-08-24,PL,2014,Sunderland,Manchester United,,,,,,
192696,2014-08-25,PL,2014,Manchester City,Liverpool,,,,,,
445481,2014-08-30,ELC,2014,Sheffield Wednesday,Nottingham Forest,,,,,,
192697,2014-08-30,PL,2014,Burnley,Manchester United,,,,,,
192699,2014-08-30,PL,2014,Newcastle,Crystal Palace,,,,,,
192702,2014-08-30,PL,2014,West Ham,Southampton,,,,,,
192698,2014-08-30,PL,2014,Manchester City,Stoke City,,,,,,
192700,2014-08-30,PL,2014,QPR,Sunderland,,,,,,
192701,2014-08-30,PL,2014,Swansea,West Brom,,,,,,
445484,2014-08-30,ELC,2014,Fulham,Cardiff,,,,,,
445490,2014-08-30,ELC,2014,Watford,Huddersfield,,,,,,
445492,2014-08-30,ELC,2014,Wolves,Blackburn,,,,,,
445482,2014-08-30,ELC,2014,Brighton,Charlton,,,,,,
445487,2014-08-30,ELC,2014,Millwall,Blackpool,,,,,,
445491,2014-08-30,ELC,2014,Wigan,Birmingham,,,,,,
445485,2014-08-30,ELC,2014,Leeds,Bolton,,,,,,
445483,2014-08-30,ELC,2014,Derby,Ipswich,,,,,,
445486,2014-08-30,ELC,2014,Middlesbrough,Reading,,,,,,
445488,2014-08-30,ELC,2014,Norwich,Bournemouth,,,,,,
445489,2014-08-30,ELC,2014,Rotherham,Brentford,,,,,,
192703,2014-08-30,PL,2014,Everton,Chelsea,,,,,,
192705,2014-08-31,PL,2014,Tottenham,Liverpool,,,,,,
192704,2014-08-31,PL,2014,Aston Villa,Hull City,,,,,,
192706,2014-08-31,PL,2014,Leicester,Arsenal,,,,,,
445493,2014-09-13,ELC,2014,Birmingham,Leeds,,,,,,
192707,2014-09-13,PL,2014,Arsenal,Manchester City,,,,,,
192710,2014-09-13,PL,2014,Southampton,Newcastle,,,,,,
192708,2014-09-13,PL,2014,Chelsea,Swansea,,,,,,
192709,2014-09-13,PL,2014,Crystal Palace,Burnley,,,,,,
192713,2014-09-13,PL,2014,West Brom,Everton,,,,,,
192711,2014-09-13,PL,2014,Stoke City,Leicester,,,,,,
192712,2014-09-13,PL,2014,Sunderland,Tottenham,,,,,,
445494,2014-09-13,ELC,2014,Bournemouth,Rotherham,,,,,,
445501,2014-09-13,ELC,2014,Huddersfield,Middlesbrough,,,,,,
445499,2014-09-13,ELC,2014,Cardiff,Norwich,,,,,,
445503,2014-09-13,ELC,2014,Reading,Fulham,,,,,,
445498,2014-09-13,ELC,2014,Brentford,Brighton,,,,,,
445502,2014-09-13,ELC,2014,Ipswich,Millwall,,,,,,
445495,2014-09-13,ELC,2014,Blackburn,Wigan,,,,,,
445497,2014-09-13,ELC,2014,Bolton,Sheffield Wednesday,,,,,,
445500,2014-09-13,ELC,2014,Charlton,Watford,,,,,,
445496,2014-09-13,ELC,2014,Blackpool,Wolves,,,,,,
192714,2014-09-13,PL,2014,Liverpool,Aston Villa,,,,,,
445504,2014-09-14,ELC,2014,Nottingham Forest,Derby,,,,,,
192715,2014-09-14,PL,2014,Manchester United,QPR,,,,,,
192716,2014-09-15,PL,2014,Hull City,West Ham,,,,,,
445505,2014-09-16,ELC,2014,Bournemouth,Leeds,,,,,,
445511,2014-09-16,ELC,2014,Huddersfield,Wigan,,,,,,
445509,2014-09-16,ELC,2014,Cardiff,Middlesbrough,,,,,,
445506,2014-09-16,ELC,2014,Birmingham,Sheffield Wednesday,,,,,,
445508,2014-09-16,ELC,2014,Brentford,Norwich,,,,,,
445512,2014-09-16,ELC,2014,Ipswich,Brighton,,,,,,
445510,2014-09-16,ELC,2014,Charlton,Wolves,,,,,,
445507,2014-09-16,ELC,2014,Blackpool,Watford,,,,,,
445514,2014-09-16,ELC,2014,Reading,Millwall,,,,,,
445513,2014-09-16,ELC,2014,Bolton,Rotherham,,,,,,
445516,2014-09-17,ELC,2014,Nottingham Forest,Fulham,,,,,,
445515,2014-09-17,ELC,2014,Blackburn,Derby,,,,,,
445517,2014-09-20,ELC,2014,Watford,Bournemouth,,,,,,
192717,2014-09-20,PL,2014,QPR,Stoke City,,,,,,
192720,2014-09-20,PL,2014,Newcastle,Hull City,,,,,,
192719,2014-09-20,PL,2014,Burnley,Sunderland,,,,,,
192718,2014-09-20,PL,2014,Aston Villa,Arsenal,,,,,,
192721,2014-09-20,PL,2014,Swansea,Southampton,,,,,,
445520,2014-09-20,ELC,2014,Fulham,Blackburn,,,,,,
445527,2014-09-20,ELC,2014,Wolves,Bolton,,,,,,
445518,2014-09-20,ELC,2014,Brighton,Blackpool,,,,,,
445523,2014-09-20,ELC,2014,Millwall,Nottingham Forest,,,,,,
445521,2014-09-20,ELC,2014,Leeds,Huddersfield,,,,,,
445519,2014-09-20,ELC,2014,Derby,Cardiff,,,,,,
445522,2014-09-20,ELC,2014,Middlesbrough,Brentford,,,,,,
445524,2014-09-20,ELC,2014,Norwich,Birmingham,,,,,,
445525,2014-09-20,ELC,2014,Rotherham,Charlton,,,,,,
445526,2014-09-20,ELC,2014,Sheffield Wednesday,Reading,,,,,,
192722,2014-09-20,PL,2014,West Ham,Liverpool,,,,,,
192723,2014-09-21,PL,2014,Leicester,Manchester United,,,,,,
192724,2014-09-21,PL,2014,Tottenham,West Brom,,,,,,
192725,2014-09-21,PL,2014,Everton,Crystal Palace,,,,,,
192726,2014-09-21,PL,2014,Manchester City,Chelsea,,,,,,
445528,2014-09-22,ELC,2014,Wigan,Ipswich,,,,,,
192727,2014-09-27,PL,2014,Liverpool,Everton,,,,,,
192731,2014-09-27,PL,2014,Manchester United,West Ham,,,,,,
192732,2014-09-27,PL,2014,Southampton,QPR,,,,,,
192728,2014-09-27,PL,2014,Chelsea,Aston Villa,,,,,,
192729,2014-09-27,PL,2014,Crystal Palace,Leicester,,,,,,
192730,2014-09-27,PL,2014,Hull City,Manchester City,,,,,,
192733,2014-09-27,PL,2014,Sunderland,Swansea,,,,,,
445529,2014-09-27,ELC,2014,Bournemouth,Wigan,,,,,,
445537,2014-09-27,ELC,2014,Huddersfield,Millwall,,,,,,
445535,2014-09-27,ELC,2014,Cardiff,Sheffield Wednesday,,,,,,
445530,2014-09-27,ELC,2014,Birmingham,Fulham,,,,,,
445534,2014-09-27,ELC,2014,Brentford,Leeds,,,,,,
445538,2014-09-27,ELC,2014,Ipswich,Rotherham,,,,,,
445539,2014-09-27,ELC,2014,Nottingham Forest,Brighton,,,,,,
445531,2014-09-27,ELC,2014,Blackburn,Watford,,,,,,
445533,2014-09-27,ELC,2014,Bolton,Derby,,,,,,
445536,2014-09-27,ELC,2014,Charlton,Middlesbrough,,,,,,
445532,2014-09-27,ELC,2014,Blackpool,Norwich,,,,,,
192734,2014-09-27,PL,2014,Arsenal,Tottenham,,,,,,
445540,2014-09-28,ELC,2014,Reading,Wolves,,,,,,
192735,2014-09-28,PL,2014,West Brom,Burnley,,,,,,
192736,2014-09-29,PL,2014,Stoke City,Newcastle,,,,,,
445548,2014-09-30,ELC,2014,Watford,Brentford,,,,,,
445541,2014-09-30,ELC,2014,Brighton,Cardiff,,,,,,
445544,2014-09-30,ELC,2014,Millwall,Birmingham,,,,,,
445549,2014-09-30,ELC,2014,Wigan,Nottingham Forest,,,,,,
445542,2014-09-30,ELC,2014,Derby,Bournemouth,,,,,,
445543,2014-09-30,ELC,2014,Middlesbrough,Blackpool,,,,,,
445545,2014-09-30,ELC,2014,Norwich,Charlton,,,,,,
445546,2014-09-30,ELC,2014,Rotherham,Blackburn,,,,,,
445547,2014-09-30,ELC,2014,Sheffield Wednesday,Ipswich,,,,,,
445551,2014-10-01,ELC,2014,Wolves,Huddersfield,,,,,,
445550,2014-10-01,ELC,2014,Leeds,Reading,,,,,,
445552,2014-10-01,ELC,2014,Fulham,Bolton,,,,,,
445553,2014-10-03,ELC,2014,Blackpool,Cardiff,,,,,,
445554,2014-10-04,ELC,2014,Leeds,Sheffield Wednesday,,,,,,
192739,2014-10-04,PL,2014,Liverpool,West Brom,,,,,,
192738,2014-10-04,PL,2014,Leicester,Burnley,,,,,,
192737,2014-10-04,PL,2014,Hull City,Crystal Palace,,,,,,
192741,2014-10-04,PL,2014,Swansea,Newcastle,,,,,,
192740,2014-10-04,PL,2014,Sunderland,Stoke City,,,,,,
445562,2014-10-04,ELC,2014,Watford,Brighton,,,,,,
445563,2014-10-04,ELC,2014,Wolves,Wigan,,,,,,
445557,2014-10-04,ELC,2014,Brentford,Reading,,,,,,
445555,2014-10-04,ELC,2014,Blackburn,Huddersfield,,,,,,
445556,2014-10-04,ELC,2014,Bolton,Bournemouth,,,,,,
445559,2014-10-04,ELC,2014,Derby,Millwall,,,,,,
445560,2014-10-04,ELC,2014,Middlesbrough,Fulham,,,,,,
445561,2014-10-04,ELC,2014,Norwich,Rotherham,,,,,,
445558,2014-10-04,ELC,2014,Charlton,Birmingham,,,,,,
192742,2014-10-04,PL,2014,Aston Villa,Manchester City,,,,,,
192743,2014-10-05,PL,2014,Manchester United,Everton,,,,,,
192744,2014-10-05,PL,2014,Tottenham,Southampton,,,,,,
192745,2014-10-05,PL,2014,Chelsea,Arsenal,,,,,,
445564,2014-10-05,ELC,2014,Nottingham Forest,Ipswich,,,,,,
192746,2014-10-05,PL,2014,West Ham,QPR,,,,,,
445565,2014-10-17,ELC,2014,Rotherham,Leeds,,,,,,
445566,2014-10-18,ELC,2014,Cardiff,Nottingham Forest,,,,,,
192747,2014-10-18,PL,2014,Manchester City,Tottenham,,,,,,
192752,2014-10-18,PL,2014,Southampton,Sunderland,,,,,,
192748,2014-10-18,PL,2014,Arsenal,Hull City,,,,,,
192749,2014-10-18,PL,2014,Burnley,West Ham,,,,,,
192751,2014-10-18,PL,2014,Everton,Aston Villa,,,,,,
192750,2014-10-18,PL,2014,Crystal Palace,Chelsea,,,,,,
445567,2014-10-18,ELC,2014,Bournemouth,Charlton,,,,,,
445570,2014-10-18,ELC,2014,Fulham,Norwich,,,,,,
445571,2014-10-18,ELC,2014,Huddersfield,Blackpool,,,,,,
445569,2014-10-18,ELC,2014,Brighton,Middlesbrough,,,,,,
445574,2014-10-18,ELC,2014,Reading,Derby,,,,,,
445568,2014-10-18,ELC,2014,Birmingham,Bolton,,,,,,
445572,2014-10-18,ELC,2014,Ipswich,Blackburn,,,,,,
445573,2014-10-18,ELC,2014,Millwall,Wolves,,,,,,
445576,2014-10-18,ELC,2014,Wigan,Brentford,,,,,,
445575,2014-10-18,ELC,2014,Sheffield Wednesday,Watford,,,,,,
192753,2014-10-18,PL,2014,Newcastle,Leicester,,,,,,
192754,2014-10-19,PL,2014,QPR,Liverpool,,,,,,
192755,2014-10-19,PL,2014,Stoke City,Swansea,,,,,,
192756,2014-10-20,PL,2014,West Brom,Manchester United,,,,,,
445577,2014-10-21,ELC,2014,Bournemouth,Reading,,,,,,
445583,2014-10-21,ELC,2014,Huddersfield,Brighton,,,,,,
445586,2014-10-21,ELC,2014,Watford,Nottingham Forest,,,,,,
445588,2014-10-21,ELC,2014,Wolves,Middlesbrough,,,,,,
445581,2014-10-21,ELC,2014,Cardiff,Ipswich,,,,,,
445580,2014-10-21,ELC,2014,Brentford,Sheffield Wednesday,,,,,,
445587,2014-10-21,ELC,2014,Wigan,Millwall,,,,,,
445578,2014-10-21,ELC,2014,Blackburn,Birmingham,,,,,,
445584,2014-10-21,ELC,2014,Norwich,Leeds,,,,,,
445585,2014-10-21,ELC,2014,Rotherham,Fulham,,,,,,
445582,2014-10-21,ELC,2014,Charlton,Bolton,,,,,,
445579,2014-10-21,ELC,2014,Blackpool,Derby,,,,,,
445589,2014-10-24,ELC,2014,Fulham,Charlton,,,,,,
445590,2014-10-25,ELC,2014,Millwall,Cardiff,,,,,,
192757,2014-10-25,PL,2014,West Ham,Manchester City,,,,,,
192758,2014-10-25,PL,2014,Liverpool,Hull City,,,,,,
192759,2014-10-25,PL,2014,Southampton,Stoke City,,,,,,
192761,2014-10-25,PL,2014,West Brom,Crystal Palace,,,,,,
192760,2014-10-25,PL,2014,Sunderland,Arsenal,,,,,,
445593,2014-10-25,ELC,2014,Brighton,Rotherham,,,,,,
445599,2014-10-25,ELC,2014,Reading,Blackpool,,,,,,
445591,2014-10-25,ELC,2014,Birmingham,Bournemouth,,,,,,
445595,2014-10-25,ELC,2014,Ipswich,Huddersfield,,,,,,
445596,2014-10-25,ELC,2014,Leeds,Wolves,,,,,,
445598,2014-10-25,ELC,2014,Nottingham Forest,Blackburn,,,,,,
445592,2014-10-25,ELC,2014,Bolton,Brentford,,,,,,
445594,2014-10-25,ELC,2014,Derby,Wigan,,,,,,
445597,2014-10-25,ELC,2014,Middlesbrough,Watford,,,,,,
445600,2014-10-25,ELC,2014,Sheffield Wednesday,Norwich,,,,,,
192762,2014-10-25,PL,2014,Swansea,Leicester,,,,,,
192763,2014-10-26,PL,2014,Burnley,Everton,,,,,,
192764,2014-10-26,PL,2014,Tottenham,Newcastle,,,,,,
192765,2014-10-26,PL,2014,Manchester United,Chelsea,,,,,,
192766,2014-10-27,PL,2014,QPR,Aston Villa,,,,,,
445601,2014-10-31,ELC,2014,Norwich,Bolton,,,,,,
445602,2014-11-01,ELC,2014,Wolves,Birmingham,,,,,,
192767,2014-11-01,PL,2014,Newcastle,Liverpool,,,,,,
192768,2014-11-01,PL,2014,Arsenal,Burnley,,,,,,
192770,2014-11-01,PL,2014,Everton,Swansea,,,,,,
192772,2014-11-01,PL,2014,Leicester,West Brom,,,,,,
192769,2014-11-01,PL,2014,Chelsea,QPR,,,,,,
192771,2014-11-01,PL,2014,Hull City,Southampton,,,,,,
192773,2014-11-01,PL,2014,Stoke City,West Ham,,,,,,
445608,2014-11-01,ELC,2014,Huddersfield,Nottingham Forest,,,,,,
445610,2014-11-01,ELC,2014,Watford,Millwall,,,,,,
445606,2014-11-01,ELC,2014,Cardiff,Leeds,,,,,,
445605,2014-11-01,ELC,2014,Brentford,Derby,,,,,,
445611,2014-11-01,ELC,2014,Wigan,Fulham,,,,,,
445603,2014-11-01,ELC,2014,Blackburn,Reading,,,,,,
445609,2014-11-01,ELC,2014,Rotherham,Middlesbrough,,,,,,
445607,2014-11-01,ELC,2014,Charlton,Sheffield Wednesday,,,,,,
445604,2014-11-01,ELC,2014,Blackpool,Ipswich,,,,,,
445612,2014-11-01,ELC,2014,Bournemouth,Brighton,,,,,,
192774,2014-11-02,PL,2014,Manchester City,Manchester United,,,,,,
192775,2014-11-02,PL,2014,Aston Villa,Tottenham,,,,,,
192776,2014-11-03,PL,2014,Crystal Palace,Sunderland,,,,,,
445614,2014-11-04,ELC,2014,Brighton,Wigan,,,,,,
445613,2014-11-04,ELC,2014,Birmingham,Watford,,,,,,
445616,2014-11-04,ELC,2014,Ipswich,Wolves,,,,,,
445619,2014-11-04,ELC,2014,Millwall,Blackburn,,,,,,
445617,2014-11-04,ELC,2014,Leeds,Charlton,,,,,,
445615,2014-11-04,ELC,2014,Derby,Huddersfield,,,,,,
445618,2014-11-04,ELC,2014,Middlesbrough,Norwich,,,,,,
445620,2014-11-04,ELC,2014,Sheffield Wednesday,Bournemouth,,,,,,
445622,2014-11-04,ELC,2014,Reading,Rotherham,,,,,,
445621,2014-11-04,ELC,2014,Bolton,Cardiff,,,,,,
445623,2014-11-05,ELC,2014,Nottingham Forest,Brentford,,,,,,
445624,2014-11-05,ELC,2014,Fulham,Blackpool,,,,,,
445625,2014-11-07,ELC,2014,Bolton,Wigan,,,,,,
445626,2014-11-08,ELC,2014,Derby,Wolves,,,,,,
192777,2014-11-08,PL,2014,Liverpool,Chelsea,,,,,,
192779,2014-11-08,PL,2014,Manchester United,Crystal Palace,,,,,,
192780,2014-11-08,PL,2014,Southampton,Leicester,,,,,,
192778,2014-11-08,PL,2014,Burnley,Hull City,,,,,,
192781,2014-11-08,PL,2014,West Ham,Aston Villa,,,,,,
445629,2014-11-08,ELC,2014,Fulham,Huddersfield,,,,,,
445628,2014-11-08,ELC,2014,Brighton,Blackburn,,,,,,
445635,2014-11-08,ELC,2014,Reading,Charlton,,,,,,
445627,2014-11-08,ELC,2014,Birmingham,Cardiff,,,,,,
445630,2014-11-08,ELC,2014,Ipswich,Watford,,,,,,
445633,2014-11-08,ELC,2014,Millwall,Brentford,,,,,,
445631,2014-11-08,ELC,2014,Leeds,Blackpool,,,,,,
445634,2014-11-08,ELC,2014,Nottingham Forest,Norwich,,,,,,
445632,2014-11-08,ELC,2014,Middlesbrough,Bournemouth,,,,,,
445636,2014-11-08,ELC,2014,Sheffield Wednesday,Rotherham,,,,,,
192782,2014-11-08,PL,2014,QPR,Manchester City,,,,,,
192784,2014-11-09,PL,2014,Tottenham,Stoke City,,,,,,
192785,2014-11-09,PL,2014,West Brom,Newcastle,,,,,,
192783,2014-11-09,PL,2014,Sunderland,Everton,,,,,,
192786,2014-11-09,PL,2014,Swansea,Arsenal,,,,,,
445638,2014-11-21,ELC,2014,Cardiff,Reading,,,,,,
445637,2014-11-21,ELC,2014,Brentford,Fulham,,,,,,
445639,2014-11-22,ELC,2014,Huddersfield,Sheffield Wednesday,,,,,,
192791,2014-11-22,PL,2014,Newcastle,QPR,,,,,,
192788,2014-11-22,PL,2014,Everton,West Ham,,,,,,
192789,2014-11-22,PL,2014,Leicester,Sunderland,,,,,,
192787,2014-11-22,PL,2014,Chelsea,West Brom,,,,,,
192790,2014-11-22,PL,2014,Manchester City,Swansea,,,,,,
192792,2014-11-22,PL,2014,Stoke City,Burnley,,,,,,
445640,2014-11-22,ELC,2014,Bournemouth,Ipswich,,,,,,
445646,2014-11-22,ELC,2014,Watford,Derby,,,,,,
445648,2014-11-22,ELC,2014,Wolves,Nottingham Forest,,,,,,
445647,2014-11-22,ELC,2014,Wigan,Middlesbrough,,,,,,
445641,2014-11-22,ELC,2014,Blackburn,Leeds,,,,,,
445644,2014-11-22,ELC,2014,Norwich,Brighton,,,,,,
445645,2014-11-22,ELC,2014,Rotherham,Birmingham,,,,,,
445643,2014-11-22,ELC,2014,Charlton,Millwall,,,,,,
445642,2014-11-22,ELC,2014,Blackpool,Bolton,,,,,,
192793,2014-11-22,PL,2014,Arsenal,Manchester United,,,,,,
192794,2014-11-23,PL,2014,Crystal Palace,Liverpool,,,,,,
192795,2014-11-23,PL,2014,Hull City,Tottenham,,,,,,
192796,2014-11-24,PL,2014,Aston Villa,Southampton,,,,,,
445649,2014-11-29,ELC,2014,Charlton,Ipswich,,,,,,
192797,2014-11-29,PL,2014,West Brom,Arsenal,,,,,,
192800,2014-11-29,PL,2014,Manchester United,Hull City,,,,,,
192799,2014-11-29,PL,2014,Liverpool,Stoke City,,,,,,
192798,2014-11-29,PL,2014,Burnley,Aston Villa,,,,,,
192803,2014-11-29,PL,2014,West Ham,Newcastle,,,,,,
192801,2014-11-29,PL,2014,QPR,Leicester,,,,,,
192802,2014-11-29,PL,2014,Swansea,Crystal Palace,,,,,,
445650,2014-11-29,ELC,2014,Bournemouth,Millwall,,,,,,
445660,2014-11-29,ELC,2014,Watford,Cardiff,,,,,,
445654,2014-11-29,ELC,2014,Brighton,Fulham,,,,,,
445651,2014-11-29,ELC,2014,Birmingham,Nottingham Forest,,,,,,
445653,2014-11-29,ELC,2014,Brentford,Wolves,,,,,,
445655,2014-11-29,ELC,2014,Leeds,Derby,,,,,,
445652,2014-11-29,ELC,2014,Bolton,Huddersfield,,,,,,
445656,2014-11-29,ELC,2014,Middlesbrough,Blackburn,,,,,,
445657,2014-11-29,ELC,2014,Norwich,Reading,,,,,,
445658,2014-11-29,ELC,2014,Rotherham,Blackpool,,,,,,
445659,2014-11-29,ELC,2014,Sheffield Wednesday,Wigan,,,,,,
192804,2014-11-29,PL,2014,Sunderland,Chelsea,,,,,,
192805,2014-11-30,PL,2014,Southampton,Manchester City,,,,,,
192806,2014-11-30,PL,2014,Tottenham,Everton,,,,,,
192809,2014-12-02,PL,2014,Manchester United,Stoke City,,,,,,
192807,2014-12-02,PL,2014,Burnley,Newcastle,,,,,,
192808,2014-12-02,PL,2014,Leicester,Liverpool,,,,,,
192810,2014-12-02,PL,2014,Swansea,QPR,,,,,,
192811,2014-12-02,PL,2014,Crystal Palace,Aston Villa,,,,,,
192812,2014-12-02,PL,2014,West Brom,West Ham,,,,,,
192813,2014-12-03,PL,2014,Arsenal,Southampton,,,,,,
192815,2014-12-03,PL,2014,Everton,Hull City,,,,,,
192814,2014-12-03,PL,2014,Chelsea,Tottenham,,,,,,
192816,2014-12-03,PL,2014,Sunderland,Manchester City,,,,,,
445661,2014-12-05,ELC,2014,Fulham,Watford,,,,,,
192817,2014-12-06,PL,2014,Newcastle,Chelsea,,,,,,
192819,2014-12-06,PL,2014,Liverpool,Sunderland,,,,,,
192822,2014-12-06,PL,2014,Tottenham,Crystal Palace,,,,,,
192818,2014-12-06,PL,2014,Hull City,West Brom,,,,,,
192820,2014-12-06,PL,2014,QPR,Burnley,,,,,,
192821,2014-12-06,PL,2014,Stoke City,Arsenal,,,,,,
445666,2014-12-06,ELC,2014,Huddersfield,Brentford,,,,,,
445672,2014-12-06,ELC,2014,Wolves,Bournemouth,,,,,,
445664,2014-12-06,ELC,2014,Cardiff,Rotherham,,,,,,
445670,2014-12-06,ELC,2014,Reading,Bolton,,,,,,
445667,2014-12-06,ELC,2014,Ipswich,Leeds,,,,,,
445668,2014-12-06,ELC,2014,Millwall,Middlesbrough,,,,,,
445671,2014-12-06,ELC,2014,Wigan,Norwich,,,,,,
445669,2014-12-06,ELC,2014,Nottingham Forest,Charlton,,,,,,
445662,2014-12-06,ELC,2014,Blackburn,Sheffield Wednesday,,,,,,
445665,2014-12-06,ELC,2014,Derby,Brighton,,,,,,
445663,2014-12-06,ELC,2014,Blackpool,Birmingham,,,,,,
192823,2014-12-06,PL,2014,Manchester City,Everton,,,,,,
192824,2014-12-07,PL,2014,West Ham,Swansea,,,,,,
192825,2014-12-07,PL,2014,Aston Villa,Leicester,,,,,,
192826,2014-12-08,PL,2014,Southampton,Manchester United,,,,,,
445673,2014-12-12,ELC,2014,Brighton,Millwall,,,,,,
445674,2014-12-13,ELC,2014,Middlesbrough,Derby,,,,,,
192827,2014-12-13,PL,2014,Burnley,Southampton,,,,,,
192830,2014-12-13,PL,2014,Leicester,Manchester City,,,,,,
192828,2014-12-13,PL,2014,Chelsea,Hull City,,,,,,
192829,2014-12-13,PL,2014,Crystal Palace,Stoke City,,,,,,
192832,2014-12-13,PL,2014,West Brom,Aston Villa,,,,,,
192831,2014-12-13,PL,2014,Sunderland,West Ham,,,,,,
445675,2014-12-13,ELC,2014,Bournemouth,Cardiff,,,,,,
445684,2014-12-13,ELC,2014,Watford,Wigan,,,,,,
445676,2014-12-13,ELC,2014,Birmingham,Reading,,,,,,
445678,2014-12-13,ELC,2014,Brentford,Blackburn,,,,,,
445680,2014-12-13,ELC,2014,Leeds,Fulham,,,,,,
445677,2014-12-13,ELC,2014,Bolton,Ipswich,,,,,,
445681,2014-12-13,ELC,2014,Norwich,Huddersfield,,,,,,
445682,2014-12-13,ELC,2014,Rotherham,Nottingham Forest,,,,,,
445683,2014-12-13,ELC,2014,Sheffield Wednesday,Wolves,,,,,,
445679,2014-12-13,ELC,2014,Charlton,Blackpool,,,,,,
192833,2014-12-13,PL,2014,Arsenal,Newcastle,,,,,,
192834,2014-12-14,PL,2014,Manchester United,Liverpool,,,,,,
192835,2014-12-14,PL,2014,Swansea,Tottenham,,,,,,
192836,2014-12-15,PL,2014,Everton,QPR,,,,,,
445685,2014-12-19,ELC,2014,Millwall,Bolton,,,,,,
445686,2014-12-20,ELC,2014,Derby,Norwich,,,,,,
192837,2014-12-20,PL,2014,Manchester City,Crystal Palace,,,,,,
192841,2014-12-20,PL,2014,Southampton,Everton,,,,,,
192842,2014-12-20,PL,2014,Tottenham,Burnley,,,,,,
192843,2014-12-20,PL,2014,West Ham,Leicester,,,,,,
192839,2014-12-20,PL,2014,Hull City,Swansea,,,,,,
192838,2014-12-20,PL,2014,Aston Villa,Manchester United,,,,,,
192840,2014-12-20,PL,2014,QPR,West Brom,,,,,,
445690,2014-12-20,ELC,2014,Fulham,Sheffield Wednesday,,,,,,
445691,2014-12-20,ELC,2014,Huddersfield,Birmingham,,,,,,
445695,2014-12-20,ELC,2014,Wolves,Brighton,,,,,,
445689,2014-12-20,ELC,2014,Cardiff,Brentford,,,,,,
445693,2014-12-20,ELC,2014,Reading,Watford,,,,,,
445692,2014-12-20,ELC,2014,Ipswich,Middlesbrough,,,,,,
445694,2014-12-20,ELC,2014,Wigan,Rotherham,,,,,,
445687,2014-12-20,ELC,2014,Blackburn,Charlton,,,,,,
445688,2014-12-20,ELC,2014,Blackpool,Bournemouth,,,,,,
445696,2014-12-20,ELC,2014,Nottingham Forest,Leeds,,,,,,
192844,2014-12-21,PL,2014,Newcastle,Sunderland,,,,,,
192845,2014-12-21,PL,2014,Liverpool,Arsenal,,,,,,
192846,2014-12-22,PL,2014,Stoke City,Chelsea,,,,,,
192847,2014-12-26,PL,2014,Chelsea,West Ham,,,,,,
445697,2014-12-26,ELC,2014,Brentford,Ipswich,,,,,,
445698,2014-12-26,ELC,2014,Charlton,Cardiff,,,,,,
192852,2014-12-26,PL,2014,Manchester United,Newcastle,,,,,,
192848,2014-12-26,PL,2014,Burnley,Liverpool,,,,,,
192850,2014-12-26,PL,2014,Everton,Stoke City,,,,,,
192851,2014-12-26,PL,2014,Leicester,Tottenham,,,,,,
192849,2014-12-26,PL,2014,Crystal Palace,Southampton,,,,,,
192855,2014-12-26,PL,2014,West Brom,Manchester City,,,,,,
192854,2014-12-26,PL,2014,Swansea,Aston Villa,,,,,,
192853,2014-12-26,PL,2014,Sunderland,Hull City,,,,,,
445699,2014-12-26,ELC,2014,Bournemouth,Fulham,,,,,,
445702,2014-12-26,ELC,2014,Brighton,Reading,,,,,,
445700,2014-12-26,ELC,2014,Birmingham,Derby,,,,,,
445703,2014-12-26,ELC,2014,Leeds,Wigan,,,,,,
445701,2014-12-26,ELC,2014,Bolton,Blackburn,,,,,,
445704,2014-12-26,ELC,2014,Middlesbrough,Nottingham Forest,,,,,,
445705,2014-12-26,ELC,2014,Norwich,Millwall,,,,,,
445706,2014-12-26,ELC,2014,Rotherham,Huddersfield,,,,,,
445707,2014-12-26,ELC,2014,Sheffield Wednesday,Blackpool,,,,,,
192856,2014-12-26,PL,2014,Arsenal,QPR,,,,,,
445708,2014-12-26,ELC,2014,Watford,Wolves,,,,,,
192857,2014-12-28,PL,2014,Tottenham,Manchester United,,,,,,
445709,2014-12-28,ELC,2014,Nottingham Forest,Birmingham,,,,,,
192858,2014-12-28,PL,2014,Southampton,Chelsea,,,,,,
192864,2014-12-28,PL,2014,West Ham,Arsenal,,,,,,
192861,2014-12-28,PL,2014,Manchester City,Burnley,,,,,,
192860,2014-12-28,PL,2014,Hull City,Leicester,,,,,,
192859,2014-12-28,PL,2014,Aston Villa,Sunderland,,,,,,
192862,2014-12-28,PL,2014,QPR,Crystal Palace,,,,,,
192863,2014-12-28,PL,2014,Stoke City,West Brom,,,,,,
445713,2014-12-28,ELC,2014,Huddersfield,Bolton,,,,,,
445716,2014-12-28,ELC,2014,Wolves,Brentford,,,,,,
445712,2014-12-28,ELC,2014,Cardiff,Watford,,,,,,
445715,2014-12-28,ELC,2014,Reading,Norwich,,,,,,
445714,2014-12-28,ELC,2014,Millwall,Bournemouth,,,,,,
445710,2014-12-28,ELC,2014,Blackburn,Middlesbrough,,,,,,
445711,2014-12-28,ELC,2014,Blackpool,Rotherham,,,,,,
192865,2014-12-28,PL,2014,Newcastle,Everton,,,,,,
192866,2014-12-29,PL,2014,Liverpool,Swansea,,,,,,
445717,2014-12-29,ELC,2014,Fulham,Brighton,,,,,,
445719,2014-12-30,ELC,2014,Ipswich,Charlton,,,,,,
445720,2014-12-30,ELC,2014,Wigan,Sheffield Wednesday,,,,,,
445718,2014-12-30,ELC,2014,Derby,Leeds,,,,,,
192867,2015-01-01,PL,2014,Stoke City,Manchester United,,,,,,
192872,2015-01-01,PL,2014,Newcastle,Burnley,,,,,,
192870,2015-01-01,PL,2014,Liverpool,Leicester,,,,,,
192874,2015-01-01,PL,2014,Southampton,Arsenal,,,,,,
192875,2015-01-01,PL,2014,West Ham,West Brom,,,,,,
192871,2015-01-01,PL,2014,Manchester City,Sunderland,,,,,,
192869,2015-01-01,PL,2014,Hull City,Everton,,,,,,
192868,2015-01-01,PL,2014,Aston Villa,Crystal Palace,,,,,,
192873,2015-01-01,PL,2014,QPR,Swansea,,,,,,
192876,2015-01-01,PL,2014,Tottenham,Chelsea,,,,,,
445721,2015-01-10,ELC,2014,Ipswich,Derby,,,,,,
192877,2015-01-10,PL,2014,Sunderland,Liverpool,,,,,,
192878,2015-01-10,PL,2014,Burnley,QPR,,,,,,
192880,2015-01-10,PL,2014,Everton,Manchester City,,,,,,
192881,2015-01-10,PL,2014,Leicester,Aston Villa,,,,,,
192879,2015-01-10,PL,2014,Chelsea,Newcastle,,,,,,
192883,2015-01-10,PL,2014,West Brom,Hull City,,,,,,
192882,2015-01-10,PL,2014,Swansea,West Ham,,,,,,
445722,2015-01-10,ELC,2014,Bournemouth,Norwich,,,,,,
445729,2015-01-10,ELC,2014,Huddersfield,Watford,,,,,,
445727,2015-01-10,ELC,2014,Cardiff,Fulham,,,,,,
445731,2015-01-10,ELC,2014,Reading,Middlesbrough,,,,,,
445723,2015-01-10,ELC,2014,Birmingham,Wigan,,,,,,
445726,2015-01-10,ELC,2014,Brentford,Rotherham,,,,,,
445730,2015-01-10,ELC,2014,Nottingham Forest,Sheffield Wednesday,,,,,,
445725,2015-01-10,ELC,2014,Bolton,Leeds,,,,,,
445728,2015-01-10,ELC,2014,Charlton,Brighton,,,,,,
445724,2015-01-10,ELC,2014,Blackpool,Millwall,,,,,,
192884,2015-01-10,PL,2014,Crystal Palace,Tottenham,,,,,,
192885,2015-01-11,PL,2014,Arsenal,Stoke City,,,,,,
445732,2015-01-11,ELC,2014,Blackburn,Wolves,,,,,,
192886,2015-01-11,PL,2014,Manchester United,Southampton,,,,,,
445733,2015-01-17,ELC,2014,Derby,Nottingham Forest,,,,,,
192888,2015-01-17,PL,2014,Burnley,Crystal Palace,,,,,,
192889,2015-01-17,PL,2014,Leicester,Stoke City,,,,,,
192892,2015-01-17,PL,2014,Tottenham,Sunderland,,,,,,
192887,2015-01-17,PL,2014,Aston Villa,Liverpool,,,,,,
192890,2015-01-17,PL,2014,QPR,Manchester United,,,,,,
192891,2015-01-17,PL,2014,Swansea,Chelsea,,,,,,
445735,2015-01-17,ELC,2014,Fulham,Reading,,,,,,
445742,2015-01-17,ELC,2014,Watford,Charlton,,,,,,
445744,2015-01-17,ELC,2014,Wolves,Blackpool,,,,,,
445734,2015-01-17,ELC,2014,Brighton,Brentford,,,,,,
445738,2015-01-17,ELC,2014,Millwall,Ipswich,,,,,,
445743,2015-01-17,ELC,2014,Wigan,Blackburn,,,,,,
445736,2015-01-17,ELC,2014,Leeds,Birmingham,,,,,,
445737,2015-01-17,ELC,2014,Middlesbrough,Huddersfield,,,,,,
445739,2015-01-17,ELC,2014,Norwich,Cardiff,,,,,,
445740,2015-01-17,ELC,2014,Rotherham,Bournemouth,,,,,,
445741,2015-01-17,ELC,2014,Sheffield Wednesday,Bolton,,,,,,
192893,2015-01-17,PL,2014,Newcastle,Southampton,,,,,,
192894,2015-01-18,PL,2014,West Ham,Hull City,,,,,,
192895,2015-01-18,PL,2014,Manchester City,Arsenal,,,,,,
192896,2015-01-19,PL,2014,Everton,West Brom,,,,,,
445745,2015-01-20,ELC,2014,Leeds,Bournemouth,,,,,,
445746,2015-01-20,ELC,2014,Middlesbrough,Cardiff,,,,,,
445748,2015-01-21,ELC,2014,Fulham,Nottingham Forest,,,,,,
445747,2015-01-21,ELC,2014,Brighton,Ipswich,,,,,,
445750,2015-01-24,ELC,2014,Watford,Blackpool,,,,,,
445752,2015-01-24,ELC,2014,Wolves,Charlton,,,,,,
445751,2015-01-24,ELC,2014,Wigan,Huddersfield,,,,,,
445749,2015-01-24,ELC,2014,Norwich,Brentford,,,,,,
445754,2015-01-27,ELC,2014,Millwall,Reading,,,,,,
445753,2015-01-27,ELC,2014,Derby,Blackburn,,,,,,
445755,2015-01-27,ELC,2014,Rotherham,Bolton,,,,,,
445756,2015-01-27,ELC,2014,Sheffield Wednesday,Birmingham,,,,,,
445757,2015-01-30,ELC,2014,Bournemouth,Watford,,,,,,
445758,2015-01-31,ELC,2014,Brentford,Middlesbrough,,,,,,
445759,2015-01-31,ELC,2014,Huddersfield,Leeds,,,,,,
192897,2015-01-31,PL,2014,Hull City,Newcastle,,,,,,
192900,2015-01-31,PL,2014,Manchester United,Leicester,,,,,,
192899,2015-01-31,PL,2014,Liverpool,West Ham,,,,,,
192898,2015-01-31,PL,2014,Crystal Palace,Everton,,,,,,
192903,2015-01-31,PL,2014,West Brom,Tottenham,,,,,,
192901,2015-01-31,PL,2014,Stoke City,QPR,,,,,,
192902,2015-01-31,PL,2014,Sunderland,Burnley,,,,,,
445764,2015-01-31,ELC,2014,Cardiff,Derby,,,,,,
445768,2015-01-31,ELC,2014,Reading,Sheffield Wednesday,,,,,,
445760,2015-01-31,ELC,2014,Birmingham,Norwich,,,,,,
445766,2015-01-31,ELC,2014,Ipswich,Wigan,,,,,,
445767,2015-01-31,ELC,2014,Nottingham Forest,Millwall,,,,,,
445761,2015-01-31,ELC,2014,Blackburn,Fulham,,,,,,
445763,2015-01-31,ELC,2014,Bolton,Wolves,,,,,,
445765,2015-01-31,ELC,2014,Charlton,Rotherham,,,,,,
445762,2015-01-31,ELC,2014,Blackpool,Brighton,,,,,,
192904,2015-01-31,PL,2014,Chelsea,Manchester City,,,,,,
192905,2015-02-01,PL,2014,Arsenal,Aston Villa,,,,,,
192906,2015-02-01,PL,2014,Southampton,Swansea,,,,,,
192907,2015-02-07,PL,2014,Tottenham,Arsenal,,,,,,
192909,2015-02-07,PL,2014,Leicester,Crystal Palace,,,,,,
192910,2015-02-07,PL,2014,Manchester City,Hull City,,,,,,
192908,2015-02-07,PL,2014,Aston Villa,Chelsea,,,,,,
192911,2015-02-07,PL,2014,QPR,Southampton,,,,,,
192912,2015-02-07,PL,2014,Swansea,Sunderland,,,,,,
445771,2015-02-07,ELC,2014,Fulham,Birmingham,,,,,,
445778,2015-02-07,ELC,2014,Watford,Blackburn,,,,,,
445780,2015-02-07,ELC,2014,Wolves,Reading,,,,,,
445769,2015-02-07,ELC,2014,Brighton,Nottingham Forest,,,,,,
445774,2015-02-07,ELC,2014,Millwall,Huddersfield,,,,,,
445779,2015-02-07,ELC,2014,Wigan,Bournemouth,,,,,,
445772,2015-02-07,ELC,2014,Leeds,Brentford,,,,,,
445770,2015-02-07,ELC,2014,Derby,Bolton,,,,,,
445773,2015-02-07,ELC,2014,Middlesbrough,Charlton,,,,,,
445775,2015-02-07,ELC,2014,Norwich,Blackpool,,,,,,
445776,2015-02-07,ELC,2014,Rotherham,Ipswich,,,,,,
445777,2015-02-07,ELC,2014,Sheffield Wednesday,Cardiff,,,,,,
192913,2015-02-07,PL,2014,Everton,Liverpool,,,,,,
192914,2015-02-08,PL,2014,Burnley,West Brom,,,,,,
192915,2015-02-08,PL,2014,Newcastle,Stoke City,,,,,,
192916,2015-02-08,PL,2014,West Ham,Manchester United,,,,,,
192917,2015-02-10,PL,2014,Arsenal,Leicester,,,,,,
192918,2015-02-10,PL,2014,Hull City,Aston Villa,,,,,,
192919,2015-02-10,PL,2014,Sunderland,QPR,,,,,,
445781,2015-02-10,ELC,2014,Bournemouth,Derby,,,,,,
445788,2015-02-10,ELC,2014,Huddersfield,Wolves,,,,,,
445786,2015-02-10,ELC,2014,Cardiff,Brighton,,,,,,
445782,2015-02-10,ELC,2014,Birmingham,Millwall,,,,,,
445785,2015-02-10,ELC,2014,Brentford,Watford,,,,,,
445789,2015-02-10,ELC,2014,Ipswich,Sheffield Wednesday,,,,,,
445783,2015-02-10,ELC,2014,Blackburn,Rotherham,,,,,,
445787,2015-02-10,ELC,2014,Charlton,Norwich,,,,,,
445784,2015-02-10,ELC,2014,Blackpool,Middlesbrough,,,,,,
192920,2015-02-10,PL,2014,Liverpool,Tottenham,,,,,,
445791,2015-02-10,ELC,2014,Reading,Leeds,,,,,,
445790,2015-02-10,ELC,2014,Bolton,Fulham,,,,,,
192921,2015-02-11,PL,2014,Manchester United,Burnley,,,,,,
192922,2015-02-11,PL,2014,Southampton,West Ham,,,,,,
192923,2015-02-11,PL,2014,Chelsea,Everton,,,,,,
192924,2015-02-11,PL,2014,Stoke City,Manchester City,,,,,,
445792,2015-02-11,ELC,2014,Nottingham Forest,Wigan,,,,,,
192925,2015-02-11,PL,2014,Crystal Palace,Newcastle,,,,,,
192926,2015-02-11,PL,2014,West Brom,Swansea,,,,,,
445793,2015-02-14,ELC,2014,Bournemouth,Huddersfield,,,,,,
445797,2015-02-14,ELC,2014,Fulham,Ipswich,,,,,,
445798,2015-02-14,ELC,2014,Leeds,Millwall,,,,,,
445795,2015-02-14,ELC,2014,Bolton,Watford,,,,,,
445799,2015-02-14,ELC,2014,Norwich,Wolves,,,,,,
445800,2015-02-14,ELC,2014,Sheffield Wednesday,Brighton,,,,,,
445796,2015-02-14,ELC,2014,Charlton,Brentford,,,,,,
445794,2015-02-14,ELC,2014,Blackpool,Nottingham Forest,,,,,,
445801,2015-02-17,ELC,2014,Cardiff,Blackburn,,,,,,
445802,2015-02-17,ELC,2014,Rotherham,Derby,,,,,,
445803,2015-02-17,ELC,2014,Reading,Wigan,,,,,,
445804,2015-02-18,ELC,2014,Birmingham,Middlesbrough,,,,,,
445805,2015-02-20,ELC,2014,Wigan,Charlton,,,,,,
445806,2015-02-21,ELC,2014,Middlesbrough,Leeds,,,,,,
192928,2015-02-21,PL,2014,Chelsea,Burnley,,,,,,
192929,2015-02-21,PL,2014,Crystal Palace,Arsenal,,,,,,
192930,2015-02-21,PL,2014,Hull City,QPR,,,,,,
192927,2015-02-21,PL,2014,Aston Villa,Stoke City,,,,,,
192932,2015-02-21,PL,2014,Swansea,Manchester United,,,,,,
192931,2015-02-21,PL,2014,Sunderland,West Brom,,,,,,
445811,2015-02-21,ELC,2014,Huddersfield,Cardiff,,,,,,
445815,2015-02-21,ELC,2014,Watford,Norwich,,,,,,
445816,2015-02-21,ELC,2014,Wolves,Rotherham,,,,,,
445809,2015-02-21,ELC,2014,Brighton,Birmingham,,,,,,
445808,2015-02-21,ELC,2014,Brentford,Bournemouth,,,,,,
445812,2015-02-21,ELC,2014,Ipswich,Reading,,,,,,
445813,2015-02-21,ELC,2014,Millwall,Fulham,,,,,,
445814,2015-02-21,ELC,2014,Nottingham Forest,Bolton,,,,,,
445807,2015-02-21,ELC,2014,Blackburn,Blackpool,,,,,,
445810,2015-02-21,ELC,2014,Derby,Sheffield Wednesday,,,,,,
192933,2015-02-21,PL,2014,Manchester City,Newcastle,,,,,,
192934,2015-02-22,PL,2014,Tottenham,West Ham,,,,,,
192935,2015-02-22,PL,2014,Everton,Leicester,,,,,,
192936,2015-02-22,PL,2014,Southampton,Liverpool,,,,,,
445821,2015-02-24,ELC,2014,Huddersfield,Reading,,,,,,
445825,2015-02-24,ELC,2014,Watford,Rotherham,,,,,,
445827,2015-02-24,ELC,2014,Wolves,Fulham,,,,,,
445819,2015-02-24,ELC,2014,Brighton,Leeds,,,,,,
445818,2015-02-24,ELC,2014,Brentford,Blackpool,,,,,,
445822,2015-02-24,ELC,2014,Ipswich,Birmingham,,,,,,
445824,2015-02-24,ELC,2014,Millwall,Sheffield Wednesday,,,,,,
445826,2015-02-24,ELC,2014,Wigan,Cardiff,,,,,,
445817,2015-02-24,ELC,2014,Blackburn,Norwich,,,,,,
445820,2015-02-24,ELC,2014,Derby,Charlton,,,,,,
445823,2015-02-24,ELC,2014,Middlesbrough,Bolton,,,,,,
445828,2015-02-25,ELC,2014,Nottingham Forest,Bournemouth,,,,,,
192937,2015-02-28,PL,2014,West Ham,Crystal Palace,,,,,,
192939,2015-02-28,PL,2014,Manchester United,Sunderland,,,,,,
192940,2015-02-28,PL,2014,Newcastle,Aston Villa,,,,,,
192938,2015-02-28,PL,2014,Burnley,Swansea,,,,,,
192942,2015-02-28,PL,2014,West Brom,Southampton,,,,,,
192941,2015-02-28,PL,2014,Stoke City,Hull City,,,,,,
445834,2015-02-28,ELC,2014,Fulham,Derby,,,,,,
445832,2015-02-28,ELC,2014,Cardiff,Wolves,,,,,,
445836,2015-02-28,ELC,2014,Reading,Nottingham Forest,,,,,,
445829,2015-02-28,ELC,2014,Birmingham,Brentford,,,,,,
445835,2015-02-28,ELC,2014,Leeds,Watford,,,,,,
445831,2015-02-28,ELC,2014,Bolton,Brighton,,,,,,
445837,2015-02-28,ELC,2014,Rotherham,Millwall,,,,,,
445838,2015-02-28,ELC,2014,Sheffield Wednesday,Middlesbrough,,,,,,
445833,2015-02-28,ELC,2014,Charlton,Huddersfield,,,,,,
445830,2015-02-28,ELC,2014,Blackpool,Wigan,,,,,,
445839,2015-02-28,ELC,2014,Bournemouth,Blackburn,,,,,,
192943,2015-03-01,PL,2014,Liverpool,Manchester City,,,,,,
192944,2015-03-01,PL,2014,Arsenal,Everton,,,,,,
445840,2015-03-01,ELC,2014,Norwich,Ipswich,,,,,,
192949,2015-03-03,PL,2014,Southampton,Crystal Palace,,,,,,
192948,2015-03-03,PL,2014,Hull City,Sunderland,,,,,,
192947,2015-03-03,PL,2014,Aston Villa,West Brom,,,,,,
445841,2015-03-03,ELC,2014,Bournemouth,Wolves,,,,,,
445847,2015-03-03,ELC,2014,Watford,Fulham,,,,,,
445843,2015-03-03,ELC,2014,Brighton,Derby,,,,,,
445842,2015-03-03,ELC,2014,Brentford,Huddersfield,,,,,,
445845,2015-03-03,ELC,2014,Middlesbrough,Millwall,,,,,,
445846,2015-03-03,ELC,2014,Rotherham,Cardiff,,,,,,
445844,2015-03-03,ELC,2014,Charlton,Nottingham Forest,,,,,,
445848,2015-03-03,ELC,2014,Bolton,Reading,,,,,,
192953,2015-03-04,PL,2014,Newcastle,Manchester United,,,,,,
192955,2015-03-04,PL,2014,Tottenham,Swansea,,,,,,
192951,2015-03-04,PL,2014,West Ham,Chelsea,,,,,,
192952,2015-03-04,PL,2014,Manchester City,Leicester,,,,,,
192950,2015-03-04,PL,2014,QPR,Arsenal,,,,,,
192954,2015-03-04,PL,2014,Stoke City,Everton,,,,,,
445849,2015-03-04,ELC,2014,Birmingham,Blackpool,,,,,,
445850,2015-03-04,ELC,2014,Leeds,Ipswich,,,,,,
445851,2015-03-04,ELC,2014,Norwich,Wigan,,,,,,
445852,2015-03-04,ELC,2014,Sheffield Wednesday,Blackburn,,,,,,
192956,2015-03-04,PL,2014,Liverpool,Burnley,,,,,,
445853,2015-03-06,ELC,2014,Fulham,Bournemouth,,,,,,
192945,2015-03-07,PL,2014,QPR,Tottenham,,,,,,
445857,2015-03-07,ELC,2014,Huddersfield,Rotherham,,,,,,
445862,2015-03-07,ELC,2014,Wolves,Watford,,,,,,
445855,2015-03-07,ELC,2014,Cardiff,Charlton,,,,,,
445858,2015-03-07,ELC,2014,Ipswich,Brentford,,,,,,
445859,2015-03-07,ELC,2014,Millwall,Norwich,,,,,,
445861,2015-03-07,ELC,2014,Wigan,Leeds,,,,,,
445860,2015-03-07,ELC,2014,Nottingham Forest,Middlesbrough,,,,,,
445856,2015-03-07,ELC,2014,Derby,Birmingham,,,,,,
445854,2015-03-07,ELC,2014,Blackpool,Sheffield Wednesday,,,,,,
445863,2015-03-10,ELC,2014,Reading,Brighton,,,,,,
445864,2015-03-11,ELC,2014,Blackburn,Bolton,,,,,,
445865,2015-03-14,ELC,2014,Middlesbrough,Ipswich,,,,,,
192957,2015-03-14,PL,2014,Crystal Palace,QPR,,,,,,
192958,2015-03-14,PL,2014,Arsenal,West Ham,,,,,,
192959,2015-03-14,PL,2014,Leicester,Hull City,,,,,,
192961,2015-03-14,PL,2014,West Brom,Stoke City,,,,,,
192960,2015-03-14,PL,2014,Sunderland,Aston Villa,,,,,,
445866,2015-03-14,ELC,2014,Bournemouth,Blackpool,,,,,,
445876,2015-03-14,ELC,2014,Watford,Reading,,,,,,
445870,2015-03-14,ELC,2014,Brighton,Wolves,,,,,,
445867,2015-03-14,ELC,2014,Birmingham,Huddersfield,,,,,,
445869,2015-03-14,ELC,2014,Brentford,Cardiff,,,,,,
445872,2015-03-14,ELC,2014,Leeds,Nottingham Forest,,,,,,
445868,2015-03-14,ELC,2014,Bolton,Millwall,,,,,,
445873,2015-03-14,ELC,2014,Norwich,Derby,,,,,,
445874,2015-03-14,ELC,2014,Rotherham,Wigan,,,,,,
445875,2015-03-14,ELC,2014,Sheffield Wednesday,Fulham,,,,,,
445871,2015-03-14,ELC,2014,Charlton,Blackburn,,,,,,
192962,2015-03-14,PL,2014,Burnley,Manchester City,,,,,,
192963,2015-03-15,PL,2014,Chelsea,Southampton,,,,,,
192965,2015-03-15,PL,2014,Manchester United,Tottenham,,,,,,
192964,2015-03-15,PL,2014,Everton,Newcastle,,,,,,
192966,2015-03-16,PL,2014,Swansea,Liverpool,,,,,,
445881,2015-03-17,ELC,2014,Huddersfield,Norwich,,,,,,
445885,2015-03-17,ELC,2014,Wolves,Sheffield Wednesday,,,,,,
445879,2015-03-17,ELC,2014,Cardiff,Bournemouth,,,,,,
445882,2015-03-17,ELC,2014,Ipswich,Bolton,,,,,,
445883,2015-03-17,ELC,2014,Millwall,Brighton,,,,,,
445884,2015-03-17,ELC,2014,Wigan,Watford,,,,,,
445877,2015-03-17,ELC,2014,Blackburn,Brentford,,,,,,
445880,2015-03-17,ELC,2014,Derby,Middlesbrough,,,,,,
445878,2015-03-17,ELC,2014,Blackpool,Charlton,,,,,,
445886,2015-03-18,ELC,2014,Nottingham Forest,Rotherham,,,,,,
445887,2015-03-18,ELC,2014,Fulham,Leeds,,,,,,
445889,2015-03-20,ELC,2014,Wolves,Derby,,,,,,
445890,2015-03-21,ELC,2014,Bournemouth,Middlesbrough,,,,,,
192967,2015-03-21,PL,2014,Manchester City,West Brom,,,,,,
445891,2015-03-21,ELC,2014,Brentford,Millwall,,,,,,
192969,2015-03-21,PL,2014,Newcastle,Arsenal,,,,,,
192970,2015-03-21,PL,2014,Southampton,Burnley,,,,,,
192972,2015-03-21,PL,2014,Tottenham,Leicester,,,,,,
192968,2015-03-21,PL,2014,Aston Villa,Swansea,,,,,,
192971,2015-03-21,PL,2014,Stoke City,Crystal Palace,,,,,,
445896,2015-03-21,ELC,2014,Huddersfield,Fulham,,,,,,
445899,2015-03-21,ELC,2014,Watford,Ipswich,,,,,,
445894,2015-03-21,ELC,2014,Cardiff,Birmingham,,,,,,
445900,2015-03-21,ELC,2014,Wigan,Bolton,,,,,,
445892,2015-03-21,ELC,2014,Blackburn,Brighton,,,,,,
445897,2015-03-21,ELC,2014,Norwich,Nottingham Forest,,,,,,
445898,2015-03-21,ELC,2014,Rotherham,Sheffield Wednesday,,,,,,
445895,2015-03-21,ELC,2014,Charlton,Reading,,,,,,
445893,2015-03-21,ELC,2014,Blackpool,Leeds,,,,,,
192973,2015-03-21,PL,2014,West Ham,Sunderland,,,,,,
192974,2015-03-22,PL,2014,Liverpool,Manchester United,,,,,,
192975,2015-03-22,PL,2014,Hull City,Chelsea,,,,,,
192976,2015-03-22,PL,2014,QPR,Everton,,,,,,
445903,2015-04-03,ELC,2014,Fulham,Brentford,,,,,,
445902,2015-04-03,ELC,2014,Brighton,Norwich,,,,,,
445901,2015-04-03,ELC,2014,Birmingham,Rotherham,,,,,,
445905,2015-04-03,ELC,2014,Millwall,Charlton,,,,,,
445906,2015-04-03,ELC,2014,Nottingham Forest,Wolves,,,,,,
445904,2015-04-03,ELC,2014,Middlesbrough,Wigan,,,,,,
445907,2015-04-03,ELC,2014,Ipswich,Bournemouth,,,,,,
445908,2015-04-03,ELC,2014,Derby,Watford,,,,,,
192977,2015-04-04,PL,2014,Arsenal,Liverpool,,,,,,
192980,2015-04-04,PL,2014,Manchester United,Aston Villa,,,,,,
192978,2015-04-04,PL,2014,Everton,Southampton,,,,,,
192979,2015-04-04,PL,2014,Leicester,West Ham,,,,,,
192982,2015-04-04,PL,2014,West Brom,QPR,,,,,,
192981,2015-04-04,PL,2014,Swansea,Hull City,,,,,,
445911,2015-04-04,ELC,2014,Reading,Cardiff,,,,,,
445910,2015-04-04,ELC,2014,Leeds,Blackburn,,,,,,
445909,2015-04-04,ELC,2014,Bolton,Blackpool,,,,,,
445912,2015-04-04,ELC,2014,Sheffield Wednesday,Huddersfield,,,,,,
192983,2015-04-04,PL,2014,Chelsea,Stoke City,,,,,,
192984,2015-04-05,PL,2014,Burnley,Tottenham,,,,,,
192985,2015-04-05,PL,2014,Sunderland,Newcastle,,,,,,
445913,2015-04-06,ELC,2014,Watford,Middlesbrough,,,,,,
445914,2015-04-06,ELC,2014,Bournemouth,Birmingham,,,,,,
445917,2015-04-06,ELC,2014,Huddersfield,Ipswich,,,,,,
445916,2015-04-06,ELC,2014,Cardiff,Bolton,,,,,,
445915,2015-04-06,ELC,2014,Brentford,Nottingham Forest,,,,,,
445920,2015-04-06,ELC,2014,Wigan,Derby,,,,,,
445918,2015-04-06,ELC,2014,Norwich,Sheffield Wednesday,,,,,,
445919,2015-04-06,ELC,2014,Rotherham,Brighton,,,,,,
445921,2015-04-06,ELC,2014,Wolves,Leeds,,,,,,
192986,2015-04-06,PL,2014,Crystal Palace,Manchester City,,,,,,
192997,2015-04-07,PL,2014,Aston Villa,QPR,,,,,,
445923,2015-04-07,ELC,2014,Charlton,Fulham,,,,,,
445922,2015-04-07,ELC,2014,Blackpool,Reading,,,,,,
445925,2015-04-10,ELC,2014,Brighton,Bournemouth,,,,,,
445926,2015-04-10,ELC,2014,Fulham,Wigan,,,,,,
445927,2015-04-11,ELC,2014,Derby,Brentford,,,,,,
192987,2015-04-11,PL,2014,Swansea,Everton,,,,,,
192988,2015-04-11,PL,2014,Southampton,Hull City,,,,,,
192990,2015-04-11,PL,2014,Tottenham,Aston Villa,,,,,,
192992,2015-04-11,PL,2014,West Ham,Stoke City,,,,,,
192991,2015-04-11,PL,2014,West Brom,Leicester,,,,,,
192989,2015-04-11,PL,2014,Sunderland,Crystal Palace,,,,,,
445935,2015-04-11,ELC,2014,Reading,Blackburn,,,,,,
445928,2015-04-11,ELC,2014,Birmingham,Wolves,,,,,,
445930,2015-04-11,ELC,2014,Ipswich,Blackpool,,,,,,
445933,2015-04-11,ELC,2014,Millwall,Watford,,,,,,
445931,2015-04-11,ELC,2014,Leeds,Cardiff,,,,,,
445934,2015-04-11,ELC,2014,Nottingham Forest,Huddersfield,,,,,,
445929,2015-04-11,ELC,2014,Bolton,Norwich,,,,,,
445932,2015-04-11,ELC,2014,Middlesbrough,Rotherham,,,,,,
445936,2015-04-11,ELC,2014,Sheffield Wednesday,Charlton,,,,,,
192993,2015-04-11,PL,2014,Burnley,Arsenal,,,,,,
192994,2015-04-12,PL,2014,QPR,Chelsea,,,,,,
192995,2015-04-12,PL,2014,Manchester United,Manchester City,,,,,,
192996,2015-04-13,PL,2014,Liverpool,Newcastle,,,,,,
445938,2015-04-14,ELC,2014,Brighton,Huddersfield,,,,,,
445937,2015-04-14,ELC,2014,Birmingham,Blackburn,,,,,,
445940,2015-04-14,ELC,2014,Ipswich,Cardiff,,,,,,
445943,2015-04-14,ELC,2014,Millwall,Wigan,,,,,,
445941,2015-04-14,ELC,2014,Leeds,Norwich,,,,,,
445939,2015-04-14,ELC,2014,Derby,Blackpool,,,,,,
445942,2015-04-14,ELC,2014,Middlesbrough,Wolves,,,,,,
445944,2015-04-14,ELC,2014,Sheffield Wednesday,Brentford,,,,,,
445946,2015-04-14,ELC,2014,Reading,Bournemouth,,,,,,
445945,2015-04-14,ELC,2014,Bolton,Charlton,,,,,,
445947,2015-04-15,ELC,2014,Nottingham Forest,Watford,,,,,,
445948,2015-04-15,ELC,2014,Fulham,Rotherham,,,,,,
445949,2015-04-17,ELC,2014,Norwich,Middlesbrough,,,,,,
445950,2015-04-18,ELC,2014,Wolves,Ipswich,,,,,,
192999,2015-04-18,PL,2014,Everton,Burnley,,,,,,
193000,2015-04-18,PL,2014,Leicester,Swansea,,,,,,
192998,2015-04-18,PL,2014,Crystal Palace,West Brom,,,,,,
193001,2015-04-18,PL,2014,Stoke City,Southampton,,,,,,
445951,2015-04-18,ELC,2014,Bournemouth,Sheffield Wednesday,,,,,,
445957,2015-04-18,ELC,2014,Huddersfield,Derby,,,,,,
445958,2015-04-18,ELC,2014,Watford,Birmingham,,,,,,
445955,2015-04-18,ELC,2014,Cardiff,Millwall,,,,,,
445954,2015-04-18,ELC,2014,Brentford,Bolton,,,,,,
445959,2015-04-18,ELC,2014,Wigan,Brighton,,,,,,
445952,2015-04-18,ELC,2014,Blackburn,Nottingham Forest,,,,,,
445956,2015-04-18,ELC,2014,Charlton,Leeds,,,,,,
445953,2015-04-18,ELC,2014,Blackpool,Fulham,,,,,,
193002,2015-04-18,PL,2014,Chelsea,Manchester United,,,,,,
193003,2015-04-19,PL,2014,Manchester City,West Ham,,,,,,
193004,2015-04-19,PL,2014,Newcastle,Tottenham,,,,,,
445924,2015-04-21,ELC,2014,Blackburn,Millwall,,,,,,
445888,2015-04-22,ELC,2014,Reading,Birmingham,,,,,,
445961,2015-04-25,ELC,2014,Brighton,Watford,,,,,,
445962,2015-04-25,ELC,2014,Sheffield Wednesday,Leeds,,,,,,
193007,2015-04-25,PL,2014,Southampton,Tottenham,,,,,,
193010,2015-04-25,PL,2014,Newcastle,Swansea,,,,,,
193008,2015-04-25,PL,2014,Burnley,Leicester,,,,,,
193009,2015-04-25,PL,2014,Crystal Palace,Hull City,,,,,,
193013,2015-04-25,PL,2014,West Brom,Liverpool,,,,,,
193011,2015-04-25,PL,2014,QPR,West Ham,,,,,,
193012,2015-04-25,PL,2014,Stoke City,Sunderland,,,,,,
445965,2015-04-25,ELC,2014,Fulham,Middlesbrough,,,,,,
445966,2015-04-25,ELC,2014,Huddersfield,Blackburn,,,,,,
445964,2015-04-25,ELC,2014,Cardiff,Blackpool,,,,,,
445969,2015-04-25,ELC,2014,Reading,Brentford,,,,,,
445963,2015-04-25,ELC,2014,Birmingham,Charlton,,,,,,
445967,2015-04-25,ELC,2014,Ipswich,Nottingham Forest,,,,,,
445968,2015-04-25,ELC,2014,Millwall,Derby,,,,,,
445971,2015-04-25,ELC,2014,Wigan,Wolves,,,,,,
445970,2015-04-25,ELC,2014,Rotherham,Norwich,,,,,,
193014,2015-04-25,PL,2014,Manchester City,Aston Villa,,,,,,
193015,2015-04-26,PL,2014,Everton,Manchester United,,,,,,
193016,2015-04-26,PL,2014,Arsenal,Chelsea,,,,,,
445972,2015-04-27,ELC,2014,Bournemouth,Bolton,,,,,,
193005,2015-04-28,PL,2014,Hull City,Liverpool,,,,,,
445960,2015-04-28,ELC,2014,Rotherham,Reading,,,,,,
192946,2015-04-29,PL,2014,Leicester,Chelsea,,,,,,
445983,2015-05-02,ELC,2014,Watford,Sheffield Wednesday,,,,,,
445984,2015-05-02,ELC,2014,Wolves,Millwall,,,,,,
445976,2015-05-02,ELC,2014,Brentford,Wigan,,,,,,
445979,2015-05-02,ELC,2014,Leeds,Rotherham,,,,,,
445982,2015-05-02,ELC,2014,Nottingham Forest,Cardiff,,,,,,
445973,2015-05-02,ELC,2014,Blackburn,Ipswich,,,,,,
445975,2015-05-02,ELC,2014,Bolton,Birmingham,,,,,,
445978,2015-05-02,ELC,2014,Derby,Reading,,,,,,
445980,2015-05-02,ELC,2014,Middlesbrough,Brighton,,,,,,
445981,2015-05-02,ELC,2014,Norwich,Fulham,,,,,,
445977,2015-05-02,ELC,2014,Charlton,Bournemouth,,,,,,
445974,2015-05-02,ELC,2014,Blackpool,Huddersfield,,,,,,
193017,2015-05-02,PL,2014,Leicester,Newcastle,,,,,,
193019,2015-05-02,PL,2014,Liverpool,QPR,,,,,,
193022,2015-05-02,PL,2014,West Ham,Burnley,,,,,,
193018,2015-05-02,PL,2014,Aston Villa,Everton,,,,,,
193021,2015-05-02,PL,2014,Swansea,Stoke City,,,,,,
193020,2015-05-02,PL,2014,Sunderland,Southampton,,,,,,
193023,2015-05-02,PL,2014,Manchester United,West Brom,,,,,,
193024,2015-05-03,PL,2014,Chelsea,Crystal Palace,,,,,,
193025,2015-05-03,PL,2014,Tottenham,Manchester City,,,,,,
193026,2015-05-04,PL,2014,Hull City,Arsenal,,,,,,
445429,2015-05-08,ELC,2014,Brentford,Middlesbrough,,,,,,
445431,2015-05-09,ELC,2014,Ipswich,Norwich,,,,,,
193027,2015-05-09,PL,2014,Everton,Sunderland,,,,,,
193031,2015-05-09,PL,2014,Newcastle,West Brom,,,,,,
193030,2015-05-09,PL,2014,Leicester,Southampton,,,,,,
193029,2015-05-09,PL,2014,Hull City,Burnley,,,,,,
193028,2015-05-09,PL,2014,Aston Villa,West Ham,,,,,,
193032,2015-05-09,PL,2014,Stoke City,Tottenham,,,,,,
193033,2015-05-09,PL,2014,Crystal Palace,Manchester United,,,,,,
193034,2015-05-10,PL,2014,Manchester City,QPR,,,,,,
193035,2015-05-10,PL,2014,Chelsea,Liverpool,,,,,,
193036,2015-05-11,PL,2014,Arsenal,Swansea,,,,,,
445430,2015-05-15,ELC,2014,Middlesbrough,Brentford,,,,,,
445432,2015-05-16,ELC,2014,Norwich,Ipswich,,,,,,
193037,2015-05-16,PL,2014,Southampton,Aston Villa,,,,,,
193038,2015-05-16,PL,2014,Burnley,Stoke City,,,,,,
193041,2015-05-16,PL,2014,Tottenham,Hull City,,,,,,
193042,2015-05-16,PL,2014,West Ham,Everton,,,,,,
193039,2015-05-16,PL,2014,QPR,Newcastle,,,,,,
193040,2015-05-16,PL,2014,Sunderland,Leicester,,,,,,
193043,2015-05-16,PL,2014,Liverpool,Crystal Palace,,,,,,
193044,2015-05-17,PL,2014,Swansea,Manchester City,,,,,,
193045,2015-05-17,PL,2014,Manchester United,Arsenal,,,,,,
193046,2015-05-18,PL,2014,West Brom,Chelsea,,,,,,
193006,2015-05-20,PL,2014,Arsenal,Sunderland,,,,,,
193055,2015-05-24,PL,2014,Newcastle,West Ham,,,,,,
193047,2015-05-24,PL,2014,Arsenal,West Brom,,,,,,
193051,2015-05-24,PL,2014,Everton,Tottenham,,,,,,
193053,2015-05-24,PL,2014,Leicester,QPR,,,,,,
193049,2015-05-24,PL,2014,Chelsea,Sunderland,,,,,,
193054,2015-05-24,PL,2014,Manchester City,Southampton,,,,,,
193050,2015-05-24,PL,2014,Crystal Palace,Swansea,,,,,,
193052,2015-05-24,PL,2014,Hull City,Manchester United,,,,,,
193048,2015-05-24,PL,2014,Aston Villa,Burnley,,,,,,
193056,2015-05-24,PL,2014,Stoke City,Liverpool,,,,,,
445428,2015-05-25,ELC,2014,Middlesbrough,Norwich,,,,,,
370807,2015-08-07,ELC,2015,Brighton,Nottingham Forest,,,,,,
370808,2015-08-08,ELC,2015,Cardiff,Fulham,,,,,,
370809,2015-08-08,ELC,2015,Leeds,Burnley,,,,,,
192297,2015-08-08,PL,2015,Manchester United,Tottenham,,,,,,
192298,2015-08-08,PL,2015,Bournemouth,Aston Villa,,,,,,
192301,2015-08-08,PL,2015,Everton,Watford,,,,,,
192300,2015-08-08,PL,2015,Leicester,Sunderland,,,,,,
192299,2015-08-08,PL,2015,Norwich,Crystal Palace,,,,,,
370810,2015-08-08,ELC,2015,Birmingham,Reading,,,,,,
370813,2015-08-08,ELC,2015,Brentford,Ipswich,,,,,,
370815,2015-08-08,ELC,2015,Hull City,Huddersfield,,,,,,
370811,2015-08-08,ELC,2015,Blackburn,Wolves,,,,,,
370812,2015-08-08,ELC,2015,Bolton,Derby,,,,,,
370816,2015-08-08,ELC,2015,Rotherham,Milton Keynes Dons,,,,,,
370817,2015-08-08,ELC,2015,Sheffield Wednesday,Bristol City,,,,,,
370814,2015-08-08,ELC,2015,Charlton,QPR,,,,,,
192302,2015-08-08,PL,2015,Chelsea,Swansea,,,,,,
370818,2015-08-09,ELC,2015,Preston,Middlesbrough,,,,,,
192303,2015-08-09,PL,2015,Newcastle,Southampton,,,,,,
192304,2015-08-09,PL,2015,Arsenal,West Ham,,,,,,
192305,2015-08-09,PL,2015,Stoke City,Liverpool,,,,,,
192306,2015-08-10,PL,2015,West Brom,Manchester City,,,,,,
192307,2015-08-14,PL,2015,Aston Villa,Manchester United,,,,,,
370819,2015-08-15,ELC,2015,Burnley,Birmingham,,,,,,
192308,2015-08-15,PL,2015,Southampton,Everton,,,,,,
192313,2015-08-15,PL,2015,Watford,West Brom,,,,,,
192312,2015-08-15,PL,2015,Tottenham,Stoke City,,,,,,
192309,2015-08-15,PL,2015,West Ham,Leicester,,,,,,
192310,2015-08-15,PL,2015,Swansea,Newcastle,,,,,,
192311,2015-08-15,PL,2015,Sunderland,Norwich,,,,,,
370822,2015-08-15,ELC,2015,Fulham,Brighton,,,,,,
370823,2015-08-15,ELC,2015,Huddersfield,Blackburn,,,,,,
370820,2015-08-15,ELC,2015,Bristol City,Brentford,,,,,,
370824,2015-08-15,ELC,2015,Ipswich,Sheffield Wednesday,,,,,,
370827,2015-08-15,ELC,2015,Nottingham Forest,Rotherham,,,,,,
370821,2015-08-15,ELC,2015,Derby,Charlton,,,,,,
370825,2015-08-15,ELC,2015,Middlesbrough,Bolton,,,,,,
370826,2015-08-15,ELC,2015,Milton Keynes Dons,Preston,,,,,,
370828,2015-08-15,ELC,2015,QPR,Cardiff,,,,,,
370829,2015-08-16,ELC,2015,Wolves,Hull City,,,,,,
192314,2015-08-16,PL,2015,Crystal Palace,Arsenal,,,,,,
370830,2015-08-16,ELC,2015,Reading,Leeds,,,,,,
192315,2015-08-16,PL,2015,Manchester City,Chelsea,,,,,,
192316,2015-08-17,PL,2015,Liverpool,Bournemouth,,,,,,
370833,2015-08-18,ELC,2015,Huddersfield,Brighton,,,,,,
370834,2015-08-18,ELC,2015,Ipswich,Burnley,,,,,,
370836,2015-08-18,ELC,2015,Nottingham Forest,Charlton,,,,,,
370831,2015-08-18,ELC,2015,Blackburn,Cardiff,,,,,,
370832,2015-08-18,ELC,2015,Derby,Middlesbrough,,,,,,
370837,2015-08-18,ELC,2015,Rotherham,Preston,,,,,,
370835,2015-08-18,ELC,2015,Milton Keynes Dons,Bolton,,,,,,
370841,2015-08-19,ELC,2015,Wolves,QPR,,,,,,
370838,2015-08-19,ELC,2015,Bristol City,Leeds,,,,,,
370839,2015-08-19,ELC,2015,Hull City,Fulham,,,,,,
370840,2015-08-19,ELC,2015,Sheffield Wednesday,Reading,,,,,,
370843,2015-08-21,ELC,2015,Birmingham,Derby,,,,,,
370844,2015-08-22,ELC,2015,Leeds,Sheffield Wednesday,,,,,,
192317,2015-08-22,PL,2015,Manchester United,Newcastle,,,,,,
192322,2015-08-22,PL,2015,Leicester,Tottenham,,,,,,
192319,2015-08-22,PL,2015,West Ham,Bournemouth,,,,,,
192318,2015-08-22,PL,2015,Crystal Palace,Aston Villa,,,,,,
192320,2015-08-22,PL,2015,Norwich,Stoke City,,,,,,
192321,2015-08-22,PL,2015,Sunderland,Swansea,,,,,,
370848,2015-08-22,ELC,2015,Fulham,Huddersfield,,,,,,
370846,2015-08-22,ELC,2015,Burnley,Brentford,,,,,,
370852,2015-08-22,ELC,2015,Reading,Milton Keynes Dons,,,,,,
370850,2015-08-22,ELC,2015,Preston,Ipswich,,,,,,
370845,2015-08-22,ELC,2015,Bolton,Nottingham Forest,,,,,,
370849,2015-08-22,ELC,2015,Middlesbrough,Bristol City,,,,,,
370851,2015-08-22,ELC,2015,QPR,Rotherham,,,,,,
370847,2015-08-22,ELC,2015,Charlton,Hull City,,,,,,
370853,2015-08-22,ELC,2015,Brighton,Blackburn,,,,,,
370854,2015-08-22,ELC,2015,Cardiff,Wolves,,,,,,
192323,2015-08-23,PL,2015,West Brom,Chelsea,,,,,,
192325,2015-08-23,PL,2015,Watford,Southampton,,,,,,
192324,2015-08-23,PL,2015,Everton,Manchester City,,,,,,
192326,2015-08-24,PL,2015,Arsenal,Liverpool,,,,,,
370855,2015-08-28,ELC,2015,Blackburn,Bolton,,,,,,
370856,2015-08-29,ELC,2015,Derby,Leeds,,,,,,
192327,2015-08-29,PL,2015,Newcastle,Arsenal,,,,,,
192329,2015-08-29,PL,2015,Bournemouth,Leicester,,,,,,
192333,2015-08-29,PL,2015,Liverpool,West Ham,,,,,,
192328,2015-08-29,PL,2015,Chelsea,Crystal Palace,,,,,,
192331,2015-08-29,PL,2015,Manchester City,Watford,,,,,,
192330,2015-08-29,PL,2015,Aston Villa,Sunderland,,,,,,
192332,2015-08-29,PL,2015,Stoke City,West Brom,,,,,,
370859,2015-08-29,ELC,2015,Huddersfield,QPR,,,,,,
370866,2015-08-29,ELC,2015,Wolves,Charlton,,,,,,
370857,2015-08-29,ELC,2015,Brentford,Reading,,,,,,
370858,2015-08-29,ELC,2015,Bristol City,Burnley,,,,,,
370861,2015-08-29,ELC,2015,Ipswich,Brighton,,,,,,
370860,2015-08-29,ELC,2015,Hull City,Preston,,,,,,
370863,2015-08-29,ELC,2015,Nottingham Forest,Cardiff,,,,,,
370864,2015-08-29,ELC,2015,Rotherham,Fulham,,,,,,
370865,2015-08-29,ELC,2015,Sheffield Wednesday,Middlesbrough,,,,,,
370862,2015-08-29,ELC,2015,Milton Keynes Dons,Birmingham,,,,,,
192334,2015-08-29,PL,2015,Tottenham,Everton,,,,,,
192335,2015-08-30,PL,2015,Southampton,Norwich,,,,,,
192336,2015-08-30,PL,2015,Swansea,Manchester United,,,,,,
370867,2015-09-11,ELC,2015,Reading,Ipswich,,,,,,
370868,2015-09-12,ELC,2015,QPR,Nottingham Forest,,,,,,
192337,2015-09-12,PL,2015,Everton,Chelsea,,,,,,
192342,2015-09-12,PL,2015,Watford,Swansea,,,,,,
192341,2015-09-12,PL,2015,Arsenal,Stoke City,,,,,,
192339,2015-09-12,PL,2015,Crystal Palace,Manchester City,,,,,,
192340,2015-09-12,PL,2015,West Brom,Southampton,,,,,,
192338,2015-09-12,PL,2015,Norwich,Bournemouth,,,,,,
370873,2015-09-12,ELC,2015,Cardiff,Huddersfield,,,,,,
370872,2015-09-12,ELC,2015,Burnley,Sheffield Wednesday,,,,,,
370871,2015-09-12,ELC,2015,Brighton,Hull City,,,,,,
370869,2015-09-12,ELC,2015,Birmingham,Bristol City,,,,,,
370877,2015-09-12,ELC,2015,Preston,Derby,,,,,,
370875,2015-09-12,ELC,2015,Leeds,Brentford,,,,,,
370870,2015-09-12,ELC,2015,Bolton,Wolves,,,,,,
370876,2015-09-12,ELC,2015,Middlesbrough,Milton Keynes Dons,,,,,,
370874,2015-09-12,ELC,2015,Charlton,Rotherham,,,,,,
192343,2015-09-12,PL,2015,Manchester United,Liverpool,,,,,,
370878,2015-09-13,ELC,2015,Fulham,Blackburn,,,,,,
192344,2015-09-13,PL,2015,Sunderland,Tottenham,,,,,,
192345,2015-09-13,PL,2015,Leicester,Aston Villa,,,,,,
192346,2015-09-14,PL,2015,West Ham,Newcastle,,,,,,
370882,2015-09-15,ELC,2015,Cardiff,Hull City,,,,,,
370881,2015-09-15,ELC,2015,Burnley,Milton Keynes Dons,,,,,,
370880,2015-09-15,ELC,2015,Brighton,Rotherham,,,,,,
370879,2015-09-15,ELC,2015,Birmingham,Nottingham Forest,,,,,,
370886,2015-09-15,ELC,2015,Preston,Bristol City,,,,,,
370884,2015-09-15,ELC,2015,Leeds,Ipswich,,,,,,
370885,2015-09-15,ELC,2015,Middlesbrough,Brentford,,,,,,
370883,2015-09-15,ELC,2015,Charlton,Huddersfield,,,,,,
370888,2015-09-15,ELC,2015,Reading,Derby,,,,,,
370887,2015-09-15,ELC,2015,Bolton,Sheffield Wednesday,,,,,,
370889,2015-09-16,ELC,2015,QPR,Blackburn,,,,,,
370891,2015-09-18,ELC,2015,Ipswich,Birmingham,,,,,,
370892,2015-09-19,ELC,2015,Nottingham Forest,Middlesbrough,,,,,,
192347,2015-09-19,PL,2015,Chelsea,Arsenal,,,,,,
192351,2015-09-19,PL,2015,Newcastle,Watford,,,,,,
192350,2015-09-19,PL,2015,Bournemouth,Sunderland,,,,,,
192352,2015-09-19,PL,2015,Aston Villa,West Brom,,,,,,
192349,2015-09-19,PL,2015,Stoke City,Leicester,,,,,,
192348,2015-09-19,PL,2015,Swansea,Everton,,,,,,
370896,2015-09-19,ELC,2015,Huddersfield,Bolton,,,,,,
370901,2015-09-19,ELC,2015,Wolves,Brighton,,,,,,
370894,2015-09-19,ELC,2015,Brentford,Preston,,,,,,
370895,2015-09-19,ELC,2015,Bristol City,Reading,,,,,,
370897,2015-09-19,ELC,2015,Hull City,QPR,,,,,,
370893,2015-09-19,ELC,2015,Blackburn,Charlton,,,,,,
370899,2015-09-19,ELC,2015,Rotherham,Cardiff,,,,,,
370900,2015-09-19,ELC,2015,Sheffield Wednesday,Fulham,,,,,,
370898,2015-09-19,ELC,2015,Milton Keynes Dons,Leeds,,,,,,
192353,2015-09-19,PL,2015,Manchester City,West Ham,,,,,,
192354,2015-09-20,PL,2015,Tottenham,Crystal Palace,,,,,,
192356,2015-09-20,PL,2015,Liverpool,Norwich,,,,,,
192355,2015-09-20,PL,2015,Southampton,Manchester United,,,,,,
370902,2015-09-21,ELC,2015,Derby,Burnley,,,,,,
370903,2015-09-24,ELC,2015,Huddersfield,Nottingham Forest,,,,,,
370904,2015-09-25,ELC,2015,Fulham,QPR,,,,,,
370905,2015-09-26,ELC,2015,Milton Keynes Dons,Derby,,,,,,
192357,2015-09-26,PL,2015,Tottenham,Manchester City,,,,,,
192362,2015-09-26,PL,2015,Manchester United,Sunderland,,,,,,
192359,2015-09-26,PL,2015,Liverpool,Aston Villa,,,,,,
192363,2015-09-26,PL,2015,Southampton,Swansea,,,,,,
192358,2015-09-26,PL,2015,Leicester,Arsenal,,,,,,
192361,2015-09-26,PL,2015,West Ham,Norwich,,,,,,
192360,2015-09-26,PL,2015,Stoke City,Bournemouth,,,,,,
370910,2015-09-26,ELC,2015,Cardiff,Charlton,,,,,,
370909,2015-09-26,ELC,2015,Burnley,Reading,,,,,,
370906,2015-09-26,ELC,2015,Birmingham,Rotherham,,,,,,
370908,2015-09-26,ELC,2015,Brentford,Sheffield Wednesday,,,,,,
370912,2015-09-26,ELC,2015,Ipswich,Bristol City,,,,,,
370913,2015-09-26,ELC,2015,Preston,Wolves,,,,,,
370911,2015-09-26,ELC,2015,Hull City,Blackburn,,,,,,
370907,2015-09-26,ELC,2015,Bolton,Brighton,,,,,,
192364,2015-09-26,PL,2015,Newcastle,Chelsea,,,,,,
370914,2015-09-27,ELC,2015,Middlesbrough,Leeds,,,,,,
192365,2015-09-27,PL,2015,Watford,Crystal Palace,,,,,,
192366,2015-09-28,PL,2015,West Brom,Everton,,,,,,
370890,2015-09-29,ELC,2015,Fulham,Wolves,,,,,,
370842,2015-09-29,ELC,2015,Brentford,Birmingham,,,,,,
370915,2015-10-02,ELC,2015,Rotherham,Burnley,,,,,,
370916,2015-10-03,ELC,2015,Wolves,Huddersfield,,,,,,
192367,2015-10-03,PL,2015,Crystal Palace,West Brom,,,,,,
192371,2015-10-03,PL,2015,Bournemouth,Watford,,,,,,
192369,2015-10-03,PL,2015,Manchester City,Newcastle,,,,,,
192370,2015-10-03,PL,2015,Aston Villa,Stoke City,,,,,,
192368,2015-10-03,PL,2015,Norwich,Leicester,,,,,,
192372,2015-10-03,PL,2015,Sunderland,West Ham,,,,,,
370918,2015-10-03,ELC,2015,Brighton,Cardiff,,,,,,
370924,2015-10-03,ELC,2015,Reading,Middlesbrough,,,,,,
370919,2015-10-03,ELC,2015,Bristol City,Milton Keynes Dons,,,,,,
370921,2015-10-03,ELC,2015,Leeds,Birmingham,,,,,,
370922,2015-10-03,ELC,2015,Nottingham Forest,Hull City,,,,,,
370917,2015-10-03,ELC,2015,Blackburn,Ipswich,,,,,,
370920,2015-10-03,ELC,2015,Derby,Brentford,,,,,,
370923,2015-10-03,ELC,2015,QPR,Bolton,,,,,,
370925,2015-10-03,ELC,2015,Sheffield Wednesday,Preston,,,,,,
192373,2015-10-03,PL,2015,Chelsea,Southampton,,,,,,
370926,2015-10-04,ELC,2015,Charlton,Fulham,,,,,,
192374,2015-10-04,PL,2015,Everton,Liverpool,,,,,,
192375,2015-10-04,PL,2015,Arsenal,Manchester United,,,,,,
192376,2015-10-04,PL,2015,Swansea,Tottenham,,,,,,
370927,2015-10-16,ELC,2015,Bristol City,Nottingham Forest,,,,,,
370928,2015-10-17,ELC,2015,Sheffield Wednesday,Hull City,,,,,,
192377,2015-10-17,PL,2015,Tottenham,Liverpool,,,,,,
192380,2015-10-17,PL,2015,Southampton,Leicester,,,,,,
192381,2015-10-17,PL,2015,Everton,Manchester United,,,,,,
192378,2015-10-17,PL,2015,Chelsea,Aston Villa,,,,,,
192379,2015-10-17,PL,2015,Manchester City,Bournemouth,,,,,,
192383,2015-10-17,PL,2015,Crystal Palace,West Ham,,,,,,
192382,2015-10-17,PL,2015,West Brom,Sunderland,,,,,,
370931,2015-10-17,ELC,2015,Burnley,Bolton,,,,,,
370937,2015-10-17,ELC,2015,Reading,Charlton,,,,,,
370929,2015-10-17,ELC,2015,Birmingham,QPR,,,,,,
370930,2015-10-17,ELC,2015,Brentford,Rotherham,,,,,,
370932,2015-10-17,ELC,2015,Ipswich,Huddersfield,,,,,,
370936,2015-10-17,ELC,2015,Preston,Cardiff,,,,,,
370933,2015-10-17,ELC,2015,Leeds,Brighton,,,,,,
370934,2015-10-17,ELC,2015,Middlesbrough,Fulham,,,,,,
370935,2015-10-17,ELC,2015,Milton Keynes Dons,Blackburn,,,,,,
192384,2015-10-17,PL,2015,Watford,Arsenal,,,,,,
370938,2015-10-18,ELC,2015,Derby,Wolves,,,,,,
192385,2015-10-18,PL,2015,Newcastle,Norwich,,,,,,
192386,2015-10-19,PL,2015,Swansea,Stoke City,,,,,,
370942,2015-10-20,ELC,2015,Huddersfield,Milton Keynes Dons,,,,,,
370940,2015-10-20,ELC,2015,Cardiff,Middlesbrough,,,,,,
370939,2015-10-20,ELC,2015,Brighton,Bristol City,,,,,,
370943,2015-10-20,ELC,2015,Hull City,Ipswich,,,,,,
370944,2015-10-20,ELC,2015,Nottingham Forest,Burnley,,,,,,
370945,2015-10-20,ELC,2015,QPR,Sheffield Wednesday,,,,,,
370946,2015-10-20,ELC,2015,Rotherham,Reading,,,,,,
370941,2015-10-20,ELC,2015,Charlton,Preston,,,,,,
370947,2015-10-20,ELC,2015,Bolton,Birmingham,,,,,,
370949,2015-10-21,ELC,2015,Fulham,Leeds,,,,,,
370950,2015-10-21,ELC,2015,Wolves,Brentford,,,,,,
370948,2015-10-21,ELC,2015,Blackburn,Derby,,,,,,
370951,2015-10-23,ELC,2015,Rotherham,Sheffield Wednesday,,,,,,
370952,2015-10-24,ELC,2015,Blackburn,Burnley,,,,,,
370953,2015-10-24,ELC,2015,Fulham,Reading,,,,,,
192388,2015-10-24,PL,2015,Leicester,Crystal Palace,,,,,,
192387,2015-10-24,PL,2015,West Ham,Chelsea,,,,,,
192389,2015-10-24,PL,2015,Aston Villa,Swansea,,,,,,
192391,2015-10-24,PL,2015,Norwich,West Brom,,,,,,
192390,2015-10-24,PL,2015,Stoke City,Watford,,,,,,
370957,2015-10-24,ELC,2015,Huddersfield,Derby,,,,,,
370961,2015-10-24,ELC,2015,Wolves,Middlesbrough,,,,,,
370955,2015-10-24,ELC,2015,Brighton,Preston,,,,,,
370958,2015-10-24,ELC,2015,Hull City,Birmingham,,,,,,
370959,2015-10-24,ELC,2015,Nottingham Forest,Ipswich,,,,,,
370954,2015-10-24,ELC,2015,Bolton,Leeds,,,,,,
370960,2015-10-24,ELC,2015,QPR,Milton Keynes Dons,,,,,,
370956,2015-10-24,ELC,2015,Charlton,Brentford,,,,,,
192392,2015-10-24,PL,2015,Arsenal,Everton,,,,,,
192393,2015-10-25,PL,2015,Sunderland,Newcastle,,,,,,
192394,2015-10-25,PL,2015,Manchester United,Manchester City,,,,,,
192395,2015-10-25,PL,2015,Bournemouth,Tottenham,,,,,,
192396,2015-10-25,PL,2015,Liverpool,Southampton,,,,,,
370962,2015-10-26,ELC,2015,Cardiff,Bristol City,,,,,,
370963,2015-10-29,ELC,2015,Leeds,Blackburn,,,,,,
370964,2015-10-30,ELC,2015,Brentford,QPR,,,,,,
370965,2015-10-31,ELC,2015,Birmingham,Wolves,,,,,,
192397,2015-10-31,PL,2015,Chelsea,Liverpool,,,,,,
192402,2015-10-31,PL,2015,Newcastle,Stoke City,,,,,,
192403,2015-10-31,PL,2015,Watford,West Ham,,,,,,
192401,2015-10-31,PL,2015,Manchester City,Norwich,,,,,,
192400,2015-10-31,PL,2015,Crystal Palace,Manchester United,,,,,,
192399,2015-10-31,PL,2015,West Brom,Leicester,,,,,,
192398,2015-10-31,PL,2015,Swansea,Arsenal,,,,,,
370967,2015-10-31,ELC,2015,Burnley,Huddersfield,,,,,,
370972,2015-10-31,ELC,2015,Reading,Brighton,,,,,,
370966,2015-10-31,ELC,2015,Bristol City,Fulham,,,,,,
370969,2015-10-31,ELC,2015,Ipswich,Cardiff,,,,,,
370968,2015-10-31,ELC,2015,Derby,Rotherham,,,,,,
370970,2015-10-31,ELC,2015,Middlesbrough,Charlton,,,,,,
370973,2015-10-31,ELC,2015,Sheffield Wednesday,Nottingham Forest,,,,,,
370971,2015-10-31,ELC,2015,Milton Keynes Dons,Hull City,,,,,,
370974,2015-10-31,ELC,2015,Preston,Bolton,,,,,,
192404,2015-11-01,PL,2015,Everton,Sunderland,,,,,,
192405,2015-11-01,PL,2015,Southampton,Bournemouth,,,,,,
192406,2015-11-02,PL,2015,Tottenham,Aston Villa,,,,,,
370978,2015-11-03,ELC,2015,Burnley,Fulham,,,,,,
370975,2015-11-03,ELC,2015,Birmingham,Blackburn,,,,,,
370976,2015-11-03,ELC,2015,Brentford,Hull City,,,,,,
370977,2015-11-03,ELC,2015,Bristol City,Wolves,,,,,,
370980,2015-11-03,ELC,2015,Ipswich,Bolton,,,,,,
370984,2015-11-03,ELC,2015,Preston,Nottingham Forest,,,,,,
370981,2015-11-03,ELC,2015,Leeds,Cardiff,,,,,,
370979,2015-11-03,ELC,2015,Derby,QPR,,,,,,
370982,2015-11-03,ELC,2015,Middlesbrough,Rotherham,,,,,,
370985,2015-11-03,ELC,2015,Sheffield Wednesday,Brighton,,,,,,
370983,2015-11-03,ELC,2015,Milton Keynes Dons,Charlton,,,,,,
370986,2015-11-03,ELC,2015,Reading,Huddersfield,,,,,,
370987,2015-11-06,ELC,2015,Nottingham Forest,Derby,,,,,,
370988,2015-11-07,ELC,2015,Huddersfield,Leeds,,,,,,
192407,2015-11-07,PL,2015,Bournemouth,Newcastle,,,,,,
192412,2015-11-07,PL,2015,Manchester United,West Brom,,,,,,
192411,2015-11-07,PL,2015,Leicester,Watford,,,,,,
192408,2015-11-07,PL,2015,West Ham,Everton,,,,,,
192410,2015-11-07,PL,2015,Norwich,Swansea,,,,,,
192409,2015-11-07,PL,2015,Sunderland,Southampton,,,,,,
370994,2015-11-07,ELC,2015,Fulham,Birmingham,,,,,,
370998,2015-11-07,ELC,2015,Wolves,Burnley,,,,,,
370992,2015-11-07,ELC,2015,Cardiff,Reading,,,,,,
370991,2015-11-07,ELC,2015,Brighton,Milton Keynes Dons,,,,,,
370995,2015-11-07,ELC,2015,Hull City,Middlesbrough,,,,,,
370989,2015-11-07,ELC,2015,Blackburn,Brentford,,,,,,
370990,2015-11-07,ELC,2015,Bolton,Bristol City,,,,,,
370996,2015-11-07,ELC,2015,QPR,Preston,,,,,,
370997,2015-11-07,ELC,2015,Rotherham,Ipswich,,,,,,
370993,2015-11-07,ELC,2015,Charlton,Sheffield Wednesday,,,,,,
192413,2015-11-07,PL,2015,Stoke City,Chelsea,,,,,,
192414,2015-11-08,PL,2015,Aston Villa,Manchester City,,,,,,
192415,2015-11-08,PL,2015,Liverpool,Crystal Palace,,,,,,
192416,2015-11-08,PL,2015,Arsenal,Tottenham,,,,,,
370999,2015-11-20,ELC,2015,Middlesbrough,QPR,,,,,,
371000,2015-11-21,ELC,2015,Bristol City,Hull City,,,,,,
192417,2015-11-21,PL,2015,Watford,Manchester United,,,,,,
192421,2015-11-21,PL,2015,Newcastle,Leicester,,,,,,
192423,2015-11-21,PL,2015,Southampton,Stoke City,,,,,,
192419,2015-11-21,PL,2015,Everton,Aston Villa,,,,,,
192422,2015-11-21,PL,2015,Chelsea,Norwich,,,,,,
192418,2015-11-21,PL,2015,West Brom,Arsenal,,,,,,
192420,2015-11-21,PL,2015,Swansea,Bournemouth,,,,,,
371008,2015-11-21,ELC,2015,Reading,Bolton,,,,,,
371001,2015-11-21,ELC,2015,Birmingham,Charlton,,,,,,
371002,2015-11-21,ELC,2015,Brentford,Nottingham Forest,,,,,,
371004,2015-11-21,ELC,2015,Ipswich,Wolves,,,,,,
371007,2015-11-21,ELC,2015,Preston,Blackburn,,,,,,
371005,2015-11-21,ELC,2015,Leeds,Rotherham,,,,,,
371003,2015-11-21,ELC,2015,Derby,Cardiff,,,,,,
371009,2015-11-21,ELC,2015,Sheffield Wednesday,Huddersfield,,,,,,
371006,2015-11-21,ELC,2015,Milton Keynes Dons,Fulham,,,,,,
192424,2015-11-21,PL,2015,Manchester City,Liverpool,,,,,,
371010,2015-11-22,ELC,2015,Burnley,Brighton,,,,,,
192425,2015-11-22,PL,2015,Tottenham,West Ham,,,,,,
192426,2015-11-23,PL,2015,Crystal Palace,Sunderland,,,,,,
371011,2015-11-27,ELC,2015,Hull City,Derby,,,,,,
371012,2015-11-28,ELC,2015,Charlton,Ipswich,,,,,,
192427,2015-11-28,PL,2015,Bournemouth,Everton,,,,,,
192429,2015-11-28,PL,2015,Manchester City,Southampton,,,,,,
192428,2015-11-28,PL,2015,Crystal Palace,Newcastle,,,,,,
192431,2015-11-28,PL,2015,Aston Villa,Watford,,,,,,
192430,2015-11-28,PL,2015,Sunderland,Stoke City,,,,,,
371016,2015-11-28,ELC,2015,Fulham,Preston,,,,,,
371017,2015-11-28,ELC,2015,Huddersfield,Middlesbrough,,,,,,
371021,2015-11-28,ELC,2015,Wolves,Milton Keynes Dons,,,,,,
371015,2015-11-28,ELC,2015,Cardiff,Burnley,,,,,,
371014,2015-11-28,ELC,2015,Brighton,Birmingham,,,,,,
371018,2015-11-28,ELC,2015,Nottingham Forest,Reading,,,,,,
371013,2015-11-28,ELC,2015,Blackburn,Sheffield Wednesday,,,,,,
371019,2015-11-28,ELC,2015,QPR,Leeds,,,,,,
371020,2015-11-28,ELC,2015,Rotherham,Bristol City,,,,,,
192432,2015-11-28,PL,2015,Leicester,Manchester United,,,,,,
192433,2015-11-29,PL,2015,Tottenham,Chelsea,,,,,,
192434,2015-11-29,PL,2015,West Ham,West Brom,,,,,,
192436,2015-11-29,PL,2015,Liverpool,Swansea,,,,,,
192435,2015-11-29,PL,2015,Norwich,Arsenal,,,,,,
371022,2015-11-30,ELC,2015,Bolton,Brentford,,,,,,
371023,2015-12-03,ELC,2015,Reading,QPR,,,,,,
371024,2015-12-04,ELC,2015,Ipswich,Middlesbrough,,,,,,
192437,2015-12-05,PL,2015,Stoke City,Manchester City,,,,,,
192443,2015-12-05,PL,2015,Manchester United,West Ham,,,,,,
192440,2015-12-05,PL,2015,Watford,Norwich,,,,,,
192438,2015-12-05,PL,2015,Southampton,Aston Villa,,,,,,
192441,2015-12-05,PL,2015,Arsenal,Sunderland,,,,,,
192442,2015-12-05,PL,2015,West Brom,Tottenham,,,,,,
192439,2015-12-05,PL,2015,Swansea,Leicester,,,,,,
371030,2015-12-05,ELC,2015,Burnley,Preston,,,,,,
371028,2015-12-05,ELC,2015,Brighton,Charlton,,,,,,
371025,2015-12-05,ELC,2015,Birmingham,Huddersfield,,,,,,
371027,2015-12-05,ELC,2015,Brentford,Milton Keynes Dons,,,,,,
371029,2015-12-05,ELC,2015,Bristol City,Blackburn,,,,,,
371031,2015-12-05,ELC,2015,Leeds,Hull City,,,,,,
371032,2015-12-05,ELC,2015,Nottingham Forest,Fulham,,,,,,
371026,2015-12-05,ELC,2015,Bolton,Cardiff,,,,,,
371033,2015-12-05,ELC,2015,Rotherham,Wolves,,,,,,
192444,2015-12-05,PL,2015,Chelsea,Bournemouth,,,,,,
371034,2015-12-06,ELC,2015,Sheffield Wednesday,Derby,,,,,,
192445,2015-12-06,PL,2015,Newcastle,Liverpool,,,,,,
192446,2015-12-07,PL,2015,Everton,Crystal Palace,,,,,,
371036,2015-12-11,ELC,2015,Wolves,Nottingham Forest,,,,,,
371035,2015-12-11,ELC,2015,Blackburn,Rotherham,,,,,,
371037,2015-12-12,ELC,2015,Milton Keynes Dons,Ipswich,,,,,,
192447,2015-12-12,PL,2015,Norwich,Everton,,,,,,
192449,2015-12-12,PL,2015,West Ham,Stoke City,,,,,,
192450,2015-12-12,PL,2015,Manchester City,Swansea,,,,,,
192448,2015-12-12,PL,2015,Crystal Palace,Southampton,,,,,,
192451,2015-12-12,PL,2015,Sunderland,Watford,,,,,,
371041,2015-12-12,ELC,2015,Fulham,Brentford,,,,,,
371042,2015-12-12,ELC,2015,Huddersfield,Bristol City,,,,,,
371038,2015-12-12,ELC,2015,Cardiff,Sheffield Wednesday,,,,,,
371045,2015-12-12,ELC,2015,Preston,Reading,,,,,,
371043,2015-12-12,ELC,2015,Hull City,Bolton,,,,,,
371040,2015-12-12,ELC,2015,Derby,Brighton,,,,,,
371044,2015-12-12,ELC,2015,Middlesbrough,Birmingham,,,,,,
371046,2015-12-12,ELC,2015,QPR,Burnley,,,,,,
371039,2015-12-12,ELC,2015,Charlton,Leeds,,,,,,
192452,2015-12-12,PL,2015,Bournemouth,Manchester United,,,,,,
192453,2015-12-13,PL,2015,Aston Villa,Arsenal,,,,,,
192455,2015-12-13,PL,2015,Liverpool,West Brom,,,,,,
192454,2015-12-13,PL,2015,Tottenham,Newcastle,,,,,,
371047,2015-12-14,ELC,2015,Blackburn,Nottingham Forest,,,,,,
192456,2015-12-14,PL,2015,Leicester,Chelsea,,,,,,
371051,2015-12-15,ELC,2015,Fulham,Ipswich,,,,,,
371052,2015-12-15,ELC,2015,Huddersfield,Rotherham,,,,,,
371048,2015-12-15,ELC,2015,Cardiff,Brentford,,,,,,
371055,2015-12-15,ELC,2015,Preston,Birmingham,,,,,,
371050,2015-12-15,ELC,2015,Derby,Bristol City,,,,,,
371053,2015-12-15,ELC,2015,Middlesbrough,Burnley,,,,,,
371056,2015-12-15,ELC,2015,QPR,Brighton,,,,,,
371049,2015-12-15,ELC,2015,Charlton,Bolton,,,,,,
371054,2015-12-15,ELC,2015,Milton Keynes Dons,Sheffield Wednesday,,,,,,
371057,2015-12-16,ELC,2015,Hull City,Reading,,,,,,
371058,2015-12-17,ELC,2015,Wolves,Leeds,,,,,,
371059,2015-12-18,ELC,2015,Birmingham,Cardiff,,,,,,
371060,2015-12-19,ELC,2015,Brighton,Middlesbrough,,,,,,
192460,2015-12-19,PL,2015,Manchester United,Norwich,,,,,,
192462,2015-12-19,PL,2015,Southampton,Tottenham,,,,,,
192459,2015-12-19,PL,2015,Everton,Leicester,,,,,,
192461,2015-12-19,PL,2015,Chelsea,Sunderland,,,,,,
192457,2015-12-19,PL,2015,West Brom,Bournemouth,,,,,,
192458,2015-12-19,PL,2015,Stoke City,Crystal Palace,,,,,,
371064,2015-12-19,ELC,2015,Burnley,Charlton,,,,,,
371062,2015-12-19,ELC,2015,Brentford,Huddersfield,,,,,,
371063,2015-12-19,ELC,2015,Bristol City,QPR,,,,,,
371065,2015-12-19,ELC,2015,Ipswich,Derby,,,,,,
371066,2015-12-19,ELC,2015,Nottingham Forest,Milton Keynes Dons,,,,,,
371061,2015-12-19,ELC,2015,Bolton,Fulham,,,,,,
371067,2015-12-19,ELC,2015,Rotherham,Hull City,,,,,,
192463,2015-12-19,PL,2015,Newcastle,Aston Villa,,,,,,
192464,2015-12-20,PL,2015,Watford,Liverpool,,,,,,
371068,2015-12-20,ELC,2015,Sheffield Wednesday,Wolves,,,,,,
371070,2015-12-20,ELC,2015,Reading,Blackburn,,,,,,
371069,2015-12-20,ELC,2015,Leeds,Preston,,,,,,
192465,2015-12-20,PL,2015,Swansea,West Ham,,,,,,
192466,2015-12-21,PL,2015,Arsenal,Manchester City,,,,,,
192467,2015-12-26,PL,2015,Stoke City,Manchester United,,,,,,
371071,2015-12-26,ELC,2015,Brentford,Brighton,,,,,,
192468,2015-12-26,PL,2015,Bournemouth,Crystal Palace,,,,,,
192469,2015-12-26,PL,2015,Liverpool,Leicester,,,,,,
192470,2015-12-26,PL,2015,Tottenham,Norwich,,,,,,
192472,2015-12-26,PL,2015,Chelsea,Watford,,,,,,
192471,2015-12-26,PL,2015,Manchester City,Sunderland,,,,,,
192474,2015-12-26,PL,2015,Aston Villa,West Ham,,,,,,
192473,2015-12-26,PL,2015,Swansea,West Brom,,,,,,
371074,2015-12-26,ELC,2015,Huddersfield,Preston,,,,,,
371072,2015-12-26,ELC,2015,Bristol City,Charlton,,,,,,
371076,2015-12-26,ELC,2015,Ipswich,QPR,,,,,,
371075,2015-12-26,ELC,2015,Hull City,Burnley,,,,,,
371073,2015-12-26,ELC,2015,Derby,Fulham,,,,,,
371078,2015-12-26,ELC,2015,Rotherham,Bolton,,,,,,
371079,2015-12-26,ELC,2015,Sheffield Wednesday,Birmingham,,,,,,
371077,2015-12-26,ELC,2015,Milton Keynes Dons,Cardiff,,,,,,
371080,2015-12-26,ELC,2015,Wolves,Reading,,,,,,
192475,2015-12-26,PL,2015,Newcastle,Everton,,,,,,
192476,2015-12-26,PL,2015,Southampton,Arsenal,,,,,,
371081,2015-12-27,ELC,2015,Nottingham Forest,Leeds,,,,,,
371083,2015-12-28,ELC,2015,Bolton,Blackburn,,,,,,
192481,2015-12-28,PL,2015,Watford,Tottenham,,,,,,
192479,2015-12-28,PL,2015,Everton,Stoke City,,,,,,
192480,2015-12-28,PL,2015,Crystal Palace,Swansea,,,,,,
192478,2015-12-28,PL,2015,West Brom,Newcastle,,,,,,
192477,2015-12-28,PL,2015,Norwich,Aston Villa,,,,,,
371085,2015-12-28,ELC,2015,Burnley,Bristol City,,,,,,
371089,2015-12-28,ELC,2015,Reading,Brentford,,,,,,
371084,2015-12-28,ELC,2015,Birmingham,Milton Keynes Dons,,,,,,
371087,2015-12-28,ELC,2015,Preston,Hull City,,,,,,
371088,2015-12-28,ELC,2015,QPR,Huddersfield,,,,,,
371086,2015-12-28,ELC,2015,Charlton,Wolves,,,,,,
371090,2015-12-28,ELC,2015,Middlesbrough,Sheffield Wednesday,,,,,,
192483,2015-12-28,PL,2015,Manchester United,Chelsea,,,,,,
192482,2015-12-28,PL,2015,Arsenal,Bournemouth,,,,,,
192484,2015-12-28,PL,2015,West Ham,Southampton,,,,,,
192485,2015-12-29,PL,2015,Leicester,Manchester City,,,,,,
371093,2015-12-29,ELC,2015,Fulham,Rotherham,,,,,,
371092,2015-12-29,ELC,2015,Cardiff,Nottingham Forest,,,,,,
371091,2015-12-29,ELC,2015,Brighton,Ipswich,,,,,,
371094,2015-12-29,ELC,2015,Leeds,Derby,,,,,,
192486,2015-12-30,PL,2015,Sunderland,Liverpool,,,,,,
371095,2016-01-01,ELC,2015,Brighton,Wolves,,,,,,
371096,2016-01-01,ELC,2015,QPR,Hull City,,,,,,
192487,2016-01-02,PL,2015,West Ham,Liverpool,,,,,,
192493,2016-01-02,PL,2015,Manchester United,Swansea,,,,,,
192490,2016-01-02,PL,2015,Arsenal,Newcastle,,,,,,
192489,2016-01-02,PL,2015,Leicester,Bournemouth,,,,,,
192492,2016-01-02,PL,2015,West Brom,Stoke City,,,,,,
192491,2016-01-02,PL,2015,Norwich,Southampton,,,,,,
192488,2016-01-02,PL,2015,Sunderland,Aston Villa,,,,,,
371102,2016-01-02,ELC,2015,Fulham,Sheffield Wednesday,,,,,,
371100,2016-01-02,ELC,2015,Cardiff,Blackburn,,,,,,
371099,2016-01-02,ELC,2015,Burnley,Ipswich,,,,,,
371106,2016-01-02,ELC,2015,Reading,Bristol City,,,,,,
371097,2016-01-02,ELC,2015,Birmingham,Brentford,,,,,,
371105,2016-01-02,ELC,2015,Preston,Rotherham,,,,,,
371103,2016-01-02,ELC,2015,Leeds,Milton Keynes Dons,,,,,,
371098,2016-01-02,ELC,2015,Bolton,Huddersfield,,,,,,
371104,2016-01-02,ELC,2015,Middlesbrough,Derby,,,,,,
371101,2016-01-02,ELC,2015,Charlton,Nottingham Forest,,,,,,
192494,2016-01-02,PL,2015,Watford,Manchester City,,,,,,
192495,2016-01-03,PL,2015,Crystal Palace,Chelsea,,,,,,
192496,2016-01-03,PL,2015,Everton,Tottenham,,,,,,
192499,2016-01-12,PL,2015,Newcastle,Manchester United,,,,,,
192498,2016-01-12,PL,2015,Bournemouth,West Ham,,,,,,
192497,2016-01-12,PL,2015,Aston Villa,Crystal Palace,,,,,,
371111,2016-01-12,ELC,2015,Huddersfield,Charlton,,,,,,
371108,2016-01-12,ELC,2015,Brentford,Middlesbrough,,,,,,
371109,2016-01-12,ELC,2015,Bristol City,Preston,,,,,,
371112,2016-01-12,ELC,2015,Ipswich,Leeds,,,,,,
371114,2016-01-12,ELC,2015,Nottingham Forest,Birmingham,,,,,,
371107,2016-01-12,ELC,2015,Blackburn,QPR,,,,,,
371110,2016-01-12,ELC,2015,Derby,Reading,,,,,,
371115,2016-01-12,ELC,2015,Rotherham,Brighton,,,,,,
371116,2016-01-12,ELC,2015,Sheffield Wednesday,Bolton,,,,,,
371113,2016-01-12,ELC,2015,Milton Keynes Dons,Burnley,,,,,,
371117,2016-01-12,ELC,2015,Wolves,Fulham,,,,,,
192503,2016-01-13,PL,2015,Southampton,Watford,,,,,,
192504,2016-01-13,PL,2015,Chelsea,West Brom,,,,,,
192501,2016-01-13,PL,2015,Manchester City,Everton,,,,,,
192502,2016-01-13,PL,2015,Stoke City,Norwich,,,,,,
192500,2016-01-13,PL,2015,Swansea,Sunderland,,,,,,
371118,2016-01-13,ELC,2015,Hull City,Cardiff,,,,,,
192505,2016-01-13,PL,2015,Liverpool,Arsenal,,,,,,
192506,2016-01-13,PL,2015,Tottenham,Leicester,,,,,,
371119,2016-01-15,ELC,2015,Brentford,Burnley,,,,,,
371120,2016-01-16,ELC,2015,Sheffield Wednesday,Leeds,,,,,,
192507,2016-01-16,PL,2015,Tottenham,Sunderland,,,,,,
192512,2016-01-16,PL,2015,Newcastle,West Ham,,,,,,
192510,2016-01-16,PL,2015,Bournemouth,Norwich,,,,,,
192511,2016-01-16,PL,2015,Southampton,West Brom,,,,,,
192509,2016-01-16,PL,2015,Chelsea,Everton,,,,,,
192508,2016-01-16,PL,2015,Manchester City,Crystal Palace,,,,,,
371124,2016-01-16,ELC,2015,Huddersfield,Fulham,,,,,,
371130,2016-01-16,ELC,2015,Wolves,Cardiff,,,,,,
371122,2016-01-16,ELC,2015,Bristol City,Middlesbrough,,,,,,
371126,2016-01-16,ELC,2015,Ipswich,Preston,,,,,,
371125,2016-01-16,ELC,2015,Hull City,Charlton,,,,,,
371128,2016-01-16,ELC,2015,Nottingham Forest,Bolton,,,,,,
371121,2016-01-16,ELC,2015,Blackburn,Brighton,,,,,,
371123,2016-01-16,ELC,2015,Derby,Birmingham,,,,,,
371129,2016-01-16,ELC,2015,Rotherham,QPR,,,,,,
371127,2016-01-16,ELC,2015,Milton Keynes Dons,Reading,,,,,,
192513,2016-01-16,PL,2015,Aston Villa,Leicester,,,,,,
192514,2016-01-17,PL,2015,Liverpool,Manchester United,,,,,,
192515,2016-01-17,PL,2015,Stoke City,Arsenal,,,,,,
192516,2016-01-18,PL,2015,Swansea,Watford,,,,,,
371131,2016-01-23,ELC,2015,QPR,Wolves,,,,,,
192517,2016-01-23,PL,2015,Norwich,Liverpool,,,,,,
192521,2016-01-23,PL,2015,Manchester United,Southampton,,,,,,
192520,2016-01-23,PL,2015,Watford,Newcastle,,,,,,
192522,2016-01-23,PL,2015,Leicester,Stoke City,,,,,,
192523,2016-01-23,PL,2015,Crystal Palace,Tottenham,,,,,,
192518,2016-01-23,PL,2015,West Brom,Aston Villa,,,,,,
192519,2016-01-23,PL,2015,Sunderland,Bournemouth,,,,,,
371137,2016-01-23,ELC,2015,Fulham,Hull City,,,,,,
371135,2016-01-23,ELC,2015,Cardiff,Rotherham,,,,,,
371134,2016-01-23,ELC,2015,Brighton,Huddersfield,,,,,,
371141,2016-01-23,ELC,2015,Reading,Sheffield Wednesday,,,,,,
371132,2016-01-23,ELC,2015,Birmingham,Ipswich,,,,,,
371140,2016-01-23,ELC,2015,Preston,Brentford,,,,,,
371138,2016-01-23,ELC,2015,Leeds,Bristol City,,,,,,
371133,2016-01-23,ELC,2015,Bolton,Milton Keynes Dons,,,,,,
371139,2016-01-23,ELC,2015,Middlesbrough,Nottingham Forest,,,,,,
371136,2016-01-23,ELC,2015,Charlton,Blackburn,,,,,,
192524,2016-01-23,PL,2015,West Ham,Manchester City,,,,,,
192525,2016-01-24,PL,2015,Everton,Swansea,,,,,,
192526,2016-01-24,PL,2015,Arsenal,Chelsea,,,,,,
371142,2016-01-25,ELC,2015,Burnley,Derby,,,,,,
371143,2016-01-26,ELC,2015,Brentford,Leeds,,,,,,
371144,2016-01-26,ELC,2015,Nottingham Forest,QPR,,,,,,
371146,2016-01-30,ELC,2015,Huddersfield,Cardiff,,,,,,
371145,2016-01-30,ELC,2015,Bristol City,Birmingham,,,,,,
371147,2016-01-30,ELC,2015,Rotherham,Charlton,,,,,,
192530,2016-02-02,PL,2015,Arsenal,Southampton,,,,,,
192528,2016-02-02,PL,2015,Leicester,Liverpool,,,,,,
192527,2016-02-02,PL,2015,West Ham,Aston Villa,,,,,,
192531,2016-02-02,PL,2015,Norwich,Tottenham,,,,,,
192529,2016-02-02,PL,2015,Sunderland,Manchester City,,,,,,
371151,2016-02-02,ELC,2015,Wolves,Bolton,,,,,,
371149,2016-02-02,ELC,2015,Ipswich,Reading,,,,,,
371148,2016-02-02,ELC,2015,Derby,Preston,,,,,,
371150,2016-02-02,ELC,2015,Sheffield Wednesday,Burnley,,,,,,
192533,2016-02-02,PL,2015,Manchester United,Stoke City,,,,,,
192532,2016-02-02,PL,2015,Crystal Palace,Bournemouth,,,,,,
192534,2016-02-02,PL,2015,West Brom,Swansea,,,,,,
192535,2016-02-03,PL,2015,Watford,Chelsea,,,,,,
192536,2016-02-03,PL,2015,Everton,Newcastle,,,,,,
371155,2016-02-05,ELC,2015,Brighton,Brentford,,,,,,
192537,2016-02-06,PL,2015,Manchester City,Leicester,,,,,,
192543,2016-02-06,PL,2015,Newcastle,West Brom,,,,,,
192541,2016-02-06,PL,2015,Liverpool,Sunderland,,,,,,
192542,2016-02-06,PL,2015,Tottenham,Watford,,,,,,
192540,2016-02-06,PL,2015,Aston Villa,Norwich,,,,,,
192539,2016-02-06,PL,2015,Stoke City,Everton,,,,,,
192538,2016-02-06,PL,2015,Swansea,Crystal Palace,,,,,,
371161,2016-02-06,ELC,2015,Fulham,Derby,,,,,,
371159,2016-02-06,ELC,2015,Cardiff,Milton Keynes Dons,,,,,,
371158,2016-02-06,ELC,2015,Burnley,Hull City,,,,,,
371166,2016-02-06,ELC,2015,Reading,Wolves,,,,,,
371156,2016-02-06,ELC,2015,Birmingham,Sheffield Wednesday,,,,,,
371164,2016-02-06,ELC,2015,Preston,Huddersfield,,,,,,
371162,2016-02-06,ELC,2015,Leeds,Nottingham Forest,,,,,,
371157,2016-02-06,ELC,2015,Bolton,Rotherham,,,,,,
371163,2016-02-06,ELC,2015,Middlesbrough,Blackburn,,,,,,
371165,2016-02-06,ELC,2015,QPR,Ipswich,,,,,,
371160,2016-02-06,ELC,2015,Charlton,Bristol City,,,,,,
192544,2016-02-06,PL,2015,Southampton,West Ham,,,,,,
192545,2016-02-07,PL,2015,Bournemouth,Arsenal,,,,,,
192546,2016-02-07,PL,2015,Chelsea,Manchester United,,,,,,
371152,2016-02-09,ELC,2015,Milton Keynes Dons,Middlesbrough,,,,,,
371167,2016-02-13,ELC,2015,QPR,Fulham,,,,,,
192547,2016-02-13,PL,2015,Sunderland,Manchester United,,,,,,
192549,2016-02-13,PL,2015,Bournemouth,Stoke City,,,,,,
192551,2016-02-13,PL,2015,Everton,West Brom,,,,,,
192550,2016-02-13,PL,2015,Crystal Palace,Watford,,,,,,
192552,2016-02-13,PL,2015,Norwich,West Ham,,,,,,
192548,2016-02-13,PL,2015,Swansea,Southampton,,,,,,
371177,2016-02-13,ELC,2015,Wolves,Preston,,,,,,
371169,2016-02-13,ELC,2015,Brighton,Bolton,,,,,,
371174,2016-02-13,ELC,2015,Reading,Burnley,,,,,,
371170,2016-02-13,ELC,2015,Bristol City,Ipswich,,,,,,
371173,2016-02-13,ELC,2015,Nottingham Forest,Huddersfield,,,,,,
371168,2016-02-13,ELC,2015,Blackburn,Hull City,,,,,,
371172,2016-02-13,ELC,2015,Derby,Milton Keynes Dons,,,,,,
371175,2016-02-13,ELC,2015,Rotherham,Birmingham,,,,,,
371176,2016-02-13,ELC,2015,Sheffield Wednesday,Brentford,,,,,,
371171,2016-02-13,ELC,2015,Charlton,Cardiff,,,,,,
192553,2016-02-13,PL,2015,Chelsea,Newcastle,,,,,,
192554,2016-02-14,PL,2015,Arsenal,Leicester,,,,,,
192555,2016-02-14,PL,2015,Aston Villa,Liverpool,,,,,,
192556,2016-02-14,PL,2015,Manchester City,Tottenham,,,,,,
371178,2016-02-15,ELC,2015,Leeds,Middlesbrough,,,,,,
371154,2016-02-16,ELC,2015,Hull City,Brighton,,,,,,
371153,2016-02-16,ELC,2015,Blackburn,Fulham,,,,,,
371179,2016-02-20,ELC,2015,Cardiff,Brighton,,,,,,
371183,2016-02-20,ELC,2015,Fulham,Charlton,,,,,,
371184,2016-02-20,ELC,2015,Huddersfield,Wolves,,,,,,
371182,2016-02-20,ELC,2015,Burnley,Rotherham,,,,,,
371181,2016-02-20,ELC,2015,Brentford,Derby,,,,,,
371186,2016-02-20,ELC,2015,Preston,Sheffield Wednesday,,,,,,
371180,2016-02-20,ELC,2015,Bolton,QPR,,,,,,
371185,2016-02-20,ELC,2015,Milton Keynes Dons,Bristol City,,,,,,
371194,2016-02-23,ELC,2015,Burnley,Nottingham Forest,,,,,,
371191,2016-02-23,ELC,2015,Birmingham,Bolton,,,,,,
371192,2016-02-23,ELC,2015,Brentford,Wolves,,,,,,
371193,2016-02-23,ELC,2015,Bristol City,Brighton,,,,,,
371195,2016-02-23,ELC,2015,Ipswich,Hull City,,,,,,
371199,2016-02-23,ELC,2015,Preston,Charlton,,,,,,
371196,2016-02-23,ELC,2015,Leeds,Fulham,,,,,,
371197,2016-02-23,ELC,2015,Middlesbrough,Cardiff,,,,,,
371200,2016-02-23,ELC,2015,Sheffield Wednesday,QPR,,,,,,
371198,2016-02-23,ELC,2015,Milton Keynes Dons,Huddersfield,,,,,,
371201,2016-02-23,ELC,2015,Reading,Rotherham,,,,,,
371202,2016-02-24,ELC,2015,Derby,Blackburn,,,,,,
371203,2016-02-26,ELC,2015,Hull City,Sheffield Wednesday,,,,,,
371204,2016-02-27,ELC,2015,Wolves,Derby,,,,,,
192557,2016-02-27,PL,2015,West Ham,Sunderland,,,,,,
192559,2016-02-27,PL,2015,Watford,Bournemouth,,,,,,
192560,2016-02-27,PL,2015,Southampton,Chelsea,,,,,,
192561,2016-02-27,PL,2015,Leicester,Norwich,,,,,,
192558,2016-02-27,PL,2015,Stoke City,Aston Villa,,,,,,
371209,2016-02-27,ELC,2015,Fulham,Middlesbrough,,,,,,
371210,2016-02-27,ELC,2015,Huddersfield,Ipswich,,,,,,
371207,2016-02-27,ELC,2015,Cardiff,Preston,,,,,,
371211,2016-02-27,ELC,2015,Nottingham Forest,Bristol City,,,,,,
371205,2016-02-27,ELC,2015,Blackburn,Milton Keynes Dons,,,,,,
371206,2016-02-27,ELC,2015,Bolton,Burnley,,,,,,
371212,2016-02-27,ELC,2015,QPR,Birmingham,,,,,,
371213,2016-02-27,ELC,2015,Rotherham,Brentford,,,,,,
371208,2016-02-27,ELC,2015,Charlton,Reading,,,,,,
192562,2016-02-27,PL,2015,West Brom,Crystal Palace,,,,,,
192563,2016-02-28,PL,2015,Manchester United,Arsenal,,,,,,
192564,2016-02-28,PL,2015,Tottenham,Swansea,,,,,,
371214,2016-02-29,ELC,2015,Brighton,Leeds,,,,,,
192570,2016-03-01,PL,2015,Bournemouth,Southampton,,,,,,
192571,2016-03-01,PL,2015,Leicester,West Brom,,,,,,
192569,2016-03-01,PL,2015,Aston Villa,Everton,,,,,,
192567,2016-03-01,PL,2015,Norwich,Chelsea,,,,,,
192568,2016-03-01,PL,2015,Sunderland,Crystal Palace,,,,,,
371082,2016-03-01,ELC,2015,Blackburn,Middlesbrough,,,,,,
192572,2016-03-02,PL,2015,Arsenal,Swansea,,,,,,
192573,2016-03-02,PL,2015,West Ham,Tottenham,,,,,,
192574,2016-03-02,PL,2015,Stoke City,Newcastle,,,,,,
192576,2016-03-02,PL,2015,Manchester United,Watford,,,,,,
192575,2016-03-02,PL,2015,Liverpool,Manchester City,,,,,,
371215,2016-03-03,ELC,2015,Birmingham,Hull City,,,,,,
371216,2016-03-04,ELC,2015,Middlesbrough,Wolves,,,,,,
371217,2016-03-05,ELC,2015,Bristol City,Cardiff,,,,,,
371218,2016-03-05,ELC,2015,Burnley,Blackburn,,,,,,
192577,2016-03-05,PL,2015,Tottenham,Arsenal,,,,,,
192579,2016-03-05,PL,2015,Newcastle,Bournemouth,,,,,,
192582,2016-03-05,PL,2015,Southampton,Sunderland,,,,,,
192583,2016-03-05,PL,2015,Everton,West Ham,,,,,,
192581,2016-03-05,PL,2015,Chelsea,Stoke City,,,,,,
192578,2016-03-05,PL,2015,Manchester City,Aston Villa,,,,,,
192580,2016-03-05,PL,2015,Swansea,Norwich,,,,,,
371225,2016-03-05,ELC,2015,Reading,Fulham,,,,,,
371219,2016-03-05,ELC,2015,Brentford,Charlton,,,,,,
371221,2016-03-05,ELC,2015,Ipswich,Nottingham Forest,,,,,,
371224,2016-03-05,ELC,2015,Preston,Brighton,,,,,,
371222,2016-03-05,ELC,2015,Leeds,Bolton,,,,,,
371220,2016-03-05,ELC,2015,Derby,Huddersfield,,,,,,
371226,2016-03-05,ELC,2015,Sheffield Wednesday,Rotherham,,,,,,
371223,2016-03-05,ELC,2015,Milton Keynes Dons,QPR,,,,,,
192584,2016-03-05,PL,2015,Watford,Leicester,,,,,,
192585,2016-03-06,PL,2015,Crystal Palace,Liverpool,,,,,,
192586,2016-03-06,PL,2015,West Brom,Manchester United,,,,,,
371230,2016-03-08,ELC,2015,Fulham,Burnley,,,,,,
371231,2016-03-08,ELC,2015,Huddersfield,Reading,,,,,,
371235,2016-03-08,ELC,2015,Wolves,Bristol City,,,,,,
371228,2016-03-08,ELC,2015,Cardiff,Leeds,,,,,,
371232,2016-03-08,ELC,2015,Nottingham Forest,Preston,,,,,,
371227,2016-03-08,ELC,2015,Blackburn,Birmingham,,,,,,
371233,2016-03-08,ELC,2015,QPR,Derby,,,,,,
371234,2016-03-08,ELC,2015,Rotherham,Middlesbrough,,,,,,
371229,2016-03-08,ELC,2015,Charlton,Milton Keynes Dons,,,,,,
371237,2016-03-08,ELC,2015,Brighton,Sheffield Wednesday,,,,,,
371236,2016-03-08,ELC,2015,Bolton,Ipswich,,,,,,
371239,2016-03-12,ELC,2015,Blackburn,Leeds,,,,,,
192587,2016-03-12,PL,2015,Norwich,Manchester City,,,,,,
192589,2016-03-12,PL,2015,Bournemouth,Swansea,,,,,,
192588,2016-03-12,PL,2015,Stoke City,Southampton,,,,,,
371242,2016-03-12,ELC,2015,Fulham,Bristol City,,,,,,
371243,2016-03-12,ELC,2015,Huddersfield,Burnley,,,,,,
371241,2016-03-12,ELC,2015,Cardiff,Ipswich,,,,,,
371244,2016-03-12,ELC,2015,Hull City,Milton Keynes Dons,,,,,,
371245,2016-03-12,ELC,2015,Nottingham Forest,Sheffield Wednesday,,,,,,
371240,2016-03-12,ELC,2015,Bolton,Preston,,,,,,
371246,2016-03-12,ELC,2015,QPR,Brentford,,,,,,
371247,2016-03-12,ELC,2015,Rotherham,Derby,,,,,,
371248,2016-03-13,ELC,2015,Wolves,Birmingham,,,,,,
371249,2016-03-13,ELC,2015,Charlton,Middlesbrough,,,,,,
192590,2016-03-13,PL,2015,Aston Villa,Tottenham,,,,,,
192591,2016-03-14,PL,2015,Leicester,Newcastle,,,,,,
371250,2016-03-15,ELC,2015,Brighton,Reading,,,,,,
371188,2016-03-15,ELC,2015,Ipswich,Blackburn,,,,,,
371187,2016-03-15,ELC,2015,Hull City,Nottingham Forest,,,,,,
371251,2016-03-18,ELC,2015,Middlesbrough,Hull City,,,,,,
371252,2016-03-19,ELC,2015,Derby,Nottingham Forest,,,,,,
192597,2016-03-19,PL,2015,Everton,Arsenal,,,,,,
192600,2016-03-19,PL,2015,Watford,Stoke City,,,,,,
192601,2016-03-19,PL,2015,Chelsea,West Ham,,,,,,
192598,2016-03-19,PL,2015,Crystal Palace,Leicester,,,,,,
192599,2016-03-19,PL,2015,West Brom,Norwich,,,,,,
371256,2016-03-19,ELC,2015,Burnley,Wolves,,,,,,
371261,2016-03-19,ELC,2015,Reading,Cardiff,,,,,,
371253,2016-03-19,ELC,2015,Birmingham,Fulham,,,,,,
371254,2016-03-19,ELC,2015,Brentford,Blackburn,,,,,,
371255,2016-03-19,ELC,2015,Bristol City,Bolton,,,,,,
371257,2016-03-19,ELC,2015,Ipswich,Rotherham,,,,,,
371260,2016-03-19,ELC,2015,Preston,QPR,,,,,,
371258,2016-03-19,ELC,2015,Leeds,Huddersfield,,,,,,
371262,2016-03-19,ELC,2015,Sheffield Wednesday,Charlton,,,,,,
371259,2016-03-19,ELC,2015,Milton Keynes Dons,Brighton,,,,,,
192602,2016-03-19,PL,2015,Swansea,Aston Villa,,,,,,
192604,2016-03-20,PL,2015,Newcastle,Sunderland,,,,,,
192603,2016-03-20,PL,2015,Southampton,Liverpool,,,,,,
192605,2016-03-20,PL,2015,Tottenham,Bournemouth,,,,,,
192606,2016-03-20,PL,2015,Manchester City,Manchester United,,,,,,
371263,2016-04-01,ELC,2015,QPR,Middlesbrough,,,,,,
371265,2016-04-02,ELC,2015,Brighton,Burnley,,,,,,
371264,2016-04-02,ELC,2015,Blackburn,Preston,,,,,,
192607,2016-04-02,PL,2015,Aston Villa,Chelsea,,,,,,
192609,2016-04-02,PL,2015,Bournemouth,Manchester City,,,,,,
192612,2016-04-02,PL,2015,Arsenal,Watford,,,,,,
192608,2016-04-02,PL,2015,West Ham,Crystal Palace,,,,,,
192610,2016-04-02,PL,2015,Norwich,Newcastle,,,,,,
192611,2016-04-02,PL,2015,Stoke City,Swansea,,,,,,
192613,2016-04-02,PL,2015,Sunderland,West Brom,,,,,,
371269,2016-04-02,ELC,2015,Fulham,Milton Keynes Dons,,,,,,
371270,2016-04-02,ELC,2015,Huddersfield,Sheffield Wednesday,,,,,,
371274,2016-04-02,ELC,2015,Wolves,Ipswich,,,,,,
371267,2016-04-02,ELC,2015,Cardiff,Derby,,,,,,
371271,2016-04-02,ELC,2015,Hull City,Bristol City,,,,,,
371272,2016-04-02,ELC,2015,Nottingham Forest,Brentford,,,,,,
371266,2016-04-02,ELC,2015,Bolton,Reading,,,,,,
371273,2016-04-02,ELC,2015,Rotherham,Leeds,,,,,,
371268,2016-04-02,ELC,2015,Charlton,Birmingham,,,,,,
192614,2016-04-02,PL,2015,Liverpool,Tottenham,,,,,,
192615,2016-04-03,PL,2015,Leicester,Southampton,,,,,,
192616,2016-04-03,PL,2015,Manchester United,Everton,,,,,,
371278,2016-04-05,ELC,2015,Burnley,Cardiff,,,,,,
371275,2016-04-05,ELC,2015,Birmingham,Brighton,,,,,,
371276,2016-04-05,ELC,2015,Brentford,Bolton,,,,,,
371277,2016-04-05,ELC,2015,Bristol City,Rotherham,,,,,,
371280,2016-04-05,ELC,2015,Ipswich,Charlton,,,,,,
371284,2016-04-05,ELC,2015,Preston,Fulham,,,,,,
371281,2016-04-05,ELC,2015,Leeds,QPR,,,,,,
371279,2016-04-05,ELC,2015,Derby,Hull City,,,,,,
371282,2016-04-05,ELC,2015,Middlesbrough,Huddersfield,,,,,,
371285,2016-04-05,ELC,2015,Sheffield Wednesday,Blackburn,,,,,,
371283,2016-04-05,ELC,2015,Milton Keynes Dons,Wolves,,,,,,
371286,2016-04-05,ELC,2015,Reading,Nottingham Forest,,,,,,
371287,2016-04-09,ELC,2015,Burnley,Leeds,,,,,,
192617,2016-04-09,PL,2015,West Ham,Arsenal,,,,,,
192620,2016-04-09,PL,2015,Watford,Everton,,,,,,
192621,2016-04-09,PL,2015,Southampton,Newcastle,,,,,,
192622,2016-04-09,PL,2015,Crystal Palace,Norwich,,,,,,
192618,2016-04-09,PL,2015,Aston Villa,Bournemouth,,,,,,
192619,2016-04-09,PL,2015,Swansea,Chelsea,,,,,,
371290,2016-04-09,ELC,2015,Fulham,Cardiff,,,,,,
371291,2016-04-09,ELC,2015,Huddersfield,Hull City,,,,,,
371297,2016-04-09,ELC,2015,Wolves,Blackburn,,,,,,
371296,2016-04-09,ELC,2015,Reading,Birmingham,,,,,,
371288,2016-04-09,ELC,2015,Bristol City,Sheffield Wednesday,,,,,,
371292,2016-04-09,ELC,2015,Ipswich,Brentford,,,,,,
371289,2016-04-09,ELC,2015,Derby,Bolton,,,,,,
371293,2016-04-09,ELC,2015,Middlesbrough,Preston,,,,,,
371295,2016-04-09,ELC,2015,QPR,Charlton,,,,,,
371294,2016-04-09,ELC,2015,Milton Keynes Dons,Rotherham,,,,,,
192623,2016-04-09,PL,2015,Manchester City,West Brom,,,,,,
192624,2016-04-10,PL,2015,Sunderland,Leicester,,,,,,
192625,2016-04-10,PL,2015,Liverpool,Stoke City,,,,,,
192626,2016-04-10,PL,2015,Tottenham,Manchester United,,,,,,
371298,2016-04-11,ELC,2015,Nottingham Forest,Brighton,,,,,,
371189,2016-04-12,ELC,2015,Birmingham,Leeds,,,,,,
371190,2016-04-12,ELC,2015,Middlesbrough,Reading,,,,,,
192637,2016-04-13,PL,2015,Crystal Palace,Everton,,,,,,
371299,2016-04-15,ELC,2015,Brighton,Fulham,,,,,,
371300,2016-04-15,ELC,2015,Hull City,Wolves,,,,,,
371301,2016-04-16,ELC,2015,Bolton,Middlesbrough,,,,,,
192627,2016-04-16,PL,2015,Norwich,Sunderland,,,,,,
192628,2016-04-16,PL,2015,Manchester United,Aston Villa,,,,,,
192630,2016-04-16,PL,2015,Newcastle,Swansea,,,,,,
192629,2016-04-16,PL,2015,Everton,Southampton,,,,,,
192631,2016-04-16,PL,2015,West Brom,Watford,,,,,,
371305,2016-04-16,ELC,2015,Cardiff,QPR,,,,,,
371302,2016-04-16,ELC,2015,Birmingham,Burnley,,,,,,
371304,2016-04-16,ELC,2015,Brentford,Bristol City,,,,,,
371308,2016-04-16,ELC,2015,Preston,Milton Keynes Dons,,,,,,
371307,2016-04-16,ELC,2015,Leeds,Reading,,,,,,
371303,2016-04-16,ELC,2015,Blackburn,Huddersfield,,,,,,
371309,2016-04-16,ELC,2015,Rotherham,Nottingham Forest,,,,,,
371310,2016-04-16,ELC,2015,Sheffield Wednesday,Ipswich,,,,,,
371306,2016-04-16,ELC,2015,Charlton,Derby,,,,,,
192632,2016-04-16,PL,2015,Chelsea,Manchester City,,,,,,
192633,2016-04-17,PL,2015,Bournemouth,Liverpool,,,,,,
192634,2016-04-17,PL,2015,Leicester,West Ham,,,,,,
192635,2016-04-17,PL,2015,Arsenal,Crystal Palace,,,,,,
192636,2016-04-18,PL,2015,Stoke City,Tottenham,,,,,,
192565,2016-04-19,PL,2015,Newcastle,Manchester City,,,,,,
371315,2016-04-19,ELC,2015,Burnley,Middlesbrough,,,,,,
371313,2016-04-19,ELC,2015,Brighton,QPR,,,,,,
371311,2016-04-19,ELC,2015,Birmingham,Preston,,,,,,
371312,2016-04-19,ELC,2015,Brentford,Cardiff,,,,,,
371314,2016-04-19,ELC,2015,Bristol City,Derby,,,,,,
371316,2016-04-19,ELC,2015,Ipswich,Fulham,,,,,,
371317,2016-04-19,ELC,2015,Leeds,Wolves,,,,,,
371318,2016-04-19,ELC,2015,Nottingham Forest,Blackburn,,,,,,
371319,2016-04-19,ELC,2015,Rotherham,Huddersfield,,,,,,
371320,2016-04-19,ELC,2015,Sheffield Wednesday,Milton Keynes Dons,,,,,,
371322,2016-04-19,ELC,2015,Reading,Hull City,,,,,,
371321,2016-04-19,ELC,2015,Bolton,Charlton,,,,,,
192592,2016-04-20,PL,2015,West Ham,Watford,,,,,,
192593,2016-04-20,PL,2015,Manchester United,Crystal Palace,,,,,,
192566,2016-04-20,PL,2015,Liverpool,Everton,,,,,,
192594,2016-04-21,PL,2015,Arsenal,West Brom,,,,,,
371323,2016-04-22,ELC,2015,Preston,Burnley,,,,,,
371324,2016-04-23,ELC,2015,Derby,Sheffield Wednesday,,,,,,
192638,2016-04-23,PL,2015,Manchester City,Stoke City,,,,,,
192639,2016-04-23,PL,2015,Bournemouth,Chelsea,,,,,,
192640,2016-04-23,PL,2015,Liverpool,Newcastle,,,,,,
192641,2016-04-23,PL,2015,Aston Villa,Southampton,,,,,,
371328,2016-04-23,ELC,2015,Fulham,Nottingham Forest,,,,,,
371329,2016-04-23,ELC,2015,Huddersfield,Birmingham,,,,,,
371334,2016-04-23,ELC,2015,Wolves,Rotherham,,,,,,
371326,2016-04-23,ELC,2015,Cardiff,Bolton,,,,,,
371330,2016-04-23,ELC,2015,Hull City,Leeds,,,,,,
371325,2016-04-23,ELC,2015,Blackburn,Bristol City,,,,,,
371331,2016-04-23,ELC,2015,Middlesbrough,Ipswich,,,,,,
371333,2016-04-23,ELC,2015,QPR,Reading,,,,,,
371327,2016-04-23,ELC,2015,Charlton,Brighton,,,,,,
371332,2016-04-23,ELC,2015,Milton Keynes Dons,Brentford,,,,,,
192642,2016-04-24,PL,2015,Sunderland,Arsenal,,,,,,
192643,2016-04-24,PL,2015,Leicester,Swansea,,,,,,
192644,2016-04-25,PL,2015,Tottenham,West Brom,,,,,,
371238,2016-04-26,ELC,2015,Hull City,Brentford,,,,,,
371335,2016-04-29,ELC,2015,Birmingham,Middlesbrough,,,,,,
371336,2016-04-30,ELC,2015,Bolton,Hull City,,,,,,
192649,2016-04-30,PL,2015,Newcastle,Crystal Palace,,,,,,
192647,2016-04-30,PL,2015,Watford,Aston Villa,,,,,,
192648,2016-04-30,PL,2015,Everton,Bournemouth,,,,,,
192651,2016-04-30,PL,2015,West Brom,West Ham,,,,,,
192650,2016-04-30,PL,2015,Stoke City,Sunderland,,,,,,
371342,2016-04-30,ELC,2015,Reading,Preston,,,,,,
371337,2016-04-30,ELC,2015,Brentford,Fulham,,,,,,
371338,2016-04-30,ELC,2015,Bristol City,Huddersfield,,,,,,
371339,2016-04-30,ELC,2015,Ipswich,Milton Keynes Dons,,,,,,
371340,2016-04-30,ELC,2015,Leeds,Charlton,,,,,,
371341,2016-04-30,ELC,2015,Nottingham Forest,Wolves,,,,,,
371343,2016-04-30,ELC,2015,Rotherham,Blackburn,,,,,,
371344,2016-04-30,ELC,2015,Sheffield Wednesday,Cardiff,,,,,,
192652,2016-04-30,PL,2015,Arsenal,Norwich,,,,,,
192653,2016-05-01,PL,2015,Swansea,Liverpool,,,,,,
192654,2016-05-01,PL,2015,Manchester United,Leicester,,,,,,
192655,2016-05-01,PL,2015,Southampton,Manchester City,,,,,,
371345,2016-05-02,ELC,2015,Brighton,Derby,,,,,,
371346,2016-05-02,ELC,2015,Burnley,QPR,,,,,,
192656,2016-05-02,PL,2015,Chelsea,Tottenham,,,,,,
371351,2016-05-07,ELC,2015,Fulham,Bolton,,,,,,
371352,2016-05-07,ELC,2015,Huddersfield,Brentford,,,,,,
371358,2016-05-07,ELC,2015,Wolves,Sheffield Wednesday,,,,,,
371348,2016-05-07,ELC,2015,Cardiff,Birmingham,,,,,,
371356,2016-05-07,ELC,2015,Preston,Leeds,,,,,,
371353,2016-05-07,ELC,2015,Hull City,Rotherham,,,,,,
371347,2016-05-07,ELC,2015,Blackburn,Reading,,,,,,
371350,2016-05-07,ELC,2015,Derby,Ipswich,,,,,,
371354,2016-05-07,ELC,2015,Middlesbrough,Brighton,,,,,,
371357,2016-05-07,ELC,2015,QPR,Bristol City,,,,,,
371349,2016-05-07,ELC,2015,Charlton,Burnley,,,,,,
371355,2016-05-07,ELC,2015,Milton Keynes Dons,Nottingham Forest,,,,,,
192657,2016-05-07,PL,2015,Norwich,Manchester United,,,,,,
192662,2016-05-07,PL,2015,Bournemouth,West Brom,,,,,,
192661,2016-05-07,PL,2015,West Ham,Swansea,,,,,,
192660,2016-05-07,PL,2015,Crystal Palace,Stoke City,,,,,,
192659,2016-05-07,PL,2015,Aston Villa,Newcastle,,,,,,
192658,2016-05-07,PL,2015,Sunderland,Chelsea,,,,,,
192663,2016-05-07,PL,2015,Leicester,Everton,,,,,,
192664,2016-05-08,PL,2015,Tottenham,Southampton,,,,,,
192666,2016-05-08,PL,2015,Liverpool,Watford,,,,,,
192665,2016-05-08,PL,2015,Manchester City,Arsenal,,,,,,
192645,2016-05-10,PL,2015,West Ham,Manchester United,,,,,,
192646,2016-05-11,PL,2015,Norwich,Watford,,,,,,
192595,2016-05-11,PL,2015,Sunderland,Everton,,,,,,
192596,2016-05-11,PL,2015,Liverpool,Chelsea,,,,,,
370803,2016-05-13,ELC,2015,Sheffield Wednesday,Brighton,,,,,,
370805,2016-05-14,ELC,2015,Derby,Hull City,,,,,,
192674,2016-05-15,PL,2015,Newcastle,Tottenham,,,,,,
192673,2016-05-15,PL,2015,Watford,Sunderland,,,,,,
192668,2016-05-15,PL,2015,Southampton,Crystal Palace,,,,,,
192667,2016-05-15,PL,2015,Arsenal,Aston Villa,,,,,,
192672,2016-05-15,PL,2015,Everton,Norwich,,,,,,
192669,2016-05-15,PL,2015,Chelsea,Leicester,,,,,,
192670,2016-05-15,PL,2015,West Brom,Liverpool,,,,,,
192675,2016-05-15,PL,2015,Stoke City,West Ham,,,,,,
192671,2016-05-15,PL,2015,Swansea,Manchester City,,,,,,
370804,2016-05-16,ELC,2015,Brighton,Sheffield Wednesday,,,,,,
370806,2016-05-17,ELC,2015,Hull City,Derby,,,,,,
192676,2016-05-17,PL,2015,Manchester United,Bournemouth,,,,,,
370802,2016-05-28,ELC,2015,Hull City,Sheffield Wednesday,,,,,,
18248,2016-08-05,ELC,2016,Fulham,Newcastle,,,,,,
18243,2016-08-06,ELC,2016,Huddersfield,Brentford,,,,,,
18246,2016-08-06,ELC,2016,Reading,Preston,,,,,,
18239,2016-08-06,ELC,2016,Birmingham,Cardiff,,,,,,
18241,2016-08-06,ELC,2016,Bristol City,Wigan,,,,,,
18244,2016-08-06,ELC,2016,Ipswich,Barnsley,,,,,,
18245,2016-08-06,ELC,2016,Nottingham Forest,Burton Albion,,,,,,
18240,2016-08-06,ELC,2016,Blackburn,Norwich,,,,,,
18242,2016-08-06,ELC,2016,Derby,Brighton,,,,,,
18247,2016-08-06,ELC,2016,Rotherham,Wolves,,,,,,
18238,2016-08-07,ELC,2016,QPR,Leeds,,,,,,
18237,2016-08-07,ELC,2016,Sheffield Wednesday,Aston Villa,,,,,,
18236,2016-08-12,ELC,2016,Brighton,Nottingham Forest,,,,,,
17696,2016-08-13,PL,2016,Hull City,Leicester,,,,,,
17695,2016-08-13,PL,2016,Southampton,Watford,,,,,,
17691,2016-08-13,PL,2016,Burnley,Swansea,,,,,,
17693,2016-08-13,PL,2016,Everton,Tottenham,,,,,,
17692,2016-08-13,PL,2016,Crystal Palace,West Brom,,,,,,
17694,2016-08-13,PL,2016,Middlesbrough,Stoke City,,,,,,
18232,2016-08-13,ELC,2016,Newcastle,Huddersfield,,,,,,
18235,2016-08-13,ELC,2016,Wolves,Reading,,,,,,
18229,2016-08-13,ELC,2016,Brentford,Ipswich,,,,,,
18233,2016-08-13,ELC,2016,Preston,Fulham,,,,,,
18234,2016-08-13,ELC,2016,Wigan,Blackburn,,,,,,
18231,2016-08-13,ELC,2016,Leeds,Birmingham,,,,,,
18227,2016-08-13,ELC,2016,Aston Villa,Rotherham,,,,,,
18228,2016-08-13,ELC,2016,Barnsley,Derby,,,,,,
18230,2016-08-13,ELC,2016,Burton Albion,Bristol City,,,,,,
17690,2016-08-13,PL,2016,Manchester City,Sunderland,,,,,,
18226,2016-08-13,ELC,2016,Norwich,Sheffield Wednesday,,,,,,
17689,2016-08-14,PL,2016,Bournemouth,Manchester United,,,,,,
18225,2016-08-14,ELC,2016,Cardiff,QPR,,,,,,
17688,2016-08-14,PL,2016,Arsenal,Liverpool,,,,,,
17687,2016-08-15,PL,2016,Chelsea,West Ham,,,,,,
18224,2016-08-16,ELC,2016,Wolves,Ipswich,,,,,,
18218,2016-08-16,ELC,2016,Brighton,Rotherham,,,,,,
18217,2016-08-16,ELC,2016,Brentford,Nottingham Forest,,,,,,
18222,2016-08-16,ELC,2016,Preston,Derby,,,,,,
18223,2016-08-16,ELC,2016,Wigan,Birmingham,,,,,,
18220,2016-08-16,ELC,2016,Leeds,Fulham,,,,,,
18216,2016-08-16,ELC,2016,Aston Villa,Huddersfield,,,,,,
18221,2016-08-16,ELC,2016,Norwich,Bristol City,,,,,,
18219,2016-08-16,ELC,2016,Burton Albion,Sheffield Wednesday,,,,,,
18215,2016-08-17,ELC,2016,Newcastle,Reading,,,,,,
18214,2016-08-17,ELC,2016,Cardiff,Blackburn,,,,,,
18213,2016-08-17,ELC,2016,Barnsley,QPR,,,,,,
17686,2016-08-19,PL,2016,Manchester United,Southampton,,,,,,
17685,2016-08-20,PL,2016,Stoke City,Manchester City,,,,,,
18212,2016-08-20,ELC,2016,Sheffield Wednesday,Leeds,,,,,,
17683,2016-08-20,PL,2016,Watford,Chelsea,,,,,,
17680,2016-08-20,PL,2016,Burnley,Liverpool,,,,,,
17682,2016-08-20,PL,2016,Tottenham,Crystal Palace,,,,,,
17684,2016-08-20,PL,2016,West Brom,Everton,,,,,,
17681,2016-08-20,PL,2016,Swansea,Hull City,,,,,,
18206,2016-08-20,ELC,2016,Fulham,Cardiff,,,,,,
18207,2016-08-20,ELC,2016,Huddersfield,Barnsley,,,,,,
18210,2016-08-20,ELC,2016,Reading,Brighton,,,,,,
18203,2016-08-20,ELC,2016,Birmingham,Wolves,,,,,,
18205,2016-08-20,ELC,2016,Bristol City,Newcastle,,,,,,
18208,2016-08-20,ELC,2016,Nottingham Forest,Wigan,,,,,,
18204,2016-08-20,ELC,2016,Blackburn,Burton Albion,,,,,,
18209,2016-08-20,ELC,2016,QPR,Preston,,,,,,
18211,2016-08-20,ELC,2016,Rotherham,Brentford,,,,,,
17679,2016-08-20,PL,2016,Leicester,Arsenal,,,,,,
18202,2016-08-20,ELC,2016,Derby,Aston Villa,,,,,,
18201,2016-08-21,ELC,2016,Ipswich,Norwich,,,,,,
17678,2016-08-21,PL,2016,Sunderland,Middlesbrough,,,,,,
17677,2016-08-21,PL,2016,West Ham,Bournemouth,,,,,,
18200,2016-08-26,ELC,2016,Burton Albion,Derby,,,,,,
17676,2016-08-27,PL,2016,Tottenham,Liverpool,,,,,,
17675,2016-08-27,PL,2016,Watford,Arsenal,,,,,,
17674,2016-08-27,PL,2016,Southampton,Sunderland,,,,,,
17672,2016-08-27,PL,2016,Everton,Stoke City,,,,,,
17673,2016-08-27,PL,2016,Leicester,Swansea,,,,,,
17670,2016-08-27,PL,2016,Chelsea,Burnley,,,,,,
17671,2016-08-27,PL,2016,Crystal Palace,Bournemouth,,,,,,
18196,2016-08-27,ELC,2016,Huddersfield,Wolves,,,,,,
18195,2016-08-27,ELC,2016,Cardiff,Reading,,,,,,
18191,2016-08-27,ELC,2016,Birmingham,Norwich,,,,,,
18193,2016-08-27,ELC,2016,Brentford,Sheffield Wednesday,,,,,,
18194,2016-08-27,ELC,2016,Bristol City,Aston Villa,,,,,,
18197,2016-08-27,ELC,2016,Ipswich,Preston,,,,,,
18199,2016-08-27,ELC,2016,Wigan,QPR,,,,,,
18198,2016-08-27,ELC,2016,Nottingham Forest,Leeds,,,,,,
18192,2016-08-27,ELC,2016,Blackburn,Fulham,,,,,,
18190,2016-08-27,ELC,2016,Barnsley,Rotherham,,,,,,
17669,2016-08-27,PL,2016,Hull City,Manchester United,,,,,,
18189,2016-08-27,ELC,2016,Newcastle,Brighton,,,,,,
17668,2016-08-28,PL,2016,West Brom,Middlesbrough,,,,,,
17667,2016-08-28,PL,2016,Manchester City,West Ham,,,,,,
18188,2016-09-09,ELC,2016,Reading,Ipswich,,,,,,
17666,2016-09-10,PL,2016,Manchester United,Manchester City,,,,,,
17661,2016-09-10,PL,2016,Bournemouth,West Brom,,,,,,
17660,2016-09-10,PL,2016,Arsenal,Southampton,,,,,,
17662,2016-09-10,PL,2016,Burnley,Hull City,,,,,,
17665,2016-09-10,PL,2016,West Ham,Watford,,,,,,
17663,2016-09-10,PL,2016,Middlesbrough,Crystal Palace,,,,,,
17664,2016-09-10,PL,2016,Stoke City,Tottenham,,,,,,
18180,2016-09-10,ELC,2016,Fulham,Birmingham,,,,,,
18187,2016-09-10,ELC,2016,Wolves,Burton Albion,,,,,,
18179,2016-09-10,ELC,2016,Brighton,Brentford,,,,,,
18183,2016-09-10,ELC,2016,Preston,Barnsley,,,,,,
18181,2016-09-10,ELC,2016,Leeds,Huddersfield,,,,,,
18182,2016-09-10,ELC,2016,Norwich,Cardiff,,,,,,
18184,2016-09-10,ELC,2016,QPR,Blackburn,,,,,,
18185,2016-09-10,ELC,2016,Rotherham,Bristol City,,,,,,
18186,2016-09-10,ELC,2016,Sheffield Wednesday,Wigan,,,,,,
17659,2016-09-10,PL,2016,Liverpool,Leicester,,,,,,
18178,2016-09-10,ELC,2016,Derby,Newcastle,,,,,,
18177,2016-09-11,ELC,2016,Aston Villa,Nottingham Forest,,,,,,
17658,2016-09-11,PL,2016,Swansea,Chelsea,,,,,,
17657,2016-09-12,PL,2016,Sunderland,Everton,,,,,,
18171,2016-09-13,ELC,2016,Fulham,Burton Albion,,,,,,
18176,2016-09-13,ELC,2016,Wolves,Barnsley,,,,,,
18169,2016-09-13,ELC,2016,Brighton,Huddersfield,,,,,,
18174,2016-09-13,ELC,2016,Preston,Cardiff,,,,,,
18172,2016-09-13,ELC,2016,Leeds,Blackburn,,,,,,
18170,2016-09-13,ELC,2016,Derby,Ipswich,,,,,,
18173,2016-09-13,ELC,2016,Norwich,Wigan,,,,,,
18175,2016-09-13,ELC,2016,QPR,Newcastle,,,,,,
18167,2016-09-13,ELC,2016,Reading,Birmingham,,,,,,
18168,2016-09-13,ELC,2016,Sheffield Wednesday,Bristol City,,,,,,
18165,2016-09-14,ELC,2016,Aston Villa,Brentford,,,,,,
18166,2016-09-14,ELC,2016,Rotherham,Nottingham Forest,,,,,,
17656,2016-09-16,PL,2016,Chelsea,Liverpool,,,,,,
18164,2016-09-17,ELC,2016,Cardiff,Leeds,,,,,,
17653,2016-09-17,PL,2016,Leicester,Burnley,,,,,,
17654,2016-09-17,PL,2016,Manchester City,Bournemouth,,,,,,
17655,2016-09-17,PL,2016,West Brom,West Ham,,,,,,
17652,2016-09-17,PL,2016,Hull City,Arsenal,,,,,,
18161,2016-09-17,ELC,2016,Newcastle,Wolves,,,,,,
18159,2016-09-17,ELC,2016,Huddersfield,QPR,,,,,,
18156,2016-09-17,ELC,2016,Brentford,Preston,,,,,,
18157,2016-09-17,ELC,2016,Bristol City,Derby,,,,,,
18160,2016-09-17,ELC,2016,Ipswich,Aston Villa,,,,,,
18163,2016-09-17,ELC,2016,Wigan,Fulham,,,,,,
18162,2016-09-17,ELC,2016,Nottingham Forest,Norwich,,,,,,
18155,2016-09-17,ELC,2016,Blackburn,Rotherham,,,,,,
18154,2016-09-17,ELC,2016,Barnsley,Reading,,,,,,
18158,2016-09-17,ELC,2016,Burton Albion,Brighton,,,,,,
17651,2016-09-17,PL,2016,Everton,Middlesbrough,,,,,,
18153,2016-09-17,ELC,2016,Birmingham,Sheffield Wednesday,,,,,,
17650,2016-09-18,PL,2016,Watford,Manchester United,,,,,,
17649,2016-09-18,PL,2016,Southampton,Swansea,,,,,,
17648,2016-09-18,PL,2016,Crystal Palace,Stoke City,,,,,,
17647,2016-09-18,PL,2016,Tottenham,Sunderland,,,,,,
18152,2016-09-23,ELC,2016,Preston,Wigan,,,,,,
17646,2016-09-24,PL,2016,Manchester United,Leicester,,,,,,
17640,2016-09-24,PL,2016,Bournemouth,Everton,,,,,,
17641,2016-09-24,PL,2016,Liverpool,Hull City,,,,,,
17642,2016-09-24,PL,2016,Middlesbrough,Tottenham,,,,,,
17643,2016-09-24,PL,2016,Stoke City,West Brom,,,,,,
17645,2016-09-24,PL,2016,Swansea,Manchester City,,,,,,
17644,2016-09-24,PL,2016,Sunderland,Crystal Palace,,,,,,
18144,2016-09-24,ELC,2016,Fulham,Bristol City,,,,,,
18151,2016-09-24,ELC,2016,Wolves,Brentford,,,,,,
18142,2016-09-24,ELC,2016,Brighton,Barnsley,,,,,,
18148,2016-09-24,ELC,2016,Reading,Huddersfield,,,,,,
18145,2016-09-24,ELC,2016,Leeds,Ipswich,,,,,,
18143,2016-09-24,ELC,2016,Derby,Blackburn,,,,,,
18146,2016-09-24,ELC,2016,Norwich,Burton Albion,,,,,,
18147,2016-09-24,ELC,2016,QPR,Birmingham,,,,,,
18149,2016-09-24,ELC,2016,Rotherham,Cardiff,,,,,,
18150,2016-09-24,ELC,2016,Sheffield Wednesday,Nottingham Forest,,,,,,
17639,2016-09-24,PL,2016,Arsenal,Chelsea,,,,,,
18141,2016-09-24,ELC,2016,Aston Villa,Newcastle,,,,,,
17638,2016-09-25,PL,2016,West Ham,Southampton,,,,,,
17637,2016-09-26,PL,2016,Burnley,Watford,,,,,,
18137,2016-09-27,ELC,2016,Huddersfield,Rotherham,,,,,,
18136,2016-09-27,ELC,2016,Cardiff,Derby,,,,,,
18131,2016-09-27,ELC,2016,Birmingham,Preston,,,,,,
18133,2016-09-27,ELC,2016,Brentford,Reading,,,,,,
18134,2016-09-27,ELC,2016,Bristol City,Leeds,,,,,,
18138,2016-09-27,ELC,2016,Ipswich,Brighton,,,,,,
18140,2016-09-27,ELC,2016,Wigan,Wolves,,,,,,
18139,2016-09-27,ELC,2016,Nottingham Forest,Fulham,,,,,,
18132,2016-09-27,ELC,2016,Blackburn,Sheffield Wednesday,,,,,,
18130,2016-09-27,ELC,2016,Barnsley,Aston Villa,,,,,,
18135,2016-09-27,ELC,2016,Burton Albion,QPR,,,,,,
18129,2016-09-28,ELC,2016,Newcastle,Norwich,,,,,,
17636,2016-09-30,PL,2016,Everton,Crystal Palace,,,,,,
17635,2016-10-01,PL,2016,Swansea,Liverpool,,,,,,
18128,2016-10-01,ELC,2016,Fulham,QPR,,,,,,
17633,2016-10-01,PL,2016,Watford,Bournemouth,,,,,,
17634,2016-10-01,PL,2016,West Ham,Middlesbrough,,,,,,
17631,2016-10-01,PL,2016,Hull City,Chelsea,,,,,,
17632,2016-10-01,PL,2016,Sunderland,West Brom,,,,,,
18125,2016-10-01,ELC,2016,Reading,Derby,,,,,,
18118,2016-10-01,ELC,2016,Birmingham,Blackburn,,,,,,
18119,2016-10-01,ELC,2016,Brentford,Wigan,,,,,,
18120,2016-10-01,ELC,2016,Bristol City,Nottingham Forest,,,,,,
18122,2016-10-01,ELC,2016,Ipswich,Huddersfield,,,,,,
18124,2016-10-01,ELC,2016,Preston,Aston Villa,,,,,,
18123,2016-10-01,ELC,2016,Leeds,Barnsley,,,,,,
18126,2016-10-01,ELC,2016,Rotherham,Newcastle,,,,,,
18127,2016-10-01,ELC,2016,Sheffield Wednesday,Brighton,,,,,,
18121,2016-10-01,ELC,2016,Burton Albion,Cardiff,,,,,,
18117,2016-10-01,ELC,2016,Wolves,Norwich,,,,,,
17630,2016-10-02,PL,2016,Manchester United,Stoke City,,,,,,
17628,2016-10-02,PL,2016,Leicester,Southampton,,,,,,
17629,2016-10-02,PL,2016,Tottenham,Manchester City,,,,,,
17627,2016-10-02,PL,2016,Burnley,Arsenal,,,,,,
18115,2016-10-14,ELC,2016,Cardiff,Bristol City,,,,,,
18116,2016-10-14,ELC,2016,Nottingham Forest,Birmingham,,,,,,
17626,2016-10-15,PL,2016,Chelsea,Leicester,,,,,,
17622,2016-10-15,PL,2016,Bournemouth,Hull City,,,,,,
17621,2016-10-15,PL,2016,Arsenal,Swansea,,,,,,
17623,2016-10-15,PL,2016,Manchester City,Everton,,,,,,
17625,2016-10-15,PL,2016,West Brom,Tottenham,,,,,,
17624,2016-10-15,PL,2016,Stoke City,Sunderland,,,,,,
18111,2016-10-15,ELC,2016,Newcastle,Brentford,,,,,,
18109,2016-10-15,ELC,2016,Brighton,Preston,,,,,,
18114,2016-10-15,ELC,2016,Wigan,Burton Albion,,,,,,
18108,2016-10-15,ELC,2016,Blackburn,Ipswich,,,,,,
18110,2016-10-15,ELC,2016,Derby,Leeds,,,,,,
18112,2016-10-15,ELC,2016,Norwich,Rotherham,,,,,,
18113,2016-10-15,ELC,2016,QPR,Reading,,,,,,
18107,2016-10-15,ELC,2016,Barnsley,Fulham,,,,,,
17620,2016-10-15,PL,2016,Crystal Palace,West Ham,,,,,,
18106,2016-10-15,ELC,2016,Aston Villa,Wolves,,,,,,
18105,2016-10-16,ELC,2016,Huddersfield,Sheffield Wednesday,,,,,,
17619,2016-10-16,PL,2016,Middlesbrough,Watford,,,,,,
17618,2016-10-16,PL,2016,Southampton,Burnley,,,,,,
17617,2016-10-17,PL,2016,Liverpool,Manchester United,,,,,,
18101,2016-10-18,ELC,2016,Fulham,Norwich,,,,,,
18099,2016-10-18,ELC,2016,Brighton,Wolves,,,,,,
18097,2016-10-18,ELC,2016,Birmingham,Rotherham,,,,,,
18102,2016-10-18,ELC,2016,Ipswich,Burton Albion,,,,,,
18103,2016-10-18,ELC,2016,Leeds,Wigan,,,,,,
18098,2016-10-18,ELC,2016,Blackburn,Nottingham Forest,,,,,,
18100,2016-10-18,ELC,2016,Derby,Brentford,,,,,,
18104,2016-10-18,ELC,2016,QPR,Bristol City,,,,,,
18096,2016-10-18,ELC,2016,Barnsley,Newcastle,,,,,,
18095,2016-10-18,ELC,2016,Reading,Aston Villa,,,,,,
18093,2016-10-19,ELC,2016,Cardiff,Sheffield Wednesday,,,,,,
18094,2016-10-19,ELC,2016,Preston,Huddersfield,,,,,,
18092,2016-10-21,ELC,2016,Burton Albion,Birmingham,,,,,,
17616,2016-10-22,PL,2016,Bournemouth,Tottenham,,,,,,
17610,2016-10-22,PL,2016,Arsenal,Middlesbrough,,,,,,
17611,2016-10-22,PL,2016,Burnley,Everton,,,,,,
17613,2016-10-22,PL,2016,Leicester,Crystal Palace,,,,,,
17615,2016-10-22,PL,2016,West Ham,Sunderland,,,,,,
17612,2016-10-22,PL,2016,Hull City,Stoke City,,,,,,
17614,2016-10-22,PL,2016,Swansea,Watford,,,,,,
18086,2016-10-22,ELC,2016,Newcastle,Ipswich,,,,,,
18085,2016-10-22,ELC,2016,Huddersfield,Derby,,,,,,
18091,2016-10-22,ELC,2016,Wolves,Leeds,,,,,,
18083,2016-10-22,ELC,2016,Brentford,Barnsley,,,,,,
18084,2016-10-22,ELC,2016,Bristol City,Blackburn,,,,,,
18090,2016-10-22,ELC,2016,Wigan,Brighton,,,,,,
18082,2016-10-22,ELC,2016,Aston Villa,Fulham,,,,,,
18087,2016-10-22,ELC,2016,Norwich,Preston,,,,,,
18088,2016-10-22,ELC,2016,Rotherham,Reading,,,,,,
18089,2016-10-22,ELC,2016,Sheffield Wednesday,QPR,,,,,,
17609,2016-10-22,PL,2016,Liverpool,West Brom,,,,,,
18081,2016-10-22,ELC,2016,Nottingham Forest,Cardiff,,,,,,
17608,2016-10-23,PL,2016,Manchester City,Southampton,,,,,,
17607,2016-10-23,PL,2016,Chelsea,Manchester United,,,,,,
18080,2016-10-28,ELC,2016,QPR,Brentford,,,,,,
17606,2016-10-29,PL,2016,Sunderland,Arsenal,,,,,,
17601,2016-10-29,PL,2016,Manchester United,Burnley,,,,,,
17604,2016-10-29,PL,2016,Watford,Hull City,,,,,,
17603,2016-10-29,PL,2016,Tottenham,Leicester,,,,,,
17605,2016-10-29,PL,2016,West Brom,Manchester City,,,,,,
17602,2016-10-29,PL,2016,Middlesbrough,Bournemouth,,,,,,
18075,2016-10-29,ELC,2016,Fulham,Huddersfield,,,,,,
18073,2016-10-29,ELC,2016,Cardiff,Wigan,,,,,,
18072,2016-10-29,ELC,2016,Brighton,Norwich,,,,,,
18079,2016-10-29,ELC,2016,Reading,Nottingham Forest,,,,,,
18076,2016-10-29,ELC,2016,Ipswich,Rotherham,,,,,,
18078,2016-10-29,ELC,2016,Preston,Newcastle,,,,,,
18077,2016-10-29,ELC,2016,Leeds,Burton Albion,,,,,,
18074,2016-10-29,ELC,2016,Derby,Sheffield Wednesday,,,,,,
18071,2016-10-29,ELC,2016,Barnsley,Bristol City,,,,,,
17600,2016-10-29,PL,2016,Crystal Palace,Liverpool,,,,,,
18070,2016-10-29,ELC,2016,Blackburn,Wolves,,,,,,
18069,2016-10-30,ELC,2016,Birmingham,Aston Villa,,,,,,
17599,2016-10-30,PL,2016,Everton,West Ham,,,,,,
17598,2016-10-30,PL,2016,Southampton,Chelsea,,,,,,
17597,2016-10-31,PL,2016,Stoke City,Swansea,,,,,,
18068,2016-11-04,ELC,2016,Brentford,Fulham,,,,,,
18067,2016-11-05,ELC,2016,Wolves,Derby,,,,,,
17593,2016-11-05,PL,2016,Bournemouth,Sunderland,,,,,,
17594,2016-11-05,PL,2016,Burnley,Crystal Palace,,,,,,
17596,2016-11-05,PL,2016,West Ham,Stoke City,,,,,,
17595,2016-11-05,PL,2016,Manchester City,Middlesbrough,,,,,,
18061,2016-11-05,ELC,2016,Newcastle,Cardiff,,,,,,
18060,2016-11-05,ELC,2016,Huddersfield,Birmingham,,,,,,
18066,2016-11-05,ELC,2016,Wigan,Reading,,,,,,
18063,2016-11-05,ELC,2016,Nottingham Forest,QPR,,,,,,
18058,2016-11-05,ELC,2016,Aston Villa,Blackburn,,,,,,
18062,2016-11-05,ELC,2016,Norwich,Leeds,,,,,,
18064,2016-11-05,ELC,2016,Rotherham,Preston,,,,,,
18065,2016-11-05,ELC,2016,Sheffield Wednesday,Ipswich,,,,,,
18059,2016-11-05,ELC,2016,Burton Albion,Barnsley,,,,,,
17592,2016-11-05,PL,2016,Chelsea,Everton,,,,,,
18057,2016-11-05,ELC,2016,Bristol City,Brighton,,,,,,
17591,2016-11-06,PL,2016,Arsenal,Tottenham,,,,,,
17590,2016-11-06,PL,2016,Liverpool,Watford,,,,,,
17589,2016-11-06,PL,2016,Hull City,Southampton,,,,,,
17588,2016-11-06,PL,2016,Swansea,Manchester United,,,,,,
17587,2016-11-06,PL,2016,Leicester,West Brom,,,,,,
18056,2016-11-18,ELC,2016,Brighton,Aston Villa,,,,,,
17586,2016-11-19,PL,2016,Manchester United,Arsenal,,,,,,
17585,2016-11-19,PL,2016,Watford,Leicester,,,,,,
17582,2016-11-19,PL,2016,Southampton,Liverpool,,,,,,
17581,2016-11-19,PL,2016,Everton,Swansea,,,,,,
17580,2016-11-19,PL,2016,Crystal Palace,Manchester City,,,,,,
17583,2016-11-19,PL,2016,Stoke City,Bournemouth,,,,,,
17584,2016-11-19,PL,2016,Sunderland,Hull City,,,,,,
18052,2016-11-19,ELC,2016,Fulham,Sheffield Wednesday,,,,,,
18050,2016-11-19,ELC,2016,Cardiff,Huddersfield,,,,,,
18055,2016-11-19,ELC,2016,Reading,Burton Albion,,,,,,
18048,2016-11-19,ELC,2016,Birmingham,Bristol City,,,,,,
18053,2016-11-19,ELC,2016,Preston,Wolves,,,,,,
18049,2016-11-19,ELC,2016,Blackburn,Brentford,,,,,,
18051,2016-11-19,ELC,2016,Derby,Rotherham,,,,,,
18054,2016-11-19,ELC,2016,QPR,Norwich,,,,,,
18047,2016-11-19,ELC,2016,Barnsley,Wigan,,,,,,
17579,2016-11-19,PL,2016,Tottenham,West Ham,,,,,,
18046,2016-11-19,ELC,2016,Ipswich,Nottingham Forest,,,,,,
18045,2016-11-20,ELC,2016,Leeds,Newcastle,,,,,,
17578,2016-11-20,PL,2016,Middlesbrough,Chelsea,,,,,,
17577,2016-11-21,PL,2016,West Brom,Burnley,,,,,,
18044,2016-11-25,ELC,2016,Barnsley,Nottingham Forest,,,,,,
17576,2016-11-26,PL,2016,Burnley,Manchester City,,,,,,
17574,2016-11-26,PL,2016,Liverpool,Sunderland,,,,,,
17573,2016-11-26,PL,2016,Leicester,Middlesbrough,,,,,,
17572,2016-11-26,PL,2016,Hull City,West Brom,,,,,,
17575,2016-11-26,PL,2016,Swansea,Crystal Palace,,,,,,
18040,2016-11-26,ELC,2016,Newcastle,Blackburn,,,,,,
18043,2016-11-26,ELC,2016,Wolves,Sheffield Wednesday,,,,,,
18037,2016-11-26,ELC,2016,Brighton,Fulham,,,,,,
18042,2016-11-26,ELC,2016,Reading,Bristol City,,,,,,
18036,2016-11-26,ELC,2016,Brentford,Birmingham,,,,,,
18039,2016-11-26,ELC,2016,Ipswich,QPR,,,,,,
18041,2016-11-26,ELC,2016,Preston,Burton Albion,,,,,,
18035,2016-11-26,ELC,2016,Aston Villa,Cardiff,,,,,,
18038,2016-11-26,ELC,2016,Derby,Norwich,,,,,,
17571,2016-11-26,PL,2016,Chelsea,Tottenham,,,,,,
18034,2016-11-26,ELC,2016,Rotherham,Leeds,,,,,,
17570,2016-11-27,PL,2016,Watford,Stoke City,,,,,,
17569,2016-11-27,PL,2016,Arsenal,Bournemouth,,,,,,
17567,2016-11-27,PL,2016,Manchester United,West Ham,,,,,,
17568,2016-11-27,PL,2016,Southampton,Everton,,,,,,
18033,2016-11-28,ELC,2016,Huddersfield,Wigan,,,,,,
18032,2016-12-01,ELC,2016,QPR,Wolves,,,,,,
18031,2016-12-02,ELC,2016,Nottingham Forest,Newcastle,,,,,,
17566,2016-12-03,PL,2016,Manchester City,Chelsea,,,,,,
17564,2016-12-03,PL,2016,Tottenham,Swansea,,,,,,
17561,2016-12-03,PL,2016,Crystal Palace,Southampton,,,,,,
17565,2016-12-03,PL,2016,West Brom,Watford,,,,,,
17562,2016-12-03,PL,2016,Stoke City,Burnley,,,,,,
17563,2016-12-03,PL,2016,Sunderland,Leicester,,,,,,
18027,2016-12-03,ELC,2016,Fulham,Reading,,,,,,
18026,2016-12-03,ELC,2016,Cardiff,Brighton,,,,,,
18022,2016-12-03,ELC,2016,Birmingham,Barnsley,,,,,,
18024,2016-12-03,ELC,2016,Bristol City,Ipswich,,,,,,
18030,2016-12-03,ELC,2016,Wigan,Derby,,,,,,
18023,2016-12-03,ELC,2016,Blackburn,Huddersfield,,,,,,
18028,2016-12-03,ELC,2016,Norwich,Brentford,,,,,,
18029,2016-12-03,ELC,2016,Sheffield Wednesday,Preston,,,,,,
18025,2016-12-03,ELC,2016,Burton Albion,Rotherham,,,,,,
17560,2016-12-03,PL,2016,West Ham,Arsenal,,,,,,
18021,2016-12-03,ELC,2016,Leeds,Aston Villa,,,,,,
17559,2016-12-04,PL,2016,Bournemouth,Liverpool,,,,,,
17558,2016-12-04,PL,2016,Everton,Manchester United,,,,,,
17557,2016-12-05,PL,2016,Middlesbrough,Hull City,,,,,,
18020,2016-12-09,ELC,2016,Brighton,Leeds,,,,,,
17556,2016-12-10,PL,2016,Watford,Everton,,,,,,
17552,2016-12-10,PL,2016,Arsenal,Stoke City,,,,,,
17553,2016-12-10,PL,2016,Burnley,Bournemouth,,,,,,
17554,2016-12-10,PL,2016,Hull City,Crystal Palace,,,,,,
17555,2016-12-10,PL,2016,Swansea,Sunderland,,,,,,
18016,2016-12-10,ELC,2016,Newcastle,Birmingham,,,,,,
18014,2016-12-10,ELC,2016,Huddersfield,Bristol City,,,,,,
18019,2016-12-10,ELC,2016,Wolves,Fulham,,,,,,
18017,2016-12-10,ELC,2016,Reading,Sheffield Wednesday,,,,,,
18013,2016-12-10,ELC,2016,Brentford,Burton Albion,,,,,,
18015,2016-12-10,ELC,2016,Ipswich,Cardiff,,,,,,
18011,2016-12-10,ELC,2016,Aston Villa,Wigan,,,,,,
18018,2016-12-10,ELC,2016,Rotherham,QPR,,,,,,
18012,2016-12-10,ELC,2016,Barnsley,Norwich,,,,,,
17551,2016-12-10,PL,2016,Leicester,Manchester City,,,,,,
18010,2016-12-10,ELC,2016,Preston,Blackburn,,,,,,
17550,2016-12-11,PL,2016,Chelsea,West Brom,,,,,,
18009,2016-12-11,ELC,2016,Derby,Nottingham Forest,,,,,,
17548,2016-12-11,PL,2016,Manchester United,Tottenham,,,,,,
17549,2016-12-11,PL,2016,Southampton,Middlesbrough,,,,,,
17547,2016-12-11,PL,2016,Liverpool,West Ham,,,,,,
17545,2016-12-13,PL,2016,Bournemouth,Leicester,,,,,,
17546,2016-12-13,PL,2016,Everton,Arsenal,,,,,,
18005,2016-12-13,ELC,2016,Fulham,Rotherham,,,,,,
18004,2016-12-13,ELC,2016,Cardiff,Wolves,,,,,,
18000,2016-12-13,ELC,2016,Birmingham,Ipswich,,,,,,
18002,2016-12-13,ELC,2016,Bristol City,Brentford,,,,,,
18006,2016-12-13,ELC,2016,Leeds,Reading,,,,,,
18001,2016-12-13,ELC,2016,Blackburn,Brighton,,,,,,
18007,2016-12-13,ELC,2016,Norwich,Aston Villa,,,,,,
18008,2016-12-13,ELC,2016,Sheffield Wednesday,Barnsley,,,,,,
18003,2016-12-13,ELC,2016,Burton Albion,Huddersfield,,,,,,
17544,2016-12-14,PL,2016,West Ham,Burnley,,,,,,
17542,2016-12-14,PL,2016,Middlesbrough,Liverpool,,,,,,
17543,2016-12-14,PL,2016,Sunderland,Chelsea,,,,,,
17999,2016-12-14,ELC,2016,Wigan,Newcastle,,,,,,
17997,2016-12-14,ELC,2016,Nottingham Forest,Preston,,,,,,
17998,2016-12-14,ELC,2016,QPR,Derby,,,,,,
17540,2016-12-14,PL,2016,Tottenham,Hull City,,,,,,
17538,2016-12-14,PL,2016,Manchester City,Watford,,,,,,
17537,2016-12-14,PL,2016,Crystal Palace,Manchester United,,,,,,
17541,2016-12-14,PL,2016,West Brom,Swansea,,,,,,
17539,2016-12-14,PL,2016,Stoke City,Southampton,,,,,,
17996,2016-12-16,ELC,2016,Norwich,Huddersfield,,,,,,
17536,2016-12-17,PL,2016,Crystal Palace,Chelsea,,,,,,
17535,2016-12-17,PL,2016,West Ham,Hull City,,,,,,
17532,2016-12-17,PL,2016,Middlesbrough,Swansea,,,,,,
17533,2016-12-17,PL,2016,Stoke City,Leicester,,,,,,
17534,2016-12-17,PL,2016,Sunderland,Watford,,,,,,
17991,2016-12-17,ELC,2016,Fulham,Derby,,,,,,
17990,2016-12-17,ELC,2016,Cardiff,Barnsley,,,,,,
17988,2016-12-17,ELC,2016,Bristol City,Preston,,,,,,
17995,2016-12-17,ELC,2016,Wigan,Ipswich,,,,,,
17992,2016-12-17,ELC,2016,Leeds,Brentford,,,,,,
17993,2016-12-17,ELC,2016,Nottingham Forest,Wolves,,,,,,
17987,2016-12-17,ELC,2016,Blackburn,Reading,,,,,,
17994,2016-12-17,ELC,2016,Sheffield Wednesday,Rotherham,,,,,,
17989,2016-12-17,ELC,2016,Burton Albion,Newcastle,,,,,,
17531,2016-12-17,PL,2016,West Brom,Manchester United,,,,,,
17986,2016-12-17,ELC,2016,Birmingham,Brighton,,,,,,
17985,2016-12-18,ELC,2016,QPR,Aston Villa,,,,,,
17530,2016-12-18,PL,2016,Bournemouth,Southampton,,,,,,
17529,2016-12-18,PL,2016,Tottenham,Burnley,,,,,,
17528,2016-12-18,PL,2016,Manchester City,Arsenal,,,,,,
17527,2016-12-19,PL,2016,Everton,Liverpool,,,,,,
17526,2016-12-26,PL,2016,Watford,Crystal Palace,,,,,,
17984,2016-12-26,ELC,2016,Brentford,Cardiff,,,,,,
17524,2016-12-26,PL,2016,Manchester United,Sunderland,,,,,,
17520,2016-12-26,PL,2016,Arsenal,West Brom,,,,,,
17521,2016-12-26,PL,2016,Burnley,Middlesbrough,,,,,,
17523,2016-12-26,PL,2016,Leicester,Everton,,,,,,
17522,2016-12-26,PL,2016,Chelsea,Bournemouth,,,,,,
17525,2016-12-26,PL,2016,Swansea,West Ham,,,,,,
17978,2016-12-26,ELC,2016,Huddersfield,Nottingham Forest,,,,,,
17983,2016-12-26,ELC,2016,Wolves,Bristol City,,,,,,
17981,2016-12-26,ELC,2016,Reading,Norwich,,,,,,
17979,2016-12-26,ELC,2016,Ipswich,Fulham,,,,,,
17980,2016-12-26,ELC,2016,Preston,Leeds,,,,,,
17976,2016-12-26,ELC,2016,Aston Villa,Burton Albion,,,,,,
17982,2016-12-26,ELC,2016,Rotherham,Wigan,,,,,,
17977,2016-12-26,ELC,2016,Barnsley,Blackburn,,,,,,
17519,2016-12-26,PL,2016,Hull City,Manchester City,,,,,,
17975,2016-12-26,ELC,2016,Newcastle,Sheffield Wednesday,,,,,,
17974,2016-12-27,ELC,2016,Brighton,QPR,,,,,,
17973,2016-12-27,ELC,2016,Derby,Birmingham,,,,,,
17518,2016-12-27,PL,2016,Liverpool,Stoke City,,,,,,
17517,2016-12-28,PL,2016,Southampton,Tottenham,,,,,,
17971,2016-12-29,ELC,2016,Aston Villa,Leeds,,,,,,
17972,2016-12-29,ELC,2016,Rotherham,Burton Albion,,,,,,
17970,2016-12-30,ELC,2016,Newcastle,Nottingham Forest,,,,,,
17969,2016-12-30,ELC,2016,Ipswich,Bristol City,,,,,,
17516,2016-12-30,PL,2016,Hull City,Everton,,,,,,
17968,2016-12-31,ELC,2016,Huddersfield,Blackburn,,,,,,
17513,2016-12-31,PL,2016,Manchester United,Middlesbrough,,,,,,
17514,2016-12-31,PL,2016,Southampton,West Brom,,,,,,
17510,2016-12-31,PL,2016,Burnley,Sunderland,,,,,,
17512,2016-12-31,PL,2016,Leicester,West Ham,,,,,,
17511,2016-12-31,PL,2016,Chelsea,Stoke City,,,,,,
17515,2016-12-31,PL,2016,Swansea,Bournemouth,,,,,,
17967,2016-12-31,ELC,2016,Wolves,QPR,,,,,,
17966,2016-12-31,ELC,2016,Preston,Sheffield Wednesday,,,,,,
17965,2016-12-31,ELC,2016,Derby,Wigan,,,,,,
17964,2016-12-31,ELC,2016,Barnsley,Birmingham,,,,,,
17509,2016-12-31,PL,2016,Liverpool,Manchester City,,,,,,
17963,2016-12-31,ELC,2016,Brentford,Norwich,,,,,,
17508,2017-01-01,PL,2016,Watford,Tottenham,,,,,,
17507,2017-01-01,PL,2016,Arsenal,Crystal Palace,,,,,,
17506,2017-01-02,PL,2016,Middlesbrough,Leicester,,,,,,
17502,2017-01-02,PL,2016,Everton,Southampton,,,,,,
17503,2017-01-02,PL,2016,Manchester City,Burnley,,,,,,
17505,2017-01-02,PL,2016,West Brom,Hull City,,,,,,
17504,2017-01-02,PL,2016,Sunderland,Liverpool,,,,,,
17956,2017-01-02,ELC,2016,Fulham,Brighton,,,,,,
17955,2017-01-02,ELC,2016,Cardiff,Aston Villa,,,,,,
17951,2017-01-02,ELC,2016,Birmingham,Brentford,,,,,,
17953,2017-01-02,ELC,2016,Bristol City,Reading,,,,,,
17962,2017-01-02,ELC,2016,Wigan,Huddersfield,,,,,,
17957,2017-01-02,ELC,2016,Leeds,Rotherham,,,,,,
17959,2017-01-02,ELC,2016,Nottingham Forest,Barnsley,,,,,,
17952,2017-01-02,ELC,2016,Blackburn,Newcastle,,,,,,
17958,2017-01-02,ELC,2016,Norwich,Derby,,,,,,
17960,2017-01-02,ELC,2016,QPR,Ipswich,,,,,,
17961,2017-01-02,ELC,2016,Sheffield Wednesday,Wolves,,,,,,
17954,2017-01-02,ELC,2016,Burton Albion,Preston,,,,,,
17501,2017-01-02,PL,2016,West Ham,Manchester United,,,,,,
17500,2017-01-03,PL,2016,Bournemouth,Arsenal,,,,,,
17498,2017-01-03,PL,2016,Crystal Palace,Swansea,,,,,,
17499,2017-01-03,PL,2016,Stoke City,Watford,,,,,,
17497,2017-01-04,PL,2016,Tottenham,Chelsea,,,,,,
17950,2017-01-12,ELC,2016,Reading,QPR,,,,,,
17949,2017-01-13,ELC,2016,Leeds,Derby,,,,,,
17948,2017-01-14,ELC,2016,Bristol City,Cardiff,,,,,,
17496,2017-01-14,PL,2016,Tottenham,West Brom,,,,,,
17494,2017-01-14,PL,2016,Watford,Middlesbrough,,,,,,
17490,2017-01-14,PL,2016,Burnley,Southampton,,,,,,
17495,2017-01-14,PL,2016,West Ham,Crystal Palace,,,,,,
17491,2017-01-14,PL,2016,Hull City,Bournemouth,,,,,,
17493,2017-01-14,PL,2016,Swansea,Arsenal,,,,,,
17492,2017-01-14,PL,2016,Sunderland,Stoke City,,,,,,
17943,2017-01-14,ELC,2016,Fulham,Barnsley,,,,,,
17940,2017-01-14,ELC,2016,Birmingham,Nottingham Forest,,,,,,
17941,2017-01-14,ELC,2016,Brentford,Newcastle,,,,,,
17944,2017-01-14,ELC,2016,Ipswich,Blackburn,,,,,,
17945,2017-01-14,ELC,2016,Preston,Brighton,,,,,,
17946,2017-01-14,ELC,2016,Rotherham,Norwich,,,,,,
17947,2017-01-14,ELC,2016,Sheffield Wednesday,Huddersfield,,,,,,
17942,2017-01-14,ELC,2016,Burton Albion,Wigan,,,,,,
17489,2017-01-14,PL,2016,Leicester,Chelsea,,,,,,
17939,2017-01-14,ELC,2016,Wolves,Aston Villa,,,,,,
17488,2017-01-15,PL,2016,Everton,Manchester City,,,,,,
17487,2017-01-15,PL,2016,Manchester United,Liverpool,,,,,,
17938,2017-01-20,ELC,2016,Brighton,Sheffield Wednesday,,,,,,
17486,2017-01-21,PL,2016,Liverpool,Swansea,,,,,,
17937,2017-01-21,ELC,2016,QPR,Fulham,,,,,,
17481,2017-01-21,PL,2016,Bournemouth,Watford,,,,,,
17482,2017-01-21,PL,2016,Crystal Palace,Everton,,,,,,
17485,2017-01-21,PL,2016,West Brom,Sunderland,,,,,,
17483,2017-01-21,PL,2016,Middlesbrough,West Ham,,,,,,
17484,2017-01-21,PL,2016,Stoke City,Manchester United,,,,,,
17933,2017-01-21,ELC,2016,Newcastle,Rotherham,,,,,,
17932,2017-01-21,ELC,2016,Huddersfield,Ipswich,,,,,,
17930,2017-01-21,ELC,2016,Cardiff,Burton Albion,,,,,,
17936,2017-01-21,ELC,2016,Wigan,Brentford,,,,,,
17935,2017-01-21,ELC,2016,Nottingham Forest,Bristol City,,,,,,
17928,2017-01-21,ELC,2016,Aston Villa,Preston,,,,,,
17929,2017-01-21,ELC,2016,Blackburn,Birmingham,,,,,,
17931,2017-01-21,ELC,2016,Derby,Reading,,,,,,
17934,2017-01-21,ELC,2016,Norwich,Wolves,,,,,,
17480,2017-01-21,PL,2016,Manchester City,Tottenham,,,,,,
17927,2017-01-21,ELC,2016,Barnsley,Leeds,,,,,,
17479,2017-01-22,PL,2016,Southampton,Leicester,,,,,,
17478,2017-01-22,PL,2016,Arsenal,Burnley,,,,,,
17477,2017-01-22,PL,2016,Chelsea,Hull City,,,,,,
17926,2017-01-24,ELC,2016,Brighton,Cardiff,,,,,,
17925,2017-01-24,ELC,2016,Reading,Fulham,,,,,,
17924,2017-01-25,ELC,2016,Leeds,Nottingham Forest,,,,,,
17921,2017-01-28,ELC,2016,Reading,Cardiff,,,,,,
17920,2017-01-28,ELC,2016,Preston,Ipswich,,,,,,
17919,2017-01-28,ELC,2016,Norwich,Birmingham,,,,,,
17923,2017-01-28,ELC,2016,QPR,Burton Albion,,,,,,
17922,2017-01-28,ELC,2016,Rotherham,Barnsley,,,,,,
17472,2017-01-31,PL,2016,Bournemouth,Crystal Palace,,,,,,
17471,2017-01-31,PL,2016,Arsenal,Watford,,,,,,
17473,2017-01-31,PL,2016,Burnley,Leicester,,,,,,
17474,2017-01-31,PL,2016,Middlesbrough,West Brom,,,,,,
17476,2017-01-31,PL,2016,Swansea,Southampton,,,,,,
17475,2017-01-31,PL,2016,Sunderland,Tottenham,,,,,,
17916,2017-01-31,ELC,2016,Cardiff,Preston,,,,,,
17913,2017-01-31,ELC,2016,Birmingham,Reading,,,,,,
17914,2017-01-31,ELC,2016,Brentford,Aston Villa,,,,,,
17915,2017-01-31,ELC,2016,Bristol City,Sheffield Wednesday,,,,,,
17917,2017-01-31,ELC,2016,Ipswich,Derby,,,,,,
17918,2017-01-31,ELC,2016,Nottingham Forest,Rotherham,,,,,,
17912,2017-01-31,ELC,2016,Barnsley,Wolves,,,,,,
17470,2017-01-31,PL,2016,Liverpool,Chelsea,,,,,,
17469,2017-02-01,PL,2016,West Ham,Manchester City,,,,,,
17911,2017-02-01,ELC,2016,Newcastle,QPR,,,,,,
17909,2017-02-01,ELC,2016,Blackburn,Leeds,,,,,,
17910,2017-02-01,ELC,2016,Burton Albion,Fulham,,,,,,
17467,2017-02-01,PL,2016,Manchester United,Hull City,,,,,,
17468,2017-02-01,PL,2016,Stoke City,Everton,,,,,,
17908,2017-02-02,ELC,2016,Huddersfield,Brighton,,,,,,
17907,2017-02-03,ELC,2016,Wigan,Sheffield Wednesday,,,,,,
17466,2017-02-04,PL,2016,Chelsea,Arsenal,,,,,,
17464,2017-02-04,PL,2016,Watford,Burnley,,,,,,
17463,2017-02-04,PL,2016,Southampton,West Ham,,,,,,
17461,2017-02-04,PL,2016,Everton,Bournemouth,,,,,,
17460,2017-02-04,PL,2016,Crystal Palace,Sunderland,,,,,,
17465,2017-02-04,PL,2016,West Brom,Stoke City,,,,,,
17462,2017-02-04,PL,2016,Hull City,Liverpool,,,,,,
17906,2017-02-04,ELC,2016,Newcastle,Derby,,,,,,
17904,2017-02-04,ELC,2016,Cardiff,Norwich,,,,,,
17900,2017-02-04,ELC,2016,Birmingham,Fulham,,,,,,
17902,2017-02-04,ELC,2016,Bristol City,Rotherham,,,,,,
17905,2017-02-04,ELC,2016,Ipswich,Reading,,,,,,
17901,2017-02-04,ELC,2016,Blackburn,QPR,,,,,,
17899,2017-02-04,ELC,2016,Barnsley,Preston,,,,,,
17903,2017-02-04,ELC,2016,Burton Albion,Wolves,,,,,,
17459,2017-02-04,PL,2016,Tottenham,Middlesbrough,,,,,,
17898,2017-02-04,ELC,2016,Nottingham Forest,Aston Villa,,,,,,
17897,2017-02-05,ELC,2016,Huddersfield,Leeds,,,,,,
17458,2017-02-05,PL,2016,Manchester City,Swansea,,,,,,
17896,2017-02-05,ELC,2016,Brentford,Brighton,,,,,,
17457,2017-02-05,PL,2016,Leicester,Manchester United,,,,,,
17895,2017-02-07,ELC,2016,Wigan,Norwich,,,,,,
17894,2017-02-10,ELC,2016,Sheffield Wednesday,Birmingham,,,,,,
17456,2017-02-11,PL,2016,Arsenal,Hull City,,,,,,
17451,2017-02-11,PL,2016,Manchester United,Watford,,,,,,
17455,2017-02-11,PL,2016,West Ham,West Brom,,,,,,
17452,2017-02-11,PL,2016,Middlesbrough,Everton,,,,,,
17453,2017-02-11,PL,2016,Stoke City,Crystal Palace,,,,,,
17454,2017-02-11,PL,2016,Sunderland,Southampton,,,,,,
17887,2017-02-11,ELC,2016,Fulham,Wigan,,,,,,
17885,2017-02-11,ELC,2016,Brighton,Burton Albion,,,,,,
17892,2017-02-11,ELC,2016,Reading,Barnsley,,,,,,
17890,2017-02-11,ELC,2016,Preston,Brentford,,,,,,
17888,2017-02-11,ELC,2016,Leeds,Cardiff,,,,,,
17884,2017-02-11,ELC,2016,Aston Villa,Ipswich,,,,,,
17886,2017-02-11,ELC,2016,Derby,Bristol City,,,,,,
17889,2017-02-11,ELC,2016,Norwich,Nottingham Forest,,,,,,
17891,2017-02-11,ELC,2016,QPR,Huddersfield,,,,,,
17893,2017-02-11,ELC,2016,Rotherham,Blackburn,,,,,,
17450,2017-02-11,PL,2016,Liverpool,Tottenham,,,,,,
17883,2017-02-11,ELC,2016,Wolves,Newcastle,,,,,,
17449,2017-02-12,PL,2016,Burnley,Chelsea,,,,,,
17448,2017-02-12,PL,2016,Swansea,Leicester,,,,,,
17447,2017-02-13,PL,2016,Bournemouth,Manchester City,,,,,,
17876,2017-02-14,ELC,2016,Fulham,Nottingham Forest,,,,,,
17882,2017-02-14,ELC,2016,Wolves,Wigan,,,,,,
17874,2017-02-14,ELC,2016,Brighton,Ipswich,,,,,,
17879,2017-02-14,ELC,2016,Preston,Birmingham,,,,,,
17877,2017-02-14,ELC,2016,Leeds,Bristol City,,,,,,
17873,2017-02-14,ELC,2016,Aston Villa,Barnsley,,,,,,
17875,2017-02-14,ELC,2016,Derby,Cardiff,,,,,,
17878,2017-02-14,ELC,2016,Norwich,Newcastle,,,,,,
17880,2017-02-14,ELC,2016,Rotherham,Huddersfield,,,,,,
17881,2017-02-14,ELC,2016,Sheffield Wednesday,Blackburn,,,,,,
17872,2017-02-14,ELC,2016,Reading,Brentford,,,,,,
17868,2017-02-18,ELC,2016,Cardiff,Rotherham,,,,,,
17866,2017-02-18,ELC,2016,Birmingham,QPR,,,,,,
17869,2017-02-18,ELC,2016,Ipswich,Leeds,,,,,,
17871,2017-02-18,ELC,2016,Wigan,Preston,,,,,,
17870,2017-02-18,ELC,2016,Nottingham Forest,Sheffield Wednesday,,,,,,
17865,2017-02-18,ELC,2016,Barnsley,Brighton,,,,,,
17867,2017-02-18,ELC,2016,Burton Albion,Norwich,,,,,,
17864,2017-02-20,ELC,2016,Newcastle,Aston Villa,,,,,,
17863,2017-02-21,ELC,2016,Huddersfield,Reading,,,,,,
17860,2017-02-21,ELC,2016,Derby,Burton Albion,,,,,,
17861,2017-02-21,ELC,2016,QPR,Wigan,,,,,,
17862,2017-02-21,ELC,2016,Sheffield Wednesday,Brentford,,,,,,
17859,2017-02-22,ELC,2016,Bristol City,Fulham,,,,,,
17858,2017-02-24,ELC,2016,Wolves,Birmingham,,,,,,
17857,2017-02-24,ELC,2016,Burton Albion,Blackburn,,,,,,
17856,2017-02-25,ELC,2016,Leeds,Sheffield Wednesday,,,,,,
17444,2017-02-25,PL,2016,Everton,Sunderland,,,,,,
17442,2017-02-25,PL,2016,Chelsea,Swansea,,,,,,
17443,2017-02-25,PL,2016,Crystal Palace,Middlesbrough,,,,,,
17446,2017-02-25,PL,2016,West Brom,Bournemouth,,,,,,
17445,2017-02-25,PL,2016,Hull City,Burnley,,,,,,
17853,2017-02-25,ELC,2016,Newcastle,Bristol City,,,,,,
17852,2017-02-25,ELC,2016,Cardiff,Fulham,,,,,,
17851,2017-02-25,ELC,2016,Brentford,Rotherham,,,,,,
17854,2017-02-25,ELC,2016,Preston,QPR,,,,,,
17855,2017-02-25,ELC,2016,Wigan,Nottingham Forest,,,,,,
17849,2017-02-25,ELC,2016,Aston Villa,Derby,,,,,,
17850,2017-02-25,ELC,2016,Barnsley,Huddersfield,,,,,,
17441,2017-02-25,PL,2016,Watford,West Ham,,,,,,
17848,2017-02-25,ELC,2016,Brighton,Reading,,,,,,
17847,2017-02-26,ELC,2016,Norwich,Ipswich,,,,,,
17440,2017-02-26,PL,2016,Tottenham,Stoke City,,,,,,
17439,2017-02-27,PL,2016,Leicester,Liverpool,,,,,,
17845,2017-02-28,ELC,2016,Brighton,Newcastle,,,,,,
17844,2017-02-28,ELC,2016,Aston Villa,Bristol City,,,,,,
17846,2017-02-28,ELC,2016,Blackburn,Derby,,,,,,
17843,2017-03-03,ELC,2016,Birmingham,Leeds,,,,,,
17438,2017-03-04,PL,2016,Manchester United,Bournemouth,,,,,,
17436,2017-03-04,PL,2016,Watford,Southampton,,,,,,
17433,2017-03-04,PL,2016,Leicester,Hull City,,,,,,
17437,2017-03-04,PL,2016,West Brom,Crystal Palace,,,,,,
17434,2017-03-04,PL,2016,Stoke City,Middlesbrough,,,,,,
17435,2017-03-04,PL,2016,Swansea,Burnley,,,,,,
17836,2017-03-04,ELC,2016,Fulham,Preston,,,,,,
17840,2017-03-04,ELC,2016,Reading,Wolves,,,,,,
17834,2017-03-04,ELC,2016,Bristol City,Burton Albion,,,,,,
17837,2017-03-04,ELC,2016,Ipswich,Brentford,,,,,,
17838,2017-03-04,ELC,2016,Nottingham Forest,Brighton,,,,,,
17833,2017-03-04,ELC,2016,Blackburn,Wigan,,,,,,
17835,2017-03-04,ELC,2016,Derby,Barnsley,,,,,,
17839,2017-03-04,ELC,2016,QPR,Cardiff,,,,,,
17841,2017-03-04,ELC,2016,Rotherham,Aston Villa,,,,,,
17842,2017-03-04,ELC,2016,Sheffield Wednesday,Norwich,,,,,,
17432,2017-03-04,PL,2016,Liverpool,Arsenal,,,,,,
17832,2017-03-04,ELC,2016,Huddersfield,Newcastle,,,,,,
17431,2017-03-05,PL,2016,Tottenham,Everton,,,,,,
17430,2017-03-05,PL,2016,Sunderland,Manchester City,,,,,,
17429,2017-03-06,PL,2016,West Ham,Chelsea,,,,,,
17825,2017-03-07,ELC,2016,Fulham,Leeds,,,,,,
17826,2017-03-07,ELC,2016,Huddersfield,Aston Villa,,,,,,
17821,2017-03-07,ELC,2016,Birmingham,Wigan,,,,,,
17823,2017-03-07,ELC,2016,Bristol City,Norwich,,,,,,
17827,2017-03-07,ELC,2016,Ipswich,Wolves,,,,,,
17828,2017-03-07,ELC,2016,Nottingham Forest,Brentford,,,,,,
17822,2017-03-07,ELC,2016,Blackburn,Cardiff,,,,,,
17824,2017-03-07,ELC,2016,Derby,Preston,,,,,,
17829,2017-03-07,ELC,2016,QPR,Barnsley,,,,,,
17830,2017-03-07,ELC,2016,Rotherham,Brighton,,,,,,
17831,2017-03-07,ELC,2016,Sheffield Wednesday,Burton Albion,,,,,,
17820,2017-03-07,ELC,2016,Reading,Newcastle,,,,,,
17428,2017-03-08,PL,2016,Manchester City,Stoke City,,,,,,
17819,2017-03-10,ELC,2016,Brighton,Derby,,,,,,
17425,2017-03-11,PL,2016,Bournemouth,West Ham,,,,,,
17426,2017-03-11,PL,2016,Everton,West Brom,,,,,,
17427,2017-03-11,PL,2016,Hull City,Swansea,,,,,,
17814,2017-03-11,ELC,2016,Newcastle,Fulham,,,,,,
17818,2017-03-11,ELC,2016,Wolves,Rotherham,,,,,,
17812,2017-03-11,ELC,2016,Cardiff,Birmingham,,,,,,
17810,2017-03-11,ELC,2016,Brentford,Huddersfield,,,,,,
17816,2017-03-11,ELC,2016,Preston,Reading,,,,,,
17817,2017-03-11,ELC,2016,Wigan,Bristol City,,,,,,
17813,2017-03-11,ELC,2016,Leeds,QPR,,,,,,
17808,2017-03-11,ELC,2016,Aston Villa,Sheffield Wednesday,,,,,,
17815,2017-03-11,ELC,2016,Norwich,Blackburn,,,,,,
17809,2017-03-11,ELC,2016,Barnsley,Ipswich,,,,,,
17811,2017-03-11,ELC,2016,Burton Albion,Nottingham Forest,,,,,,
17424,2017-03-12,PL,2016,Liverpool,Burnley,,,,,,
17806,2017-03-14,ELC,2016,Fulham,Blackburn,,,,,,
17807,2017-03-14,ELC,2016,Brentford,Wolves,,,,,,
17804,2017-03-17,ELC,2016,Bristol City,Huddersfield,,,,,,
17805,2017-03-17,ELC,2016,Sheffield Wednesday,Reading,,,,,,
17423,2017-03-18,PL,2016,West Brom,Arsenal,,,,,,
17803,2017-03-18,ELC,2016,Nottingham Forest,Derby,,,,,,
17802,2017-03-18,ELC,2016,Blackburn,Preston,,,,,,
17419,2017-03-18,PL,2016,Everton,Hull City,,,,,,
17422,2017-03-18,PL,2016,West Ham,Leicester,,,,,,
17418,2017-03-18,PL,2016,Crystal Palace,Watford,,,,,,
17420,2017-03-18,PL,2016,Stoke City,Chelsea,,,,,,
17421,2017-03-18,PL,2016,Sunderland,Burnley,,,,,,
17798,2017-03-18,ELC,2016,Fulham,Wolves,,,,,,
17797,2017-03-18,ELC,2016,Cardiff,Ipswich,,,,,,
17795,2017-03-18,ELC,2016,Birmingham,Newcastle,,,,,,
17801,2017-03-18,ELC,2016,Wigan,Aston Villa,,,,,,
17799,2017-03-18,ELC,2016,Norwich,Barnsley,,,,,,
17800,2017-03-18,ELC,2016,QPR,Rotherham,,,,,,
17796,2017-03-18,ELC,2016,Burton Albion,Brentford,,,,,,
17417,2017-03-18,PL,2016,Bournemouth,Swansea,,,,,,
17794,2017-03-18,ELC,2016,Leeds,Brighton,,,,,,
17416,2017-03-19,PL,2016,Middlesbrough,Manchester United,,,,,,
17415,2017-03-19,PL,2016,Tottenham,Southampton,,,,,,
17414,2017-03-19,PL,2016,Manchester City,Liverpool,,,,,,
17793,2017-03-31,ELC,2016,Derby,QPR,,,,,,
17413,2017-04-01,PL,2016,Liverpool,Everton,,,,,,
17792,2017-04-01,ELC,2016,Barnsley,Sheffield Wednesday,,,,,,
17411,2017-04-01,PL,2016,Manchester United,West Brom,,,,,,
17412,2017-04-01,PL,2016,Watford,Sunderland,,,,,,
17407,2017-04-01,PL,2016,Burnley,Tottenham,,,,,,
17410,2017-04-01,PL,2016,Leicester,Stoke City,,,,,,
17408,2017-04-01,PL,2016,Chelsea,Crystal Palace,,,,,,
17409,2017-04-01,PL,2016,Hull City,West Ham,,,,,,
17788,2017-04-01,ELC,2016,Newcastle,Wigan,,,,,,
17786,2017-04-01,ELC,2016,Huddersfield,Burton Albion,,,,,,
17791,2017-04-01,ELC,2016,Wolves,Cardiff,,,,,,
17785,2017-04-01,ELC,2016,Brighton,Blackburn,,,,,,
17784,2017-04-01,ELC,2016,Brentford,Bristol City,,,,,,
17787,2017-04-01,ELC,2016,Ipswich,Birmingham,,,,,,
17789,2017-04-01,ELC,2016,Preston,Nottingham Forest,,,,,,
17783,2017-04-01,ELC,2016,Aston Villa,Norwich,,,,,,
17790,2017-04-01,ELC,2016,Rotherham,Fulham,,,,,,
17406,2017-04-01,PL,2016,Southampton,Bournemouth,,,,,,
17782,2017-04-01,ELC,2016,Reading,Leeds,,,,,,
17405,2017-04-02,PL,2016,Swansea,Middlesbrough,,,,,,
17404,2017-04-02,PL,2016,Arsenal,Manchester City,,,,,,
17403,2017-04-04,PL,2016,Watford,West Brom,,,,,,
17401,2017-04-04,PL,2016,Burnley,Stoke City,,,,,,
17402,2017-04-04,PL,2016,Leicester,Sunderland,,,,,,
17781,2017-04-04,ELC,2016,Wolves,Nottingham Forest,,,,,,
17776,2017-04-04,ELC,2016,Brighton,Birmingham,,,,,,
17775,2017-04-04,ELC,2016,Brentford,Leeds,,,,,,
17778,2017-04-04,ELC,2016,Ipswich,Wigan,,,,,,
17779,2017-04-04,ELC,2016,Preston,Bristol City,,,,,,
17773,2017-04-04,ELC,2016,Aston Villa,QPR,,,,,,
17777,2017-04-04,ELC,2016,Derby,Fulham,,,,,,
17780,2017-04-04,ELC,2016,Rotherham,Sheffield Wednesday,,,,,,
17774,2017-04-04,ELC,2016,Barnsley,Cardiff,,,,,,
17400,2017-04-04,PL,2016,Manchester United,Everton,,,,,,
17772,2017-04-04,ELC,2016,Reading,Blackburn,,,,,,
17398,2017-04-05,PL,2016,Southampton,Crystal Palace,,,,,,
17396,2017-04-05,PL,2016,Arsenal,West Ham,,,,,,
17397,2017-04-05,PL,2016,Hull City,Middlesbrough,,,,,,
17399,2017-04-05,PL,2016,Swansea,Tottenham,,,,,,
17771,2017-04-05,ELC,2016,Newcastle,Burton Albion,,,,,,
17770,2017-04-05,ELC,2016,Huddersfield,Norwich,,,,,,
17395,2017-04-05,PL,2016,Liverpool,Bournemouth,,,,,,
17394,2017-04-05,PL,2016,Chelsea,Manchester City,,,,,,
17769,2017-04-07,ELC,2016,QPR,Brighton,,,,,,
17393,2017-04-08,PL,2016,Tottenham,Watford,,,,,,
17392,2017-04-08,PL,2016,West Ham,Swansea,,,,,,
17388,2017-04-08,PL,2016,Manchester City,Hull City,,,,,,
17391,2017-04-08,PL,2016,West Brom,Southampton,,,,,,
17389,2017-04-08,PL,2016,Middlesbrough,Burnley,,,,,,
17390,2017-04-08,PL,2016,Stoke City,Liverpool,,,,,,
17764,2017-04-08,ELC,2016,Fulham,Ipswich,,,,,,
17763,2017-04-08,ELC,2016,Cardiff,Brentford,,,,,,
17759,2017-04-08,ELC,2016,Birmingham,Derby,,,,,,
17761,2017-04-08,ELC,2016,Bristol City,Wolves,,,,,,
17768,2017-04-08,ELC,2016,Wigan,Rotherham,,,,,,
17765,2017-04-08,ELC,2016,Leeds,Preston,,,,,,
17767,2017-04-08,ELC,2016,Nottingham Forest,Huddersfield,,,,,,
17760,2017-04-08,ELC,2016,Blackburn,Barnsley,,,,,,
17766,2017-04-08,ELC,2016,Norwich,Reading,,,,,,
17762,2017-04-08,ELC,2016,Burton Albion,Aston Villa,,,,,,
17387,2017-04-08,PL,2016,Bournemouth,Chelsea,,,,,,
17758,2017-04-08,ELC,2016,Sheffield Wednesday,Newcastle,,,,,,
17386,2017-04-09,PL,2016,Sunderland,Manchester United,,,,,,
17385,2017-04-09,PL,2016,Everton,Leicester,,,,,,
17384,2017-04-10,PL,2016,Crystal Palace,Arsenal,,,,,,
17757,2017-04-13,ELC,2016,Wigan,Barnsley,,,,,,
17752,2017-04-14,ELC,2016,Huddersfield,Preston,,,,,,
17750,2017-04-14,ELC,2016,Brentford,Derby,,,,,,
17751,2017-04-14,ELC,2016,Bristol City,QPR,,,,,,
17754,2017-04-14,ELC,2016,Nottingham Forest,Blackburn,,,,,,
17753,2017-04-14,ELC,2016,Norwich,Fulham,,,,,,
17755,2017-04-14,ELC,2016,Rotherham,Birmingham,,,,,,
17756,2017-04-14,ELC,2016,Sheffield Wednesday,Cardiff,,,,,,
17749,2017-04-14,ELC,2016,Wolves,Brighton,,,,,,
17748,2017-04-14,ELC,2016,Newcastle,Leeds,,,,,,
17747,2017-04-14,ELC,2016,Burton Albion,Ipswich,,,,,,
17383,2017-04-15,PL,2016,Tottenham,Bournemouth,,,,,,
17382,2017-04-15,PL,2016,Watford,Swansea,,,,,,
17379,2017-04-15,PL,2016,Everton,Burnley,,,,,,
17378,2017-04-15,PL,2016,Crystal Palace,Leicester,,,,,,
17380,2017-04-15,PL,2016,Stoke City,Hull City,,,,,,
17381,2017-04-15,PL,2016,Sunderland,West Ham,,,,,,
17746,2017-04-15,ELC,2016,Aston Villa,Reading,,,,,,
17377,2017-04-15,PL,2016,Southampton,Manchester City,,,,,,
17376,2017-04-16,PL,2016,West Brom,Liverpool,,,,,,
17375,2017-04-16,PL,2016,Manchester United,Chelsea,,,,,,
17745,2017-04-17,ELC,2016,Fulham,Aston Villa,,,,,,
17739,2017-04-17,ELC,2016,Cardiff,Nottingham Forest,,,,,,
17738,2017-04-17,ELC,2016,Brighton,Wigan,,,,,,
17744,2017-04-17,ELC,2016,Reading,Rotherham,,,,,,
17736,2017-04-17,ELC,2016,Birmingham,Burton Albion,,,,,,
17740,2017-04-17,ELC,2016,Ipswich,Newcastle,,,,,,
17742,2017-04-17,ELC,2016,Preston,Norwich,,,,,,
17741,2017-04-17,ELC,2016,Leeds,Wolves,,,,,,
17737,2017-04-17,ELC,2016,Blackburn,Bristol City,,,,,,
17743,2017-04-17,ELC,2016,QPR,Sheffield Wednesday,,,,,,
17735,2017-04-17,ELC,2016,Barnsley,Brentford,,,,,,
17734,2017-04-17,ELC,2016,Derby,Huddersfield,,,,,,
17374,2017-04-17,PL,2016,Middlesbrough,Arsenal,,,,,,
17733,2017-04-21,ELC,2016,Norwich,Brighton,,,,,,
17370,2017-04-22,PL,2016,Bournemouth,Middlesbrough,,,,,,
17373,2017-04-22,PL,2016,West Ham,Everton,,,,,,
17371,2017-04-22,PL,2016,Hull City,Watford,,,,,,
17372,2017-04-22,PL,2016,Swansea,Stoke City,,,,,,
17727,2017-04-22,ELC,2016,Huddersfield,Fulham,,,,,,
17732,2017-04-22,ELC,2016,Wolves,Blackburn,,,,,,
17724,2017-04-22,ELC,2016,Brentford,QPR,,,,,,
17725,2017-04-22,ELC,2016,Bristol City,Barnsley,,,,,,
17731,2017-04-22,ELC,2016,Wigan,Cardiff,,,,,,
17728,2017-04-22,ELC,2016,Nottingham Forest,Reading,,,,,,
17729,2017-04-22,ELC,2016,Rotherham,Ipswich,,,,,,
17730,2017-04-22,ELC,2016,Sheffield Wednesday,Derby,,,,,,
17726,2017-04-22,ELC,2016,Burton Albion,Leeds,,,,,,
17723,2017-04-23,ELC,2016,Aston Villa,Birmingham,,,,,,
17369,2017-04-23,PL,2016,Burnley,Manchester United,,,,,,
17368,2017-04-23,PL,2016,Liverpool,Crystal Palace,,,,,,
17722,2017-04-24,ELC,2016,Newcastle,Preston,,,,,,
17367,2017-04-25,PL,2016,Chelsea,Southampton,,,,,,
17721,2017-04-25,ELC,2016,Wolves,Huddersfield,,,,,,
17365,2017-04-26,PL,2016,Arsenal,Leicester,,,,,,
17366,2017-04-26,PL,2016,Middlesbrough,Sunderland,,,,,,
17364,2017-04-26,PL,2016,Crystal Palace,Tottenham,,,,,,
17363,2017-04-27,PL,2016,Manchester City,Manchester United,,,,,,
17720,2017-04-28,ELC,2016,Cardiff,Newcastle,,,,,,
17359,2017-04-29,PL,2016,Southampton,Hull City,,,,,,
17362,2017-04-29,PL,2016,West Brom,Leicester,,,,,,
17360,2017-04-29,PL,2016,Stoke City,West Ham,,,,,,
17361,2017-04-29,PL,2016,Sunderland,Bournemouth,,,,,,
17714,2017-04-29,ELC,2016,Fulham,Brentford,,,,,,
17719,2017-04-29,ELC,2016,Reading,Wigan,,,,,,
17711,2017-04-29,ELC,2016,Birmingham,Huddersfield,,,,,,
17715,2017-04-29,ELC,2016,Ipswich,Sheffield Wednesday,,,,,,
17717,2017-04-29,ELC,2016,Preston,Rotherham,,,,,,
17716,2017-04-29,ELC,2016,Leeds,Norwich,,,,,,
17712,2017-04-29,ELC,2016,Blackburn,Aston Villa,,,,,,
17713,2017-04-29,ELC,2016,Derby,Wolves,,,,,,
17718,2017-04-29,ELC,2016,QPR,Nottingham Forest,,,,,,
17710,2017-04-29,ELC,2016,Barnsley,Burton Albion,,,,,,
17358,2017-04-29,PL,2016,Crystal Palace,Burnley,,,,,,
17709,2017-04-29,ELC,2016,Brighton,Bristol City,,,,,,
17357,2017-04-30,PL,2016,Manchester United,Swansea,,,,,,
17355,2017-04-30,PL,2016,Everton,Chelsea,,,,,,
17356,2017-04-30,PL,2016,Middlesbrough,Manchester City,,,,,,
17354,2017-04-30,PL,2016,Tottenham,Arsenal,,,,,,
17353,2017-05-01,PL,2016,Watford,Liverpool,,,,,,
17352,2017-05-05,PL,2016,West Ham,Tottenham,,,,,,
17351,2017-05-06,PL,2016,Manchester City,Crystal Palace,,,,,,
17347,2017-05-06,PL,2016,Bournemouth,Stoke City,,,,,,
17348,2017-05-06,PL,2016,Burnley,West Brom,,,,,,
17350,2017-05-06,PL,2016,Leicester,Watford,,,,,,
17349,2017-05-06,PL,2016,Hull City,Sunderland,,,,,,
17346,2017-05-06,PL,2016,Swansea,Everton,,,,,,
17702,2017-05-07,ELC,2016,Newcastle,Barnsley,,,,,,
17701,2017-05-07,ELC,2016,Huddersfield,Cardiff,,,,,,
17708,2017-05-07,ELC,2016,Wolves,Preston,,,,,,
17698,2017-05-07,ELC,2016,Brentford,Blackburn,,,,,,
17699,2017-05-07,ELC,2016,Bristol City,Birmingham,,,,,,
17707,2017-05-07,ELC,2016,Wigan,Leeds,,,,,,
17704,2017-05-07,ELC,2016,Nottingham Forest,Ipswich,,,,,,
17697,2017-05-07,ELC,2016,Aston Villa,Brighton,,,,,,
17703,2017-05-07,ELC,2016,Norwich,QPR,,,,,,
17705,2017-05-07,ELC,2016,Rotherham,Derby,,,,,,
17706,2017-05-07,ELC,2016,Sheffield Wednesday,Fulham,,,,,,
17700,2017-05-07,ELC,2016,Burton Albion,Reading,,,,,,
17345,2017-05-07,PL,2016,Liverpool,Southampton,,,,,,
17344,2017-05-07,PL,2016,Arsenal,Manchester United,,,,,,
17343,2017-05-08,PL,2016,Chelsea,Middlesbrough,,,,,,
17342,2017-05-10,PL,2016,Southampton,Arsenal,,,,,,
17341,2017-05-12,PL,2016,Everton,Watford,,,,,,
17340,2017-05-12,PL,2016,West Brom,Chelsea,,,,,,
17339,2017-05-13,PL,2016,Manchester City,Leicester,,,,,,
17336,2017-05-13,PL,2016,Bournemouth,Burnley,,,,,,
17337,2017-05-13,PL,2016,Middlesbrough,Southampton,,,,,,
17338,2017-05-13,PL,2016,Sunderland,Swansea,,,,,,
17335,2017-05-13,PL,2016,Stoke City,Arsenal,,,,,,
139000,2017-05-13,ELC,2016,Fulham,Reading,,,,,,
17334,2017-05-14,PL,2016,Crystal Palace,Hull City,,,,,,
139002,2017-05-14,ELC,2016,Huddersfield,Sheffield Wednesday,,,,,,
17333,2017-05-14,PL,2016,West Ham,Liverpool,,,,,,
17332,2017-05-14,PL,2016,Tottenham,Manchester United,,,,,,
17331,2017-05-15,PL,2016,Chelsea,Watford,,,,,,
17330,2017-05-16,PL,2016,Arsenal,Sunderland,,,,,,
139001,2017-05-16,ELC,2016,Reading,Fulham,,,,,,
17329,2017-05-16,PL,2016,Manchester City,West Brom,,,,,,
17328,2017-05-17,PL,2016,Southampton,Manchester United,,,,,,
17327,2017-05-18,PL,2016,Leicester,Tottenham,,,,,,
17323,2017-05-21,PL,2016,Manchester United,Crystal Palace,,,,,,
17326,2017-05-21,PL,2016,Watford,Manchester City,,,,,,
17322,2017-05-21,PL,2016,Liverpool,Middlesbrough,,,,,,
17324,2017-05-21,PL,2016,Southampton,Stoke City,,,,,,
17317,2017-05-21,PL,2016,Arsenal,Everton,,,,,,
17318,2017-05-21,PL,2016,Burnley,West Ham,,,,,,
17321,2017-05-21,PL,2016,Leicester,Bournemouth,,,,,,
17319,2017-05-21,PL,2016,Chelsea,Sunderland,,,,,,
17320,2017-05-21,PL,2016,Hull City,Tottenham,,,,,,
17325,2017-05-21,PL,2016,Swansea,West Brom,,,,,,
12462,2017-08-04,ELC,2017,Nottingham Forest,Millwall,,,,,,
12463,2017-08-04,ELC,2017,Sunderland,Derby,,,,,,
12456,2017-08-05,ELC,2017,Fulham,Norwich,,,,,,
12461,2017-08-05,ELC,2017,Wolves,Middlesbrough,,,,,,
12454,2017-08-05,ELC,2017,Bristol City,Barnsley,,,,,,
12457,2017-08-05,ELC,2017,Ipswich,Birmingham,,,,,,
12458,2017-08-05,ELC,2017,Preston,Sheffield Wednesday,,,,,,
12460,2017-08-05,ELC,2017,Sheffield Utd,Brentford,,,,,,
12459,2017-08-05,ELC,2017,QPR,Reading,,,,,,
12455,2017-08-05,ELC,2017,Burton Albion,Cardiff,,,,,,
12453,2017-08-05,ELC,2017,Aston Villa,Hull City,,,,,,
12452,2017-08-06,ELC,2017,Bolton,Leeds,,,,,,
11911,2017-08-11,PL,2017,Arsenal,Leicester,,,,,,
11910,2017-08-12,PL,2017,Watford,Liverpool,,,,,,
11908,2017-08-12,PL,2017,Southampton,Swansea,,,,,,
11907,2017-08-12,PL,2017,Everton,Stoke City,,,,,,
11905,2017-08-12,PL,2017,Chelsea,Burnley,,,,,,
11906,2017-08-12,PL,2017,Crystal Palace,Huddersfield,,,,,,
11909,2017-08-12,PL,2017,West Brom,Bournemouth,,,,,,
12445,2017-08-12,ELC,2017,Cardiff,Aston Villa,,,,,,
12450,2017-08-12,ELC,2017,Reading,Fulham,,,,,,
12443,2017-08-12,ELC,2017,Birmingham,Bristol City,,,,,,
12444,2017-08-12,ELC,2017,Brentford,Nottingham Forest,,,,,,
12449,2017-08-12,ELC,2017,Millwall,Bolton,,,,,,
12448,2017-08-12,ELC,2017,Leeds,Preston,,,,,,
12447,2017-08-12,ELC,2017,Hull City,Burton Albion,,,,,,
12446,2017-08-12,ELC,2017,Derby,Wolves,,,,,,
12451,2017-08-12,ELC,2017,Sheffield Wednesday,QPR,,,,,,
12442,2017-08-12,ELC,2017,Barnsley,Ipswich,,,,,,
11904,2017-08-12,PL,2017,Brighton,Manchester City,,,,,,
12441,2017-08-12,ELC,2017,Middlesbrough,Sheffield Utd,,,,,,
11903,2017-08-13,PL,2017,Newcastle,Tottenham,,,,,,
12440,2017-08-13,ELC,2017,Norwich,Sunderland,,,,,,
11902,2017-08-13,PL,2017,Manchester United,West Ham,,,,,,
12434,2017-08-15,ELC,2017,Cardiff,Sheffield Utd,,,,,,
12432,2017-08-15,ELC,2017,Birmingham,Bolton,,,,,,
12433,2017-08-15,ELC,2017,Brentford,Bristol City,,,,,,
12439,2017-08-15,ELC,2017,Millwall,Ipswich,,,,,,
12437,2017-08-15,ELC,2017,Leeds,Fulham,,,,,,
12436,2017-08-15,ELC,2017,Hull City,Wolves,,,,,,
12435,2017-08-15,ELC,2017,Derby,Preston,,,,,,
12438,2017-08-15,ELC,2017,Middlesbrough,Burton Albion,,,,,,
12431,2017-08-15,ELC,2017,Barnsley,Nottingham Forest,,,,,,
12430,2017-08-15,ELC,2017,Reading,Aston Villa,,,,,,
12428,2017-08-16,ELC,2017,Norwich,QPR,,,,,,
12429,2017-08-16,ELC,2017,Sheffield Wednesday,Sunderland,,,,,,
12427,2017-08-18,ELC,2017,Burton Albion,Birmingham,,,,,,
12426,2017-08-19,ELC,2017,Sheffield Utd,Barnsley,,,,,,
11901,2017-08-19,PL,2017,Swansea,Manchester United,,,,,,
11896,2017-08-19,PL,2017,Bournemouth,Watford,,,,,,
11899,2017-08-19,PL,2017,Liverpool,Crystal Palace,,,,,,
11900,2017-08-19,PL,2017,Southampton,West Ham,,,,,,
11897,2017-08-19,PL,2017,Burnley,West Brom,,,,,,
11898,2017-08-19,PL,2017,Leicester,Brighton,,,,,,
12420,2017-08-19,ELC,2017,Fulham,Sheffield Wednesday,,,,,,
12425,2017-08-19,ELC,2017,Wolves,Cardiff,,,,,,
12419,2017-08-19,ELC,2017,Bristol City,Millwall,,,,,,
12421,2017-08-19,ELC,2017,Ipswich,Brentford,,,,,,
12423,2017-08-19,ELC,2017,Preston,Reading,,,,,,
12422,2017-08-19,ELC,2017,Nottingham Forest,Middlesbrough,,,,,,
12417,2017-08-19,ELC,2017,Aston Villa,Norwich,,,,,,
12418,2017-08-19,ELC,2017,Bolton,Derby,,,,,,
12424,2017-08-19,ELC,2017,QPR,Hull City,,,,,,
11895,2017-08-19,PL,2017,Stoke City,Arsenal,,,,,,
12416,2017-08-19,ELC,2017,Sunderland,Leeds,,,,,,
11894,2017-08-20,PL,2017,Huddersfield,Newcastle,,,,,,
11893,2017-08-20,PL,2017,Tottenham,Chelsea,,,,,,
11892,2017-08-21,PL,2017,Manchester City,Everton,,,,,,
12414,2017-08-25,ELC,2017,Bristol City,Aston Villa,,,,,,
12415,2017-08-25,ELC,2017,Hull City,Bolton,,,,,,
11891,2017-08-26,PL,2017,Bournemouth,Manchester City,,,,,,
11889,2017-08-26,PL,2017,Newcastle,West Ham,,,,,,
11888,2017-08-26,PL,2017,Huddersfield,Southampton,,,,,,
11890,2017-08-26,PL,2017,Watford,Brighton,,,,,,
11887,2017-08-26,PL,2017,Crystal Palace,Swansea,,,,,,
12409,2017-08-26,ELC,2017,Cardiff,QPR,,,,,,
12406,2017-08-26,ELC,2017,Birmingham,Reading,,,,,,
12407,2017-08-26,ELC,2017,Brentford,Wolves,,,,,,
12410,2017-08-26,ELC,2017,Ipswich,Fulham,,,,,,
12412,2017-08-26,ELC,2017,Millwall,Norwich,,,,,,
12413,2017-08-26,ELC,2017,Sheffield Utd,Derby,,,,,,
12411,2017-08-26,ELC,2017,Middlesbrough,Preston,,,,,,
12405,2017-08-26,ELC,2017,Barnsley,Sunderland,,,,,,
12408,2017-08-26,ELC,2017,Burton Albion,Sheffield Wednesday,,,,,,
11886,2017-08-26,PL,2017,Manchester United,Leicester,,,,,,
12404,2017-08-26,ELC,2017,Nottingham Forest,Leeds,,,,,,
11884,2017-08-27,PL,2017,Chelsea,Everton,,,,,,
11885,2017-08-27,PL,2017,West Brom,Stoke City,,,,,,
11882,2017-08-27,PL,2017,Liverpool,Arsenal,,,,,,
11883,2017-08-27,PL,2017,Tottenham,Burnley,,,,,,
12403,2017-09-08,ELC,2017,Derby,Hull City,,,,,,
11881,2017-09-09,PL,2017,Manchester City,Liverpool,,,,,,
11880,2017-09-09,PL,2017,Southampton,Watford,,,,,,
11876,2017-09-09,PL,2017,Arsenal,Bournemouth,,,,,,
11878,2017-09-09,PL,2017,Everton,Tottenham,,,,,,
11879,2017-09-09,PL,2017,Leicester,Chelsea,,,,,,
11877,2017-09-09,PL,2017,Brighton,West Brom,,,,,,
12395,2017-09-09,ELC,2017,Fulham,Cardiff,,,,,,
12402,2017-09-09,ELC,2017,Wolves,Millwall,,,,,,
12400,2017-09-09,ELC,2017,Reading,Bristol City,,,,,,
12398,2017-09-09,ELC,2017,Preston,Barnsley,,,,,,
12396,2017-09-09,ELC,2017,Leeds,Burton Albion,,,,,,
12393,2017-09-09,ELC,2017,Aston Villa,Brentford,,,,,,
12394,2017-09-09,ELC,2017,Bolton,Middlesbrough,,,,,,
12397,2017-09-09,ELC,2017,Norwich,Birmingham,,,,,,
12399,2017-09-09,ELC,2017,QPR,Ipswich,,,,,,
12401,2017-09-09,ELC,2017,Sunderland,Sheffield Utd,,,,,,
11875,2017-09-09,PL,2017,Stoke City,Manchester United,,,,,,
12392,2017-09-09,ELC,2017,Sheffield Wednesday,Nottingham Forest,,,,,,
11874,2017-09-10,PL,2017,Burnley,Crystal Palace,,,,,,
11873,2017-09-10,PL,2017,Swansea,Newcastle,,,,,,
11872,2017-09-11,PL,2017,West Ham,Huddersfield,,,,,,
12391,2017-09-12,ELC,2017,Wolves,Bristol City,,,,,,
12387,2017-09-12,ELC,2017,Preston,Cardiff,,,,,,
12385,2017-09-12,ELC,2017,Leeds,Birmingham,,,,,,
12384,2017-09-12,ELC,2017,Aston Villa,Middlesbrough,,,,,,
12386,2017-09-12,ELC,2017,Norwich,Burton Albion,,,,,,
12388,2017-09-12,ELC,2017,QPR,Millwall,,,,,,
12389,2017-09-12,ELC,2017,Sheffield Wednesday,Brentford,,,,,,
12390,2017-09-12,ELC,2017,Sunderland,Nottingham Forest,,,,,,
12383,2017-09-12,ELC,2017,Bolton,Sheffield Utd,,,,,,
12382,2017-09-13,ELC,2017,Fulham,Hull City,,,,,,
11871,2017-09-15,PL,2017,Bournemouth,Brighton,,,,,,
11870,2017-09-16,PL,2017,Crystal Palace,Southampton,,,,,,
11867,2017-09-16,PL,2017,Newcastle,Stoke City,,,,,,
11865,2017-09-16,PL,2017,Huddersfield,Leicester,,,,,,
11868,2017-09-16,PL,2017,Watford,Manchester City,,,,,,
11866,2017-09-16,PL,2017,Liverpool,Burnley,,,,,,
11869,2017-09-16,PL,2017,West Brom,West Ham,,,,,,
12375,2017-09-16,ELC,2017,Cardiff,Sheffield Wednesday,,,,,,
12371,2017-09-16,ELC,2017,Birmingham,Preston,,,,,,
12372,2017-09-16,ELC,2017,Brentford,Reading,,,,,,
12373,2017-09-16,ELC,2017,Bristol City,Derby,,,,,,
12377,2017-09-16,ELC,2017,Ipswich,Bolton,,,,,,
12379,2017-09-16,ELC,2017,Millwall,Leeds,,,,,,
12381,2017-09-16,ELC,2017,Sheffield Utd,Norwich,,,,,,
12376,2017-09-16,ELC,2017,Hull City,Sunderland,,,,,,
12380,2017-09-16,ELC,2017,Nottingham Forest,Wolves,,,,,,
12378,2017-09-16,ELC,2017,Middlesbrough,QPR,,,,,,
12374,2017-09-16,ELC,2017,Burton Albion,Fulham,,,,,,
11864,2017-09-16,PL,2017,Tottenham,Swansea,,,,,,
12370,2017-09-16,ELC,2017,Barnsley,Aston Villa,,,,,,
11863,2017-09-17,PL,2017,Chelsea,Arsenal,,,,,,
11862,2017-09-17,PL,2017,Manchester United,Everton,,,,,,
11861,2017-09-23,PL,2017,West Ham,Tottenham,,,,,,
11858,2017-09-23,PL,2017,Southampton,Manchester United,,,,,,
11855,2017-09-23,PL,2017,Burnley,Huddersfield,,,,,,
11856,2017-09-23,PL,2017,Everton,Bournemouth,,,,,,
11857,2017-09-23,PL,2017,Manchester City,Crystal Palace,,,,,,
11859,2017-09-23,PL,2017,Stoke City,Chelsea,,,,,,
11860,2017-09-23,PL,2017,Swansea,Watford,,,,,,
12362,2017-09-23,ELC,2017,Fulham,Middlesbrough,,,,,,
12369,2017-09-23,ELC,2017,Wolves,Barnsley,,,,,,
12367,2017-09-23,ELC,2017,Reading,Hull City,,,,,,
12365,2017-09-23,ELC,2017,Preston,Millwall,,,,,,
12363,2017-09-23,ELC,2017,Leeds,Ipswich,,,,,,
12360,2017-09-23,ELC,2017,Bolton,Brentford,,,,,,
12361,2017-09-23,ELC,2017,Derby,Birmingham,,,,,,
12364,2017-09-23,ELC,2017,Norwich,Bristol City,,,,,,
12366,2017-09-23,ELC,2017,QPR,Burton Albion,,,,,,
12368,2017-09-23,ELC,2017,Sunderland,Cardiff,,,,,,
11854,2017-09-23,PL,2017,Leicester,Liverpool,,,,,,
12359,2017-09-23,ELC,2017,Aston Villa,Nottingham Forest,,,,,,
12358,2017-09-24,ELC,2017,Sheffield Wednesday,Sheffield Utd,,,,,,
11853,2017-09-24,PL,2017,Brighton,Newcastle,,,,,,
11852,2017-09-25,PL,2017,Arsenal,West Brom,,,,,,
12352,2017-09-26,ELC,2017,Cardiff,Leeds,,,,,,
12349,2017-09-26,ELC,2017,Brentford,Derby,,,,,,
12350,2017-09-26,ELC,2017,Bristol City,Bolton,,,,,,
12354,2017-09-26,ELC,2017,Ipswich,Sunderland,,,,,,
12356,2017-09-26,ELC,2017,Millwall,Reading,,,,,,
12353,2017-09-26,ELC,2017,Hull City,Preston,,,,,,
12357,2017-09-26,ELC,2017,Nottingham Forest,Fulham,,,,,,
12355,2017-09-26,ELC,2017,Middlesbrough,Norwich,,,,,,
12348,2017-09-26,ELC,2017,Barnsley,QPR,,,,,,
12351,2017-09-26,ELC,2017,Burton Albion,Aston Villa,,,,,,
12346,2017-09-27,ELC,2017,Birmingham,Sheffield Wednesday,,,,,,
12347,2017-09-27,ELC,2017,Sheffield Utd,Wolves,,,,,,
12345,2017-09-29,ELC,2017,QPR,Fulham,,,,,,
11851,2017-09-30,PL,2017,Huddersfield,Tottenham,,,,,,
11847,2017-09-30,PL,2017,Manchester United,Crystal Palace,,,,,,
11846,2017-09-30,PL,2017,Bournemouth,Leicester,,,,,,
11850,2017-09-30,PL,2017,West Ham,Swansea,,,,,,
11849,2017-09-30,PL,2017,West Brom,Watford,,,,,,
11848,2017-09-30,PL,2017,Stoke City,Southampton,,,,,,
12338,2017-09-30,ELC,2017,Cardiff,Derby,,,,,,
12340,2017-09-30,ELC,2017,Ipswich,Bristol City,,,,,,
12342,2017-09-30,ELC,2017,Millwall,Barnsley,,,,,,
12344,2017-09-30,ELC,2017,Preston,Sunderland,,,,,,
12339,2017-09-30,ELC,2017,Hull City,Birmingham,,,,,,
12343,2017-09-30,ELC,2017,Nottingham Forest,Sheffield Utd,,,,,,
12336,2017-09-30,ELC,2017,Aston Villa,Bolton,,,,,,
12341,2017-09-30,ELC,2017,Middlesbrough,Brentford,,,,,,
12337,2017-09-30,ELC,2017,Burton Albion,Wolves,,,,,,
11845,2017-09-30,PL,2017,Chelsea,Manchester City,,,,,,
12335,2017-09-30,ELC,2017,Reading,Norwich,,,,,,
11844,2017-10-01,PL,2017,Arsenal,Brighton,,,,,,
12334,2017-10-01,ELC,2017,Sheffield Wednesday,Leeds,,,,,,
11843,2017-10-01,PL,2017,Everton,Burnley,,,,,,
11842,2017-10-01,PL,2017,Newcastle,Liverpool,,,,,,
12332,2017-10-13,ELC,2017,Birmingham,Cardiff,,,,,,
12333,2017-10-13,ELC,2017,Bristol City,Burton Albion,,,,,,
11841,2017-10-14,PL,2017,Liverpool,Manchester United,,,,,,
11836,2017-10-14,PL,2017,Burnley,West Ham,,,,,,
11840,2017-10-14,PL,2017,Tottenham,Bournemouth,,,,,,
11838,2017-10-14,PL,2017,Manchester City,Stoke City,,,,,,
11837,2017-10-14,PL,2017,Crystal Palace,Chelsea,,,,,,
11839,2017-10-14,PL,2017,Swansea,Huddersfield,,,,,,
12327,2017-10-14,ELC,2017,Fulham,Preston,,,,,,
12326,2017-10-14,ELC,2017,Brentford,Millwall,,,,,,
12330,2017-10-14,ELC,2017,Sheffield Utd,Ipswich,,,,,,
12328,2017-10-14,ELC,2017,Leeds,Reading,,,,,,
12325,2017-10-14,ELC,2017,Bolton,Sheffield Wednesday,,,,,,
12329,2017-10-14,ELC,2017,Norwich,Hull City,,,,,,
12331,2017-10-14,ELC,2017,Sunderland,QPR,,,,,,
12324,2017-10-14,ELC,2017,Barnsley,Middlesbrough,,,,,,
11835,2017-10-14,PL,2017,Watford,Arsenal,,,,,,
12323,2017-10-14,ELC,2017,Wolves,Aston Villa,,,,,,
12322,2017-10-15,ELC,2017,Derby,Nottingham Forest,,,,,,
11834,2017-10-15,PL,2017,Brighton,Everton,,,,,,
11833,2017-10-15,PL,2017,Southampton,Newcastle,,,,,,
11832,2017-10-16,PL,2017,Leicester,West Brom,,,,,,
11831,2017-10-20,PL,2017,West Ham,Brighton,,,,,,
11830,2017-10-21,PL,2017,Chelsea,Watford,,,,,,
11827,2017-10-21,PL,2017,Newcastle,Crystal Palace,,,,,,
11825,2017-10-21,PL,2017,Huddersfield,Manchester United,,,,,,
11826,2017-10-21,PL,2017,Manchester City,Burnley,,,,,,
11828,2017-10-21,PL,2017,Stoke City,Bournemouth,,,,,,
11829,2017-10-21,PL,2017,Swansea,Leicester,,,,,,
12321,2017-10-21,ELC,2017,Wolves,Preston,,,,,,
12315,2017-10-21,ELC,2017,Brentford,Sunderland,,,,,,
12316,2017-10-21,ELC,2017,Bristol City,Leeds,,,,,,
12320,2017-10-21,ELC,2017,Sheffield Utd,Reading,,,,,,
12319,2017-10-21,ELC,2017,Nottingham Forest,Burton Albion,,,,,,
12312,2017-10-21,ELC,2017,Aston Villa,Fulham,,,,,,
12314,2017-10-21,ELC,2017,Bolton,QPR,,,,,,
12317,2017-10-21,ELC,2017,Derby,Sheffield Wednesday,,,,,,
12318,2017-10-21,ELC,2017,Middlesbrough,Cardiff,,,,,,
12313,2017-10-21,ELC,2017,Barnsley,Hull City,,,,,,
11824,2017-10-21,PL,2017,Southampton,West Brom,,,,,,
12311,2017-10-21,ELC,2017,Millwall,Birmingham,,,,,,
12310,2017-10-22,ELC,2017,Ipswich,Norwich,,,,,,
11823,2017-10-22,PL,2017,Everton,Arsenal,,,,,,
11822,2017-10-22,PL,2017,Tottenham,Liverpool,,,,,,
12309,2017-10-27,ELC,2017,Leeds,Sheffield Utd,,,,,,
11821,2017-10-28,PL,2017,Manchester United,Tottenham,,,,,,
12308,2017-10-28,ELC,2017,Sheffield Wednesday,Barnsley,,,,,,
11819,2017-10-28,PL,2017,Watford,Stoke City,,,,,,
11818,2017-10-28,PL,2017,Liverpool,Huddersfield,,,,,,
11816,2017-10-28,PL,2017,Arsenal,Swansea,,,,,,
11817,2017-10-28,PL,2017,Crystal Palace,West Ham,,,,,,
11820,2017-10-28,PL,2017,West Brom,Manchester City,,,,,,
12302,2017-10-28,ELC,2017,Fulham,Bolton,,,,,,
12301,2017-10-28,ELC,2017,Cardiff,Millwall,,,,,,
12306,2017-10-28,ELC,2017,Reading,Middlesbrough,,,,,,
12304,2017-10-28,ELC,2017,Preston,Brentford,,,,,,
12303,2017-10-28,ELC,2017,Norwich,Derby,,,,,,
12305,2017-10-28,ELC,2017,QPR,Wolves,,,,,,
12307,2017-10-28,ELC,2017,Sunderland,Bristol City,,,,,,
12300,2017-10-28,ELC,2017,Burton Albion,Ipswich,,,,,,
11815,2017-10-28,PL,2017,Bournemouth,Chelsea,,,,,,
12299,2017-10-28,ELC,2017,Hull City,Nottingham Forest,,,,,,
12298,2017-10-29,ELC,2017,Birmingham,Aston Villa,,,,,,
11814,2017-10-29,PL,2017,Brighton,Southampton,,,,,,
11813,2017-10-29,PL,2017,Leicester,Everton,,,,,,
11812,2017-10-30,PL,2017,Burnley,Newcastle,,,,,,
12291,2017-10-31,ELC,2017,Fulham,Bristol City,,,,,,
12290,2017-10-31,ELC,2017,Cardiff,Ipswich,,,,,,
12293,2017-10-31,ELC,2017,Leeds,Derby,,,,,,
12292,2017-10-31,ELC,2017,Hull City,Middlesbrough,,,,,,
12294,2017-10-31,ELC,2017,Norwich,Wolves,,,,,,
12295,2017-10-31,ELC,2017,QPR,Sheffield Utd,,,,,,
12296,2017-10-31,ELC,2017,Sheffield Wednesday,Millwall,,,,,,
12297,2017-10-31,ELC,2017,Sunderland,Bolton,,,,,,
12289,2017-10-31,ELC,2017,Burton Albion,Barnsley,,,,,,
12288,2017-10-31,ELC,2017,Reading,Nottingham Forest,,,,,,
12286,2017-11-01,ELC,2017,Birmingham,Brentford,,,,,,
12287,2017-11-01,ELC,2017,Preston,Aston Villa,,,,,,
12285,2017-11-03,ELC,2017,Wolves,Fulham,,,,,,
12284,2017-11-04,ELC,2017,Bristol City,Cardiff,,,,,,
11811,2017-11-04,PL,2017,Stoke City,Leicester,,,,,,
11808,2017-11-04,PL,2017,Newcastle,Bournemouth,,,,,,
11807,2017-11-04,PL,2017,Huddersfield,West Brom,,,,,,
11809,2017-11-04,PL,2017,Southampton,Burnley,,,,,,
11810,2017-11-04,PL,2017,Swansea,Brighton,,,,,,
12280,2017-11-04,ELC,2017,Ipswich,Preston,,,,,,
12281,2017-11-04,ELC,2017,Millwall,Burton Albion,,,,,,
12283,2017-11-04,ELC,2017,Sheffield Utd,Hull City,,,,,,
12282,2017-11-04,ELC,2017,Nottingham Forest,QPR,,,,,,
12276,2017-11-04,ELC,2017,Aston Villa,Sheffield Wednesday,,,,,,
12278,2017-11-04,ELC,2017,Bolton,Norwich,,,,,,
12279,2017-11-04,ELC,2017,Derby,Reading,,,,,,
12277,2017-11-04,ELC,2017,Barnsley,Birmingham,,,,,,
11806,2017-11-04,PL,2017,West Ham,Liverpool,,,,,,
12275,2017-11-04,ELC,2017,Brentford,Leeds,,,,,,
11805,2017-11-05,PL,2017,Tottenham,Crystal Palace,,,,,,
12274,2017-11-05,ELC,2017,Middlesbrough,Sunderland,,,,,,
11804,2017-11-05,PL,2017,Manchester City,Arsenal,,,,,,
11803,2017-11-05,PL,2017,Everton,Watford,,,,,,
11802,2017-11-05,PL,2017,Chelsea,Manchester United,,,,,,
12273,2017-11-17,ELC,2017,Preston,Bolton,,,,,,
12272,2017-11-17,ELC,2017,Burton Albion,Sheffield Utd,,,,,,
11801,2017-11-18,PL,2017,Arsenal,Tottenham,,,,,,
11795,2017-11-18,PL,2017,Bournemouth,Huddersfield,,,,,,
11799,2017-11-18,PL,2017,Liverpool,Southampton,,,,,,
11796,2017-11-18,PL,2017,Burnley,Swansea,,,,,,
11798,2017-11-18,PL,2017,Leicester,Manchester City,,,,,,
11797,2017-11-18,PL,2017,Crystal Palace,Everton,,,,,,
11800,2017-11-18,PL,2017,West Brom,Chelsea,,,,,,
12265,2017-11-18,ELC,2017,Cardiff,Brentford,,,,,,
12269,2017-11-18,ELC,2017,Reading,Wolves,,,,,,
12264,2017-11-18,ELC,2017,Birmingham,Nottingham Forest,,,,,,
12266,2017-11-18,ELC,2017,Hull City,Ipswich,,,,,,
12267,2017-11-18,ELC,2017,Norwich,Barnsley,,,,,,
12268,2017-11-18,ELC,2017,QPR,Aston Villa,,,,,,
12270,2017-11-18,ELC,2017,Sheffield Wednesday,Bristol City,,,,,,
12271,2017-11-18,ELC,2017,Sunderland,Millwall,,,,,,
11794,2017-11-18,PL,2017,Manchester United,Newcastle,,,,,,
12263,2017-11-18,ELC,2017,Fulham,Derby,,,,,,
12262,2017-11-19,ELC,2017,Leeds,Middlesbrough,,,,,,
11793,2017-11-19,PL,2017,Watford,West Ham,,,,,,
11792,2017-11-20,PL,2017,Brighton,Stoke City,,,,,,
12256,2017-11-21,ELC,2017,Brentford,Burton Albion,,,,,,
12257,2017-11-21,ELC,2017,Bristol City,Preston,,,,,,
12259,2017-11-21,ELC,2017,Millwall,Hull City,,,,,,
12261,2017-11-21,ELC,2017,Sheffield Utd,Fulham,,,,,,
12260,2017-11-21,ELC,2017,Nottingham Forest,Norwich,,,,,,
12254,2017-11-21,ELC,2017,Aston Villa,Sunderland,,,,,,
12258,2017-11-21,ELC,2017,Derby,QPR,,,,,,
12255,2017-11-21,ELC,2017,Barnsley,Cardiff,,,,,,
12253,2017-11-21,ELC,2017,Bolton,Reading,,,,,,
12252,2017-11-22,ELC,2017,Wolves,Leeds,,,,,,
12250,2017-11-22,ELC,2017,Ipswich,Sheffield Wednesday,,,,,,
12251,2017-11-22,ELC,2017,Middlesbrough,Birmingham,,,,,,
11791,2017-11-24,PL,2017,West Ham,Leicester,,,,,,
12249,2017-11-25,ELC,2017,Barnsley,Leeds,,,,,,
11787,2017-11-25,PL,2017,Manchester United,Brighton,,,,,,
11788,2017-11-25,PL,2017,Newcastle,Watford,,,,,,
11790,2017-11-25,PL,2017,Tottenham,West Brom,,,,,,
11786,2017-11-25,PL,2017,Crystal Palace,Stoke City,,,,,,
11789,2017-11-25,PL,2017,Swansea,Bournemouth,,,,,,
12243,2017-11-25,ELC,2017,Fulham,Millwall,,,,,,
12248,2017-11-25,ELC,2017,Wolves,Bolton,,,,,,
12247,2017-11-25,ELC,2017,Reading,Sheffield Wednesday,,,,,,
12244,2017-11-25,ELC,2017,Hull City,Bristol City,,,,,,
12241,2017-11-25,ELC,2017,Aston Villa,Ipswich,,,,,,
12245,2017-11-25,ELC,2017,Middlesbrough,Derby,,,,,,
12246,2017-11-25,ELC,2017,Norwich,Preston,,,,,,
12242,2017-11-25,ELC,2017,Burton Albion,Sunderland,,,,,,
11785,2017-11-25,PL,2017,Liverpool,Chelsea,,,,,,
12240,2017-11-25,ELC,2017,Sheffield Utd,Birmingham,,,,,,
12239,2017-11-26,ELC,2017,Nottingham Forest,Cardiff,,,,,,
11784,2017-11-26,PL,2017,Southampton,Everton,,,,,,
11783,2017-11-26,PL,2017,Burnley,Arsenal,,,,,,
11782,2017-11-26,PL,2017,Huddersfield,Manchester City,,,,,,
12238,2017-11-27,ELC,2017,QPR,Brentford,,,,,,
11781,2017-11-28,PL,2017,Leicester,Tottenham,,,,,,
11780,2017-11-28,PL,2017,Brighton,Crystal Palace,,,,,,
12237,2017-11-28,ELC,2017,Derby,Ipswich,,,,,,
11778,2017-11-28,PL,2017,Watford,Manchester United,,,,,,
11779,2017-11-28,PL,2017,West Brom,Newcastle,,,,,,
12236,2017-11-28,ELC,2017,Reading,Barnsley,,,,,,
11776,2017-11-29,PL,2017,Bournemouth,Burnley,,,,,,
11775,2017-11-29,PL,2017,Arsenal,Huddersfield,,,,,,
11777,2017-11-29,PL,2017,Chelsea,Swansea,,,,,,
11772,2017-11-29,PL,2017,Everton,West Ham,,,,,,
11773,2017-11-29,PL,2017,Manchester City,Southampton,,,,,,
11774,2017-11-29,PL,2017,Stoke City,Liverpool,,,,,,
12234,2017-12-01,ELC,2017,Cardiff,Norwich,,,,,,
12235,2017-12-01,ELC,2017,Leeds,Aston Villa,,,,,,
11771,2017-12-02,PL,2017,Chelsea,Newcastle,,,,,,
11769,2017-12-02,PL,2017,Watford,Tottenham,,,,,,
11766,2017-12-02,PL,2017,Everton,Huddersfield,,,,,,
11767,2017-12-02,PL,2017,Leicester,Burnley,,,,,,
11765,2017-12-02,PL,2017,Brighton,Liverpool,,,,,,
11770,2017-12-02,PL,2017,West Brom,Crystal Palace,,,,,,
11768,2017-12-02,PL,2017,Stoke City,Swansea,,,,,,
12227,2017-12-02,ELC,2017,Brentford,Fulham,,,,,,
12229,2017-12-02,ELC,2017,Ipswich,Nottingham Forest,,,,,,
12230,2017-12-02,ELC,2017,Millwall,Sheffield Utd,,,,,,
12231,2017-12-02,ELC,2017,Preston,QPR,,,,,,
12226,2017-12-02,ELC,2017,Bolton,Barnsley,,,,,,
12228,2017-12-02,ELC,2017,Derby,Burton Albion,,,,,,
12232,2017-12-02,ELC,2017,Sheffield Wednesday,Hull City,,,,,,
12233,2017-12-02,ELC,2017,Sunderland,Reading,,,,,,
11764,2017-12-02,PL,2017,Arsenal,Manchester United,,,,,,
12225,2017-12-02,ELC,2017,Bristol City,Middlesbrough,,,,,,
11763,2017-12-03,PL,2017,Bournemouth,Southampton,,,,,,
11762,2017-12-03,PL,2017,Manchester City,West Ham,,,,,,
12224,2017-12-04,ELC,2017,Birmingham,Wolves,,,,,,
12223,2017-12-08,ELC,2017,Sheffield Utd,Bristol City,,,,,,
11761,2017-12-09,PL,2017,West Ham,Chelsea,,,,,,
11758,2017-12-09,PL,2017,Huddersfield,Brighton,,,,,,
11756,2017-12-09,PL,2017,Burnley,Watford,,,,,,
11760,2017-12-09,PL,2017,Tottenham,Stoke City,,,,,,
11757,2017-12-09,PL,2017,Crystal Palace,Bournemouth,,,,,,
11759,2017-12-09,PL,2017,Swansea,West Brom,,,,,,
12217,2017-12-09,ELC,2017,Fulham,Birmingham,,,,,,
12222,2017-12-09,ELC,2017,Wolves,Sunderland,,,,,,
12218,2017-12-09,ELC,2017,Hull City,Brentford,,,,,,
12220,2017-12-09,ELC,2017,Nottingham Forest,Bolton,,,,,,
12214,2017-12-09,ELC,2017,Aston Villa,Millwall,,,,,,
12219,2017-12-09,ELC,2017,Middlesbrough,Ipswich,,,,,,
12221,2017-12-09,ELC,2017,QPR,Leeds,,,,,,
12215,2017-12-09,ELC,2017,Barnsley,Derby,,,,,,
12216,2017-12-09,ELC,2017,Burton Albion,Preston,,,,,,
11755,2017-12-09,PL,2017,Newcastle,Leicester,,,,,,
12213,2017-12-09,ELC,2017,Norwich,Sheffield Wednesday,,,,,,
11754,2017-12-10,PL,2017,Southampton,Arsenal,,,,,,
11753,2017-12-10,PL,2017,Liverpool,Everton,,,,,,
11752,2017-12-10,PL,2017,Manchester United,Manchester City,,,,,,
12212,2017-12-11,ELC,2017,Reading,Cardiff,,,,,,
11751,2017-12-12,PL,2017,Burnley,Stoke City,,,,,,
11750,2017-12-12,PL,2017,Huddersfield,Chelsea,,,,,,
11749,2017-12-12,PL,2017,Crystal Palace,Watford,,,,,,
11746,2017-12-13,PL,2017,Newcastle,Everton,,,,,,
11747,2017-12-13,PL,2017,Southampton,Leicester,,,,,,
11748,2017-12-13,PL,2017,Swansea,Manchester City,,,,,,
11743,2017-12-13,PL,2017,Manchester United,Bournemouth,,,,,,
11742,2017-12-13,PL,2017,Liverpool,West Brom,,,,,,
11744,2017-12-13,PL,2017,Tottenham,Brighton,,,,,,
11745,2017-12-13,PL,2017,West Ham,Arsenal,,,,,,
12211,2017-12-15,ELC,2017,Sheffield Wednesday,Wolves,,,,,,
11741,2017-12-16,PL,2017,Leicester,Crystal Palace,,,,,,
11740,2017-12-16,PL,2017,Watford,Huddersfield,,,,,,
11737,2017-12-16,PL,2017,Arsenal,Newcastle,,,,,,
11739,2017-12-16,PL,2017,Chelsea,Southampton,,,,,,
11738,2017-12-16,PL,2017,Brighton,Burnley,,,,,,
12201,2017-12-16,ELC,2017,Birmingham,QPR,,,,,,
12203,2017-12-16,ELC,2017,Brentford,Barnsley,,,,,,
12204,2017-12-16,ELC,2017,Bristol City,Nottingham Forest,,,,,,
12206,2017-12-16,ELC,2017,Ipswich,Reading,,,,,,
12208,2017-12-16,ELC,2017,Millwall,Middlesbrough,,,,,,
12209,2017-12-16,ELC,2017,Preston,Sheffield Utd,,,,,,
12207,2017-12-16,ELC,2017,Leeds,Norwich,,,,,,
12202,2017-12-16,ELC,2017,Bolton,Burton Albion,,,,,,
12205,2017-12-16,ELC,2017,Derby,Aston Villa,,,,,,
12210,2017-12-16,ELC,2017,Sunderland,Fulham,,,,,,
11736,2017-12-16,PL,2017,Stoke City,West Ham,,,,,,
11735,2017-12-16,PL,2017,Manchester City,Tottenham,,,,,,
12200,2017-12-16,ELC,2017,Cardiff,Hull City,,,,,,
11734,2017-12-17,PL,2017,West Brom,Manchester United,,,,,,
11733,2017-12-17,PL,2017,Bournemouth,Liverpool,,,,,,
11732,2017-12-18,PL,2017,Everton,Swansea,,,,,,
11731,2017-12-22,PL,2017,Arsenal,Liverpool,,,,,,
12199,2017-12-22,ELC,2017,Norwich,Brentford,,,,,,
11730,2017-12-23,PL,2017,Everton,Chelsea,,,,,,
11726,2017-12-23,PL,2017,Southampton,Huddersfield,,,,,,
11729,2017-12-23,PL,2017,West Ham,Newcastle,,,,,,
11725,2017-12-23,PL,2017,Manchester City,Bournemouth,,,,,,
11724,2017-12-23,PL,2017,Brighton,Watford,,,,,,
11727,2017-12-23,PL,2017,Stoke City,West Brom,,,,,,
11728,2017-12-23,PL,2017,Swansea,Crystal Palace,,,,,,
12191,2017-12-23,ELC,2017,Fulham,Barnsley,,,,,,
12198,2017-12-23,ELC,2017,Wolves,Ipswich,,,,,,
12195,2017-12-23,ELC,2017,Reading,Burton Albion,,,,,,
12193,2017-12-23,ELC,2017,Preston,Nottingham Forest,,,,,,
12192,2017-12-23,ELC,2017,Leeds,Hull City,,,,,,
12189,2017-12-23,ELC,2017,Bolton,Cardiff,,,,,,
12190,2017-12-23,ELC,2017,Derby,Millwall,,,,,,
12194,2017-12-23,ELC,2017,QPR,Bristol City,,,,,,
12196,2017-12-23,ELC,2017,Sheffield Wednesday,Middlesbrough,,,,,,
12197,2017-12-23,ELC,2017,Sunderland,Birmingham,,,,,,
11723,2017-12-23,PL,2017,Burnley,Tottenham,,,,,,
12188,2017-12-23,ELC,2017,Aston Villa,Sheffield Utd,,,,,,
11722,2017-12-23,PL,2017,Leicester,Manchester United,,,,,,
11721,2017-12-26,PL,2017,Tottenham,Southampton,,,,,,
12187,2017-12-26,ELC,2017,Millwall,Wolves,,,,,,
11718,2017-12-26,PL,2017,Manchester United,Burnley,,,,,,
11715,2017-12-26,PL,2017,Bournemouth,West Ham,,,,,,
11717,2017-12-26,PL,2017,Huddersfield,Stoke City,,,,,,
11719,2017-12-26,PL,2017,Watford,Leicester,,,,,,
11716,2017-12-26,PL,2017,Chelsea,Brighton,,,,,,
11720,2017-12-26,PL,2017,West Brom,Everton,,,,,,
12181,2017-12-26,ELC,2017,Cardiff,Fulham,,,,,,
12178,2017-12-26,ELC,2017,Birmingham,Norwich,,,,,,
12179,2017-12-26,ELC,2017,Bristol City,Reading,,,,,,
12183,2017-12-26,ELC,2017,Ipswich,QPR,,,,,,
12186,2017-12-26,ELC,2017,Sheffield Utd,Sunderland,,,,,,
12182,2017-12-26,ELC,2017,Hull City,Derby,,,,,,
12185,2017-12-26,ELC,2017,Nottingham Forest,Sheffield Wednesday,,,,,,
12184,2017-12-26,ELC,2017,Middlesbrough,Bolton,,,,,,
12177,2017-12-26,ELC,2017,Barnsley,Preston,,,,,,
12180,2017-12-26,ELC,2017,Burton Albion,Leeds,,,,,,
11714,2017-12-26,PL,2017,Liverpool,Swansea,,,,,,
12176,2017-12-26,ELC,2017,Brentford,Aston Villa,,,,,,
11713,2017-12-27,PL,2017,Newcastle,Manchester City,,,,,,
11712,2017-12-28,PL,2017,Crystal Palace,Arsenal,,,,,,
12174,2017-12-29,ELC,2017,Cardiff,Preston,,,,,,
12175,2017-12-29,ELC,2017,Millwall,QPR,,,,,,
11710,2017-12-30,PL,2017,Newcastle,Brighton,,,,,,
11706,2017-12-30,PL,2017,Bournemouth,Everton,,,,,,
11708,2017-12-30,PL,2017,Huddersfield,Burnley,,,,,,
11711,2017-12-30,PL,2017,Watford,Swansea,,,,,,
11709,2017-12-30,PL,2017,Liverpool,Leicester,,,,,,
11707,2017-12-30,PL,2017,Chelsea,Stoke City,,,,,,
12166,2017-12-30,ELC,2017,Birmingham,Leeds,,,,,,
12167,2017-12-30,ELC,2017,Brentford,Sheffield Wednesday,,,,,,
12170,2017-12-30,ELC,2017,Ipswich,Derby,,,,,,
12173,2017-12-30,ELC,2017,Sheffield Utd,Bolton,,,,,,
12169,2017-12-30,ELC,2017,Hull City,Fulham,,,,,,
12172,2017-12-30,ELC,2017,Nottingham Forest,Sunderland,,,,,,
12171,2017-12-30,ELC,2017,Middlesbrough,Aston Villa,,,,,,
12165,2017-12-30,ELC,2017,Barnsley,Reading,,,,,,
12168,2017-12-30,ELC,2017,Burton Albion,Norwich,,,,,,
11705,2017-12-30,PL,2017,Manchester United,Southampton,,,,,,
12164,2017-12-30,ELC,2017,Bristol City,Wolves,,,,,,
11704,2017-12-31,PL,2017,Crystal Palace,Manchester City,,,,,,
11703,2017-12-31,PL,2017,West Brom,Arsenal,,,,,,
11702,2018-01-01,PL,2017,Brighton,Bournemouth,,,,,,
11699,2018-01-01,PL,2017,Burnley,Liverpool,,,,,,
11700,2018-01-01,PL,2017,Leicester,Huddersfield,,,,,,
11701,2018-01-01,PL,2017,Stoke City,Newcastle,,,,,,
12160,2018-01-01,ELC,2017,Preston,Middlesbrough,,,,,,
12158,2018-01-01,ELC,2017,Leeds,Nottingham Forest,,,,,,
12156,2018-01-01,ELC,2017,Bolton,Hull City,,,,,,
12157,2018-01-01,ELC,2017,Derby,Sheffield Utd,,,,,,
12159,2018-01-01,ELC,2017,Norwich,Millwall,,,,,,
12161,2018-01-01,ELC,2017,QPR,Cardiff,,,,,,
12162,2018-01-01,ELC,2017,Sheffield Wednesday,Burton Albion,,,,,,
12163,2018-01-01,ELC,2017,Sunderland,Barnsley,,,,,,
11698,2018-01-01,PL,2017,Everton,Manchester United,,,,,,
12155,2018-01-01,ELC,2017,Aston Villa,Bristol City,,,,,,
11695,2018-01-02,PL,2017,Southampton,Crystal Palace,,,,,,
11697,2018-01-02,PL,2017,West Ham,West Brom,,,,,,
11696,2018-01-02,PL,2017,Swansea,Tottenham,,,,,,
12153,2018-01-02,ELC,2017,Fulham,Ipswich,,,,,,
12154,2018-01-02,ELC,2017,Wolves,Brentford,,,,,,
11694,2018-01-02,PL,2017,Manchester City,Watford,,,,,,
12152,2018-01-02,ELC,2017,Reading,Birmingham,,,,,,
11693,2018-01-03,PL,2017,Arsenal,Chelsea,,,,,,
11692,2018-01-04,PL,2017,Tottenham,West Ham,,,,,,
12151,2018-01-12,ELC,2017,Sheffield Utd,Sheffield Wednesday,,,,,,
12150,2018-01-13,ELC,2017,Cardiff,Sunderland,,,,,,
11689,2018-01-13,PL,2017,Newcastle,Swansea,,,,,,
11688,2018-01-13,PL,2017,Huddersfield,West Ham,,,,,,
11690,2018-01-13,PL,2017,Watford,Southampton,,,,,,
11686,2018-01-13,PL,2017,Chelsea,Leicester,,,,,,
11687,2018-01-13,PL,2017,Crystal Palace,Burnley,,,,,,
11691,2018-01-13,PL,2017,West Brom,Brighton,,,,,,
12142,2018-01-13,ELC,2017,Birmingham,Derby,,,,,,
12143,2018-01-13,ELC,2017,Brentford,Bolton,,,,,,
12144,2018-01-13,ELC,2017,Bristol City,Norwich,,,,,,
12147,2018-01-13,ELC,2017,Ipswich,Leeds,,,,,,
12149,2018-01-13,ELC,2017,Millwall,Preston,,,,,,
12146,2018-01-13,ELC,2017,Hull City,Reading,,,,,,
12148,2018-01-13,ELC,2017,Middlesbrough,Fulham,,,,,,
12141,2018-01-13,ELC,2017,Barnsley,Wolves,,,,,,
12145,2018-01-13,ELC,2017,Burton Albion,QPR,,,,,,
11685,2018-01-13,PL,2017,Tottenham,Everton,,,,,,
12140,2018-01-13,ELC,2017,Nottingham Forest,Aston Villa,,,,,,
11684,2018-01-14,PL,2017,Bournemouth,Arsenal,,,,,,
11683,2018-01-14,PL,2017,Liverpool,Manchester City,,,,,,
11682,2018-01-15,PL,2017,Manchester United,Stoke City,,,,,,
12139,2018-01-19,ELC,2017,Derby,Bristol City,,,,,,
11681,2018-01-20,PL,2017,Brighton,Chelsea,,,,,,
11675,2018-01-20,PL,2017,Arsenal,Crystal Palace,,,,,,
11676,2018-01-20,PL,2017,Burnley,Manchester United,,,,,,
11677,2018-01-20,PL,2017,Everton,West Brom,,,,,,
11678,2018-01-20,PL,2017,Leicester,Watford,,,,,,
11680,2018-01-20,PL,2017,West Ham,Bournemouth,,,,,,
11679,2018-01-20,PL,2017,Stoke City,Huddersfield,,,,,,
12131,2018-01-20,ELC,2017,Fulham,Burton Albion,,,,,,
12138,2018-01-20,ELC,2017,Wolves,Nottingham Forest,,,,,,
12136,2018-01-20,ELC,2017,Reading,Brentford,,,,,,
12134,2018-01-20,ELC,2017,Preston,Birmingham,,,,,,
12132,2018-01-20,ELC,2017,Leeds,Millwall,,,,,,
12129,2018-01-20,ELC,2017,Aston Villa,Barnsley,,,,,,
12130,2018-01-20,ELC,2017,Bolton,Ipswich,,,,,,
12133,2018-01-20,ELC,2017,Norwich,Sheffield Utd,,,,,,
12135,2018-01-20,ELC,2017,QPR,Middlesbrough,,,,,,
12137,2018-01-20,ELC,2017,Sunderland,Hull City,,,,,,
11674,2018-01-20,PL,2017,Manchester City,Newcastle,,,,,,
12128,2018-01-20,ELC,2017,Sheffield Wednesday,Cardiff,,,,,,
11673,2018-01-21,PL,2017,Southampton,Tottenham,,,,,,
11672,2018-01-22,PL,2017,Swansea,Liverpool,,,,,,
12125,2018-01-27,ELC,2017,Brentford,Norwich,,,,,,
12126,2018-01-27,ELC,2017,Bristol City,QPR,,,,,,
12127,2018-01-27,ELC,2017,Ipswich,Wolves,,,,,,
12124,2018-01-27,ELC,2017,Barnsley,Fulham,,,,,,
11671,2018-01-30,PL,2017,West Ham,Crystal Palace,,,,,,
11670,2018-01-30,PL,2017,Swansea,Arsenal,,,,,,
12117,2018-01-30,ELC,2017,Birmingham,Sunderland,,,,,,
12121,2018-01-30,ELC,2017,Millwall,Derby,,,,,,
12123,2018-01-30,ELC,2017,Sheffield Utd,Aston Villa,,,,,,
12119,2018-01-30,ELC,2017,Hull City,Leeds,,,,,,
12122,2018-01-30,ELC,2017,Nottingham Forest,Preston,,,,,,
12120,2018-01-30,ELC,2017,Middlesbrough,Sheffield Wednesday,,,,,,
12118,2018-01-30,ELC,2017,Burton Albion,Reading,,,,,,
11669,2018-01-30,PL,2017,Huddersfield,Liverpool,,,,,,
11667,2018-01-31,PL,2017,Newcastle,Burnley,,,,,,
11668,2018-01-31,PL,2017,Southampton,Brighton,,,,,,
11666,2018-01-31,PL,2017,Everton,Leicester,,,,,,
11665,2018-01-31,PL,2017,Chelsea,Bournemouth,,,,,,
11664,2018-01-31,PL,2017,Tottenham,Manchester United,,,,,,
11662,2018-01-31,PL,2017,Manchester City,West Brom,,,,,,
11663,2018-01-31,PL,2017,Stoke City,Watford,,,,,,
12116,2018-02-02,ELC,2017,Bolton,Bristol City,,,,,,
11661,2018-02-03,PL,2017,Burnley,Manchester City,,,,,,
11659,2018-02-03,PL,2017,Manchester United,Huddersfield,,,,,,
11656,2018-02-03,PL,2017,Bournemouth,Stoke City,,,,,,
11658,2018-02-03,PL,2017,Leicester,Swansea,,,,,,
11657,2018-02-03,PL,2017,Brighton,West Ham,,,,,,
11660,2018-02-03,PL,2017,West Brom,Southampton,,,,,,
12108,2018-02-03,ELC,2017,Fulham,Nottingham Forest,,,,,,
12113,2018-02-03,ELC,2017,Reading,Millwall,,,,,,
12111,2018-02-03,ELC,2017,Preston,Hull City,,,,,,
12109,2018-02-03,ELC,2017,Leeds,Cardiff,,,,,,
12106,2018-02-03,ELC,2017,Aston Villa,Burton Albion,,,,,,
12107,2018-02-03,ELC,2017,Derby,Brentford,,,,,,
12110,2018-02-03,ELC,2017,Norwich,Middlesbrough,,,,,,
12112,2018-02-03,ELC,2017,QPR,Barnsley,,,,,,
12114,2018-02-03,ELC,2017,Sheffield Wednesday,Birmingham,,,,,,
12115,2018-02-03,ELC,2017,Sunderland,Ipswich,,,,,,
11655,2018-02-03,PL,2017,Arsenal,Everton,,,,,,
12105,2018-02-03,ELC,2017,Wolves,Sheffield Utd,,,,,,
11654,2018-02-04,PL,2017,Crystal Palace,Newcastle,,,,,,
11653,2018-02-04,PL,2017,Liverpool,Tottenham,,,,,,
11652,2018-02-05,PL,2017,Watford,Chelsea,,,,,,
12104,2018-02-09,ELC,2017,Millwall,Cardiff,,,,,,
12103,2018-02-10,ELC,2017,Barnsley,Sheffield Wednesday,,,,,,
11651,2018-02-10,PL,2017,Tottenham,Arsenal,,,,,,
12102,2018-02-10,ELC,2017,Sheffield Utd,Leeds,,,,,,
11647,2018-02-10,PL,2017,Everton,Crystal Palace,,,,,,
11650,2018-02-10,PL,2017,West Ham,Watford,,,,,,
11648,2018-02-10,PL,2017,Stoke City,Brighton,,,,,,
11649,2018-02-10,PL,2017,Swansea,Burnley,,,,,,
12101,2018-02-10,ELC,2017,Wolves,QPR,,,,,,
12095,2018-02-10,ELC,2017,Brentford,Preston,,,,,,
12096,2018-02-10,ELC,2017,Bristol City,Sunderland,,,,,,
12098,2018-02-10,ELC,2017,Ipswich,Burton Albion,,,,,,
12100,2018-02-10,ELC,2017,Nottingham Forest,Hull City,,,,,,
12094,2018-02-10,ELC,2017,Bolton,Fulham,,,,,,
12097,2018-02-10,ELC,2017,Derby,Norwich,,,,,,
12099,2018-02-10,ELC,2017,Middlesbrough,Reading,,,,,,
11646,2018-02-10,PL,2017,Manchester City,Leicester,,,,,,
11645,2018-02-11,PL,2017,Huddersfield,Bournemouth,,,,,,
12093,2018-02-11,ELC,2017,Aston Villa,Birmingham,,,,,,
11644,2018-02-11,PL,2017,Newcastle,Manchester United,,,,,,
11643,2018-02-11,PL,2017,Southampton,Liverpool,,,,,,
11642,2018-02-12,PL,2017,Chelsea,West Brom,,,,,,
12091,2018-02-13,ELC,2017,Cardiff,Bolton,,,,,,
12092,2018-02-13,ELC,2017,Sheffield Wednesday,Derby,,,,,,
12087,2018-02-17,ELC,2017,Fulham,Aston Villa,,,,,,
12086,2018-02-17,ELC,2017,Cardiff,Middlesbrough,,,,,,
12084,2018-02-17,ELC,2017,Birmingham,Millwall,,,,,,
12088,2018-02-17,ELC,2017,Preston,Wolves,,,,,,
12089,2018-02-17,ELC,2017,QPR,Bolton,,,,,,
12090,2018-02-17,ELC,2017,Sunderland,Brentford,,,,,,
12085,2018-02-17,ELC,2017,Burton Albion,Nottingham Forest,,,,,,
12083,2018-02-18,ELC,2017,Norwich,Ipswich,,,,,,
12082,2018-02-18,ELC,2017,Leeds,Bristol City,,,,,,
12077,2018-02-20,ELC,2017,Brentford,Birmingham,,,,,,
12079,2018-02-20,ELC,2017,Millwall,Sheffield Wednesday,,,,,,
12081,2018-02-20,ELC,2017,Sheffield Utd,QPR,,,,,,
12080,2018-02-20,ELC,2017,Nottingham Forest,Reading,,,,,,
12075,2018-02-20,ELC,2017,Aston Villa,Preston,,,,,,
12078,2018-02-20,ELC,2017,Middlesbrough,Hull City,,,,,,
12076,2018-02-20,ELC,2017,Barnsley,Burton Albion,,,,,,
12074,2018-02-20,ELC,2017,Bolton,Sunderland,,,,,,
12073,2018-02-21,ELC,2017,Wolves,Norwich,,,,,,
12070,2018-02-21,ELC,2017,Bristol City,Fulham,,,,,,
12072,2018-02-21,ELC,2017,Ipswich,Cardiff,,,,,,
12071,2018-02-21,ELC,2017,Derby,Leeds,,,,,,
12069,2018-02-23,ELC,2017,Hull City,Sheffield Utd,,,,,,
11641,2018-02-24,PL,2017,Leicester,Stoke City,,,,,,
11636,2018-02-24,PL,2017,Bournemouth,Newcastle,,,,,,
11639,2018-02-24,PL,2017,Liverpool,West Ham,,,,,,
11638,2018-02-24,PL,2017,Burnley,Southampton,,,,,,
11637,2018-02-24,PL,2017,Brighton,Swansea,,,,,,
11640,2018-02-24,PL,2017,West Brom,Huddersfield,,,,,,
12066,2018-02-24,ELC,2017,Reading,Derby,,,,,,
12060,2018-02-24,ELC,2017,Birmingham,Barnsley,,,,,,
12064,2018-02-24,ELC,2017,Preston,Ipswich,,,,,,
12062,2018-02-24,ELC,2017,Leeds,Brentford,,,,,,
12063,2018-02-24,ELC,2017,Norwich,Bolton,,,,,,
12065,2018-02-24,ELC,2017,QPR,Nottingham Forest,,,,,,
12067,2018-02-24,ELC,2017,Sheffield Wednesday,Aston Villa,,,,,,
12068,2018-02-24,ELC,2017,Sunderland,Middlesbrough,,,,,,
12061,2018-02-24,ELC,2017,Burton Albion,Millwall,,,,,,
11635,2018-02-24,PL,2017,Watford,Everton,,,,,,
12059,2018-02-24,ELC,2017,Fulham,Wolves,,,,,,
11634,2018-02-25,PL,2017,Crystal Palace,Tottenham,,,,,,
12058,2018-02-25,ELC,2017,Cardiff,Bristol City,,,,,,
11633,2018-02-25,PL,2017,Manchester United,Chelsea,,,,,,
12057,2018-02-27,ELC,2017,Hull City,Barnsley,,,,,,
12056,2018-02-27,ELC,2017,Reading,Sheffield Utd,,,,,,
11632,2018-03-01,PL,2017,Arsenal,Manchester City,,,,,,
12055,2018-03-02,ELC,2017,Middlesbrough,Leeds,,,,,,
11631,2018-03-03,PL,2017,Burnley,Everton,,,,,,
11630,2018-03-03,PL,2017,Watford,West Brom,,,,,,
11627,2018-03-03,PL,2017,Southampton,Stoke City,,,,,,
11626,2018-03-03,PL,2017,Leicester,Bournemouth,,,,,,
11629,2018-03-03,PL,2017,Tottenham,Huddersfield,,,,,,
11628,2018-03-03,PL,2017,Swansea,West Ham,,,,,,
12051,2018-03-03,ELC,2017,Bristol City,Sheffield Wednesday,,,,,,
12053,2018-03-03,ELC,2017,Millwall,Sunderland,,,,,,
12054,2018-03-03,ELC,2017,Nottingham Forest,Birmingham,,,,,,
12050,2018-03-03,ELC,2017,Bolton,Preston,,,,,,
12052,2018-03-03,ELC,2017,Derby,Fulham,,,,,,
11625,2018-03-03,PL,2017,Liverpool,Newcastle,,,,,,
11624,2018-03-04,PL,2017,Brighton,Arsenal,,,,,,
11623,2018-03-04,PL,2017,Manchester City,Chelsea,,,,,,
11622,2018-03-05,PL,2017,Crystal Palace,Manchester United,,,,,,
12043,2018-03-06,ELC,2017,Fulham,Sheffield Utd,,,,,,
12042,2018-03-06,ELC,2017,Cardiff,Barnsley,,,,,,
12040,2018-03-06,ELC,2017,Birmingham,Middlesbrough,,,,,,
12046,2018-03-06,ELC,2017,Preston,Bristol City,,,,,,
12044,2018-03-06,ELC,2017,Hull City,Millwall,,,,,,
12045,2018-03-06,ELC,2017,Norwich,Nottingham Forest,,,,,,
12047,2018-03-06,ELC,2017,QPR,Derby,,,,,,
12048,2018-03-06,ELC,2017,Sheffield Wednesday,Ipswich,,,,,,
12049,2018-03-06,ELC,2017,Sunderland,Aston Villa,,,,,,
12041,2018-03-06,ELC,2017,Burton Albion,Brentford,,,,,,
12039,2018-03-06,ELC,2017,Reading,Bolton,,,,,,
12038,2018-03-07,ELC,2017,Leeds,Wolves,,,,,,
11621,2018-03-10,PL,2017,Manchester United,Liverpool,,,,,,
11618,2018-03-10,PL,2017,Newcastle,Southampton,,,,,,
11617,2018-03-10,PL,2017,Huddersfield,Swansea,,,,,,
11616,2018-03-10,PL,2017,Everton,Brighton,,,,,,
11620,2018-03-10,PL,2017,West Ham,Burnley,,,,,,
11619,2018-03-10,PL,2017,West Brom,Leicester,,,,,,
12029,2018-03-10,ELC,2017,Cardiff,Birmingham,,,,,,
12036,2018-03-10,ELC,2017,Reading,Leeds,,,,,,
12031,2018-03-10,ELC,2017,Ipswich,Sheffield Utd,,,,,,
12033,2018-03-10,ELC,2017,Millwall,Brentford,,,,,,
12034,2018-03-10,ELC,2017,Preston,Fulham,,,,,,
12030,2018-03-10,ELC,2017,Hull City,Norwich,,,,,,
12032,2018-03-10,ELC,2017,Middlesbrough,Barnsley,,,,,,
12035,2018-03-10,ELC,2017,QPR,Sunderland,,,,,,
12037,2018-03-10,ELC,2017,Sheffield Wednesday,Bolton,,,,,,
12028,2018-03-10,ELC,2017,Burton Albion,Bristol City,,,,,,
11615,2018-03-10,PL,2017,Chelsea,Crystal Palace,,,,,,
12027,2018-03-10,ELC,2017,Aston Villa,Wolves,,,,,,
11614,2018-03-11,PL,2017,Arsenal,Watford,,,,,,
12026,2018-03-11,ELC,2017,Nottingham Forest,Derby,,,,,,
11613,2018-03-11,PL,2017,Bournemouth,Tottenham,,,,,,
11612,2018-03-12,PL,2017,Stoke City,Manchester City,,,,,,
12025,2018-03-13,ELC,2017,Wolves,Reading,,,,,,
12022,2018-03-13,ELC,2017,Brentford,Cardiff,,,,,,
12023,2018-03-13,ELC,2017,Ipswich,Hull City,,,,,,
12024,2018-03-13,ELC,2017,Sheffield Utd,Burton Albion,,,,,,
12020,2018-03-13,ELC,2017,Aston Villa,QPR,,,,,,
12021,2018-03-13,ELC,2017,Barnsley,Norwich,,,,,,
12019,2018-03-17,ELC,2017,Fulham,QPR,,,,,,
12018,2018-03-17,ELC,2017,Barnsley,Millwall,,,,,,
11609,2018-03-17,PL,2017,Bournemouth,West Brom,,,,,,
11610,2018-03-17,PL,2017,Huddersfield,Crystal Palace,,,,,,
11611,2018-03-17,PL,2017,Stoke City,Everton,,,,,,
12017,2018-03-17,ELC,2017,Wolves,Burton Albion,,,,,,
12010,2018-03-17,ELC,2017,Birmingham,Hull City,,,,,,
12011,2018-03-17,ELC,2017,Brentford,Middlesbrough,,,,,,
12012,2018-03-17,ELC,2017,Bristol City,Ipswich,,,,,,
12015,2018-03-17,ELC,2017,Sheffield Utd,Nottingham Forest,,,,,,
12013,2018-03-17,ELC,2017,Leeds,Sheffield Wednesday,,,,,,
12014,2018-03-17,ELC,2017,Norwich,Reading,,,,,,
12016,2018-03-17,ELC,2017,Sunderland,Preston,,,,,,
11608,2018-03-17,PL,2017,Liverpool,Watford,,,,,,
12009,2018-03-17,ELC,2017,Bolton,Aston Villa,,,,,,
12008,2018-03-30,ELC,2017,Millwall,Nottingham Forest,,,,,,
12004,2018-03-30,ELC,2017,Cardiff,Burton Albion,,,,,,
12003,2018-03-30,ELC,2017,Brentford,Sheffield Utd,,,,,,
12005,2018-03-30,ELC,2017,Leeds,Bolton,,,,,,
12006,2018-03-30,ELC,2017,Norwich,Fulham,,,,,,
12007,2018-03-30,ELC,2017,Sheffield Wednesday,Preston,,,,,,
12002,2018-03-30,ELC,2017,Barnsley,Bristol City,,,,,,
12001,2018-03-30,ELC,2017,Reading,QPR,,,,,,
12000,2018-03-30,ELC,2017,Middlesbrough,Wolves,,,,,,
11999,2018-03-30,ELC,2017,Derby,Sunderland,,,,,,
11607,2018-03-31,PL,2017,Crystal Palace,Liverpool,,,,,,
11602,2018-03-31,PL,2017,Manchester United,Swansea,,,,,,
11603,2018-03-31,PL,2017,Newcastle,Huddersfield,,,,,,
11604,2018-03-31,PL,2017,Watford,Bournemouth,,,,,,
11606,2018-03-31,PL,2017,West Ham,Southampton,,,,,,
11601,2018-03-31,PL,2017,Brighton,Leicester,,,,,,
11605,2018-03-31,PL,2017,West Brom,Burnley,,,,,,
11998,2018-03-31,ELC,2017,Birmingham,Ipswich,,,,,,
11600,2018-03-31,PL,2017,Everton,Manchester City,,,,,,
11997,2018-03-31,ELC,2017,Hull City,Aston Villa,,,,,,
11599,2018-04-01,PL,2017,Arsenal,Stoke City,,,,,,
11598,2018-04-01,PL,2017,Chelsea,Tottenham,,,,,,
11996,2018-04-02,ELC,2017,Preston,Derby,,,,,,
11991,2018-04-02,ELC,2017,Bristol City,Brentford,,,,,,
11993,2018-04-02,ELC,2017,Ipswich,Millwall,,,,,,
11994,2018-04-02,ELC,2017,QPR,Norwich,,,,,,
11995,2018-04-02,ELC,2017,Sunderland,Sheffield Wednesday,,,,,,
11992,2018-04-02,ELC,2017,Burton Albion,Middlesbrough,,,,,,
11990,2018-04-02,ELC,2017,Sheffield Utd,Cardiff,,,,,,
11988,2018-04-03,ELC,2017,Fulham,Leeds,,,,,,
11989,2018-04-03,ELC,2017,Wolves,Hull City,,,,,,
11987,2018-04-03,ELC,2017,Aston Villa,Reading,,,,,,
11986,2018-04-03,ELC,2017,Bolton,Birmingham,,,,,,
11985,2018-04-06,ELC,2017,Cardiff,Wolves,,,,,,
11984,2018-04-07,ELC,2017,Barnsley,Sheffield Utd,,,,,,
11597,2018-04-07,PL,2017,Everton,Liverpool,,,,,,
11983,2018-04-07,ELC,2017,Norwich,Aston Villa,,,,,,
11591,2018-04-07,PL,2017,Bournemouth,Crystal Palace,,,,,,
11595,2018-04-07,PL,2017,Watford,Burnley,,,,,,
11593,2018-04-07,PL,2017,Leicester,Newcastle,,,,,,
11592,2018-04-07,PL,2017,Brighton,Huddersfield,,,,,,
11596,2018-04-07,PL,2017,West Brom,Swansea,,,,,,
11594,2018-04-07,PL,2017,Stoke City,Tottenham,,,,,,
11981,2018-04-07,ELC,2017,Reading,Preston,,,,,,
11974,2018-04-07,ELC,2017,Birmingham,Burton Albion,,,,,,
11975,2018-04-07,ELC,2017,Brentford,Ipswich,,,,,,
11980,2018-04-07,ELC,2017,Millwall,Bristol City,,,,,,
11978,2018-04-07,ELC,2017,Leeds,Sunderland,,,,,,
11977,2018-04-07,ELC,2017,Hull City,QPR,,,,,,
11976,2018-04-07,ELC,2017,Derby,Bolton,,,,,,
11979,2018-04-07,ELC,2017,Middlesbrough,Nottingham Forest,,,,,,
11982,2018-04-07,ELC,2017,Sheffield Wednesday,Fulham,,,,,,
11590,2018-04-07,PL,2017,Manchester City,Manchester United,,,,,,
11589,2018-04-08,PL,2017,Arsenal,Southampton,,,,,,
11588,2018-04-08,PL,2017,Chelsea,West Ham,,,,,,
11967,2018-04-10,ELC,2017,Fulham,Reading,,,,,,
11965,2018-04-10,ELC,2017,Bristol City,Birmingham,,,,,,
11968,2018-04-10,ELC,2017,Ipswich,Barnsley,,,,,,
11970,2018-04-10,ELC,2017,Preston,Leeds,,,,,,
11972,2018-04-10,ELC,2017,Sheffield Utd,Middlesbrough,,,,,,
11969,2018-04-10,ELC,2017,Nottingham Forest,Brentford,,,,,,
11964,2018-04-10,ELC,2017,Aston Villa,Cardiff,,,,,,
11971,2018-04-10,ELC,2017,QPR,Sheffield Wednesday,,,,,,
11973,2018-04-10,ELC,2017,Sunderland,Norwich,,,,,,
11966,2018-04-10,ELC,2017,Burton Albion,Hull City,,,,,,
11963,2018-04-10,ELC,2017,Bolton,Millwall,,,,,,
11962,2018-04-11,ELC,2017,Wolves,Derby,,,,,,
11961,2018-04-13,ELC,2017,Aston Villa,Leeds,,,,,,
11587,2018-04-14,PL,2017,Southampton,Chelsea,,,,,,
11960,2018-04-14,ELC,2017,Sheffield Utd,Millwall,,,,,,
11585,2018-04-14,PL,2017,Huddersfield,Watford,,,,,,
11583,2018-04-14,PL,2017,Burnley,Leicester,,,,,,
11584,2018-04-14,PL,2017,Crystal Palace,Brighton,,,,,,
11586,2018-04-14,PL,2017,Swansea,Everton,,,,,,
11959,2018-04-14,ELC,2017,Reading,Sunderland,,,,,,
11954,2018-04-14,ELC,2017,Hull City,Sheffield Wednesday,,,,,,
11957,2018-04-14,ELC,2017,Nottingham Forest,Ipswich,,,,,,
11955,2018-04-14,ELC,2017,Middlesbrough,Bristol City,,,,,,
11956,2018-04-14,ELC,2017,Norwich,Cardiff,,,,,,
11958,2018-04-14,ELC,2017,QPR,Preston,,,,,,
11952,2018-04-14,ELC,2017,Barnsley,Bolton,,,,,,
11953,2018-04-14,ELC,2017,Burton Albion,Derby,,,,,,
11582,2018-04-14,PL,2017,Liverpool,Bournemouth,,,,,,
11951,2018-04-14,ELC,2017,Fulham,Brentford,,,,,,
11581,2018-04-14,PL,2017,Tottenham,Manchester City,,,,,,
11950,2018-04-15,ELC,2017,Wolves,Birmingham,,,,,,
11580,2018-04-15,PL,2017,Newcastle,Arsenal,,,,,,
11579,2018-04-15,PL,2017,Manchester United,West Brom,,,,,,
11578,2018-04-16,PL,2017,West Ham,Stoke City,,,,,,
11577,2018-04-17,PL,2017,Brighton,Tottenham,,,,,,
11576,2018-04-18,PL,2017,Bournemouth,Manchester United,,,,,,
11574,2018-04-19,PL,2017,Burnley,Chelsea,,,,,,
11575,2018-04-19,PL,2017,Leicester,Southampton,,,,,,
11949,2018-04-20,ELC,2017,Millwall,Fulham,,,,,,
11573,2018-04-21,PL,2017,West Brom,Liverpool,,,,,,
11572,2018-04-21,PL,2017,Watford,Crystal Palace,,,,,,
11939,2018-04-21,ELC,2017,Birmingham,Sheffield Utd,,,,,,
11941,2018-04-21,ELC,2017,Brentford,QPR,,,,,,
11942,2018-04-21,ELC,2017,Bristol City,Hull City,,,,,,
11944,2018-04-21,ELC,2017,Ipswich,Aston Villa,,,,,,
11946,2018-04-21,ELC,2017,Preston,Norwich,,,,,,
11945,2018-04-21,ELC,2017,Leeds,Barnsley,,,,,,
11940,2018-04-21,ELC,2017,Bolton,Wolves,,,,,,
11943,2018-04-21,ELC,2017,Derby,Middlesbrough,,,,,,
11947,2018-04-21,ELC,2017,Sheffield Wednesday,Reading,,,,,,
11948,2018-04-21,ELC,2017,Sunderland,Burton Albion,,,,,,
11938,2018-04-21,ELC,2017,Cardiff,Nottingham Forest,,,,,,
11570,2018-04-22,PL,2017,Arsenal,West Ham,,,,,,
11571,2018-04-22,PL,2017,Stoke City,Burnley,,,,,,
11569,2018-04-22,PL,2017,Manchester City,Swansea,,,,,,
11568,2018-04-23,PL,2017,Everton,Newcastle,,,,,,
11937,2018-04-24,ELC,2017,Nottingham Forest,Barnsley,,,,,,
11936,2018-04-24,ELC,2017,Derby,Cardiff,,,,,,
11935,2018-04-27,ELC,2017,Fulham,Sunderland,,,,,,
11567,2018-04-28,PL,2017,Liverpool,Stoke City,,,,,,
11565,2018-04-28,PL,2017,Newcastle,West Brom,,,,,,
11564,2018-04-28,PL,2017,Huddersfield,Everton,,,,,,
11566,2018-04-28,PL,2017,Southampton,Bournemouth,,,,,,
11562,2018-04-28,PL,2017,Burnley,Brighton,,,,,,
11563,2018-04-28,PL,2017,Crystal Palace,Leicester,,,,,,
11934,2018-04-28,ELC,2017,Wolves,Sheffield Wednesday,,,,,,
11932,2018-04-28,ELC,2017,Reading,Ipswich,,,,,,
11933,2018-04-28,ELC,2017,Sheffield Utd,Preston,,,,,,
11928,2018-04-28,ELC,2017,Hull City,Cardiff,,,,,,
11930,2018-04-28,ELC,2017,Nottingham Forest,Bristol City,,,,,,
11925,2018-04-28,ELC,2017,Aston Villa,Derby,,,,,,
11929,2018-04-28,ELC,2017,Norwich,Leeds,,,,,,
11931,2018-04-28,ELC,2017,QPR,Birmingham,,,,,,
11926,2018-04-28,ELC,2017,Barnsley,Brentford,,,,,,
11927,2018-04-28,ELC,2017,Burton Albion,Bolton,,,,,,
11561,2018-04-28,PL,2017,Swansea,Chelsea,,,,,,
11924,2018-04-28,ELC,2017,Middlesbrough,Millwall,,,,,,
11560,2018-04-29,PL,2017,West Ham,Manchester City,,,,,,
11559,2018-04-29,PL,2017,Manchester United,Arsenal,,,,,,
11558,2018-04-30,PL,2017,Tottenham,Watford,,,,,,
11557,2018-05-04,PL,2017,Brighton,Manchester United,,,,,,
11556,2018-05-05,PL,2017,Stoke City,Crystal Palace,,,,,,
11552,2018-05-05,PL,2017,Bournemouth,Swansea,,,,,,
11554,2018-05-05,PL,2017,Watford,Newcastle,,,,,,
11553,2018-05-05,PL,2017,Leicester,West Ham,,,,,,
11555,2018-05-05,PL,2017,West Brom,Tottenham,,,,,,
11551,2018-05-05,PL,2017,Everton,Southampton,,,,,,
11916,2018-05-06,ELC,2017,Cardiff,Reading,,,,,,
11912,2018-05-06,ELC,2017,Birmingham,Fulham,,,,,,
11914,2018-05-06,ELC,2017,Brentford,Hull City,,,,,,
11915,2018-05-06,ELC,2017,Bristol City,Sheffield Utd,,,,,,
11918,2018-05-06,ELC,2017,Ipswich,Middlesbrough,,,,,,
11920,2018-05-06,ELC,2017,Millwall,Aston Villa,,,,,,
11921,2018-05-06,ELC,2017,Preston,Burton Albion,,,,,,
11919,2018-05-06,ELC,2017,Leeds,QPR,,,,,,
11913,2018-05-06,ELC,2017,Bolton,Nottingham Forest,,,,,,
11917,2018-05-06,ELC,2017,Derby,Barnsley,,,,,,
11922,2018-05-06,ELC,2017,Sheffield Wednesday,Norwich,,,,,,
11923,2018-05-06,ELC,2017,Sunderland,Wolves,,,,,,
11550,2018-05-06,PL,2017,Manchester City,Huddersfield,,,,,,
11548,2018-05-06,PL,2017,Arsenal,Burnley,,,,,,
11549,2018-05-06,PL,2017,Chelsea,Liverpool,,,,,,
11547,2018-05-08,PL,2017,Swansea,Southampton,,,,,,
11545,2018-05-09,PL,2017,Leicester,Arsenal,,,,,,
11546,2018-05-09,PL,2017,Chelsea,Huddersfield,,,,,,
11544,2018-05-09,PL,2017,Tottenham,Newcastle,,,,,,
11543,2018-05-09,PL,2017,Manchester City,Brighton,,,,,,
11542,2018-05-10,PL,2017,West Ham,Manchester United,,,,,,
138995,2018-05-11,ELC,2017,Derby,Fulham,,,,,,
138997,2018-05-12,ELC,2017,Middlesbrough,Aston Villa,,,,,,
11536,2018-05-13,PL,2017,Manchester United,Watford,,,,,,
11537,2018-05-13,PL,2017,Newcastle,Chelsea,,,,,,
11534,2018-05-13,PL,2017,Huddersfield,Arsenal,,,,,,
11535,2018-05-13,PL,2017,Liverpool,Brighton,,,,,,
11538,2018-05-13,PL,2017,Southampton,Manchester City,,,,,,
11532,2018-05-13,PL,2017,Burnley,Bournemouth,,,,,,
11540,2018-05-13,PL,2017,Tottenham,Leicester,,,,,,
11541,2018-05-13,PL,2017,West Ham,Everton,,,,,,
11533,2018-05-13,PL,2017,Crystal Palace,West Brom,,,,,,
11539,2018-05-13,PL,2017,Swansea,Stoke City,,,,,,
138996,2018-05-14,ELC,2017,Fulham,Derby,,,,,,
138998,2018-05-15,ELC,2017,Aston Villa,Middlesbrough,,,,,,
138994,2018-05-26,ELC,2017,Aston Villa,Fulham,,,,,,
445,2018-08-03,ELC,2018,Reading,Derby,,,,,,
446,2018-08-04,ELC,2018,Birmingham,Norwich,,,,,,
447,2018-08-04,ELC,2018,Brentford,Rotherham,,,,,,
448,2018-08-04,ELC,2018,Bristol City,Nottingham Forest,,,,,,
449,2018-08-04,ELC,2018,Ipswich,Blackburn,,,,,,
450,2018-08-04,ELC,2018,Millwall,Middlesbrough,,,,,,
451,2018-08-04,ELC,2018,Preston,QPR,,,,,,
452,2018-08-04,ELC,2018,West Brom,Bolton,,,,,,
453,2018-08-04,ELC,2018,Wigan,Sheffield Wednesday,,,,,,
454,2018-08-04,ELC,2018,Sheffield Utd,Swansea,,,,,,
455,2018-08-05,ELC,2018,Leeds,Stoke City,,,,,,
456,2018-08-06,ELC,2018,Hull City,Aston Villa,,,,,,
458,2018-08-07,ELC,2018,Nottingham Forest,West Brom,,,,,,
457,2018-08-07,ELC,2018,Middlesbrough,Sheffield Utd,,,,,,
65,2018-08-10,PL,2018,Manchester United,Leicester,,,,,,
66,2018-08-11,PL,2018,Newcastle,Tottenham,,,,,,
67,2018-08-11,PL,2018,Bournemouth,Cardiff,,,,,,
68,2018-08-11,PL,2018,Fulham,Crystal Palace,,,,,,
69,2018-08-11,PL,2018,Huddersfield,Chelsea,,,,,,
70,2018-08-11,PL,2018,Watford,Brighton,,,,,,
465,2018-08-11,ELC,2018,Nottingham Forest,Reading,,,,,,
459,2018-08-11,ELC,2018,Aston Villa,Wigan,,,,,,
460,2018-08-11,ELC,2018,Blackburn,Millwall,,,,,,
461,2018-08-11,ELC,2018,Bolton,Bristol City,,,,,,
463,2018-08-11,ELC,2018,Middlesbrough,Birmingham,,,,,,
464,2018-08-11,ELC,2018,Norwich,West Brom,,,,,,
466,2018-08-11,ELC,2018,QPR,Sheffield Utd,,,,,,
467,2018-08-11,ELC,2018,Rotherham,Ipswich,,,,,,
468,2018-08-11,ELC,2018,Sheffield Wednesday,Hull City,,,,,,
469,2018-08-11,ELC,2018,Stoke City,Brentford,,,,,,
470,2018-08-11,ELC,2018,Swansea,Preston,,,,,,
71,2018-08-11,PL,2018,Wolves,Everton,,,,,,
462,2018-08-11,ELC,2018,Derby,Leeds,,,,,,
72,2018-08-12,PL,2018,Liverpool,West Ham,,,,,,
73,2018-08-12,PL,2018,Southampton,Burnley,,,,,,
74,2018-08-12,PL,2018,Arsenal,Manchester City,,,,,,
471,2018-08-17,ELC,2018,Birmingham,Swansea,,,,,,
75,2018-08-18,PL,2018,Cardiff,Newcastle,,,,,,
77,2018-08-18,PL,2018,Everton,Southampton,,,,,,
78,2018-08-18,PL,2018,Leicester,Wolves,,,,,,
79,2018-08-18,PL,2018,Tottenham,Fulham,,,,,,
80,2018-08-18,PL,2018,West Ham,Bournemouth,,,,,,
479,2018-08-18,ELC,2018,Reading,Bolton,,,,,,
473,2018-08-18,ELC,2018,Bristol City,Middlesbrough,,,,,,
475,2018-08-18,ELC,2018,Ipswich,Aston Villa,,,,,,
477,2018-08-18,ELC,2018,Millwall,Derby,,,,,,
481,2018-08-18,ELC,2018,West Brom,QPR,,,,,,
482,2018-08-18,ELC,2018,Wigan,Nottingham Forest,,,,,,
480,2018-08-18,ELC,2018,Sheffield Utd,Norwich,,,,,,
476,2018-08-18,ELC,2018,Leeds,Rotherham,,,,,,
474,2018-08-18,ELC,2018,Hull City,Blackburn,,,,,,
81,2018-08-18,PL,2018,Chelsea,Arsenal,,,,,,
478,2018-08-18,ELC,2018,Preston,Stoke City,,,,,,
76,2018-08-19,PL,2018,Burnley,Watford,,,,,,
82,2018-08-19,PL,2018,Manchester City,Huddersfield,,,,,,
472,2018-08-19,ELC,2018,Brentford,Sheffield Wednesday,,,,,,
83,2018-08-19,PL,2018,Brighton,Manchester United,,,,,,
84,2018-08-20,PL,2018,Crystal Palace,Liverpool,,,,,,
484,2018-08-21,ELC,2018,Derby,Ipswich,,,,,,
485,2018-08-21,ELC,2018,QPR,Bristol City,,,,,,
486,2018-08-21,ELC,2018,Rotherham,Hull City,,,,,,
490,2018-08-21,ELC,2018,Swansea,Leeds,,,,,,
483,2018-08-22,ELC,2018,Aston Villa,Brentford,,,,,,
488,2018-08-22,ELC,2018,Blackburn,Reading,,,,,,
489,2018-08-22,ELC,2018,Norwich,Preston,,,,,,
487,2018-08-22,ELC,2018,Sheffield Wednesday,Millwall,,,,,,
491,2018-08-22,ELC,2018,Bolton,Birmingham,,,,,,
492,2018-08-22,ELC,2018,Stoke City,Wigan,,,,,,
497,2018-08-24,ELC,2018,Middlesbrough,West Brom,,,,,,
85,2018-08-25,PL,2018,Wolves,Manchester City,,,,,,
87,2018-08-25,PL,2018,Bournemouth,Everton,,,,,,
89,2018-08-25,PL,2018,Huddersfield,Cardiff,,,,,,
90,2018-08-25,PL,2018,Southampton,Leicester,,,,,,
86,2018-08-25,PL,2018,Arsenal,West Ham,,,,,,
493,2018-08-25,ELC,2018,Aston Villa,Reading,,,,,,
494,2018-08-25,ELC,2018,Blackburn,Brentford,,,,,,
495,2018-08-25,ELC,2018,Bolton,Sheffield Utd,,,,,,
496,2018-08-25,ELC,2018,Derby,Preston,,,,,,
498,2018-08-25,ELC,2018,Norwich,Leeds,,,,,,
500,2018-08-25,ELC,2018,QPR,Wigan,,,,,,
502,2018-08-25,ELC,2018,Sheffield Wednesday,Ipswich,,,,,,
503,2018-08-25,ELC,2018,Stoke City,Hull City,,,,,,
504,2018-08-25,ELC,2018,Swansea,Bristol City,,,,,,
91,2018-08-25,PL,2018,Liverpool,Brighton,,,,,,
499,2018-08-25,ELC,2018,Nottingham Forest,Birmingham,,,,,,
501,2018-08-26,ELC,2018,Rotherham,Millwall,,,,,,
92,2018-08-26,PL,2018,Watford,Crystal Palace,,,,,,
93,2018-08-26,PL,2018,Newcastle,Chelsea,,,,,,
88,2018-08-26,PL,2018,Fulham,Burnley,,,,,,
94,2018-08-27,PL,2018,Manchester United,Tottenham,,,,,,
510,2018-08-31,ELC,2018,Leeds,Middlesbrough,,,,,,
95,2018-09-01,PL,2018,Leicester,Liverpool,,,,,,
100,2018-09-01,PL,2018,Everton,Huddersfield,,,,,,
101,2018-09-01,PL,2018,West Ham,Wolves,,,,,,
98,2018-09-01,PL,2018,Chelsea,Bournemouth,,,,,,
96,2018-09-01,PL,2018,Brighton,Fulham,,,,,,
99,2018-09-01,PL,2018,Crystal Palace,Southampton,,,,,,
513,2018-09-01,ELC,2018,Reading,Sheffield Wednesday,,,,,,
505,2018-09-01,ELC,2018,Birmingham,QPR,,,,,,
506,2018-09-01,ELC,2018,Brentford,Nottingham Forest,,,,,,
512,2018-09-01,ELC,2018,Preston,Bolton,,,,,,
515,2018-09-01,ELC,2018,West Brom,Stoke City,,,,,,
516,2018-09-01,ELC,2018,Wigan,Rotherham,,,,,,
514,2018-09-01,ELC,2018,Sheffield Utd,Aston Villa,,,,,,
508,2018-09-01,ELC,2018,Hull City,Derby,,,,,,
102,2018-09-01,PL,2018,Manchester City,Newcastle,,,,,,
511,2018-09-01,ELC,2018,Millwall,Swansea,,,,,,
509,2018-09-02,ELC,2018,Ipswich,Norwich,,,,,,
103,2018-09-02,PL,2018,Cardiff,Arsenal,,,,,,
507,2018-09-02,ELC,2018,Bristol City,Blackburn,,,,,,
104,2018-09-02,PL,2018,Watford,Tottenham,,,,,,
97,2018-09-02,PL,2018,Burnley,Manchester United,,,,,,
517,2018-09-14,ELC,2018,Birmingham,West Brom,,,,,,
105,2018-09-15,PL,2018,Tottenham,Liverpool,,,,,,
110,2018-09-15,PL,2018,Newcastle,Arsenal,,,,,,
106,2018-09-15,PL,2018,Bournemouth,Leicester,,,,,,
108,2018-09-15,PL,2018,Huddersfield,Crystal Palace,,,,,,
107,2018-09-15,PL,2018,Chelsea,Cardiff,,,,,,
109,2018-09-15,PL,2018,Manchester City,Fulham,,,,,,
520,2018-09-15,ELC,2018,Brentford,Wigan,,,,,,
521,2018-09-15,ELC,2018,Bristol City,Sheffield Utd,,,,,,
523,2018-09-15,ELC,2018,Millwall,Leeds,,,,,,
525,2018-09-15,ELC,2018,Preston,Reading,,,,,,
522,2018-09-15,ELC,2018,Hull City,Ipswich,,,,,,
519,2018-09-15,ELC,2018,Bolton,QPR,,,,,,
524,2018-09-15,ELC,2018,Norwich,Middlesbrough,,,,,,
526,2018-09-15,ELC,2018,Rotherham,Derby,,,,,,
527,2018-09-15,ELC,2018,Sheffield Wednesday,Stoke City,,,,,,
528,2018-09-15,ELC,2018,Swansea,Nottingham Forest,,,,,,
111,2018-09-15,PL,2018,Watford,Manchester United,,,,,,
518,2018-09-15,ELC,2018,Blackburn,Aston Villa,,,,,,
112,2018-09-16,PL,2018,Wolves,Burnley,,,,,,
113,2018-09-16,PL,2018,Everton,West Ham,,,,,,
114,2018-09-17,PL,2018,Southampton,Brighton,,,,,,
535,2018-09-18,ELC,2018,Ipswich,Brentford,,,,,,
533,2018-09-18,ELC,2018,Wigan,Hull City,,,,,,
530,2018-09-18,ELC,2018,Leeds,Preston,,,,,,
534,2018-09-18,ELC,2018,Aston Villa,Rotherham,,,,,,
529,2018-09-18,ELC,2018,Derby,Blackburn,,,,,,
532,2018-09-18,ELC,2018,West Brom,Bristol City,,,,,,
531,2018-09-18,ELC,2018,Stoke City,Swansea,,,,,,
540,2018-09-19,ELC,2018,Sheffield Utd,Birmingham,,,,,,
537,2018-09-19,ELC,2018,Nottingham Forest,Sheffield Wednesday,,,,,,
536,2018-09-19,ELC,2018,Middlesbrough,Bolton,,,,,,
538,2018-09-19,ELC,2018,QPR,Millwall,,,,,,
539,2018-09-19,ELC,2018,Reading,Norwich,,,,,,
552,2018-09-21,ELC,2018,Wigan,Bristol City,,,,,,
115,2018-09-22,PL,2018,Fulham,Watford,,,,,,
121,2018-09-22,PL,2018,Manchester United,Wolves,,,,,,
120,2018-09-22,PL,2018,Liverpool,Southampton,,,,,,
117,2018-09-22,PL,2018,Cardiff,Manchester City,,,,,,
116,2018-09-22,PL,2018,Burnley,Bournemouth,,,,,,
119,2018-09-22,PL,2018,Leicester,Huddersfield,,,,,,
118,2018-09-22,PL,2018,Crystal Palace,Newcastle,,,,,,
548,2018-09-22,ELC,2018,Reading,Hull City,,,,,,
543,2018-09-22,ELC,2018,Ipswich,Bolton,,,,,,
551,2018-09-22,ELC,2018,West Brom,Millwall,,,,,,
549,2018-09-22,ELC,2018,Sheffield Utd,Preston,,,,,,
544,2018-09-22,ELC,2018,Leeds,Birmingham,,,,,,
546,2018-09-22,ELC,2018,Nottingham Forest,Rotherham,,,,,,
541,2018-09-22,ELC,2018,Aston Villa,Sheffield Wednesday,,,,,,
542,2018-09-22,ELC,2018,Derby,Brentford,,,,,,
545,2018-09-22,ELC,2018,Middlesbrough,Swansea,,,,,,
550,2018-09-22,ELC,2018,Stoke City,Blackburn,,,,,,
122,2018-09-22,PL,2018,Brighton,Tottenham,,,,,,
547,2018-09-22,ELC,2018,QPR,Norwich,,,,,,
123,2018-09-23,PL,2018,West Ham,Chelsea,,,,,,
124,2018-09-23,PL,2018,Arsenal,Everton,,,,,,
575,2018-09-28,ELC,2018,Sheffield Wednesday,Leeds,,,,,,
569,2018-09-28,ELC,2018,Bristol City,Aston Villa,,,,,,
125,2018-09-29,PL,2018,West Ham,Manchester United,,,,,,
130,2018-09-29,PL,2018,Newcastle,Leicester,,,,,,
128,2018-09-29,PL,2018,Huddersfield,Tottenham,,,,,,
131,2018-09-29,PL,2018,Wolves,Southampton,,,,,,
126,2018-09-29,PL,2018,Arsenal,Watford,,,,,,
127,2018-09-29,PL,2018,Everton,Fulham,,,,,,
129,2018-09-29,PL,2018,Manchester City,Brighton,,,,,,
565,2018-09-29,ELC,2018,Birmingham,Ipswich,,,,,,
568,2018-09-29,ELC,2018,Brentford,Reading,,,,,,
571,2018-09-29,ELC,2018,Millwall,Sheffield Utd,,,,,,
573,2018-09-29,ELC,2018,Preston,West Brom,,,,,,
570,2018-09-29,ELC,2018,Hull City,Middlesbrough,,,,,,
566,2018-09-29,ELC,2018,Blackburn,Nottingham Forest,,,,,,
567,2018-09-29,ELC,2018,Bolton,Derby,,,,,,
572,2018-09-29,ELC,2018,Norwich,Wigan,,,,,,
576,2018-09-29,ELC,2018,Swansea,QPR,,,,,,
132,2018-09-29,PL,2018,Chelsea,Liverpool,,,,,,
574,2018-09-29,ELC,2018,Rotherham,Stoke City,,,,,,
133,2018-09-30,PL,2018,Cardiff,Burnley,,,,,,
134,2018-10-01,PL,2018,Bournemouth,Crystal Palace,,,,,,
578,2018-10-02,ELC,2018,Brentford,Birmingham,,,,,,
579,2018-10-02,ELC,2018,Ipswich,Middlesbrough,,,,,,
582,2018-10-02,ELC,2018,Wigan,Swansea,,,,,,
585,2018-10-02,ELC,2018,Hull City,Leeds,,,,,,
577,2018-10-02,ELC,2018,Aston Villa,Preston,,,,,,
580,2018-10-02,ELC,2018,Reading,QPR,,,,,,
581,2018-10-02,ELC,2018,Stoke City,Bolton,,,,,,
586,2018-10-03,ELC,2018,Nottingham Forest,Millwall,,,,,,
583,2018-10-03,ELC,2018,Blackburn,Sheffield Utd,,,,,,
584,2018-10-03,ELC,2018,Derby,Norwich,,,,,,
587,2018-10-03,ELC,2018,Rotherham,Bristol City,,,,,,
588,2018-10-03,ELC,2018,Sheffield Wednesday,West Brom,,,,,,
135,2018-10-05,PL,2018,Brighton,West Ham,,,,,,
592,2018-10-06,ELC,2018,Leeds,Brentford,,,,,,
144,2018-10-06,PL,2018,Watford,Bournemouth,,,,,,
136,2018-10-06,PL,2018,Burnley,Huddersfield,,,,,,
139,2018-10-06,PL,2018,Leicester,Everton,,,,,,
143,2018-10-06,PL,2018,Tottenham,Cardiff,,,,,,
137,2018-10-06,PL,2018,Crystal Palace,Wolves,,,,,,
589,2018-10-06,ELC,2018,Birmingham,Rotherham,,,,,,
594,2018-10-06,ELC,2018,Millwall,Aston Villa,,,,,,
596,2018-10-06,ELC,2018,Preston,Wigan,,,,,,
600,2018-10-06,ELC,2018,West Brom,Reading,,,,,,
598,2018-10-06,ELC,2018,Sheffield Utd,Hull City,,,,,,
593,2018-10-06,ELC,2018,Middlesbrough,Nottingham Forest,,,,,,
595,2018-10-06,ELC,2018,Norwich,Stoke City,,,,,,
597,2018-10-06,ELC,2018,QPR,Derby,,,,,,
599,2018-10-06,ELC,2018,Swansea,Ipswich,,,,,,
141,2018-10-06,PL,2018,Manchester United,Newcastle,,,,,,
590,2018-10-06,ELC,2018,Bolton,Blackburn,,,,,,
138,2018-10-07,PL,2018,Fulham,Arsenal,,,,,,
591,2018-10-07,ELC,2018,Bristol City,Sheffield Wednesday,,,,,,
142,2018-10-07,PL,2018,Southampton,Chelsea,,,,,,
140,2018-10-07,PL,2018,Liverpool,Manchester City,,,,,,
610,2018-10-19,ELC,2018,Sheffield Wednesday,Middlesbrough,,,,,,
602,2018-10-20,ELC,2018,Blackburn,Leeds,,,,,,
148,2018-10-20,PL,2018,Chelsea,Manchester United,,,,,,
152,2018-10-20,PL,2018,Newcastle,Brighton,,,,,,
146,2018-10-20,PL,2018,Bournemouth,Southampton,,,,,,
154,2018-10-20,PL,2018,Wolves,Watford,,,,,,
147,2018-10-20,PL,2018,Cardiff,Fulham,,,,,,
153,2018-10-20,PL,2018,West Ham,Tottenham,,,,,,
151,2018-10-20,PL,2018,Manchester City,Burnley,,,,,,
608,2018-10-20,ELC,2018,Reading,Millwall,,,,,,
603,2018-10-20,ELC,2018,Brentford,Bristol City,,,,,,
606,2018-10-20,ELC,2018,Ipswich,QPR,,,,,,
612,2018-10-20,ELC,2018,Wigan,West Brom,,,,,,
605,2018-10-20,ELC,2018,Hull City,Preston,,,,,,
607,2018-10-20,ELC,2018,Nottingham Forest,Norwich,,,,,,
601,2018-10-20,ELC,2018,Aston Villa,Swansea,,,,,,
609,2018-10-20,ELC,2018,Rotherham,Bolton,,,,,,
611,2018-10-20,ELC,2018,Stoke City,Birmingham,,,,,,
150,2018-10-20,PL,2018,Huddersfield,Liverpool,,,,,,
604,2018-10-20,ELC,2018,Derby,Sheffield Utd,,,,,,
149,2018-10-21,PL,2018,Everton,Crystal Palace,,,,,,
145,2018-10-22,PL,2018,Arsenal,Leicester,,,,,,
619,2018-10-23,ELC,2018,Birmingham,Reading,,,,,,
614,2018-10-23,ELC,2018,Millwall,Wigan,,,,,,
617,2018-10-23,ELC,2018,Sheffield Utd,Stoke City,,,,,,
613,2018-10-23,ELC,2018,Middlesbrough,Rotherham,,,,,,
615,2018-10-23,ELC,2018,Norwich,Aston Villa,,,,,,
616,2018-10-23,ELC,2018,QPR,Sheffield Wednesday,,,,,,
618,2018-10-23,ELC,2018,Swansea,Blackburn,,,,,,
621,2018-10-24,ELC,2018,Bristol City,Hull City,,,,,,
623,2018-10-24,ELC,2018,Preston,Brentford,,,,,,
622,2018-10-24,ELC,2018,Leeds,Ipswich,,,,,,
624,2018-10-24,ELC,2018,West Brom,Derby,,,,,,
620,2018-10-24,ELC,2018,Bolton,Nottingham Forest,,,,,,
633,2018-10-26,ELC,2018,QPR,Aston Villa,,,,,,
629,2018-10-27,ELC,2018,Middlesbrough,Derby,,,,,,
158,2018-10-27,PL,2018,Fulham,Bournemouth,,,,,,
164,2018-10-27,PL,2018,Watford,Huddersfield,,,,,,
160,2018-10-27,PL,2018,Liverpool,Cardiff,,,,,,
162,2018-10-27,PL,2018,Southampton,Newcastle,,,,,,
155,2018-10-27,PL,2018,Brighton,Wolves,,,,,,
625,2018-10-27,ELC,2018,Birmingham,Sheffield Wednesday,,,,,,
627,2018-10-27,ELC,2018,Bristol City,Stoke City,,,,,,
630,2018-10-27,ELC,2018,Millwall,Ipswich,,,,,,
632,2018-10-27,ELC,2018,Preston,Rotherham,,,,,,
636,2018-10-27,ELC,2018,West Brom,Blackburn,,,,,,
634,2018-10-27,ELC,2018,Sheffield Utd,Wigan,,,,,,
626,2018-10-27,ELC,2018,Bolton,Hull City,,,,,,
631,2018-10-27,ELC,2018,Norwich,Brentford,,,,,,
635,2018-10-27,ELC,2018,Swansea,Reading,,,,,,
159,2018-10-27,PL,2018,Leicester,West Ham,,,,,,
628,2018-10-27,ELC,2018,Leeds,Nottingham Forest,,,,,,
156,2018-10-28,PL,2018,Burnley,Chelsea,,,,,,
157,2018-10-28,PL,2018,Crystal Palace,Arsenal,,,,,,
161,2018-10-28,PL,2018,Manchester United,Everton,,,,,,
163,2018-10-29,PL,2018,Tottenham,Manchester City,,,,,,
637,2018-11-02,ELC,2018,Aston Villa,Bolton,,,,,,
166,2018-11-03,PL,2018,Bournemouth,Manchester United,,,,,,
172,2018-11-03,PL,2018,Newcastle,Watford,,,,,,
167,2018-11-03,PL,2018,Cardiff,Leicester,,,,,,
169,2018-11-03,PL,2018,Everton,Brighton,,,,,,
173,2018-11-03,PL,2018,West Ham,Burnley,,,,,,
644,2018-11-03,ELC,2018,Reading,Bristol City,,,,,,
639,2018-11-03,ELC,2018,Brentford,Millwall,,,,,,
642,2018-11-03,ELC,2018,Ipswich,Preston,,,,,,
641,2018-11-03,ELC,2018,Hull City,West Brom,,,,,,
643,2018-11-03,ELC,2018,Nottingham Forest,Sheffield Utd,,,,,,
638,2018-11-03,ELC,2018,Blackburn,QPR,,,,,,
640,2018-11-03,ELC,2018,Derby,Birmingham,,,,,,
645,2018-11-03,ELC,2018,Rotherham,Swansea,,,,,,
646,2018-11-03,ELC,2018,Sheffield Wednesday,Norwich,,,,,,
165,2018-11-03,PL,2018,Arsenal,Liverpool,,,,,,
647,2018-11-03,ELC,2018,Stoke City,Middlesbrough,,,,,,
174,2018-11-03,PL,2018,Wolves,Tottenham,,,,,,
648,2018-11-04,ELC,2018,Wigan,Leeds,,,,,,
171,2018-11-04,PL,2018,Manchester City,Southampton,,,,,,
168,2018-11-04,PL,2018,Chelsea,Crystal Palace,,,,,,
170,2018-11-05,PL,2018,Huddersfield,Fulham,,,,,,
659,2018-11-09,ELC,2018,Sheffield Utd,Sheffield Wednesday,,,,,,
176,2018-11-10,PL,2018,Cardiff,Brighton,,,,,,
183,2018-11-10,PL,2018,Newcastle,Bournemouth,,,,,,
179,2018-11-10,PL,2018,Huddersfield,West Ham,,,,,,
184,2018-11-10,PL,2018,Southampton,Watford,,,,,,
180,2018-11-10,PL,2018,Leicester,Burnley,,,,,,
658,2018-11-10,ELC,2018,Reading,Ipswich,,,,,,
649,2018-11-10,ELC,2018,Birmingham,Hull City,,,,,,
652,2018-11-10,ELC,2018,Bristol City,Preston,,,,,,
656,2018-11-10,ELC,2018,Nottingham Forest,Stoke City,,,,,,
650,2018-11-10,ELC,2018,Blackburn,Rotherham,,,,,,
651,2018-11-10,ELC,2018,Bolton,Swansea,,,,,,
653,2018-11-10,ELC,2018,Derby,Aston Villa,,,,,,
654,2018-11-10,ELC,2018,Middlesbrough,Wigan,,,,,,
655,2018-11-10,ELC,2018,Norwich,Millwall,,,,,,
657,2018-11-10,ELC,2018,QPR,Brentford,,,,,,
178,2018-11-10,PL,2018,Crystal Palace,Tottenham,,,,,,
660,2018-11-10,ELC,2018,West Brom,Leeds,,,,,,
181,2018-11-11,PL,2018,Liverpool,Fulham,,,,,,
177,2018-11-11,PL,2018,Chelsea,Everton,,,,,,
175,2018-11-11,PL,2018,Arsenal,Wolves,,,,,,
182,2018-11-11,PL,2018,Manchester City,Manchester United,,,,,,
664,2018-11-23,ELC,2018,Ipswich,West Brom,,,,,,
668,2018-11-24,ELC,2018,Rotherham,Sheffield Utd,,,,,,
190,2018-11-24,PL,2018,Manchester United,Crystal Palace,,,,,,
189,2018-11-24,PL,2018,Fulham,Southampton,,,,,,
192,2018-11-24,PL,2018,Watford,Liverpool,,,,,,
188,2018-11-24,PL,2018,Everton,Cardiff,,,,,,
193,2018-11-24,PL,2018,West Ham,Manchester City,,,,,,
186,2018-11-24,PL,2018,Brighton,Leicester,,,,,,
666,2018-11-24,ELC,2018,Millwall,Bolton,,,,,,
667,2018-11-24,ELC,2018,Preston,Blackburn,,,,,,
672,2018-11-24,ELC,2018,Wigan,Reading,,,,,,
665,2018-11-24,ELC,2018,Leeds,Bristol City,,,,,,
663,2018-11-24,ELC,2018,Hull City,Nottingham Forest,,,,,,
669,2018-11-24,ELC,2018,Sheffield Wednesday,Derby,,,,,,
670,2018-11-24,ELC,2018,Stoke City,QPR,,,,,,
671,2018-11-24,ELC,2018,Swansea,Norwich,,,,,,
191,2018-11-24,PL,2018,Tottenham,Chelsea,,,,,,
662,2018-11-24,ELC,2018,Brentford,Middlesbrough,,,,,,
661,2018-11-25,ELC,2018,Aston Villa,Birmingham,,,,,,
185,2018-11-25,PL,2018,Bournemouth,Arsenal,,,,,,
194,2018-11-25,PL,2018,Wolves,Huddersfield,,,,,,
187,2018-11-26,PL,2018,Burnley,Newcastle,,,,,,
553,2018-11-27,ELC,2018,Brentford,Sheffield Utd,,,,,,
560,2018-11-27,ELC,2018,Preston,Middlesbrough,,,,,,
555,2018-11-27,ELC,2018,Leeds,Reading,,,,,,
554,2018-11-27,ELC,2018,Hull City,Norwich,,,,,,
557,2018-11-27,ELC,2018,Rotherham,QPR,,,,,,
561,2018-11-27,ELC,2018,Sheffield Wednesday,Bolton,,,,,,
559,2018-11-28,ELC,2018,Ipswich,Bristol City,,,,,,
556,2018-11-28,ELC,2018,Millwall,Birmingham,,,,,,
564,2018-11-28,ELC,2018,Wigan,Blackburn,,,,,,
558,2018-11-28,ELC,2018,Aston Villa,Nottingham Forest,,,,,,
563,2018-11-28,ELC,2018,Swansea,West Brom,,,,,,
562,2018-11-28,ELC,2018,Stoke City,Derby,,,,,,
196,2018-11-30,PL,2018,Cardiff,Wolves,,,,,,
683,2018-12-01,ELC,2018,Sheffield Utd,Leeds,,,,,,
203,2018-12-01,PL,2018,Newcastle,West Ham,,,,,,
199,2018-12-01,PL,2018,Huddersfield,Brighton,,,,,,
200,2018-12-01,PL,2018,Leicester,Watford,,,,,,
202,2018-12-01,PL,2018,Manchester City,Bournemouth,,,,,,
198,2018-12-01,PL,2018,Crystal Palace,Burnley,,,,,,
682,2018-12-01,ELC,2018,Reading,Stoke City,,,,,,
673,2018-12-01,ELC,2018,Birmingham,Preston,,,,,,
680,2018-12-01,ELC,2018,Nottingham Forest,Ipswich,,,,,,
674,2018-12-01,ELC,2018,Blackburn,Sheffield Wednesday,,,,,,
675,2018-12-01,ELC,2018,Bolton,Wigan,,,,,,
677,2018-12-01,ELC,2018,Derby,Swansea,,,,,,
679,2018-12-01,ELC,2018,Norwich,Rotherham,,,,,,
681,2018-12-01,ELC,2018,QPR,Hull City,,,,,,
204,2018-12-01,PL,2018,Southampton,Manchester United,,,,,,
678,2018-12-01,ELC,2018,Middlesbrough,Aston Villa,,,,,,
197,2018-12-02,PL,2018,Chelsea,Fulham,,,,,,
676,2018-12-02,ELC,2018,Bristol City,Millwall,,,,,,
195,2018-12-02,PL,2018,Arsenal,Tottenham,,,,,,
201,2018-12-02,PL,2018,Liverpool,Everton,,,,,,
684,2018-12-03,ELC,2018,West Brom,Brentford,,,,,,
205,2018-12-04,PL,2018,Bournemouth,Huddersfield,,,,,,
210,2018-12-04,PL,2018,West Ham,Cardiff,,,,,,
206,2018-12-04,PL,2018,Brighton,Crystal Palace,,,,,,
209,2018-12-04,PL,2018,Watford,Manchester City,,,,,,
208,2018-12-05,PL,2018,Fulham,Leicester,,,,,,
211,2018-12-05,PL,2018,Wolves,Chelsea,,,,,,
207,2018-12-05,PL,2018,Burnley,Liverpool,,,,,,
213,2018-12-05,PL,2018,Everton,Newcastle,,,,,,
212,2018-12-05,PL,2018,Manchester United,Arsenal,,,,,,
214,2018-12-05,PL,2018,Tottenham,Southampton,,,,,,
695,2018-12-07,ELC,2018,West Brom,Aston Villa,,,,,,
216,2018-12-08,PL,2018,Bournemouth,Liverpool,,,,,,
222,2018-12-08,PL,2018,Manchester United,Fulham,,,,,,
215,2018-12-08,PL,2018,Arsenal,Huddersfield,,,,,,
218,2018-12-08,PL,2018,Cardiff,Southampton,,,,,,
217,2018-12-08,PL,2018,Burnley,Brighton,,,,,,
224,2018-12-08,PL,2018,West Ham,Crystal Palace,,,,,,
685,2018-12-08,ELC,2018,Birmingham,Bristol City,,,,,,
686,2018-12-08,ELC,2018,Brentford,Swansea,,,,,,
689,2018-12-08,ELC,2018,Millwall,Hull City,,,,,,
696,2018-12-08,ELC,2018,Wigan,Derby,,,,,,
687,2018-12-08,ELC,2018,Leeds,QPR,,,,,,
691,2018-12-08,ELC,2018,Nottingham Forest,Preston,,,,,,
688,2018-12-08,ELC,2018,Middlesbrough,Blackburn,,,,,,
690,2018-12-08,ELC,2018,Norwich,Bolton,,,,,,
693,2018-12-08,ELC,2018,Sheffield Wednesday,Rotherham,,,,,,
694,2018-12-08,ELC,2018,Stoke City,Ipswich,,,,,,
219,2018-12-08,PL,2018,Chelsea,Manchester City,,,,,,
692,2018-12-08,ELC,2018,Reading,Sheffield Utd,,,,,,
221,2018-12-08,PL,2018,Leicester,Tottenham,,,,,,
223,2018-12-09,PL,2018,Newcastle,Wolves,,,,,,
220,2018-12-10,PL,2018,Everton,Watford,,,,,,
707,2018-12-14,ELC,2018,Sheffield Utd,West Brom,,,,,,
230,2018-12-15,PL,2018,Manchester City,Everton,,,,,,
228,2018-12-15,PL,2018,Huddersfield,Newcastle,,,,,,
233,2018-12-15,PL,2018,Watford,Cardiff,,,,,,
234,2018-12-15,PL,2018,Wolves,Bournemouth,,,,,,
232,2018-12-15,PL,2018,Tottenham,Burnley,,,,,,
226,2018-12-15,PL,2018,Crystal Palace,Leicester,,,,,,
703,2018-12-15,ELC,2018,Ipswich,Wigan,,,,,,
704,2018-12-15,ELC,2018,Preston,Millwall,,,,,,
702,2018-12-15,ELC,2018,Hull City,Brentford,,,,,,
697,2018-12-15,ELC,2018,Aston Villa,Stoke City,,,,,,
698,2018-12-15,ELC,2018,Blackburn,Birmingham,,,,,,
699,2018-12-15,ELC,2018,Bolton,Leeds,,,,,,
705,2018-12-15,ELC,2018,QPR,Middlesbrough,,,,,,
706,2018-12-15,ELC,2018,Rotherham,Reading,,,,,,
708,2018-12-15,ELC,2018,Swansea,Sheffield Wednesday,,,,,,
227,2018-12-15,PL,2018,Fulham,West Ham,,,,,,
700,2018-12-15,ELC,2018,Bristol City,Norwich,,,,,,
231,2018-12-16,PL,2018,Southampton,Arsenal,,,,,,
225,2018-12-16,PL,2018,Brighton,Chelsea,,,,,,
229,2018-12-16,PL,2018,Liverpool,Manchester United,,,,,,
701,2018-12-17,ELC,2018,Derby,Nottingham Forest,,,,,,
244,2018-12-21,PL,2018,Wolves,Liverpool,,,,,,
235,2018-12-22,PL,2018,Arsenal,Burnley,,,,,,
242,2018-12-22,PL,2018,Newcastle,Fulham,,,,,,
236,2018-12-22,PL,2018,Bournemouth,Brighton,,,,,,
240,2018-12-22,PL,2018,Huddersfield,Southampton,,,,,,
243,2018-12-22,PL,2018,West Ham,Watford,,,,,,
238,2018-12-22,PL,2018,Chelsea,Leicester,,,,,,
241,2018-12-22,PL,2018,Manchester City,Crystal Palace,,,,,,
716,2018-12-22,ELC,2018,Reading,Middlesbrough,,,,,,
711,2018-12-22,ELC,2018,Brentford,Bolton,,,,,,
714,2018-12-22,ELC,2018,Ipswich,Sheffield Utd,,,,,,
720,2018-12-22,ELC,2018,Wigan,Birmingham,,,,,,
715,2018-12-22,ELC,2018,Nottingham Forest,QPR,,,,,,
710,2018-12-22,ELC,2018,Blackburn,Norwich,,,,,,
712,2018-12-22,ELC,2018,Derby,Bristol City,,,,,,
717,2018-12-22,ELC,2018,Rotherham,West Brom,,,,,,
718,2018-12-22,ELC,2018,Sheffield Wednesday,Preston,,,,,,
719,2018-12-22,ELC,2018,Stoke City,Millwall,,,,,,
237,2018-12-22,PL,2018,Cardiff,Manchester United,,,,,,
713,2018-12-22,ELC,2018,Hull City,Swansea,,,,,,
709,2018-12-23,ELC,2018,Aston Villa,Leeds,,,,,,
239,2018-12-23,PL,2018,Everton,Tottenham,,,,,,
248,2018-12-26,PL,2018,Fulham,Wolves,,,,,,
251,2018-12-26,PL,2018,Manchester United,Huddersfield,,,,,,
250,2018-12-26,PL,2018,Liverpool,Newcastle,,,,,,
246,2018-12-26,PL,2018,Burnley,Everton,,,,,,
249,2018-12-26,PL,2018,Leicester,Manchester City,,,,,,
253,2018-12-26,PL,2018,Tottenham,Bournemouth,,,,,,
247,2018-12-26,PL,2018,Crystal Palace,Cardiff,,,,,,
721,2018-12-26,ELC,2018,Birmingham,Stoke City,,,,,,
723,2018-12-26,ELC,2018,Bristol City,Brentford,,,,,,
726,2018-12-26,ELC,2018,Millwall,Reading,,,,,,
728,2018-12-26,ELC,2018,Preston,Hull City,,,,,,
732,2018-12-26,ELC,2018,West Brom,Wigan,,,,,,
730,2018-12-26,ELC,2018,Sheffield Utd,Derby,,,,,,
724,2018-12-26,ELC,2018,Leeds,Blackburn,,,,,,
722,2018-12-26,ELC,2018,Bolton,Rotherham,,,,,,
725,2018-12-26,ELC,2018,Middlesbrough,Sheffield Wednesday,,,,,,
727,2018-12-26,ELC,2018,Norwich,Nottingham Forest,,,,,,
729,2018-12-26,ELC,2018,QPR,Ipswich,,,,,,
731,2018-12-26,ELC,2018,Swansea,Aston Villa,,,,,,
245,2018-12-26,PL,2018,Brighton,Arsenal,,,,,,
254,2018-12-26,PL,2018,Watford,Chelsea,,,,,,
252,2018-12-27,PL,2018,Southampton,West Ham,,,,,,
258,2018-12-29,PL,2018,Fulham,Huddersfield,,,,,,
264,2018-12-29,PL,2018,Watford,Newcastle,,,,,,
259,2018-12-29,PL,2018,Leicester,Cardiff,,,,,,
263,2018-12-29,PL,2018,Tottenham,Wolves,,,,,,
255,2018-12-29,PL,2018,Brighton,Everton,,,,,,
733,2018-12-29,ELC,2018,Birmingham,Brentford,,,,,,
735,2018-12-29,ELC,2018,Bristol City,Rotherham,,,,,,
738,2018-12-29,ELC,2018,Millwall,Nottingham Forest,,,,,,
740,2018-12-29,ELC,2018,Preston,Aston Villa,,,,,,
744,2018-12-29,ELC,2018,West Brom,Sheffield Wednesday,,,,,,
742,2018-12-29,ELC,2018,Sheffield Utd,Blackburn,,,,,,
736,2018-12-29,ELC,2018,Leeds,Hull City,,,,,,
734,2018-12-29,ELC,2018,Bolton,Stoke City,,,,,,
737,2018-12-29,ELC,2018,Middlesbrough,Ipswich,,,,,,
739,2018-12-29,ELC,2018,Norwich,Derby,,,,,,
741,2018-12-29,ELC,2018,QPR,Reading,,,,,,
743,2018-12-29,ELC,2018,Swansea,Wigan,,,,,,
260,2018-12-29,PL,2018,Liverpool,Arsenal,,,,,,
257,2018-12-30,PL,2018,Crystal Palace,Chelsea,,,,,,
262,2018-12-30,PL,2018,Southampton,Manchester City,,,,,,
256,2018-12-30,PL,2018,Burnley,West Ham,,,,,,
261,2018-12-30,PL,2018,Manchester United,Bournemouth,,,,,,
269,2019-01-01,PL,2018,Everton,Leicester,,,,,,
265,2019-01-01,PL,2018,Arsenal,Fulham,,,,,,
752,2019-01-01,ELC,2018,Reading,Swansea,,,,,,
747,2019-01-01,ELC,2018,Brentford,Norwich,,,,,,
750,2019-01-01,ELC,2018,Ipswich,Millwall,,,,,,
756,2019-01-01,ELC,2018,Wigan,Sheffield Utd,,,,,,
749,2019-01-01,ELC,2018,Hull City,Bolton,,,,,,
751,2019-01-01,ELC,2018,Nottingham Forest,Leeds,,,,,,
745,2019-01-01,ELC,2018,Aston Villa,QPR,,,,,,
746,2019-01-01,ELC,2018,Blackburn,West Brom,,,,,,
748,2019-01-01,ELC,2018,Derby,Middlesbrough,,,,,,
753,2019-01-01,ELC,2018,Rotherham,Preston,,,,,,
754,2019-01-01,ELC,2018,Sheffield Wednesday,Birmingham,,,,,,
755,2019-01-01,ELC,2018,Stoke City,Bristol City,,,,,,
267,2019-01-01,PL,2018,Cardiff,Tottenham,,,,,,
270,2019-01-02,PL,2018,Huddersfield,Burnley,,,,,,
274,2019-01-02,PL,2018,Wolves,Crystal Palace,,,,,,
273,2019-01-02,PL,2018,West Ham,Brighton,,,,,,
268,2019-01-02,PL,2018,Chelsea,Southampton,,,,,,
272,2019-01-02,PL,2018,Newcastle,Manchester United,,,,,,
266,2019-01-02,PL,2018,Bournemouth,Watford,,,,,,
271,2019-01-03,PL,2018,Manchester City,Liverpool,,,,,,
762,2019-01-11,ELC,2018,Leeds,Derby,,,,,,
284,2019-01-12,PL,2018,West Ham,Arsenal,,,,,,
277,2019-01-12,PL,2018,Cardiff,Huddersfield,,,,,,
276,2019-01-12,PL,2018,Burnley,Fulham,,,,,,
281,2019-01-12,PL,2018,Leicester,Southampton,,,,,,
275,2019-01-12,PL,2018,Brighton,Liverpool,,,,,,
279,2019-01-12,PL,2018,Crystal Palace,Watford,,,,,,
765,2019-01-12,ELC,2018,Reading,Nottingham Forest,,,,,,
757,2019-01-12,ELC,2018,Birmingham,Middlesbrough,,,,,,
758,2019-01-12,ELC,2018,Brentford,Stoke City,,,,,,
759,2019-01-12,ELC,2018,Bristol City,Bolton,,,,,,
761,2019-01-12,ELC,2018,Ipswich,Rotherham,,,,,,
764,2019-01-12,ELC,2018,Preston,Swansea,,,,,,
767,2019-01-12,ELC,2018,West Brom,Norwich,,,,,,
768,2019-01-12,ELC,2018,Wigan,Aston Villa,,,,,,
766,2019-01-12,ELC,2018,Sheffield Utd,QPR,,,,,,
760,2019-01-12,ELC,2018,Hull City,Sheffield Wednesday,,,,,,
278,2019-01-12,PL,2018,Chelsea,Newcastle,,,,,,
763,2019-01-12,ELC,2018,Millwall,Blackburn,,,,,,
280,2019-01-13,PL,2018,Everton,Bournemouth,,,,,,
283,2019-01-13,PL,2018,Tottenham,Manchester United,,,,,,
282,2019-01-14,PL,2018,Manchester City,Wolves,,,,,,
774,2019-01-18,ELC,2018,Norwich,Birmingham,,,,,,
294,2019-01-19,PL,2018,Wolves,Leicester,,,,,,
290,2019-01-19,PL,2018,Manchester United,Brighton,,,,,,
291,2019-01-19,PL,2018,Newcastle,Cardiff,,,,,,
286,2019-01-19,PL,2018,Bournemouth,West Ham,,,,,,
293,2019-01-19,PL,2018,Watford,Burnley,,,,,,
289,2019-01-19,PL,2018,Liverpool,Crystal Palace,,,,,,
292,2019-01-19,PL,2018,Southampton,Everton,,,,,,
775,2019-01-19,ELC,2018,Nottingham Forest,Bristol City,,,,,,
769,2019-01-19,ELC,2018,Aston Villa,Hull City,,,,,,
770,2019-01-19,ELC,2018,Blackburn,Ipswich,,,,,,
772,2019-01-19,ELC,2018,Derby,Reading,,,,,,
773,2019-01-19,ELC,2018,Middlesbrough,Millwall,,,,,,
776,2019-01-19,ELC,2018,QPR,Preston,,,,,,
777,2019-01-19,ELC,2018,Rotherham,Brentford,,,,,,
778,2019-01-19,ELC,2018,Sheffield Wednesday,Wigan,,,,,,
779,2019-01-19,ELC,2018,Stoke City,Leeds,,,,,,
285,2019-01-19,PL,2018,Arsenal,Chelsea,,,,,,
780,2019-01-19,ELC,2018,Swansea,Sheffield Utd,,,,,,
288,2019-01-20,PL,2018,Huddersfield,Manchester City,,,,,,
287,2019-01-20,PL,2018,Fulham,Tottenham,,,,,,
771,2019-01-21,ELC,2018,Bolton,West Brom,,,,,,
787,2019-01-26,ELC,2018,Nottingham Forest,Wigan,,,,,,
781,2019-01-26,ELC,2018,Aston Villa,Ipswich,,,,,,
782,2019-01-26,ELC,2018,Blackburn,Hull City,,,,,,
786,2019-01-26,ELC,2018,Norwich,Sheffield Utd,,,,,,
789,2019-01-26,ELC,2018,Rotherham,Leeds,,,,,,
791,2019-01-26,ELC,2018,Stoke City,Preston,,,,,,
297,2019-01-29,PL,2018,Fulham,Brighton,,,,,,
298,2019-01-29,PL,2018,Huddersfield,Everton,,,,,,
299,2019-01-29,PL,2018,Wolves,West Ham,,,,,,
295,2019-01-29,PL,2018,Arsenal,Cardiff,,,,,,
792,2019-01-29,ELC,2018,Swansea,Birmingham,,,,,,
300,2019-01-29,PL,2018,Manchester United,Burnley,,,,,,
301,2019-01-29,PL,2018,Newcastle,Manchester City,,,,,,
783,2019-01-29,ELC,2018,Bolton,Reading,,,,,,
296,2019-01-30,PL,2018,Bournemouth,Chelsea,,,,,,
302,2019-01-30,PL,2018,Southampton,Crystal Palace,,,,,,
303,2019-01-30,PL,2018,Liverpool,Leicester,,,,,,
304,2019-01-30,PL,2018,Tottenham,Watford,,,,,,
800,2019-02-01,ELC,2018,Preston,Derby,,,,,,
313,2019-02-02,PL,2018,Tottenham,Newcastle,,,,,,
306,2019-02-02,PL,2018,Burnley,Southampton,,,,,,
310,2019-02-02,PL,2018,Everton,Wolves,,,,,,
308,2019-02-02,PL,2018,Chelsea,Huddersfield,,,,,,
305,2019-02-02,PL,2018,Brighton,Watford,,,,,,
309,2019-02-02,PL,2018,Crystal Palace,Fulham,,,,,,
801,2019-02-02,ELC,2018,Reading,Aston Villa,,,,,,
793,2019-02-02,ELC,2018,Birmingham,Nottingham Forest,,,,,,
794,2019-02-02,ELC,2018,Brentford,Blackburn,,,,,,
795,2019-02-02,ELC,2018,Bristol City,Swansea,,,,,,
797,2019-02-02,ELC,2018,Ipswich,Sheffield Wednesday,,,,,,
799,2019-02-02,ELC,2018,Millwall,Rotherham,,,,,,
803,2019-02-02,ELC,2018,West Brom,Middlesbrough,,,,,,
804,2019-02-02,ELC,2018,Wigan,QPR,,,,,,
802,2019-02-02,ELC,2018,Sheffield Utd,Bolton,,,,,,
796,2019-02-02,ELC,2018,Hull City,Stoke City,,,,,,
307,2019-02-02,PL,2018,Cardiff,Bournemouth,,,,,,
798,2019-02-02,ELC,2018,Leeds,Norwich,,,,,,
311,2019-02-03,PL,2018,Leicester,Manchester United,,,,,,
312,2019-02-03,PL,2018,Manchester City,Arsenal,,,,,,
314,2019-02-04,PL,2018,West Ham,Liverpool,,,,,,
330,2019-02-06,PL,2018,Everton,Manchester City,,,,,,
805,2019-02-08,ELC,2018,Aston Villa,Sheffield Utd,,,,,,
317,2019-02-09,PL,2018,Fulham,Manchester United,,,,,,
809,2019-02-09,ELC,2018,Middlesbrough,Leeds,,,,,,
318,2019-02-09,PL,2018,Huddersfield,Arsenal,,,,,,
323,2019-02-09,PL,2018,Watford,Everton,,,,,,
319,2019-02-09,PL,2018,Liverpool,Bournemouth,,,,,,
321,2019-02-09,PL,2018,Southampton,Cardiff,,,,,,
316,2019-02-09,PL,2018,Crystal Palace,West Ham,,,,,,
811,2019-02-09,ELC,2018,Nottingham Forest,Brentford,,,,,,
806,2019-02-09,ELC,2018,Blackburn,Bristol City,,,,,,
807,2019-02-09,ELC,2018,Bolton,Preston,,,,,,
808,2019-02-09,ELC,2018,Derby,Hull City,,,,,,
812,2019-02-09,ELC,2018,QPR,Birmingham,,,,,,
813,2019-02-09,ELC,2018,Rotherham,Wigan,,,,,,
814,2019-02-09,ELC,2018,Sheffield Wednesday,Reading,,,,,,
816,2019-02-09,ELC,2018,Swansea,Millwall,,,,,,
315,2019-02-09,PL,2018,Brighton,Burnley,,,,,,
815,2019-02-09,ELC,2018,Stoke City,West Brom,,,,,,
810,2019-02-10,ELC,2018,Norwich,Ipswich,,,,,,
322,2019-02-10,PL,2018,Tottenham,Leicester,,,,,,
320,2019-02-10,PL,2018,Manchester City,Chelsea,,,,,,
324,2019-02-11,PL,2018,Wolves,Newcastle,,,,,,
817,2019-02-12,ELC,2018,Birmingham,Bolton,,,,,,
823,2019-02-12,ELC,2018,Bristol City,QPR,,,,,,
825,2019-02-12,ELC,2018,Millwall,Sheffield Wednesday,,,,,,
818,2019-02-12,ELC,2018,Hull City,Rotherham,,,,,,
821,2019-02-12,ELC,2018,West Brom,Nottingham Forest,,,,,,
822,2019-02-13,ELC,2018,Brentford,Aston Villa,,,,,,
819,2019-02-13,ELC,2018,Ipswich,Derby,,,,,,
820,2019-02-13,ELC,2018,Preston,Norwich,,,,,,
828,2019-02-13,ELC,2018,Wigan,Stoke City,,,,,,
827,2019-02-13,ELC,2018,Sheffield Utd,Middlesbrough,,,,,,
824,2019-02-13,ELC,2018,Leeds,Swansea,,,,,,
826,2019-02-13,ELC,2018,Reading,Blackburn,,,,,,
838,2019-02-16,ELC,2018,Rotherham,Sheffield Wednesday,,,,,,
835,2019-02-16,ELC,2018,Ipswich,Stoke City,,,,,,
836,2019-02-16,ELC,2018,Preston,Nottingham Forest,,,,,,
839,2019-02-16,ELC,2018,Sheffield Utd,Reading,,,,,,
829,2019-02-16,ELC,2018,Aston Villa,West Brom,,,,,,
831,2019-02-16,ELC,2018,Bolton,Norwich,,,,,,
830,2019-02-17,ELC,2018,Blackburn,Middlesbrough,,,,,,
788,2019-02-19,ELC,2018,QPR,West Brom,,,,,,
784,2019-02-20,ELC,2018,Derby,Millwall,,,,,,
328,2019-02-22,PL,2018,Cardiff,Watford,,,,,,
334,2019-02-22,PL,2018,West Ham,Fulham,,,,,,
327,2019-02-23,PL,2018,Burnley,Tottenham,,,,,,
333,2019-02-23,PL,2018,Newcastle,Huddersfield,,,,,,
326,2019-02-23,PL,2018,Bournemouth,Wolves,,,,,,
848,2019-02-23,ELC,2018,Reading,Rotherham,,,,,,
841,2019-02-23,ELC,2018,Birmingham,Blackburn,,,,,,
842,2019-02-23,ELC,2018,Brentford,Hull City,,,,,,
845,2019-02-23,ELC,2018,Millwall,Preston,,,,,,
852,2019-02-23,ELC,2018,Wigan,Ipswich,,,,,,
843,2019-02-23,ELC,2018,Leeds,Bolton,,,,,,
844,2019-02-23,ELC,2018,Middlesbrough,QPR,,,,,,
846,2019-02-23,ELC,2018,Norwich,Bristol City,,,,,,
849,2019-02-23,ELC,2018,Sheffield Wednesday,Swansea,,,,,,
850,2019-02-23,ELC,2018,Stoke City,Aston Villa,,,,,,
331,2019-02-23,PL,2018,Leicester,Crystal Palace,,,,,,
851,2019-02-23,ELC,2018,West Brom,Sheffield Utd,,,,,,
332,2019-02-24,PL,2018,Manchester United,Liverpool,,,,,,
325,2019-02-24,PL,2018,Arsenal,Southampton,,,,,,
847,2019-02-25,ELC,2018,Nottingham Forest,Derby,,,,,,
337,2019-02-26,PL,2018,Huddersfield,Wolves,,,,,,
336,2019-02-26,PL,2018,Cardiff,Everton,,,,,,
338,2019-02-26,PL,2018,Leicester,Brighton,,,,,,
832,2019-02-26,ELC,2018,Bristol City,Birmingham,,,,,,
834,2019-02-26,ELC,2018,Hull City,Millwall,,,,,,
837,2019-02-26,ELC,2018,QPR,Leeds,,,,,,
790,2019-02-26,ELC,2018,Sheffield Wednesday,Brentford,,,,,,
341,2019-02-26,PL,2018,Newcastle,Burnley,,,,,,
342,2019-02-27,PL,2018,Southampton,Fulham,,,,,,
335,2019-02-27,PL,2018,Arsenal,Bournemouth,,,,,,
343,2019-02-27,PL,2018,Liverpool,Watford,,,,,,
340,2019-02-27,PL,2018,Chelsea,Tottenham,,,,,,
344,2019-02-27,PL,2018,Manchester City,West Ham,,,,,,
339,2019-02-27,PL,2018,Crystal Palace,Manchester United,,,,,,
857,2019-03-01,ELC,2018,Leeds,West Brom,,,,,,
351,2019-03-02,PL,2018,Tottenham,Arsenal,,,,,,
350,2019-03-02,PL,2018,Manchester United,Southampton,,,,,,
345,2019-03-02,PL,2018,Bournemouth,Manchester City,,,,,,
354,2019-03-02,PL,2018,Wolves,Cardiff,,,,,,
347,2019-03-02,PL,2018,Burnley,Crystal Palace,,,,,,
346,2019-03-02,PL,2018,Brighton,Huddersfield,,,,,,
854,2019-03-02,ELC,2018,Brentford,QPR,,,,,,
856,2019-03-02,ELC,2018,Ipswich,Reading,,,,,,
858,2019-03-02,ELC,2018,Millwall,Norwich,,,,,,
859,2019-03-02,ELC,2018,Preston,Bristol City,,,,,,
864,2019-03-02,ELC,2018,Wigan,Middlesbrough,,,,,,
855,2019-03-02,ELC,2018,Hull City,Birmingham,,,,,,
853,2019-03-02,ELC,2018,Aston Villa,Derby,,,,,,
860,2019-03-02,ELC,2018,Rotherham,Blackburn,,,,,,
862,2019-03-02,ELC,2018,Stoke City,Nottingham Forest,,,,,,
863,2019-03-02,ELC,2018,Swansea,Bolton,,,,,,
353,2019-03-02,PL,2018,West Ham,Newcastle,,,,,,
352,2019-03-03,PL,2018,Watford,Leicester,,,,,,
349,2019-03-03,PL,2018,Fulham,Chelsea,,,,,,
348,2019-03-03,PL,2018,Everton,Liverpool,,,,,,
861,2019-03-04,ELC,2018,Sheffield Wednesday,Sheffield Utd,,,,,,
833,2019-03-05,ELC,2018,Derby,Wigan,,,,,,
871,2019-03-08,ELC,2018,Norwich,Swansea,,,,,,
866,2019-03-09,ELC,2018,Blackburn,Preston,,,,,,
875,2019-03-09,ELC,2018,Sheffield Utd,Rotherham,,,,,,
358,2019-03-09,PL,2018,Crystal Palace,Brighton,,,,,,
363,2019-03-09,PL,2018,Newcastle,Everton,,,,,,
359,2019-03-09,PL,2018,Huddersfield,Bournemouth,,,,,,
364,2019-03-09,PL,2018,Southampton,Tottenham,,,,,,
356,2019-03-09,PL,2018,Cardiff,West Ham,,,,,,
360,2019-03-09,PL,2018,Leicester,Fulham,,,,,,
874,2019-03-09,ELC,2018,Reading,Wigan,,,,,,
868,2019-03-09,ELC,2018,Bristol City,Leeds,,,,,,
876,2019-03-09,ELC,2018,West Brom,Ipswich,,,,,,
872,2019-03-09,ELC,2018,Nottingham Forest,Hull City,,,,,,
867,2019-03-09,ELC,2018,Bolton,Millwall,,,,,,
869,2019-03-09,ELC,2018,Derby,Sheffield Wednesday,,,,,,
870,2019-03-09,ELC,2018,Middlesbrough,Brentford,,,,,,
873,2019-03-09,ELC,2018,QPR,Stoke City,,,,,,
362,2019-03-09,PL,2018,Manchester City,Watford,,,,,,
361,2019-03-10,PL,2018,Liverpool,Burnley,,,,,,
865,2019-03-10,ELC,2018,Birmingham,Aston Villa,,,,,,
357,2019-03-10,PL,2018,Chelsea,Wolves,,,,,,
355,2019-03-10,PL,2018,Arsenal,Manchester United,,,,,,
879,2019-03-12,ELC,2018,Bristol City,Ipswich,,,,,,
881,2019-03-12,ELC,2018,Sheffield Utd,Brentford,,,,,,
878,2019-03-12,ELC,2018,Blackburn,Wigan,,,,,,
883,2019-03-12,ELC,2018,Reading,Leeds,,,,,,
882,2019-03-12,ELC,2018,Bolton,Sheffield Wednesday,,,,,,
877,2019-03-13,ELC,2018,Birmingham,Millwall,,,,,,
880,2019-03-13,ELC,2018,Nottingham Forest,Aston Villa,,,,,,
884,2019-03-13,ELC,2018,Derby,Stoke City,,,,,,
885,2019-03-13,ELC,2018,Middlesbrough,Preston,,,,,,
886,2019-03-13,ELC,2018,Norwich,Hull City,,,,,,
887,2019-03-13,ELC,2018,QPR,Rotherham,,,,,,
888,2019-03-13,ELC,2018,West Brom,Swansea,,,,,,
893,2019-03-16,ELC,2018,Leeds,Sheffield Utd,,,,,,
365,2019-03-16,PL,2018,Bournemouth,Newcastle,,,,,,
367,2019-03-16,PL,2018,Burnley,Leicester,,,,,,
373,2019-03-16,PL,2018,West Ham,Huddersfield,,,,,,
890,2019-03-16,ELC,2018,Brentford,West Brom,,,,,,
892,2019-03-16,ELC,2018,Ipswich,Nottingham Forest,,,,,,
895,2019-03-16,ELC,2018,Preston,Birmingham,,,,,,
900,2019-03-16,ELC,2018,Wigan,Bolton,,,,,,
891,2019-03-16,ELC,2018,Hull City,QPR,,,,,,
889,2019-03-16,ELC,2018,Aston Villa,Middlesbrough,,,,,,
896,2019-03-16,ELC,2018,Rotherham,Norwich,,,,,,
897,2019-03-16,ELC,2018,Sheffield Wednesday,Blackburn,,,,,,
898,2019-03-16,ELC,2018,Stoke City,Reading,,,,,,
369,2019-03-17,PL,2018,Fulham,Liverpool,,,,,,
368,2019-03-17,PL,2018,Everton,Chelsea,,,,,,
911,2019-03-29,ELC,2018,West Brom,Birmingham,,,,,,
380,2019-03-30,PL,2018,Fulham,Manchester City,,,,,,
383,2019-03-30,PL,2018,Manchester United,Watford,,,,,,
377,2019-03-30,PL,2018,Burnley,Wolves,,,,,,
381,2019-03-30,PL,2018,Leicester,Bournemouth,,,,,,
376,2019-03-30,PL,2018,Brighton,Southampton,,,,,,
379,2019-03-30,PL,2018,Crystal Palace,Huddersfield,,,,,,
908,2019-03-30,ELC,2018,Reading,Preston,,,,,,
903,2019-03-30,ELC,2018,Ipswich,Hull City,,,,,,
912,2019-03-30,ELC,2018,Wigan,Brentford,,,,,,
909,2019-03-30,ELC,2018,Sheffield Utd,Bristol City,,,,,,
904,2019-03-30,ELC,2018,Leeds,Millwall,,,,,,
906,2019-03-30,ELC,2018,Nottingham Forest,Swansea,,,,,,
901,2019-03-30,ELC,2018,Aston Villa,Blackburn,,,,,,
902,2019-03-30,ELC,2018,Derby,Rotherham,,,,,,
907,2019-03-30,ELC,2018,QPR,Bolton,,,,,,
910,2019-03-30,ELC,2018,Stoke City,Sheffield Wednesday,,,,,,
384,2019-03-30,PL,2018,West Ham,Everton,,,,,,
905,2019-03-30,ELC,2018,Middlesbrough,Norwich,,,,,,
378,2019-03-31,PL,2018,Cardiff,Chelsea,,,,,,
382,2019-03-31,PL,2018,Liverpool,Tottenham,,,,,,
375,2019-04-01,PL,2018,Arsenal,Newcastle,,,,,,
393,2019-04-02,PL,2018,Watford,Fulham,,,,,,
394,2019-04-02,PL,2018,Wolves,Manchester United,,,,,,
785,2019-04-02,ELC,2018,Middlesbrough,Bristol City,,,,,,
840,2019-04-02,ELC,2018,Swansea,Brentford,,,,,,
371,2019-04-03,PL,2018,Tottenham,Crystal Palace,,,,,,
329,2019-04-03,PL,2018,Chelsea,Brighton,,,,,,
389,2019-04-03,PL,2018,Manchester City,Cardiff,,,,,,
391,2019-04-05,PL,2018,Southampton,Liverpool,,,,,,
920,2019-04-06,ELC,2018,Norwich,QPR,,,,,,
390,2019-04-06,PL,2018,Newcastle,Crystal Palace,,,,,,
385,2019-04-06,PL,2018,Bournemouth,Burnley,,,,,,
388,2019-04-06,PL,2018,Huddersfield,Leicester,,,,,,
913,2019-04-06,ELC,2018,Birmingham,Leeds,,,,,,
916,2019-04-06,ELC,2018,Brentford,Derby,,,,,,
917,2019-04-06,ELC,2018,Bristol City,Wigan,,,,,,
919,2019-04-06,ELC,2018,Millwall,West Brom,,,,,,
921,2019-04-06,ELC,2018,Preston,Sheffield Utd,,,,,,
918,2019-04-06,ELC,2018,Hull City,Reading,,,,,,
914,2019-04-06,ELC,2018,Blackburn,Stoke City,,,,,,
915,2019-04-06,ELC,2018,Bolton,Ipswich,,,,,,
922,2019-04-06,ELC,2018,Rotherham,Nottingham Forest,,,,,,
923,2019-04-06,ELC,2018,Sheffield Wednesday,Aston Villa,,,,,,
924,2019-04-06,ELC,2018,Swansea,Middlesbrough,,,,,,
387,2019-04-07,PL,2018,Everton,Arsenal,,,,,,
386,2019-04-08,PL,2018,Chelsea,West Ham,,,,,,
926,2019-04-09,ELC,2018,Bristol City,West Brom,,,,,,
928,2019-04-09,ELC,2018,Preston,Leeds,,,,,,
925,2019-04-09,ELC,2018,Blackburn,Derby,,,,,,
929,2019-04-09,ELC,2018,Sheffield Wednesday,Nottingham Forest,,,,,,
930,2019-04-09,ELC,2018,Swansea,Stoke City,,,,,,
931,2019-04-09,ELC,2018,Bolton,Middlesbrough,,,,,,
932,2019-04-10,ELC,2018,Birmingham,Sheffield Utd,,,,,,
933,2019-04-10,ELC,2018,Brentford,Ipswich,,,,,,
935,2019-04-10,ELC,2018,Millwall,QPR,,,,,,
934,2019-04-10,ELC,2018,Hull City,Wigan,,,,,,
927,2019-04-10,ELC,2018,Norwich,Reading,,,,,,
936,2019-04-10,ELC,2018,Rotherham,Aston Villa,,,,,,
399,2019-04-12,PL,2018,Leicester,Newcastle,,,,,,
403,2019-04-13,PL,2018,Tottenham,Huddersfield,,,,,,
398,2019-04-13,PL,2018,Fulham,Everton,,,,,,
402,2019-04-13,PL,2018,Southampton,Wolves,,,,,,
396,2019-04-13,PL,2018,Burnley,Cardiff,,,,,,
395,2019-04-13,PL,2018,Brighton,Bournemouth,,,,,,
944,2019-04-13,ELC,2018,Reading,Brentford,,,,,,
939,2019-04-13,ELC,2018,Ipswich,Birmingham,,,,,,
947,2019-04-13,ELC,2018,West Brom,Preston,,,,,,
945,2019-04-13,ELC,2018,Sheffield Utd,Millwall,,,,,,
942,2019-04-13,ELC,2018,Nottingham Forest,Blackburn,,,,,,
937,2019-04-13,ELC,2018,Aston Villa,Bristol City,,,,,,
938,2019-04-13,ELC,2018,Derby,Bolton,,,,,,
941,2019-04-13,ELC,2018,Middlesbrough,Hull City,,,,,,
943,2019-04-13,ELC,2018,QPR,Swansea,,,,,,
946,2019-04-13,ELC,2018,Stoke City,Rotherham,,,,,,
401,2019-04-13,PL,2018,Manchester United,West Ham,,,,,,
940,2019-04-13,ELC,2018,Leeds,Sheffield Wednesday,,,,,,
948,2019-04-14,ELC,2018,Wigan,Norwich,,,,,,
397,2019-04-14,PL,2018,Crystal Palace,Manchester City,,,,,,
400,2019-04-14,PL,2018,Liverpool,Chelsea,,,,,,
404,2019-04-15,PL,2018,Watford,Arsenal,,,,,,
366,2019-04-16,PL,2018,Brighton,Cardiff,,,,,,
951,2019-04-19,ELC,2018,Bristol City,Reading,,,,,,
958,2019-04-19,ELC,2018,Sheffield Utd,Nottingham Forest,,,,,,
954,2019-04-19,ELC,2018,Millwall,Brentford,,,,,,
949,2019-04-19,ELC,2018,Birmingham,Derby,,,,,,
956,2019-04-19,ELC,2018,Preston,Ipswich,,,,,,
960,2019-04-19,ELC,2018,West Brom,Hull City,,,,,,
952,2019-04-19,ELC,2018,Leeds,Wigan,,,,,,
950,2019-04-19,ELC,2018,Bolton,Aston Villa,,,,,,
953,2019-04-19,ELC,2018,Middlesbrough,Stoke City,,,,,,
957,2019-04-19,ELC,2018,QPR,Blackburn,,,,,,
959,2019-04-19,ELC,2018,Swansea,Rotherham,,,,,,
955,2019-04-19,ELC,2018,Norwich,Sheffield Wednesday,,,,,,
411,2019-04-20,PL,2018,Manchester City,Tottenham,,,,,,
406,2019-04-20,PL,2018,Bournemouth,Fulham,,,,,,
410,2019-04-20,PL,2018,Huddersfield,Watford,,,,,,
414,2019-04-20,PL,2018,Wolves,Brighton,,,,,,
413,2019-04-20,PL,2018,West Ham,Leicester,,,,,,
412,2019-04-20,PL,2018,Newcastle,Southampton,,,,,,
409,2019-04-21,PL,2018,Everton,Manchester United,,,,,,
405,2019-04-21,PL,2018,Arsenal,Crystal Palace,,,,,,
407,2019-04-21,PL,2018,Cardiff,Liverpool,,,,,,
961,2019-04-22,ELC,2018,Aston Villa,Millwall,,,,,,
968,2019-04-22,ELC,2018,Reading,West Brom,,,,,,
966,2019-04-22,ELC,2018,Ipswich,Swansea,,,,,,
972,2019-04-22,ELC,2018,Wigan,Preston,,,,,,
965,2019-04-22,ELC,2018,Hull City,Sheffield Utd,,,,,,
967,2019-04-22,ELC,2018,Nottingham Forest,Middlesbrough,,,,,,
962,2019-04-22,ELC,2018,Blackburn,Bolton,,,,,,
964,2019-04-22,ELC,2018,Derby,QPR,,,,,,
969,2019-04-22,ELC,2018,Rotherham,Birmingham,,,,,,
970,2019-04-22,ELC,2018,Sheffield Wednesday,Bristol City,,,,,,
971,2019-04-22,ELC,2018,Stoke City,Norwich,,,,,,
963,2019-04-22,ELC,2018,Brentford,Leeds,,,,,,
408,2019-04-22,PL,2018,Chelsea,Burnley,,,,,,
372,2019-04-23,PL,2018,Watford,Southampton,,,,,,
392,2019-04-23,PL,2018,Tottenham,Brighton,,,,,,
374,2019-04-24,PL,2018,Wolves,Arsenal,,,,,,
370,2019-04-24,PL,2018,Manchester United,Manchester City,,,,,,
420,2019-04-26,PL,2018,Liverpool,Huddersfield,,,,,,
423,2019-04-27,PL,2018,Tottenham,West Ham,,,,,,
978,2019-04-27,ELC,2018,Millwall,Stoke City,,,,,,
418,2019-04-27,PL,2018,Fulham,Cardiff,,,,,,
424,2019-04-27,PL,2018,Watford,Wolves,,,,,,
422,2019-04-27,PL,2018,Southampton,Bournemouth,,,,,,
417,2019-04-27,PL,2018,Crystal Palace,Everton,,,,,,
973,2019-04-27,ELC,2018,Birmingham,Wigan,,,,,,
975,2019-04-27,ELC,2018,Bristol City,Derby,,,,,,
980,2019-04-27,ELC,2018,Preston,Sheffield Wednesday,,,,,,
984,2019-04-27,ELC,2018,West Brom,Rotherham,,,,,,
974,2019-04-27,ELC,2018,Bolton,Brentford,,,,,,
977,2019-04-27,ELC,2018,Middlesbrough,Reading,,,,,,
981,2019-04-27,ELC,2018,QPR,Nottingham Forest,,,,,,
983,2019-04-27,ELC,2018,Swansea,Hull City,,,,,,
982,2019-04-27,ELC,2018,Sheffield Utd,Ipswich,,,,,,
415,2019-04-27,PL,2018,Brighton,Newcastle,,,,,,
979,2019-04-27,ELC,2018,Norwich,Blackburn,,,,,,
419,2019-04-28,PL,2018,Leicester,Arsenal,,,,,,
976,2019-04-28,ELC,2018,Leeds,Aston Villa,,,,,,
416,2019-04-28,PL,2018,Burnley,Manchester City,,,,,,
421,2019-04-28,PL,2018,Manchester United,Chelsea,,,,,,
894,2019-04-30,ELC,2018,Millwall,Bristol City,,,,,,
899,2019-05-01,ELC,2018,Swansea,Derby,,,,,,
429,2019-05-03,PL,2018,Everton,Burnley,,,,,,
426,2019-05-04,PL,2018,Bournemouth,Tottenham,,,,,,
434,2019-05-04,PL,2018,Wolves,Fulham,,,,,,
433,2019-05-04,PL,2018,West Ham,Southampton,,,,,,
427,2019-05-04,PL,2018,Cardiff,Crystal Palace,,,,,,
432,2019-05-04,PL,2018,Newcastle,Liverpool,,,,,,
992,2019-05-05,ELC,2018,Reading,Birmingham,,,,,,
987,2019-05-05,ELC,2018,Brentford,Preston,,,,,,
990,2019-05-05,ELC,2018,Ipswich,Leeds,,,,,,
996,2019-05-05,ELC,2018,Wigan,Millwall,,,,,,
989,2019-05-05,ELC,2018,Hull City,Bristol City,,,,,,
991,2019-05-05,ELC,2018,Nottingham Forest,Bolton,,,,,,
985,2019-05-05,ELC,2018,Aston Villa,Norwich,,,,,,
986,2019-05-05,ELC,2018,Blackburn,Swansea,,,,,,
988,2019-05-05,ELC,2018,Derby,West Brom,,,,,,
993,2019-05-05,ELC,2018,Rotherham,Middlesbrough,,,,,,
994,2019-05-05,ELC,2018,Sheffield Wednesday,QPR,,,,,,
995,2019-05-05,ELC,2018,Stoke City,Sheffield Utd,,,,,,
430,2019-05-05,PL,2018,Huddersfield,Manchester United,,,,,,
428,2019-05-05,PL,2018,Chelsea,Watford,,,,,,
425,2019-05-05,PL,2018,Arsenal,Brighton,,,,,,
431,2019-05-06,PL,2018,Manchester City,Leicester,,,,,,
125089,2019-05-11,ELC,2018,Aston Villa,West Brom,,,,,,
125091,2019-05-11,ELC,2018,Derby,Leeds,,,,,,
441,2019-05-12,PL,2018,Manchester United,Cardiff,,,,,,
438,2019-05-12,PL,2018,Fulham,Newcastle,,,,,,
444,2019-05-12,PL,2018,Watford,West Ham,,,,,,
440,2019-05-12,PL,2018,Liverpool,Wolves,,,,,,
442,2019-05-12,PL,2018,Southampton,Huddersfield,,,,,,
436,2019-05-12,PL,2018,Burnley,Arsenal,,,,,,
439,2019-05-12,PL,2018,Leicester,Chelsea,,,,,,
443,2019-05-12,PL,2018,Tottenham,Everton,,,,,,
435,2019-05-12,PL,2018,Brighton,Manchester City,,,,,,
437,2019-05-12,PL,2018,Crystal Palace,Bournemouth,,,,,,
125092,2019-05-15,ELC,2018,Leeds,Derby,,,,,,
157014,2019-05-27,ELC,2018,Aston Villa,Derby,,,,,,
164174,2019-08-02,ELC,2019,Luton,Middlesbrough,,,,,,
164179,2019-08-03,ELC,2019,Reading,Sheffield Wednesday,,,,,,
164177,2019-08-03,ELC,2019,Brentford,Birmingham,,,,,,
164178,2019-08-03,ELC,2019,Millwall,Preston,,,,,,
164182,2019-08-03,ELC,2019,Wigan,Cardiff,,,,,,
164176,2019-08-03,ELC,2019,Blackburn,Charlton,,,,,,
164180,2019-08-03,ELC,2019,Stoke City,QPR,,,,,,
164181,2019-08-03,ELC,2019,Swansea,Hull City,,,,,,
164175,2019-08-03,ELC,2019,Barnsley,Fulham,,,,,,
164183,2019-08-03,ELC,2019,Nottingham Forest,West Brom,,,,,,
164184,2019-08-04,ELC,2019,Bristol City,Leeds,,,,,,
164185,2019-08-05,ELC,2019,Huddersfield,Derby,,,,,,
157015,2019-08-09,PL,2019,Liverpool,Norwich,,,,,,
157016,2019-08-10,PL,2019,West Ham,Manchester City,,,,,,
164192,2019-08-10,ELC,2019,Leeds,Nottingham Forest,,,,,,
157017,2019-08-10,PL,2019,Bournemouth,Sheffield Utd,,,,,,
157021,2019-08-10,PL,2019,Watford,Brighton,,,,,,
157018,2019-08-10,PL,2019,Burnley,Southampton,,,,,,
157019,2019-08-10,PL,2019,Crystal Palace,Everton,,,,,,
164190,2019-08-10,ELC,2019,Fulham,Blackburn,,,,,,
164187,2019-08-10,ELC,2019,Cardiff,Luton,,,,,,
164186,2019-08-10,ELC,2019,Birmingham,Bristol City,,,,,,
164194,2019-08-10,ELC,2019,Preston,Wigan,,,,,,
164197,2019-08-10,ELC,2019,West Brom,Millwall,,,,,,
164191,2019-08-10,ELC,2019,Hull City,Reading,,,,,,
164189,2019-08-10,ELC,2019,Derby,Swansea,,,,,,
164193,2019-08-10,ELC,2019,Middlesbrough,Brentford,,,,,,
164195,2019-08-10,ELC,2019,QPR,Huddersfield,,,,,,
164196,2019-08-10,ELC,2019,Sheffield Wednesday,Barnsley,,,,,,
164188,2019-08-10,ELC,2019,Charlton,Stoke City,,,,,,
157022,2019-08-10,PL,2019,Tottenham,Aston Villa,,,,,,
157023,2019-08-11,PL,2019,Newcastle,Arsenal,,,,,,
157020,2019-08-11,PL,2019,Leicester,Wolves,,,,,,
157024,2019-08-11,PL,2019,Manchester United,Chelsea,,,,,,
164202,2019-08-16,ELC,2019,Huddersfield,Fulham,,,,,,
157025,2019-08-17,PL,2019,Arsenal,Burnley,,,,,,
157033,2019-08-17,PL,2019,Southampton,Liverpool,,,,,,
157029,2019-08-17,PL,2019,Everton,Watford,,,,,,
157027,2019-08-17,PL,2019,Brighton,West Ham,,,,,,
157026,2019-08-17,PL,2019,Aston Villa,Bournemouth,,,,,,
157031,2019-08-17,PL,2019,Norwich,Newcastle,,,,,,
164200,2019-08-17,ELC,2019,Brentford,Hull City,,,,,,
164201,2019-08-17,ELC,2019,Bristol City,QPR,,,,,,
164204,2019-08-17,ELC,2019,Millwall,Sheffield Wednesday,,,,,,
164209,2019-08-17,ELC,2019,Wigan,Leeds,,,,,,
164205,2019-08-17,ELC,2019,Nottingham Forest,Birmingham,,,,,,
164199,2019-08-17,ELC,2019,Blackburn,Middlesbrough,,,,,,
164207,2019-08-17,ELC,2019,Stoke City,Derby,,,,,,
164208,2019-08-17,ELC,2019,Swansea,Preston,,,,,,
164198,2019-08-17,ELC,2019,Barnsley,Charlton,,,,,,
164203,2019-08-17,ELC,2019,Luton,West Brom,,,,,,
157030,2019-08-17,PL,2019,Manchester City,Tottenham,,,,,,
164206,2019-08-18,ELC,2019,Reading,Cardiff,,,,,,
157032,2019-08-18,PL,2019,Sheffield Utd,Crystal Palace,,,,,,
157028,2019-08-18,PL,2019,Chelsea,Leicester,,,,,,
157034,2019-08-19,PL,2019,Wolves,Manchester United,,,,,,
164210,2019-08-20,ELC,2019,Birmingham,Barnsley,,,,,,
164212,2019-08-20,ELC,2019,Hull City,Blackburn,,,,,,
164211,2019-08-20,ELC,2019,Derby,Bristol City,,,,,,
164213,2019-08-20,ELC,2019,Middlesbrough,Wigan,,,,,,
164214,2019-08-20,ELC,2019,Sheffield Wednesday,Luton,,,,,,
164217,2019-08-21,ELC,2019,Fulham,Millwall,,,,,,
164215,2019-08-21,ELC,2019,Cardiff,Huddersfield,,,,,,
164219,2019-08-21,ELC,2019,Preston,Stoke City,,,,,,
164218,2019-08-21,ELC,2019,Leeds,Brentford,,,,,,
164220,2019-08-21,ELC,2019,QPR,Swansea,,,,,,
164216,2019-08-21,ELC,2019,Charlton,Nottingham Forest,,,,,,
164221,2019-08-21,ELC,2019,West Brom,Reading,,,,,,
157036,2019-08-23,PL,2019,Aston Villa,Everton,,,,,,
157040,2019-08-24,PL,2019,Norwich,Chelsea,,,,,,
164225,2019-08-24,ELC,2019,Derby,West Brom,,,,,,
157039,2019-08-24,PL,2019,Manchester United,Crystal Palace,,,,,,
157043,2019-08-24,PL,2019,Watford,West Ham,,,,,,
157037,2019-08-24,PL,2019,Brighton,Southampton,,,,,,
157041,2019-08-24,PL,2019,Sheffield Utd,Leicester,,,,,,
164226,2019-08-24,ELC,2019,Fulham,Nottingham Forest,,,,,,
164227,2019-08-24,ELC,2019,Huddersfield,Reading,,,,,,
164230,2019-08-24,ELC,2019,Preston,Sheffield Wednesday,,,,,,
164228,2019-08-24,ELC,2019,Hull City,Bristol City,,,,,,
164223,2019-08-24,ELC,2019,Blackburn,Cardiff,,,,,,
164229,2019-08-24,ELC,2019,Middlesbrough,Millwall,,,,,,
164231,2019-08-24,ELC,2019,QPR,Wigan,,,,,,
164232,2019-08-24,ELC,2019,Stoke City,Leeds,,,,,,
164222,2019-08-24,ELC,2019,Barnsley,Luton,,,,,,
164224,2019-08-24,ELC,2019,Charlton,Brentford,,,,,,
157038,2019-08-24,PL,2019,Liverpool,Arsenal,,,,,,
164233,2019-08-25,ELC,2019,Swansea,Birmingham,,,,,,
157035,2019-08-25,PL,2019,Bournemouth,Manchester City,,,,,,
157044,2019-08-25,PL,2019,Wolves,Burnley,,,,,,
157042,2019-08-25,PL,2019,Tottenham,Newcastle,,,,,,
164237,2019-08-30,ELC,2019,Cardiff,Fulham,,,,,,
157053,2019-08-31,PL,2019,Southampton,Manchester United,,,,,,
164236,2019-08-31,ELC,2019,Bristol City,Middlesbrough,,,,,,
157052,2019-08-31,PL,2019,Newcastle,Watford,,,,,,
157050,2019-08-31,PL,2019,Leicester,Bournemouth,,,,,,
157054,2019-08-31,PL,2019,West Ham,Norwich,,,,,,
157047,2019-08-31,PL,2019,Chelsea,Sheffield Utd,,,,,,
157051,2019-08-31,PL,2019,Manchester City,Brighton,,,,,,
157048,2019-08-31,PL,2019,Crystal Palace,Aston Villa,,,,,,
164242,2019-08-31,ELC,2019,Reading,Charlton,,,,,,
164234,2019-08-31,ELC,2019,Birmingham,Stoke City,,,,,,
164235,2019-08-31,ELC,2019,Brentford,Derby,,,,,,
164240,2019-08-31,ELC,2019,Millwall,Hull City,,,,,,
164244,2019-08-31,ELC,2019,West Brom,Blackburn,,,,,,
164245,2019-08-31,ELC,2019,Wigan,Barnsley,,,,,,
164238,2019-08-31,ELC,2019,Leeds,Swansea,,,,,,
164241,2019-08-31,ELC,2019,Nottingham Forest,Preston,,,,,,
164243,2019-08-31,ELC,2019,Sheffield Wednesday,QPR,,,,,,
164239,2019-08-31,ELC,2019,Luton,Huddersfield,,,,,,
157046,2019-08-31,PL,2019,Burnley,Liverpool,,,,,,
157049,2019-09-01,PL,2019,Everton,Wolves,,,,,,
157045,2019-09-01,PL,2019,Arsenal,Tottenham,,,,,,
164249,2019-09-13,ELC,2019,Derby,Cardiff,,,,,,
157058,2019-09-14,PL,2019,Liverpool,Newcastle,,,,,,
164250,2019-09-14,ELC,2019,Fulham,West Brom,,,,,,
157059,2019-09-14,PL,2019,Manchester United,Leicester,,,,,,
157064,2019-09-14,PL,2019,Wolves,Chelsea,,,,,,
157062,2019-09-14,PL,2019,Tottenham,Crystal Palace,,,,,,
157057,2019-09-14,PL,2019,Brighton,Burnley,,,,,,
157061,2019-09-14,PL,2019,Sheffield Utd,Southampton,,,,,,
164254,2019-09-14,ELC,2019,Preston,Brentford,,,,,,
164252,2019-09-14,ELC,2019,Hull City,Wigan,,,,,,
164247,2019-09-14,ELC,2019,Blackburn,Millwall,,,,,,
164253,2019-09-14,ELC,2019,Middlesbrough,Reading,,,,,,
164255,2019-09-14,ELC,2019,QPR,Luton,,,,,,
164256,2019-09-14,ELC,2019,Stoke City,Bristol City,,,,,,
164257,2019-09-14,ELC,2019,Swansea,Nottingham Forest,,,,,,
164248,2019-09-14,ELC,2019,Charlton,Birmingham,,,,,,
157060,2019-09-14,PL,2019,Norwich,Manchester City,,,,,,
164251,2019-09-15,ELC,2019,Huddersfield,Sheffield Wednesday,,,,,,
164246,2019-09-15,ELC,2019,Barnsley,Leeds,,,,,,
157055,2019-09-15,PL,2019,Bournemouth,Everton,,,,,,
157063,2019-09-15,PL,2019,Watford,Arsenal,,,,,,
157056,2019-09-16,PL,2019,Aston Villa,West Ham,,,,,,
157073,2019-09-20,PL,2019,Southampton,Bournemouth,,,,,,
157070,2019-09-21,PL,2019,Leicester,Tottenham,,,,,,
164262,2019-09-21,ELC,2019,Leeds,Derby,,,,,,
157066,2019-09-21,PL,2019,Burnley,Norwich,,,,,,
157069,2019-09-21,PL,2019,Everton,Sheffield Utd,,,,,,
157071,2019-09-21,PL,2019,Manchester City,Watford,,,,,,
164261,2019-09-21,ELC,2019,Cardiff,Middlesbrough,,,,,,
164266,2019-09-21,ELC,2019,Reading,Blackburn,,,,,,
164258,2019-09-21,ELC,2019,Birmingham,Preston,,,,,,
164259,2019-09-21,ELC,2019,Brentford,Stoke City,,,,,,
164260,2019-09-21,ELC,2019,Bristol City,Swansea,,,,,,
164264,2019-09-21,ELC,2019,Millwall,QPR,,,,,,
164269,2019-09-21,ELC,2019,Wigan,Charlton,,,,,,
164265,2019-09-21,ELC,2019,Nottingham Forest,Barnsley,,,,,,
164267,2019-09-21,ELC,2019,Sheffield Wednesday,Fulham,,,,,,
164263,2019-09-21,ELC,2019,Luton,Hull City,,,,,,
157072,2019-09-21,PL,2019,Newcastle,Brighton,,,,,,
164268,2019-09-22,ELC,2019,West Brom,Huddersfield,,,,,,
157074,2019-09-22,PL,2019,West Ham,Manchester United,,,,,,
157068,2019-09-22,PL,2019,Crystal Palace,Wolves,,,,,,
157065,2019-09-22,PL,2019,Arsenal,Aston Villa,,,,,,
157067,2019-09-22,PL,2019,Chelsea,Liverpool,,,,,,
164274,2019-09-27,ELC,2019,Fulham,Wigan,,,,,,
164280,2019-09-27,ELC,2019,Stoke City,Nottingham Forest,,,,,,
157082,2019-09-28,PL,2019,Sheffield Utd,Liverpool,,,,,,
164279,2019-09-28,ELC,2019,QPR,West Brom,,,,,,
157075,2019-09-28,PL,2019,Bournemouth,West Ham,,,,,,
157084,2019-09-28,PL,2019,Wolves,Watford,,,,,,
157083,2019-09-28,PL,2019,Tottenham,Southampton,,,,,,
157077,2019-09-28,PL,2019,Chelsea,Brighton,,,,,,
157078,2019-09-28,PL,2019,Crystal Palace,Norwich,,,,,,
157076,2019-09-28,PL,2019,Aston Villa,Burnley,,,,,,
164275,2019-09-28,ELC,2019,Huddersfield,Millwall,,,,,,
164278,2019-09-28,ELC,2019,Preston,Bristol City,,,,,,
164276,2019-09-28,ELC,2019,Hull City,Cardiff,,,,,,
164271,2019-09-28,ELC,2019,Blackburn,Luton,,,,,,
164273,2019-09-28,ELC,2019,Derby,Birmingham,,,,,,
164277,2019-09-28,ELC,2019,Middlesbrough,Sheffield Wednesday,,,,,,
164281,2019-09-28,ELC,2019,Swansea,Reading,,,,,,
164272,2019-09-28,ELC,2019,Charlton,Leeds,,,,,,
157079,2019-09-28,PL,2019,Everton,Manchester City,,,,,,
164270,2019-09-29,ELC,2019,Barnsley,Brentford,,,,,,
157080,2019-09-29,PL,2019,Leicester,Newcastle,,,,,,
157081,2019-09-30,PL,2019,Manchester United,Arsenal,,,,,,
164286,2019-10-01,ELC,2019,Wigan,Birmingham,,,,,,
164284,2019-10-01,ELC,2019,Leeds,West Brom,,,,,,
164283,2019-10-01,ELC,2019,Hull City,Sheffield Wednesday,,,,,,
164282,2019-10-01,ELC,2019,Blackburn,Nottingham Forest,,,,,,
164285,2019-10-01,ELC,2019,Middlesbrough,Preston,,,,,,
164287,2019-10-01,ELC,2019,Reading,Fulham,,,,,,
164288,2019-10-01,ELC,2019,Stoke City,Huddersfield,,,,,,
164291,2019-10-02,ELC,2019,Cardiff,QPR,,,,,,
164290,2019-10-02,ELC,2019,Brentford,Bristol City,,,,,,
164289,2019-10-02,ELC,2019,Barnsley,Derby,,,,,,
164292,2019-10-02,ELC,2019,Charlton,Swansea,,,,,,
164293,2019-10-02,ELC,2019,Luton,Millwall,,,,,,
164294,2019-10-04,ELC,2019,Birmingham,Middlesbrough,,,,,,
157086,2019-10-05,PL,2019,Brighton,Tottenham,,,,,,
164297,2019-10-05,ELC,2019,Fulham,Charlton,,,,,,
157093,2019-10-05,PL,2019,Watford,Sheffield Utd,,,,,,
157088,2019-10-05,PL,2019,Liverpool,Leicester,,,,,,
157087,2019-10-05,PL,2019,Burnley,Everton,,,,,,
157091,2019-10-05,PL,2019,Norwich,Aston Villa,,,,,,
164298,2019-10-05,ELC,2019,Huddersfield,Hull City,,,,,,
164295,2019-10-05,ELC,2019,Bristol City,Reading,,,,,,
164299,2019-10-05,ELC,2019,Millwall,Leeds,,,,,,
164301,2019-10-05,ELC,2019,Preston,Barnsley,,,,,,
164305,2019-10-05,ELC,2019,West Brom,Cardiff,,,,,,
164300,2019-10-05,ELC,2019,Nottingham Forest,Brentford,,,,,,
164296,2019-10-05,ELC,2019,Derby,Luton,,,,,,
164302,2019-10-05,ELC,2019,QPR,Blackburn,,,,,,
164303,2019-10-05,ELC,2019,Sheffield Wednesday,Wigan,,,,,,
164304,2019-10-05,ELC,2019,Swansea,Stoke City,,,,,,
157094,2019-10-05,PL,2019,West Ham,Crystal Palace,,,,,,
157092,2019-10-06,PL,2019,Southampton,Chelsea,,,,,,
157085,2019-10-06,PL,2019,Arsenal,Bournemouth,,,,,,
157089,2019-10-06,PL,2019,Manchester City,Wolves,,,,,,
157090,2019-10-06,PL,2019,Newcastle,Manchester United,,,,,,
164309,2019-10-18,ELC,2019,Cardiff,Sheffield Wednesday,,,,,,
157099,2019-10-19,PL,2019,Everton,West Ham,,,,,,
164307,2019-10-19,ELC,2019,Blackburn,Huddersfield,,,,,,
157095,2019-10-19,PL,2019,Bournemouth,Norwich,,,,,,
157104,2019-10-19,PL,2019,Wolves,Southampton,,,,,,
157100,2019-10-19,PL,2019,Leicester,Burnley,,,,,,
157103,2019-10-19,PL,2019,Tottenham,Watford,,,,,,
157097,2019-10-19,PL,2019,Chelsea,Newcastle,,,,,,
157096,2019-10-19,PL,2019,Aston Villa,Brighton,,,,,,
164315,2019-10-19,ELC,2019,Reading,Preston,,,,,,
164308,2019-10-19,ELC,2019,Brentford,Millwall,,,,,,
164312,2019-10-19,ELC,2019,Leeds,Birmingham,,,,,,
164311,2019-10-19,ELC,2019,Hull City,QPR,,,,,,
164314,2019-10-19,ELC,2019,Middlesbrough,West Brom,,,,,,
164316,2019-10-19,ELC,2019,Stoke City,Fulham,,,,,,
164306,2019-10-19,ELC,2019,Barnsley,Swansea,,,,,,
164310,2019-10-19,ELC,2019,Charlton,Derby,,,,,,
164313,2019-10-19,ELC,2019,Luton,Bristol City,,,,,,
157098,2019-10-19,PL,2019,Crystal Palace,Manchester City,,,,,,
164317,2019-10-20,ELC,2019,Wigan,Nottingham Forest,,,,,,
157101,2019-10-20,PL,2019,Manchester United,Liverpool,,,,,,
157102,2019-10-21,PL,2019,Sheffield Utd,Arsenal,,,,,,
164318,2019-10-22,ELC,2019,Birmingham,Blackburn,,,,,,
164319,2019-10-22,ELC,2019,Millwall,Cardiff,,,,,,
164329,2019-10-22,ELC,2019,Preston,Leeds,,,,,,
164320,2019-10-22,ELC,2019,QPR,Reading,,,,,,
164321,2019-10-22,ELC,2019,Sheffield Wednesday,Stoke City,,,,,,
164322,2019-10-22,ELC,2019,Swansea,Brentford,,,,,,
164323,2019-10-22,ELC,2019,West Brom,Barnsley,,,,,,
164326,2019-10-23,ELC,2019,Fulham,Luton,,,,,,
164327,2019-10-23,ELC,2019,Huddersfield,Middlesbrough,,,,,,
164324,2019-10-23,ELC,2019,Bristol City,Charlton,,,,,,
164328,2019-10-23,ELC,2019,Nottingham Forest,Hull City,,,,,,
164325,2019-10-23,ELC,2019,Derby,Wigan,,,,,,
157112,2019-10-25,PL,2019,Southampton,Leicester,,,,,,
157109,2019-10-26,PL,2019,Manchester City,Aston Villa,,,,,,
164339,2019-10-26,ELC,2019,Sheffield Wednesday,Leeds,,,,,,
157113,2019-10-26,PL,2019,Watford,Bournemouth,,,,,,
157114,2019-10-26,PL,2019,West Ham,Sheffield Utd,,,,,,
157106,2019-10-26,PL,2019,Brighton,Everton,,,,,,
164332,2019-10-26,ELC,2019,Huddersfield,Barnsley,,,,,,
164330,2019-10-26,ELC,2019,Birmingham,Luton,,,,,,
164335,2019-10-26,ELC,2019,Millwall,Stoke City,,,,,,
164337,2019-10-26,ELC,2019,Preston,Blackburn,,,,,,
164341,2019-10-26,ELC,2019,West Brom,Charlton,,,,,,
164333,2019-10-26,ELC,2019,Hull City,Derby,,,,,,
164334,2019-10-26,ELC,2019,Middlesbrough,Fulham,,,,,,
157107,2019-10-26,PL,2019,Burnley,Chelsea,,,,,,
164340,2019-10-27,ELC,2019,Swansea,Cardiff,,,,,,
164331,2019-10-27,ELC,2019,Bristol City,Wigan,,,,,,
157110,2019-10-27,PL,2019,Newcastle,Wolves,,,,,,
157108,2019-10-27,PL,2019,Liverpool,Tottenham,,,,,,
157105,2019-10-27,PL,2019,Arsenal,Crystal Palace,,,,,,
157111,2019-10-27,PL,2019,Norwich,Manchester United,,,,,,
164338,2019-10-28,ELC,2019,QPR,Brentford,,,,,,
164342,2019-11-01,ELC,2019,Barnsley,Bristol City,,,,,,
157115,2019-11-02,PL,2019,Bournemouth,Manchester United,,,,,,
164353,2019-11-02,ELC,2019,Wigan,Swansea,,,,,,
157116,2019-11-02,PL,2019,Arsenal,Wolves,,,,,,
157124,2019-11-02,PL,2019,West Ham,Newcastle,,,,,,
157121,2019-11-02,PL,2019,Manchester City,Southampton,,,,,,
157118,2019-11-02,PL,2019,Brighton,Norwich,,,,,,
157122,2019-11-02,PL,2019,Sheffield Utd,Burnley,,,,,,
157117,2019-11-02,PL,2019,Aston Villa,Liverpool,,,,,,
164348,2019-11-02,ELC,2019,Fulham,Hull City,,,,,,
164345,2019-11-02,ELC,2019,Cardiff,Birmingham,,,,,,
164351,2019-11-02,ELC,2019,Reading,Millwall,,,,,,
164344,2019-11-02,ELC,2019,Brentford,Huddersfield,,,,,,
164349,2019-11-02,ELC,2019,Leeds,QPR,,,,,,
164343,2019-11-02,ELC,2019,Blackburn,Sheffield Wednesday,,,,,,
164347,2019-11-02,ELC,2019,Derby,Middlesbrough,,,,,,
164350,2019-11-02,ELC,2019,Luton,Nottingham Forest,,,,,,
157123,2019-11-02,PL,2019,Watford,Chelsea,,,,,,
164346,2019-11-03,ELC,2019,Charlton,Preston,,,,,,
157119,2019-11-03,PL,2019,Crystal Palace,Leicester,,,,,,
157120,2019-11-03,PL,2019,Everton,Tottenham,,,,,,
164352,2019-11-04,ELC,2019,Stoke City,West Brom,,,,,,
157131,2019-11-08,PL,2019,Norwich,Watford,,,,,,
157126,2019-11-09,PL,2019,Chelsea,Crystal Palace,,,,,,
164360,2019-11-09,ELC,2019,Nottingham Forest,Derby,,,,,,
157130,2019-11-09,PL,2019,Newcastle,Bournemouth,,,,,,
157132,2019-11-09,PL,2019,Southampton,Everton,,,,,,
157125,2019-11-09,PL,2019,Burnley,West Ham,,,,,,
157133,2019-11-09,PL,2019,Tottenham,Sheffield Utd,,,,,,
164363,2019-11-09,ELC,2019,Reading,Luton,,,,,,
164355,2019-11-09,ELC,2019,Birmingham,Fulham,,,,,,
164359,2019-11-09,ELC,2019,Millwall,Charlton,,,,,,
164361,2019-11-09,ELC,2019,Preston,Huddersfield,,,,,,
164365,2019-11-09,ELC,2019,Wigan,Brentford,,,,,,
164358,2019-11-09,ELC,2019,Leeds,Blackburn,,,,,,
164357,2019-11-09,ELC,2019,Hull City,West Brom,,,,,,
164362,2019-11-09,ELC,2019,QPR,Middlesbrough,,,,,,
164364,2019-11-09,ELC,2019,Sheffield Wednesday,Swansea,,,,,,
164354,2019-11-09,ELC,2019,Barnsley,Stoke City,,,,,,
157127,2019-11-09,PL,2019,Leicester,Arsenal,,,,,,
164356,2019-11-10,ELC,2019,Cardiff,Bristol City,,,,,,
157129,2019-11-10,PL,2019,Manchester United,Brighton,,,,,,
157134,2019-11-10,PL,2019,Wolves,Aston Villa,,,,,,
157128,2019-11-10,PL,2019,Liverpool,Manchester City,,,,,,
164371,2019-11-22,ELC,2019,Fulham,QPR,,,,,,
157144,2019-11-23,PL,2019,West Ham,Tottenham,,,,,,
164369,2019-11-23,ELC,2019,Charlton,Cardiff,,,,,,
157135,2019-11-23,PL,2019,Bournemouth,Wolves,,,,,,
157143,2019-11-23,PL,2019,Watford,Burnley,,,,,,
157136,2019-11-23,PL,2019,Arsenal,Southampton,,,,,,
157140,2019-11-23,PL,2019,Everton,Norwich,,,,,,
157138,2019-11-23,PL,2019,Brighton,Leicester,,,,,,
157139,2019-11-23,PL,2019,Crystal Palace,Liverpool,,,,,,
164372,2019-11-23,ELC,2019,Huddersfield,Birmingham,,,,,,
164367,2019-11-23,ELC,2019,Brentford,Reading,,,,,,
164368,2019-11-23,ELC,2019,Bristol City,Nottingham Forest,,,,,,
164377,2019-11-23,ELC,2019,West Brom,Sheffield Wednesday,,,,,,
164366,2019-11-23,ELC,2019,Blackburn,Barnsley,,,,,,
164370,2019-11-23,ELC,2019,Derby,Preston,,,,,,
164375,2019-11-23,ELC,2019,Stoke City,Wigan,,,,,,
164376,2019-11-23,ELC,2019,Swansea,Millwall,,,,,,
164373,2019-11-23,ELC,2019,Luton,Leeds,,,,,,
157141,2019-11-23,PL,2019,Manchester City,Chelsea,,,,,,
164374,2019-11-24,ELC,2019,Middlesbrough,Hull City,,,,,,
157142,2019-11-24,PL,2019,Sheffield Utd,Manchester United,,,,,,
157137,2019-11-25,PL,2019,Aston Villa,Newcastle,,,,,,
164379,2019-11-26,ELC,2019,Fulham,Derby,,,,,,
164380,2019-11-26,ELC,2019,Huddersfield,Swansea,,,,,,
164378,2019-11-26,ELC,2019,Cardiff,Stoke City,,,,,,
164382,2019-11-26,ELC,2019,Millwall,Wigan,,,,,,
164381,2019-11-26,ELC,2019,Luton,Charlton,,,,,,
164383,2019-11-26,ELC,2019,Reading,Leeds,,,,,,
164385,2019-11-27,ELC,2019,Hull City,Preston,,,,,,
164384,2019-11-27,ELC,2019,Blackburn,Brentford,,,,,,
164386,2019-11-27,ELC,2019,Middlesbrough,Barnsley,,,,,,
164387,2019-11-27,ELC,2019,QPR,Nottingham Forest,,,,,,
164388,2019-11-27,ELC,2019,Sheffield Wednesday,Birmingham,,,,,,
164389,2019-11-27,ELC,2019,West Brom,Bristol City,,,,,,
164400,2019-11-29,ELC,2019,Swansea,Fulham,,,,,,
157150,2019-11-30,PL,2019,Newcastle,Manchester City,,,,,,
164394,2019-11-30,ELC,2019,Charlton,Sheffield Wednesday,,,,,,
157148,2019-11-30,PL,2019,Liverpool,Brighton,,,,,,
157145,2019-11-30,PL,2019,Burnley,Crystal Palace,,,,,,
157153,2019-11-30,PL,2019,Tottenham,Bournemouth,,,,,,
157146,2019-11-30,PL,2019,Chelsea,West Ham,,,,,,
164391,2019-11-30,ELC,2019,Birmingham,Millwall,,,,,,
164392,2019-11-30,ELC,2019,Brentford,Luton,,,,,,
164393,2019-11-30,ELC,2019,Bristol City,Huddersfield,,,,,,
164401,2019-11-30,ELC,2019,Wigan,Reading,,,,,,
164396,2019-11-30,ELC,2019,Leeds,Middlesbrough,,,,,,
164397,2019-11-30,ELC,2019,Nottingham Forest,Cardiff,,,,,,
164395,2019-11-30,ELC,2019,Derby,QPR,,,,,,
164399,2019-11-30,ELC,2019,Stoke City,Blackburn,,,,,,
164390,2019-11-30,ELC,2019,Barnsley,Hull City,,,,,,
157152,2019-11-30,PL,2019,Southampton,Watford,,,,,,
157154,2019-12-01,PL,2019,Wolves,Sheffield Utd,,,,,,
157151,2019-12-01,PL,2019,Norwich,Arsenal,,,,,,
157149,2019-12-01,PL,2019,Manchester United,Aston Villa,,,,,,
157147,2019-12-01,PL,2019,Leicester,Everton,,,,,,
164398,2019-12-02,ELC,2019,Preston,West Brom,,,,,,
157163,2019-12-03,PL,2019,Crystal Palace,Bournemouth,,,,,,
157156,2019-12-03,PL,2019,Burnley,Manchester City,,,,,,
157160,2019-12-04,PL,2019,Manchester United,Tottenham,,,,,,
157159,2019-12-04,PL,2019,Wolves,West Ham,,,,,,
157162,2019-12-04,PL,2019,Southampton,Norwich,,,,,,
157157,2019-12-04,PL,2019,Leicester,Watford,,,,,,
157161,2019-12-04,PL,2019,Chelsea,Aston Villa,,,,,,
157164,2019-12-04,PL,2019,Liverpool,Everton,,,,,,
157158,2019-12-05,PL,2019,Sheffield Utd,Newcastle,,,,,,
157155,2019-12-05,PL,2019,Arsenal,Brighton,,,,,,
164409,2019-12-06,ELC,2019,Millwall,Nottingham Forest,,,,,,
157168,2019-12-07,PL,2019,Everton,Chelsea,,,,,,
164405,2019-12-07,ELC,2019,Huddersfield,Leeds,,,,,,
157165,2019-12-07,PL,2019,Bournemouth,Liverpool,,,,,,
157173,2019-12-07,PL,2019,Watford,Crystal Palace,,,,,,
157172,2019-12-07,PL,2019,Tottenham,Burnley,,,,,,
164404,2019-12-07,ELC,2019,Fulham,Bristol City,,,,,,
164403,2019-12-07,ELC,2019,Cardiff,Barnsley,,,,,,
164411,2019-12-07,ELC,2019,Reading,Birmingham,,,,,,
164406,2019-12-07,ELC,2019,Hull City,Stoke City,,,,,,
164402,2019-12-07,ELC,2019,Blackburn,Derby,,,,,,
164408,2019-12-07,ELC,2019,Middlesbrough,Charlton,,,,,,
164410,2019-12-07,ELC,2019,QPR,Preston,,,,,,
164412,2019-12-07,ELC,2019,Sheffield Wednesday,Brentford,,,,,,
164407,2019-12-07,ELC,2019,Luton,Wigan,,,,,,
157169,2019-12-07,PL,2019,Manchester City,Manchester United,,,,,,
164413,2019-12-08,ELC,2019,West Brom,Swansea,,,,,,
157170,2019-12-08,PL,2019,Newcastle,Southampton,,,,,,
157166,2019-12-08,PL,2019,Aston Villa,Leicester,,,,,,
157171,2019-12-08,PL,2019,Norwich,Sheffield Utd,,,,,,
157167,2019-12-08,PL,2019,Brighton,Wolves,,,,,,
157174,2019-12-09,PL,2019,West Ham,Arsenal,,,,,,
164414,2019-12-10,ELC,2019,Bristol City,Millwall,,,,,,
164418,2019-12-10,ELC,2019,Preston,Fulham,,,,,,
164416,2019-12-10,ELC,2019,Leeds,Hull City,,,,,,
164417,2019-12-10,ELC,2019,Nottingham Forest,Middlesbrough,,,,,,
164415,2019-12-10,ELC,2019,Charlton,Huddersfield,,,,,,
164419,2019-12-10,ELC,2019,Stoke City,Luton,,,,,,
164421,2019-12-11,ELC,2019,Birmingham,QPR,,,,,,
164422,2019-12-11,ELC,2019,Brentford,Cardiff,,,,,,
164425,2019-12-11,ELC,2019,Wigan,West Brom,,,,,,
164423,2019-12-11,ELC,2019,Derby,Sheffield Wednesday,,,,,,
164424,2019-12-11,ELC,2019,Swansea,Blackburn,,,,,,
164420,2019-12-11,ELC,2019,Barnsley,Reading,,,,,,
164430,2019-12-13,ELC,2019,Charlton,Hull City,,,,,,
157180,2019-12-14,PL,2019,Liverpool,Watford,,,,,,
164427,2019-12-14,ELC,2019,Birmingham,West Brom,,,,,,
157176,2019-12-14,PL,2019,Burnley,Newcastle,,,,,,
157179,2019-12-14,PL,2019,Leicester,Norwich,,,,,,
157177,2019-12-14,PL,2019,Chelsea,Bournemouth,,,,,,
157182,2019-12-14,PL,2019,Sheffield Utd,Aston Villa,,,,,,
164428,2019-12-14,ELC,2019,Brentford,Fulham,,,,,,
164429,2019-12-14,ELC,2019,Bristol City,Blackburn,,,,,,
164434,2019-12-14,ELC,2019,Preston,Luton,,,,,,
164437,2019-12-14,ELC,2019,Wigan,Huddersfield,,,,,,
164432,2019-12-14,ELC,2019,Leeds,Cardiff,,,,,,
164433,2019-12-14,ELC,2019,Nottingham Forest,Sheffield Wednesday,,,,,,
164431,2019-12-14,ELC,2019,Derby,Millwall,,,,,,
164435,2019-12-14,ELC,2019,Stoke City,Reading,,,,,,
164436,2019-12-14,ELC,2019,Swansea,Middlesbrough,,,,,,
164426,2019-12-14,ELC,2019,Barnsley,QPR,,,,,,
157183,2019-12-14,PL,2019,Southampton,West Ham,,,,,,
157181,2019-12-15,PL,2019,Manchester United,Everton,,,,,,
157184,2019-12-15,PL,2019,Wolves,Tottenham,,,,,,
157175,2019-12-15,PL,2019,Arsenal,Manchester City,,,,,,
157178,2019-12-16,PL,2019,Crystal Palace,Brighton,,,,,,
164444,2019-12-20,ELC,2019,Middlesbrough,Stoke City,,,,,,
157188,2019-12-21,PL,2019,Everton,Arsenal,,,,,,
164439,2019-12-21,ELC,2019,Cardiff,Preston,,,,,,
157190,2019-12-21,PL,2019,Newcastle,Crystal Palace,,,,,,
157185,2019-12-21,PL,2019,Bournemouth,Burnley,,,,,,
157187,2019-12-21,PL,2019,Brighton,Sheffield Utd,,,,,,
157186,2019-12-21,PL,2019,Aston Villa,Southampton,,,,,,
157191,2019-12-21,PL,2019,Norwich,Wolves,,,,,,
164440,2019-12-21,ELC,2019,Fulham,Leeds,,,,,,
164441,2019-12-21,ELC,2019,Huddersfield,Nottingham Forest,,,,,,
164447,2019-12-21,ELC,2019,Reading,Derby,,,,,,
164445,2019-12-21,ELC,2019,Millwall,Barnsley,,,,,,
164449,2019-12-21,ELC,2019,West Brom,Brentford,,,,,,
164442,2019-12-21,ELC,2019,Hull City,Birmingham,,,,,,
164446,2019-12-21,ELC,2019,QPR,Charlton,,,,,,
164443,2019-12-21,ELC,2019,Luton,Swansea,,,,,,
157189,2019-12-21,PL,2019,Manchester City,Leicester,,,,,,
164448,2019-12-22,ELC,2019,Sheffield Wednesday,Bristol City,,,,,,
157193,2019-12-22,PL,2019,Watford,Manchester United,,,,,,
157192,2019-12-22,PL,2019,Tottenham,Chelsea,,,,,,
164438,2019-12-23,ELC,2019,Blackburn,Wigan,,,,,,
157203,2019-12-26,PL,2019,Tottenham,Brighton,,,,,,
157195,2019-12-26,PL,2019,Bournemouth,Arsenal,,,,,,
157199,2019-12-26,PL,2019,Everton,Burnley,,,,,,
157197,2019-12-26,PL,2019,Chelsea,Southampton,,,,,,
157198,2019-12-26,PL,2019,Crystal Palace,West Ham,,,,,,
157202,2019-12-26,PL,2019,Sheffield Utd,Watford,,,,,,
157196,2019-12-26,PL,2019,Aston Villa,Norwich,,,,,,
164453,2019-12-26,ELC,2019,Cardiff,Millwall,,,,,,
164452,2019-12-26,ELC,2019,Brentford,Swansea,,,,,,
164461,2019-12-26,ELC,2019,Wigan,Derby,,,,,,
164455,2019-12-26,ELC,2019,Hull City,Nottingham Forest,,,,,,
164451,2019-12-26,ELC,2019,Blackburn,Birmingham,,,,,,
164458,2019-12-26,ELC,2019,Middlesbrough,Huddersfield,,,,,,
164460,2019-12-26,ELC,2019,Stoke City,Sheffield Wednesday,,,,,,
164450,2019-12-26,ELC,2019,Barnsley,West Brom,,,,,,
164454,2019-12-26,ELC,2019,Charlton,Bristol City,,,,,,
164457,2019-12-26,ELC,2019,Luton,Fulham,,,,,,
164456,2019-12-26,ELC,2019,Leeds,Preston,,,,,,
157201,2019-12-26,PL,2019,Manchester United,Newcastle,,,,,,
164459,2019-12-26,ELC,2019,Reading,QPR,,,,,,
157200,2019-12-26,PL,2019,Leicester,Liverpool,,,,,,
157204,2019-12-27,PL,2019,Wolves,Manchester City,,,,,,
157206,2019-12-28,PL,2019,Brighton,Bournemouth,,,,,,
157210,2019-12-28,PL,2019,Newcastle,Everton,,,,,,
157213,2019-12-28,PL,2019,Watford,Aston Villa,,,,,,
157212,2019-12-28,PL,2019,Southampton,Crystal Palace,,,,,,
157214,2019-12-28,PL,2019,West Ham,Leicester,,,,,,
157211,2019-12-28,PL,2019,Norwich,Tottenham,,,,,,
157207,2019-12-28,PL,2019,Burnley,Manchester United,,,,,,
157205,2019-12-29,PL,2019,Arsenal,Chelsea,,,,,,
164465,2019-12-29,ELC,2019,Fulham,Stoke City,,,,,,
164466,2019-12-29,ELC,2019,Huddersfield,Blackburn,,,,,,
164462,2019-12-29,ELC,2019,Birmingham,Leeds,,,,,,
164463,2019-12-29,ELC,2019,Bristol City,Luton,,,,,,
164467,2019-12-29,ELC,2019,Millwall,Brentford,,,,,,
164469,2019-12-29,ELC,2019,Preston,Reading,,,,,,
164473,2019-12-29,ELC,2019,West Brom,Middlesbrough,,,,,,
164468,2019-12-29,ELC,2019,Nottingham Forest,Wigan,,,,,,
164470,2019-12-29,ELC,2019,QPR,Hull City,,,,,,
164471,2019-12-29,ELC,2019,Sheffield Wednesday,Cardiff,,,,,,
164472,2019-12-29,ELC,2019,Swansea,Barnsley,,,,,,
157208,2019-12-29,PL,2019,Liverpool,Wolves,,,,,,
157209,2019-12-29,PL,2019,Manchester City,Sheffield Utd,,,,,,
164464,2019-12-30,ELC,2019,Derby,Charlton,,,,,,
157217,2020-01-01,PL,2019,Burnley,Aston Villa,,,,,,
157216,2020-01-01,PL,2019,Brighton,Chelsea,,,,,,
164479,2020-01-01,ELC,2019,Millwall,Luton,,,,,,
157220,2020-01-01,PL,2019,Newcastle,Leicester,,,,,,
157223,2020-01-01,PL,2019,Watford,Wolves,,,,,,
157222,2020-01-01,PL,2019,Southampton,Tottenham,,,,,,
164477,2020-01-01,ELC,2019,Fulham,Reading,,,,,,
164478,2020-01-01,ELC,2019,Huddersfield,Stoke City,,,,,,
164474,2020-01-01,ELC,2019,Birmingham,Wigan,,,,,,
164475,2020-01-01,ELC,2019,Bristol City,Brentford,,,,,,
164481,2020-01-01,ELC,2019,Preston,Middlesbrough,,,,,,
164480,2020-01-01,ELC,2019,Nottingham Forest,Blackburn,,,,,,
164482,2020-01-01,ELC,2019,QPR,Cardiff,,,,,,
164483,2020-01-01,ELC,2019,Sheffield Wednesday,Hull City,,,,,,
164485,2020-01-01,ELC,2019,West Brom,Leeds,,,,,,
157224,2020-01-01,PL,2019,West Ham,Bournemouth,,,,,,
157219,2020-01-01,PL,2019,Manchester City,Everton,,,,,,
157221,2020-01-01,PL,2019,Norwich,Crystal Palace,,,,,,
157215,2020-01-01,PL,2019,Arsenal,Manchester United,,,,,,
164476,2020-01-02,ELC,2019,Derby,Barnsley,,,,,,
164484,2020-01-02,ELC,2019,Swansea,Charlton,,,,,,
157218,2020-01-02,PL,2019,Liverpool,Sheffield Utd,,,,,,
157232,2020-01-10,PL,2019,Sheffield Utd,West Ham,,,,,,
157228,2020-01-11,PL,2019,Crystal Palace,Arsenal,,,,,,
164488,2020-01-11,ELC,2019,Brentford,QPR,,,,,,
157231,2020-01-11,PL,2019,Manchester United,Norwich,,,,,,
157234,2020-01-11,PL,2019,Wolves,Newcastle,,,,,,
157229,2020-01-11,PL,2019,Everton,Brighton,,,,,,
157230,2020-01-11,PL,2019,Leicester,Southampton,,,,,,
157227,2020-01-11,PL,2019,Chelsea,Burnley,,,,,,
164495,2020-01-11,ELC,2019,Reading,Nottingham Forest,,,,,,
164497,2020-01-11,ELC,2019,Wigan,Bristol City,,,,,,
164492,2020-01-11,ELC,2019,Leeds,Sheffield Wednesday,,,,,,
164491,2020-01-11,ELC,2019,Hull City,Fulham,,,,,,
164487,2020-01-11,ELC,2019,Blackburn,Preston,,,,,,
164494,2020-01-11,ELC,2019,Middlesbrough,Derby,,,,,,
164496,2020-01-11,ELC,2019,Stoke City,Millwall,,,,,,
164486,2020-01-11,ELC,2019,Barnsley,Huddersfield,,,,,,
164490,2020-01-11,ELC,2019,Charlton,West Brom,,,,,,
164493,2020-01-11,ELC,2019,Luton,Birmingham,,,,,,
157233,2020-01-11,PL,2019,Tottenham,Liverpool,,,,,,
164489,2020-01-12,ELC,2019,Cardiff,Swansea,,,,,,
157225,2020-01-12,PL,2019,Bournemouth,Watford,,,,,,
157226,2020-01-12,PL,2019,Aston Villa,Manchester City,,,,,,
164501,2020-01-17,ELC,2019,Fulham,Middlesbrough,,,,,,
157243,2020-01-18,PL,2019,Watford,Tottenham,,,,,,
164506,2020-01-18,ELC,2019,QPR,Leeds,,,,,,
157242,2020-01-18,PL,2019,Southampton,Wolves,,,,,,
157235,2020-01-18,PL,2019,Arsenal,Sheffield Utd,,,,,,
157244,2020-01-18,PL,2019,West Ham,Everton,,,,,,
157239,2020-01-18,PL,2019,Manchester City,Crystal Palace,,,,,,
157236,2020-01-18,PL,2019,Brighton,Aston Villa,,,,,,
157241,2020-01-18,PL,2019,Norwich,Bournemouth,,,,,,
164502,2020-01-18,ELC,2019,Huddersfield,Brentford,,,,,,
164498,2020-01-18,ELC,2019,Birmingham,Cardiff,,,,,,
164499,2020-01-18,ELC,2019,Bristol City,Barnsley,,,,,,
164503,2020-01-18,ELC,2019,Millwall,Reading,,,,,,
164505,2020-01-18,ELC,2019,Preston,Charlton,,,,,,
164500,2020-01-18,ELC,2019,Derby,Hull City,,,,,,
164507,2020-01-18,ELC,2019,Sheffield Wednesday,Blackburn,,,,,,
164508,2020-01-18,ELC,2019,Swansea,Wigan,,,,,,
157240,2020-01-18,PL,2019,Newcastle,Chelsea,,,,,,
164504,2020-01-19,ELC,2019,Nottingham Forest,Luton,,,,,,
157237,2020-01-19,PL,2019,Burnley,Leicester,,,,,,
157238,2020-01-19,PL,2019,Liverpool,Manchester United,,,,,,
164509,2020-01-20,ELC,2019,West Brom,Stoke City,,,,,,
157245,2020-01-21,PL,2019,Bournemouth,Brighton,,,,,,
157247,2020-01-21,PL,2019,Everton,Newcastle,,,,,,
157254,2020-01-21,PL,2019,Crystal Palace,Southampton,,,,,,
157249,2020-01-21,PL,2019,Sheffield Utd,Manchester City,,,,,,
157246,2020-01-21,PL,2019,Aston Villa,Watford,,,,,,
164518,2020-01-21,ELC,2019,Middlesbrough,Birmingham,,,,,,
164510,2020-01-21,ELC,2019,Barnsley,Preston,,,,,,
157252,2020-01-21,PL,2019,Chelsea,Arsenal,,,,,,
157248,2020-01-22,PL,2019,Leicester,West Ham,,,,,,
157253,2020-01-22,PL,2019,Tottenham,Norwich,,,,,,
164336,2020-01-22,ELC,2019,Nottingham Forest,Reading,,,,,,
164514,2020-01-22,ELC,2019,Charlton,Fulham,,,,,,
157251,2020-01-22,PL,2019,Manchester United,Burnley,,,,,,
157250,2020-01-23,PL,2019,Wolves,Liverpool,,,,,,
164520,2020-01-25,ELC,2019,Stoke City,Swansea,,,,,,
164513,2020-01-28,ELC,2019,Cardiff,West Brom,,,,,,
164512,2020-01-28,ELC,2019,Brentford,Nottingham Forest,,,,,,
164521,2020-01-28,ELC,2019,Wigan,Sheffield Wednesday,,,,,,
164516,2020-01-28,ELC,2019,Leeds,Millwall,,,,,,
164515,2020-01-28,ELC,2019,Hull City,Huddersfield,,,,,,
164511,2020-01-28,ELC,2019,Blackburn,QPR,,,,,,
164517,2020-01-28,ELC,2019,Luton,Derby,,,,,,
164519,2020-01-28,ELC,2019,Reading,Bristol City,,,,,,
157194,2020-01-29,PL,2019,West Ham,Liverpool,,,,,,
164523,2020-01-31,ELC,2019,Cardiff,Reading,,,,,,
164525,2020-01-31,ELC,2019,Derby,Stoke City,,,,,,
157258,2020-02-01,PL,2019,Leicester,Chelsea,,,,,,
164527,2020-02-01,ELC,2019,Hull City,Brentford,,,,,,
157261,2020-02-01,PL,2019,Newcastle,Norwich,,,,,,
157255,2020-02-01,PL,2019,Bournemouth,Aston Villa,,,,,,
157263,2020-02-01,PL,2019,Watford,Everton,,,,,,
157259,2020-02-01,PL,2019,Liverpool,Southampton,,,,,,
157264,2020-02-01,PL,2019,West Ham,Brighton,,,,,,
157257,2020-02-01,PL,2019,Crystal Palace,Sheffield Utd,,,,,,
164526,2020-02-01,ELC,2019,Fulham,Huddersfield,,,,,,
164522,2020-02-01,ELC,2019,Birmingham,Nottingham Forest,,,,,,
164530,2020-02-01,ELC,2019,Preston,Swansea,,,,,,
164533,2020-02-01,ELC,2019,West Brom,Luton,,,,,,
164528,2020-02-01,ELC,2019,Leeds,Wigan,,,,,,
164529,2020-02-01,ELC,2019,Middlesbrough,Blackburn,,,,,,
164531,2020-02-01,ELC,2019,QPR,Bristol City,,,,,,
164532,2020-02-01,ELC,2019,Sheffield Wednesday,Millwall,,,,,,
164524,2020-02-01,ELC,2019,Charlton,Barnsley,,,,,,
157260,2020-02-01,PL,2019,Manchester United,Wolves,,,,,,
157256,2020-02-02,PL,2019,Burnley,Arsenal,,,,,,
157262,2020-02-02,PL,2019,Tottenham,Manchester City,,,,,,
164537,2020-02-07,ELC,2019,Bristol City,Birmingham,,,,,,
157269,2020-02-08,PL,2019,Everton,Crystal Palace,,,,,,
164545,2020-02-08,ELC,2019,Wigan,Preston,,,,,,
164534,2020-02-08,ELC,2019,Barnsley,Sheffield Wednesday,,,,,,
164538,2020-02-08,ELC,2019,Huddersfield,QPR,,,,,,
164542,2020-02-08,ELC,2019,Reading,Hull City,,,,,,
164536,2020-02-08,ELC,2019,Brentford,Middlesbrough,,,,,,
164535,2020-02-08,ELC,2019,Blackburn,Fulham,,,,,,
164543,2020-02-08,ELC,2019,Stoke City,Charlton,,,,,,
164544,2020-02-08,ELC,2019,Swansea,Derby,,,,,,
164539,2020-02-08,ELC,2019,Luton,Cardiff,,,,,,
157267,2020-02-08,PL,2019,Brighton,Watford,,,,,,
164541,2020-02-08,ELC,2019,Nottingham Forest,Leeds,,,,,,
164540,2020-02-09,ELC,2019,Millwall,West Brom,,,,,,
157272,2020-02-09,PL,2019,Sheffield Utd,Bournemouth,,,,,,
164548,2020-02-11,ELC,2019,Brentford,Leeds,,,,,,
164551,2020-02-11,ELC,2019,Wigan,Middlesbrough,,,,,,
164549,2020-02-11,ELC,2019,Nottingham Forest,Charlton,,,,,,
164547,2020-02-11,ELC,2019,Blackburn,Hull City,,,,,,
164550,2020-02-11,ELC,2019,Swansea,QPR,,,,,,
164546,2020-02-11,ELC,2019,Barnsley,Birmingham,,,,,,
164553,2020-02-12,ELC,2019,Huddersfield,Cardiff,,,,,,
164552,2020-02-12,ELC,2019,Bristol City,Derby,,,,,,
164555,2020-02-12,ELC,2019,Millwall,Fulham,,,,,,
164554,2020-02-12,ELC,2019,Luton,Sheffield Wednesday,,,,,,
164556,2020-02-12,ELC,2019,Reading,West Brom,,,,,,
164557,2020-02-12,ELC,2019,Stoke City,Preston,,,,,,
164563,2020-02-14,ELC,2019,Hull City,Swansea,,,,,,
157274,2020-02-14,PL,2019,Wolves,Leicester,,,,,,
157273,2020-02-15,PL,2019,Southampton,Burnley,,,,,,
164569,2020-02-15,ELC,2019,West Brom,Nottingham Forest,,,,,,
164562,2020-02-15,ELC,2019,Fulham,Barnsley,,,,,,
164559,2020-02-15,ELC,2019,Cardiff,Wigan,,,,,,
164558,2020-02-15,ELC,2019,Birmingham,Brentford,,,,,,
164566,2020-02-15,ELC,2019,Preston,Millwall,,,,,,
164564,2020-02-15,ELC,2019,Leeds,Bristol City,,,,,,
164561,2020-02-15,ELC,2019,Derby,Huddersfield,,,,,,
164565,2020-02-15,ELC,2019,Middlesbrough,Luton,,,,,,
164567,2020-02-15,ELC,2019,QPR,Stoke City,,,,,,
164568,2020-02-15,ELC,2019,Sheffield Wednesday,Reading,,,,,,
164560,2020-02-15,ELC,2019,Charlton,Blackburn,,,,,,
157271,2020-02-15,PL,2019,Norwich,Liverpool,,,,,,
157266,2020-02-16,PL,2019,Aston Villa,Tottenham,,,,,,
157265,2020-02-16,PL,2019,Arsenal,Newcastle,,,,,,
157268,2020-02-17,PL,2019,Chelsea,Manchester United,,,,,,
157270,2020-02-19,PL,2019,Manchester City,West Ham,,,,,,
164575,2020-02-21,ELC,2019,Derby,Fulham,,,,,,
157277,2020-02-22,PL,2019,Chelsea,Tottenham,,,,,,
164572,2020-02-22,ELC,2019,Brentford,Blackburn,,,,,,
157283,2020-02-22,PL,2019,Southampton,Aston Villa,,,,,,
157276,2020-02-22,PL,2019,Burnley,Bournemouth,,,,,,
157278,2020-02-22,PL,2019,Crystal Palace,Newcastle,,,,,,
157282,2020-02-22,PL,2019,Sheffield Utd,Brighton,,,,,,
164571,2020-02-22,ELC,2019,Birmingham,Sheffield Wednesday,,,,,,
164573,2020-02-22,ELC,2019,Bristol City,West Brom,,,,,,
164578,2020-02-22,ELC,2019,Preston,Hull City,,,,,,
164581,2020-02-22,ELC,2019,Wigan,Millwall,,,,,,
164576,2020-02-22,ELC,2019,Leeds,Reading,,,,,,
164577,2020-02-22,ELC,2019,Nottingham Forest,QPR,,,,,,
164579,2020-02-22,ELC,2019,Stoke City,Cardiff,,,,,,
164580,2020-02-22,ELC,2019,Swansea,Huddersfield,,,,,,
164570,2020-02-22,ELC,2019,Barnsley,Middlesbrough,,,,,,
164574,2020-02-22,ELC,2019,Charlton,Luton,,,,,,
157279,2020-02-22,PL,2019,Leicester,Manchester City,,,,,,
157281,2020-02-23,PL,2019,Manchester United,Watford,,,,,,
157284,2020-02-23,PL,2019,Wolves,Norwich,,,,,,
157275,2020-02-23,PL,2019,Arsenal,Everton,,,,,,
157280,2020-02-24,PL,2019,Liverpool,West Ham,,,,,,
164584,2020-02-25,ELC,2019,Huddersfield,Bristol City,,,,,,
164582,2020-02-25,ELC,2019,Cardiff,Nottingham Forest,,,,,,
164586,2020-02-25,ELC,2019,QPR,Derby,,,,,,
164585,2020-02-25,ELC,2019,Luton,Brentford,,,,,,
164587,2020-02-25,ELC,2019,West Brom,Preston,,,,,,
164583,2020-02-26,ELC,2019,Fulham,Swansea,,,,,,
164591,2020-02-26,ELC,2019,Millwall,Birmingham,,,,,,
164589,2020-02-26,ELC,2019,Hull City,Barnsley,,,,,,
164588,2020-02-26,ELC,2019,Blackburn,Stoke City,,,,,,
164590,2020-02-26,ELC,2019,Middlesbrough,Leeds,,,,,,
164592,2020-02-26,ELC,2019,Sheffield Wednesday,Charlton,,,,,,
164593,2020-02-26,ELC,2019,Reading,Wigan,,,,,,
157291,2020-02-28,PL,2019,Norwich,Leicester,,,,,,
157287,2020-02-29,PL,2019,Brighton,Crystal Palace,,,,,,
164598,2020-02-29,ELC,2019,Hull City,Leeds,,,,,,
157290,2020-02-29,PL,2019,Newcastle,Burnley,,,,,,
157285,2020-02-29,PL,2019,Bournemouth,Chelsea,,,,,,
157294,2020-02-29,PL,2019,West Ham,Southampton,,,,,,
164596,2020-02-29,ELC,2019,Fulham,Preston,,,,,,
164597,2020-02-29,ELC,2019,Huddersfield,Charlton,,,,,,
164595,2020-02-29,ELC,2019,Cardiff,Brentford,,,,,,
164603,2020-02-29,ELC,2019,Reading,Barnsley,,,,,,
164601,2020-02-29,ELC,2019,Millwall,Bristol City,,,,,,
164605,2020-02-29,ELC,2019,West Brom,Wigan,,,,,,
164594,2020-02-29,ELC,2019,Blackburn,Swansea,,,,,,
164602,2020-02-29,ELC,2019,QPR,Birmingham,,,,,,
164604,2020-02-29,ELC,2019,Sheffield Wednesday,Derby,,,,,,
164599,2020-02-29,ELC,2019,Luton,Stoke City,,,,,,
157293,2020-02-29,PL,2019,Watford,Liverpool,,,,,,
157288,2020-03-01,PL,2019,Everton,Manchester United,,,,,,
157292,2020-03-01,PL,2019,Tottenham,Wolves,,,,,,
164600,2020-03-02,ELC,2019,Middlesbrough,Nottingham Forest,,,,,,
164613,2020-03-06,ELC,2019,Nottingham Forest,Millwall,,,,,,
157300,2020-03-07,PL,2019,Liverpool,Bournemouth,,,,,,
164609,2020-03-07,ELC,2019,Bristol City,Fulham,,,,,,
157304,2020-03-07,PL,2019,Wolves,Brighton,,,,,,
157303,2020-03-07,PL,2019,Southampton,Newcastle,,,,,,
157295,2020-03-07,PL,2019,Arsenal,West Ham,,,,,,
157298,2020-03-07,PL,2019,Crystal Palace,Watford,,,,,,
157302,2020-03-07,PL,2019,Sheffield Utd,Norwich,,,,,,
164607,2020-03-07,ELC,2019,Birmingham,Reading,,,,,,
164608,2020-03-07,ELC,2019,Brentford,Sheffield Wednesday,,,,,,
164614,2020-03-07,ELC,2019,Preston,QPR,,,,,,
164617,2020-03-07,ELC,2019,Wigan,Luton,,,,,,
164612,2020-03-07,ELC,2019,Leeds,Huddersfield,,,,,,
164615,2020-03-07,ELC,2019,Stoke City,Hull City,,,,,,
164616,2020-03-07,ELC,2019,Swansea,West Brom,,,,,,
164606,2020-03-07,ELC,2019,Barnsley,Cardiff,,,,,,
164610,2020-03-07,ELC,2019,Charlton,Middlesbrough,,,,,,
157296,2020-03-07,PL,2019,Burnley,Tottenham,,,,,,
157297,2020-03-08,PL,2019,Chelsea,Everton,,,,,,
164611,2020-03-08,ELC,2019,Derby,Blackburn,,,,,,
157301,2020-03-08,PL,2019,Manchester United,Manchester City,,,,,,
157299,2020-03-09,PL,2019,Leicester,Aston Villa,,,,,,
157286,2020-06-17,PL,2019,Aston Villa,Sheffield Utd,,,,,,
157289,2020-06-17,PL,2019,Manchester City,Arsenal,,,,,,
157311,2020-06-19,PL,2019,Norwich,Southampton,,,,,,
157312,2020-06-19,PL,2019,Tottenham,Manchester United,,,,,,
157313,2020-06-20,PL,2019,Watford,Leicester,,,,,,
164620,2020-06-20,ELC,2019,Fulham,Brentford,,,,,,
164624,2020-06-20,ELC,2019,Middlesbrough,Swansea,,,,,,
164625,2020-06-20,ELC,2019,Millwall,Derby,,,,,,
157307,2020-06-20,PL,2019,Brighton,Arsenal,,,,,,
164621,2020-06-20,ELC,2019,Huddersfield,Wigan,,,,,,
164627,2020-06-20,ELC,2019,Reading,Stoke City,,,,,,
164629,2020-06-20,ELC,2019,West Brom,Birmingham,,,,,,
164622,2020-06-20,ELC,2019,Hull City,Charlton,,,,,,
164618,2020-06-20,ELC,2019,Blackburn,Bristol City,,,,,,
164626,2020-06-20,ELC,2019,QPR,Barnsley,,,,,,
164628,2020-06-20,ELC,2019,Sheffield Wednesday,Nottingham Forest,,,,,,
164623,2020-06-20,ELC,2019,Luton,Preston,,,,,,
157314,2020-06-20,PL,2019,West Ham,Wolves,,,,,,
157305,2020-06-20,PL,2019,Bournemouth,Crystal Palace,,,,,,
164619,2020-06-21,ELC,2019,Cardiff,Leeds,,,,,,
157310,2020-06-21,PL,2019,Newcastle,Sheffield Utd,,,,,,
157306,2020-06-21,PL,2019,Aston Villa,Chelsea,,,,,,
157308,2020-06-21,PL,2019,Everton,Liverpool,,,,,,
157309,2020-06-22,PL,2019,Manchester City,Burnley,,,,,,
157317,2020-06-23,PL,2019,Leicester,Brighton,,,,,,
157323,2020-06-23,PL,2019,Tottenham,West Ham,,,,,,
157319,2020-06-24,PL,2019,Manchester United,Sheffield Utd,,,,,,
157320,2020-06-24,PL,2019,Newcastle,Aston Villa,,,,,,
157324,2020-06-24,PL,2019,Wolves,Bournemouth,,,,,,
157321,2020-06-24,PL,2019,Norwich,Everton,,,,,,
157318,2020-06-24,PL,2019,Liverpool,Crystal Palace,,,,,,
157322,2020-06-25,PL,2019,Southampton,Arsenal,,,,,,
157315,2020-06-25,PL,2019,Burnley,Watford,,,,,,
157316,2020-06-25,PL,2019,Chelsea,Manchester City,,,,,,
164631,2020-06-26,ELC,2019,Brentford,West Brom,,,,,,
157327,2020-06-27,PL,2019,Aston Villa,Wolves,,,,,,
164635,2020-06-27,ELC,2019,Preston,Cardiff,,,,,,
164639,2020-06-27,ELC,2019,Swansea,Luton,,,,,,
164633,2020-06-27,ELC,2019,Charlton,QPR,,,,,,
164634,2020-06-27,ELC,2019,Derby,Reading,,,,,,
164630,2020-06-27,ELC,2019,Barnsley,Millwall,,,,,,
164636,2020-06-27,ELC,2019,Birmingham,Hull City,,,,,,
164640,2020-06-27,ELC,2019,Wigan,Blackburn,,,,,,
164637,2020-06-27,ELC,2019,Leeds,Fulham,,,,,,
164641,2020-06-27,ELC,2019,Stoke City,Middlesbrough,,,,,,
164632,2020-06-28,ELC,2019,Bristol City,Sheffield Wednesday,,,,,,
164638,2020-06-28,ELC,2019,Nottingham Forest,Huddersfield,,,,,,
157333,2020-06-28,PL,2019,Watford,Southampton,,,,,,
157329,2020-06-29,PL,2019,Crystal Palace,Burnley,,,,,,
164647,2020-06-30,ELC,2019,Millwall,Swansea,,,,,,
164644,2020-06-30,ELC,2019,Cardiff,Charlton,,,,,,
164651,2020-06-30,ELC,2019,Reading,Brentford,,,,,,
164642,2020-06-30,ELC,2019,Barnsley,Blackburn,,,,,,
164650,2020-06-30,ELC,2019,QPR,Fulham,,,,,,
164653,2020-06-30,ELC,2019,Wigan,Stoke City,,,,,,
164646,2020-06-30,ELC,2019,Leeds,Luton,,,,,,
157328,2020-06-30,PL,2019,Brighton,Manchester United,,,,,,
164649,2020-07-01,ELC,2019,Preston,Derby,,,,,,
157325,2020-07-01,PL,2019,Bournemouth,Newcastle,,,,,,
157326,2020-07-01,PL,2019,Arsenal,Norwich,,,,,,
157330,2020-07-01,PL,2019,Everton,Leicester,,,,,,
164643,2020-07-01,ELC,2019,Birmingham,Huddersfield,,,,,,
164648,2020-07-01,ELC,2019,Nottingham Forest,Bristol City,,,,,,
164652,2020-07-01,ELC,2019,Sheffield Wednesday,West Brom,,,,,,
157334,2020-07-01,PL,2019,West Ham,Chelsea,,,,,,
164645,2020-07-02,ELC,2019,Hull City,Middlesbrough,,,,,,
157332,2020-07-02,PL,2019,Sheffield Utd,Tottenham,,,,,,
157331,2020-07-02,PL,2019,Manchester City,Liverpool,,,,,,
164657,2020-07-03,ELC,2019,Charlton,Millwall,,,,,,
157341,2020-07-04,PL,2019,Norwich,Brighton,,,,,,
164658,2020-07-04,ELC,2019,Derby,Nottingham Forest,,,,,,
157339,2020-07-04,PL,2019,Manchester United,Bournemouth,,,,,,
157337,2020-07-04,PL,2019,Leicester,Crystal Palace,,,,,,
164659,2020-07-04,ELC,2019,Fulham,Birmingham,,,,,,
164660,2020-07-04,ELC,2019,Huddersfield,Preston,,,,,,
164655,2020-07-04,ELC,2019,Brentford,Wigan,,,,,,
164656,2020-07-04,ELC,2019,Bristol City,Cardiff,,,,,,
164654,2020-07-04,ELC,2019,Blackburn,Leeds,,,,,,
164663,2020-07-04,ELC,2019,Stoke City,Barnsley,,,,,,
164661,2020-07-04,ELC,2019,Luton,Reading,,,,,,
157344,2020-07-04,PL,2019,Wolves,Arsenal,,,,,,
157336,2020-07-04,PL,2019,Chelsea,Watford,,,,,,
157335,2020-07-05,PL,2019,Burnley,Sheffield Utd,,,,,,
164664,2020-07-05,ELC,2019,Swansea,Sheffield Wednesday,,,,,,
164662,2020-07-05,ELC,2019,Middlesbrough,QPR,,,,,,
157340,2020-07-05,PL,2019,Newcastle,West Ham,,,,,,
164665,2020-07-05,ELC,2019,West Brom,Hull City,,,,,,
157338,2020-07-05,PL,2019,Liverpool,Aston Villa,,,,,,
157342,2020-07-05,PL,2019,Southampton,Manchester City,,,,,,
157343,2020-07-06,PL,2019,Tottenham,Everton,,,,,,
164673,2020-07-07,ELC,2019,Nottingham Forest,Fulham,,,,,,
157353,2020-07-07,PL,2019,Watford,Norwich,,,,,,
157349,2020-07-07,PL,2019,Crystal Palace,Chelsea,,,,,,
164674,2020-07-07,ELC,2019,Reading,Huddersfield,,,,,,
164667,2020-07-07,ELC,2019,Brentford,Charlton,,,,,,
164671,2020-07-07,ELC,2019,Luton,Barnsley,,,,,,
164669,2020-07-07,ELC,2019,Cardiff,Blackburn,,,,,,
157346,2020-07-07,PL,2019,Arsenal,Leicester,,,,,,
164672,2020-07-08,ELC,2019,Millwall,Middlesbrough,,,,,,
164676,2020-07-08,ELC,2019,West Brom,Derby,,,,,,
157354,2020-07-08,PL,2019,West Ham,Burnley,,,,,,
157351,2020-07-08,PL,2019,Manchester City,Newcastle,,,,,,
157352,2020-07-08,PL,2019,Sheffield Utd,Wolves,,,,,,
164666,2020-07-08,ELC,2019,Birmingham,Swansea,,,,,,
164668,2020-07-08,ELC,2019,Bristol City,Hull City,,,,,,
164677,2020-07-08,ELC,2019,Wigan,QPR,,,,,,
164675,2020-07-08,ELC,2019,Sheffield Wednesday,Preston,,,,,,
157348,2020-07-08,PL,2019,Brighton,Liverpool,,,,,,
164670,2020-07-09,ELC,2019,Leeds,Stoke City,,,,,,
157345,2020-07-09,PL,2019,Bournemouth,Tottenham,,,,,,
157350,2020-07-09,PL,2019,Everton,Southampton,,,,,,
157347,2020-07-09,PL,2019,Aston Villa,Manchester United,,,,,,
164683,2020-07-10,ELC,2019,Huddersfield,Luton,,,,,,
164682,2020-07-10,ELC,2019,Fulham,Cardiff,,,,,,
157363,2020-07-11,PL,2019,Watford,Newcastle,,,,,,
157360,2020-07-11,PL,2019,Norwich,West Ham,,,,,,
164681,2020-07-11,ELC,2019,Derby,Brentford,,,,,,
164680,2020-07-11,ELC,2019,Charlton,Reading,,,,,,
157358,2020-07-11,PL,2019,Liverpool,Burnley,,,,,,
164686,2020-07-11,ELC,2019,Preston,Nottingham Forest,,,,,,
164684,2020-07-11,ELC,2019,Hull City,Millwall,,,,,,
164679,2020-07-11,ELC,2019,Blackburn,West Brom,,,,,,
164685,2020-07-11,ELC,2019,Middlesbrough,Bristol City,,,,,,
164687,2020-07-11,ELC,2019,QPR,Sheffield Wednesday,,,,,,
164678,2020-07-11,ELC,2019,Barnsley,Wigan,,,,,,
157361,2020-07-11,PL,2019,Sheffield Utd,Chelsea,,,,,,
157357,2020-07-11,PL,2019,Brighton,Manchester City,,,,,,
157364,2020-07-12,PL,2019,Wolves,Everton,,,,,,
164688,2020-07-12,ELC,2019,Stoke City,Birmingham,,,,,,
164689,2020-07-12,ELC,2019,Swansea,Leeds,,,,,,
157356,2020-07-12,PL,2019,Aston Villa,Crystal Palace,,,,,,
157362,2020-07-12,PL,2019,Tottenham,Arsenal,,,,,,
157355,2020-07-12,PL,2019,Bournemouth,Leicester,,,,,,
157359,2020-07-13,PL,2019,Manchester United,Southampton,,,,,,
164700,2020-07-14,ELC,2019,West Brom,Fulham,,,,,,
164698,2020-07-14,ELC,2019,Reading,Middlesbrough,,,,,,
164701,2020-07-14,ELC,2019,Wigan,Hull City,,,,,,
164693,2020-07-14,ELC,2019,Cardiff,Derby,,,,,,
164696,2020-07-14,ELC,2019,Millwall,Blackburn,,,,,,
164699,2020-07-14,ELC,2019,Sheffield Wednesday,Huddersfield,,,,,,
164695,2020-07-14,ELC,2019,Luton,QPR,,,,,,
157367,2020-07-14,PL,2019,Chelsea,Norwich,,,,,,
164691,2020-07-15,ELC,2019,Brentford,Preston,,,,,,
164692,2020-07-15,ELC,2019,Bristol City,Stoke City,,,,,,
157372,2020-07-15,PL,2019,Newcastle,Tottenham,,,,,,
157366,2020-07-15,PL,2019,Burnley,Wolves,,,,,,
157371,2020-07-15,PL,2019,Manchester City,Bournemouth,,,,,,
164690,2020-07-15,ELC,2019,Birmingham,Charlton,,,,,,
164697,2020-07-15,ELC,2019,Nottingham Forest,Swansea,,,,,,
157365,2020-07-15,PL,2019,Arsenal,Liverpool,,,,,,
164694,2020-07-16,ELC,2019,Leeds,Barnsley,,,,,,
157369,2020-07-16,PL,2019,Everton,Aston Villa,,,,,,
157370,2020-07-16,PL,2019,Leicester,Sheffield Utd,,,,,,
157373,2020-07-16,PL,2019,Southampton,Brighton,,,,,,
157368,2020-07-16,PL,2019,Crystal Palace,Manchester United,,,,,,
164707,2020-07-17,ELC,2019,Huddersfield,West Brom,,,,,,
157374,2020-07-17,PL,2019,West Ham,Watford,,,,,,
164712,2020-07-18,ELC,2019,Stoke City,Brentford,,,,,,
164704,2020-07-18,ELC,2019,Charlton,Wigan,,,,,,
164706,2020-07-18,ELC,2019,Fulham,Sheffield Wednesday,,,,,,
164710,2020-07-18,ELC,2019,Preston,Birmingham,,,,,,
164708,2020-07-18,ELC,2019,Hull City,Luton,,,,,,
164703,2020-07-18,ELC,2019,Blackburn,Reading,,,,,,
164709,2020-07-18,ELC,2019,Middlesbrough,Cardiff,,,,,,
164711,2020-07-18,ELC,2019,QPR,Millwall,,,,,,
164713,2020-07-18,ELC,2019,Swansea,Bristol City,,,,,,
157380,2020-07-18,PL,2019,Norwich,Burnley,,,,,,
157375,2020-07-19,PL,2019,Bournemouth,Southampton,,,,,,
164705,2020-07-19,ELC,2019,Derby,Leeds,,,,,,
164702,2020-07-19,ELC,2019,Barnsley,Nottingham Forest,,,,,,
157382,2020-07-19,PL,2019,Tottenham,Leicester,,,,,,
157377,2020-07-20,PL,2019,Brighton,Newcastle,,,,,,
157381,2020-07-20,PL,2019,Sheffield Utd,Everton,,,,,,
157384,2020-07-20,PL,2019,Wolves,Crystal Palace,,,,,,
157383,2020-07-21,PL,2019,Watford,Manchester City,,,,,,
157376,2020-07-21,PL,2019,Aston Villa,Arsenal,,,,,,
157379,2020-07-22,PL,2019,Manchester United,West Ham,,,,,,
164717,2020-07-22,ELC,2019,Cardiff,Hull City,,,,,,
164722,2020-07-22,ELC,2019,Reading,Swansea,,,,,,
164714,2020-07-22,ELC,2019,Birmingham,Derby,,,,,,
164715,2020-07-22,ELC,2019,Brentford,Barnsley,,,,,,
164716,2020-07-22,ELC,2019,Bristol City,Preston,,,,,,
164720,2020-07-22,ELC,2019,Millwall,Huddersfield,,,,,,
164724,2020-07-22,ELC,2019,West Brom,QPR,,,,,,
164725,2020-07-22,ELC,2019,Wigan,Fulham,,,,,,
164718,2020-07-22,ELC,2019,Leeds,Charlton,,,,,,
164721,2020-07-22,ELC,2019,Nottingham Forest,Stoke City,,,,,,
164723,2020-07-22,ELC,2019,Sheffield Wednesday,Middlesbrough,,,,,,
164719,2020-07-22,ELC,2019,Luton,Blackburn,,,,,,
157378,2020-07-22,PL,2019,Liverpool,Chelsea,,,,,,
157392,2020-07-26,PL,2019,Newcastle,Liverpool,,,,,,
157393,2020-07-26,PL,2019,Southampton,Sheffield Utd,,,,,,
157385,2020-07-26,PL,2019,Arsenal,Watford,,,,,,
157386,2020-07-26,PL,2019,Burnley,Brighton,,,,,,
157389,2020-07-26,PL,2019,Everton,Bournemouth,,,,,,
157390,2020-07-26,PL,2019,Leicester,Manchester United,,,,,,
157394,2020-07-26,PL,2019,West Ham,Aston Villa,,,,,,
157387,2020-07-26,PL,2019,Chelsea,Wolves,,,,,,
157391,2020-07-26,PL,2019,Manchester City,Norwich,,,,,,
157388,2020-07-26,PL,2019,Crystal Palace,Tottenham,,,,,,
572269,2020-07-26,ELC,2019,Swansea,Brentford,,,,,,
572270,2020-07-27,ELC,2019,Cardiff,Fulham,,,,,,
572271,2020-07-29,ELC,2019,Brentford,Swansea,,,,,,
572272,2020-07-30,ELC,2019,Fulham,Cardiff,,,,,,
592892,2020-09-11,ELC,2020,Watford,Middlesbrough,,,,,,
592143,2020-09-12,PL,2020,Fulham,Arsenal,,,,,,
592884,2020-09-12,ELC,2020,Birmingham,Brentford,,,,,,
592893,2020-09-12,ELC,2020,Wycombe,Rotherham,,,,,,
592142,2020-09-12,PL,2020,Crystal Palace,Southampton,,,,,,
592882,2020-09-12,ELC,2020,Bournemouth,Blackburn,,,,,,
592888,2020-09-12,ELC,2020,Huddersfield,Norwich,,,,,,
592886,2020-09-12,ELC,2020,Cardiff,Sheffield Wednesday,,,,,,
592885,2020-09-12,ELC,2020,Bristol City,Coventry,,,,,,
592889,2020-09-12,ELC,2020,Millwall,Stoke City,,,,,,
592890,2020-09-12,ELC,2020,Preston,Swansea,,,,,,
592887,2020-09-12,ELC,2020,Derby,Reading,,,,,,
592891,2020-09-12,ELC,2020,QPR,Nottingham Forest,,,,,,
592883,2020-09-12,ELC,2020,Barnsley,Luton,,,,,,
592144,2020-09-12,PL,2020,Liverpool,Leeds,,,,,,
592148,2020-09-12,PL,2020,West Ham,Newcastle,,,,,,
592147,2020-09-13,PL,2020,West Brom,Leicester,,,,,,
592146,2020-09-13,PL,2020,Tottenham,Everton,,,,,,
592150,2020-09-14,PL,2020,Sheffield Utd,Wolves,,,,,,
592149,2020-09-14,PL,2020,Brighton,Chelsea,,,,,,
592896,2020-09-18,ELC,2020,Coventry,QPR,,,,,,
592154,2020-09-19,PL,2020,Everton,West Brom,,,,,,
592900,2020-09-19,ELC,2020,Nottingham Forest,Cardiff,,,,,,
592155,2020-09-19,PL,2020,Leeds,Fulham,,,,,,
592901,2020-09-19,ELC,2020,Reading,Barnsley,,,,,,
592895,2020-09-19,ELC,2020,Brentford,Huddersfield,,,,,,
592894,2020-09-19,ELC,2020,Blackburn,Wycombe,,,,,,
592898,2020-09-19,ELC,2020,Middlesbrough,Bournemouth,,,,,,
592899,2020-09-19,ELC,2020,Norwich,Preston,,,,,,
592902,2020-09-19,ELC,2020,Rotherham,Millwall,,,,,,
592903,2020-09-19,ELC,2020,Sheffield Wednesday,Watford,,,,,,
592905,2020-09-19,ELC,2020,Swansea,Birmingham,,,,,,
592897,2020-09-19,ELC,2020,Luton,Derby,,,,,,
592157,2020-09-19,PL,2020,Manchester United,Crystal Palace,,,,,,
592151,2020-09-19,PL,2020,Arsenal,West Ham,,,,,,
592159,2020-09-20,PL,2020,Southampton,Tottenham,,,,,,
592158,2020-09-20,PL,2020,Newcastle,Brighton,,,,,,
592904,2020-09-20,ELC,2020,Stoke City,Bristol City,,,,,,
592153,2020-09-20,PL,2020,Chelsea,Liverpool,,,,,,
592156,2020-09-20,PL,2020,Leicester,Burnley,,,,,,
592152,2020-09-21,PL,2020,Aston Villa,Sheffield Utd,,,,,,
592160,2020-09-21,PL,2020,Wolves,Manchester City,,,,,,
592912,2020-09-25,ELC,2020,Huddersfield,Nottingham Forest,,,,,,
592161,2020-09-26,PL,2020,Brighton,Manchester United,,,,,,
592916,2020-09-26,ELC,2020,Watford,Luton,,,,,,
592917,2020-09-26,ELC,2020,Wycombe,Swansea,,,,,,
592163,2020-09-26,PL,2020,Crystal Palace,Everton,,,,,,
592910,2020-09-26,ELC,2020,Cardiff,Reading,,,,,,
592908,2020-09-26,ELC,2020,Birmingham,Rotherham,,,,,,
592913,2020-09-26,ELC,2020,Millwall,Brentford,,,,,,
592914,2020-09-26,ELC,2020,Preston,Stoke City,,,,,,
592911,2020-09-26,ELC,2020,Derby,Blackburn,,,,,,
592915,2020-09-26,ELC,2020,QPR,Middlesbrough,,,,,,
592907,2020-09-26,ELC,2020,Barnsley,Coventry,,,,,,
592169,2020-09-26,PL,2020,West Brom,Chelsea,,,,,,
592162,2020-09-26,PL,2020,Burnley,Southampton,,,,,,
592167,2020-09-27,PL,2020,Sheffield Utd,Leeds,,,,,,
592909,2020-09-27,ELC,2020,Bristol City,Sheffield Wednesday,,,,,,
592168,2020-09-27,PL,2020,Tottenham,Newcastle,,,,,,
592906,2020-09-27,ELC,2020,Bournemouth,Norwich,,,,,,
592166,2020-09-27,PL,2020,Manchester City,Leicester,,,,,,
592170,2020-09-27,PL,2020,West Ham,Wolves,,,,,,
592164,2020-09-28,PL,2020,Fulham,Aston Villa,,,,,,
592165,2020-09-28,PL,2020,Liverpool,Arsenal,,,,,,
592920,2020-10-02,ELC,2020,Coventry,Bournemouth,,,,,,
592173,2020-10-03,PL,2020,Chelsea,Crystal Palace,,,,,,
592923,2020-10-03,ELC,2020,Norwich,Derby,,,,,,
592174,2020-10-03,PL,2020,Everton,Brighton,,,,,,
606501,2020-10-03,ELC,2020,Reading,Watford,,,,,,
592924,2020-10-03,ELC,2020,Nottingham Forest,Bristol City,,,,,,
592918,2020-10-03,ELC,2020,Blackburn,Cardiff,,,,,,
592922,2020-10-03,ELC,2020,Middlesbrough,Barnsley,,,,,,
592925,2020-10-03,ELC,2020,Rotherham,Huddersfield,,,,,,
592926,2020-10-03,ELC,2020,Sheffield Wednesday,QPR,,,,,,
592928,2020-10-03,ELC,2020,Swansea,Millwall,,,,,,
592921,2020-10-03,ELC,2020,Luton,Wycombe,,,,,,
592175,2020-10-03,PL,2020,Leeds,Manchester City,,,,,,
592178,2020-10-03,PL,2020,Newcastle,Burnley,,,,,,
592179,2020-10-04,PL,2020,Southampton,West Brom,,,,,,
592176,2020-10-04,PL,2020,Leicester,West Ham,,,,,,
592180,2020-10-04,PL,2020,Wolves,Fulham,,,,,,
592171,2020-10-04,PL,2020,Arsenal,Sheffield Utd,,,,,,
592919,2020-10-04,ELC,2020,Brentford,Preston,,,,,,
592927,2020-10-04,ELC,2020,Stoke City,Birmingham,,,,,,
592177,2020-10-04,PL,2020,Manchester United,Tottenham,,,,,,
592172,2020-10-04,PL,2020,Aston Villa,Liverpool,,,,,,
592934,2020-10-16,ELC,2020,Derby,Watford,,,,,,
592183,2020-10-17,PL,2020,Everton,Liverpool,,,,,,
592181,2020-10-17,PL,2020,Chelsea,Southampton,,,,,,
592929,2020-10-17,ELC,2020,Bournemouth,QPR,,,,,,
592931,2020-10-17,ELC,2020,Birmingham,Sheffield Wednesday,,,,,,
592933,2020-10-17,ELC,2020,Brentford,Coventry,,,,,,
592932,2020-10-17,ELC,2020,Blackburn,Nottingham Forest,,,,,,
592936,2020-10-17,ELC,2020,Middlesbrough,Reading,,,,,,
592938,2020-10-17,ELC,2020,Rotherham,Norwich,,,,,,
592939,2020-10-17,ELC,2020,Swansea,Huddersfield,,,,,,
592930,2020-10-17,ELC,2020,Barnsley,Bristol City,,,,,,
592940,2020-10-17,ELC,2020,Wycombe,Millwall,,,,,,
592935,2020-10-17,ELC,2020,Luton,Stoke City,,,,,,
592186,2020-10-17,PL,2020,Manchester City,Arsenal,,,,,,
592187,2020-10-17,PL,2020,Newcastle,Manchester United,,,,,,
592188,2020-10-18,PL,2020,Sheffield Utd,Fulham,,,,,,
592937,2020-10-18,ELC,2020,Preston,Cardiff,,,,,,
592182,2020-10-18,PL,2020,Crystal Palace,Brighton,,,,,,
592189,2020-10-18,PL,2020,Tottenham,West Ham,,,,,,
592185,2020-10-18,PL,2020,Leicester,Aston Villa,,,,,,
592190,2020-10-19,PL,2020,West Brom,Burnley,,,,,,
592184,2020-10-19,PL,2020,Leeds,Wolves,,,,,,
592948,2020-10-20,ELC,2020,Huddersfield,Derby,,,,,,
592941,2020-10-20,ELC,2020,Bristol City,Middlesbrough,,,,,,
592943,2020-10-20,ELC,2020,Millwall,Luton,,,,,,
592945,2020-10-20,ELC,2020,Nottingham Forest,Rotherham,,,,,,
592944,2020-10-20,ELC,2020,Norwich,Birmingham,,,,,,
592942,2020-10-20,ELC,2020,Coventry,Swansea,,,,,,
592946,2020-10-20,ELC,2020,Reading,Wycombe,,,,,,
592951,2020-10-21,ELC,2020,Watford,Blackburn,,,,,,
592947,2020-10-21,ELC,2020,Cardiff,Bournemouth,,,,,,
592949,2020-10-21,ELC,2020,QPR,Preston,,,,,,
592950,2020-10-21,ELC,2020,Sheffield Wednesday,Brentford,,,,,,
592952,2020-10-21,ELC,2020,Stoke City,Barnsley,,,,,,
592959,2020-10-23,ELC,2020,Nottingham Forest,Derby,,,,,,
592192,2020-10-23,PL,2020,Aston Villa,Leeds,,,,,,
592199,2020-10-24,PL,2020,West Ham,Manchester City,,,,,,
592964,2020-10-24,ELC,2020,Watford,Bournemouth,,,,,,
592195,2020-10-24,PL,2020,Fulham,Crystal Palace,,,,,,
592956,2020-10-24,ELC,2020,Huddersfield,Preston,,,,,,
592954,2020-10-24,ELC,2020,Cardiff,Middlesbrough,,,,,,
592961,2020-10-24,ELC,2020,Reading,Rotherham,,,,,,
592953,2020-10-24,ELC,2020,Bristol City,Swansea,,,,,,
592957,2020-10-24,ELC,2020,Millwall,Barnsley,,,,,,
592958,2020-10-24,ELC,2020,Norwich,Wycombe,,,,,,
592960,2020-10-24,ELC,2020,QPR,Birmingham,,,,,,
592962,2020-10-24,ELC,2020,Sheffield Wednesday,Luton,,,,,,
592963,2020-10-24,ELC,2020,Stoke City,Brentford,,,,,,
592955,2020-10-24,ELC,2020,Coventry,Blackburn,,,,,,
592197,2020-10-24,PL,2020,Manchester United,Chelsea,,,,,,
592196,2020-10-24,PL,2020,Liverpool,Sheffield Utd,,,,,,
592198,2020-10-25,PL,2020,Southampton,Everton,,,,,,
592200,2020-10-25,PL,2020,Wolves,Newcastle,,,,,,
592191,2020-10-25,PL,2020,Arsenal,Leicester,,,,,,
592193,2020-10-26,PL,2020,Brighton,West Brom,,,,,,
592194,2020-10-26,PL,2020,Burnley,Tottenham,,,,,,
592965,2020-10-27,ELC,2020,Barnsley,QPR,,,,,,
592967,2020-10-27,ELC,2020,Brentford,Norwich,,,,,,
592966,2020-10-27,ELC,2020,Blackburn,Reading,,,,,,
592968,2020-10-27,ELC,2020,Middlesbrough,Coventry,,,,,,
592969,2020-10-27,ELC,2020,Swansea,Stoke City,,,,,,
592970,2020-10-27,ELC,2020,Wycombe,Watford,,,,,,
592975,2020-10-28,ELC,2020,Preston,Millwall,,,,,,
592971,2020-10-28,ELC,2020,Bournemouth,Bristol City,,,,,,
592972,2020-10-28,ELC,2020,Birmingham,Huddersfield,,,,,,
592973,2020-10-28,ELC,2020,Derby,Cardiff,,,,,,
592976,2020-10-28,ELC,2020,Rotherham,Sheffield Wednesday,,,,,,
592974,2020-10-28,ELC,2020,Luton,Nottingham Forest,,,,,,
592980,2020-10-30,ELC,2020,Coventry,Reading,,,,,,
592210,2020-10-30,PL,2020,Wolves,Crystal Palace,,,,,,
592208,2020-10-31,PL,2020,Sheffield Utd,Manchester City,,,,,,
592979,2020-10-31,ELC,2020,Bristol City,Norwich,,,,,,
592202,2020-10-31,PL,2020,Burnley,Chelsea,,,,,,
592977,2020-10-31,ELC,2020,Bournemouth,Derby,,,,,,
592983,2020-10-31,ELC,2020,Millwall,Huddersfield,,,,,,
592984,2020-10-31,ELC,2020,Preston,Birmingham,,,,,,
592982,2020-10-31,ELC,2020,Middlesbrough,Nottingham Forest,,,,,,
592985,2020-10-31,ELC,2020,QPR,Cardiff,,,,,,
592986,2020-10-31,ELC,2020,Stoke City,Rotherham,,,,,,
592987,2020-10-31,ELC,2020,Swansea,Blackburn,,,,,,
592978,2020-10-31,ELC,2020,Barnsley,Watford,,,,,,
592988,2020-10-31,ELC,2020,Wycombe,Sheffield Wednesday,,,,,,
592981,2020-10-31,ELC,2020,Luton,Brentford,,,,,,
592205,2020-10-31,PL,2020,Liverpool,West Ham,,,,,,
592201,2020-11-01,PL,2020,Aston Villa,Southampton,,,,,,
592207,2020-11-01,PL,2020,Newcastle,Everton,,,,,,
592206,2020-11-01,PL,2020,Manchester United,Arsenal,,,,,,
592209,2020-11-01,PL,2020,Tottenham,Brighton,,,,,,
592203,2020-11-02,PL,2020,Fulham,West Brom,,,,,,
592204,2020-11-02,PL,2020,Leeds,Leicester,,,,,,
592992,2020-11-03,ELC,2020,Huddersfield,Bristol City,,,,,,
592990,2020-11-03,ELC,2020,Brentford,Swansea,,,,,,
592993,2020-11-03,ELC,2020,Norwich,Millwall,,,,,,
592994,2020-11-03,ELC,2020,Sheffield Wednesday,Bournemouth,,,,,,
592991,2020-11-03,ELC,2020,Cardiff,Barnsley,,,,,,
592989,2020-11-03,ELC,2020,Blackburn,Middlesbrough,,,,,,
606502,2020-11-04,ELC,2020,Watford,Stoke City,,,,,,
592999,2020-11-04,ELC,2020,Reading,Preston,,,,,,
592995,2020-11-04,ELC,2020,Birmingham,Wycombe,,,,,,
592997,2020-11-04,ELC,2020,Nottingham Forest,Coventry,,,,,,
592996,2020-11-04,ELC,2020,Derby,QPR,,,,,,
592998,2020-11-04,ELC,2020,Rotherham,Luton,,,,,,
592212,2020-11-06,PL,2020,Brighton,Burnley,,,,,,
593003,2020-11-06,ELC,2020,Cardiff,Bristol City,,,,,,
592218,2020-11-06,PL,2020,Southampton,Newcastle,,,,,,
592215,2020-11-07,PL,2020,Everton,Manchester United,,,,,,
593008,2020-11-07,ELC,2020,Reading,Stoke City,,,,,,
592214,2020-11-07,PL,2020,Crystal Palace,Leeds,,,,,,
593005,2020-11-07,ELC,2020,Huddersfield,Luton,,,,,,
593011,2020-11-07,ELC,2020,Watford,Coventry,,,,,,
593000,2020-11-07,ELC,2020,Birmingham,Bournemouth,,,,,,
593002,2020-11-07,ELC,2020,Brentford,Middlesbrough,,,,,,
593007,2020-11-07,ELC,2020,Nottingham Forest,Wycombe,,,,,,
593001,2020-11-07,ELC,2020,Blackburn,QPR,,,,,,
593004,2020-11-07,ELC,2020,Derby,Barnsley,,,,,,
593006,2020-11-07,ELC,2020,Norwich,Swansea,,,,,,
593009,2020-11-07,ELC,2020,Rotherham,Preston,,,,,,
593010,2020-11-07,ELC,2020,Sheffield Wednesday,Millwall,,,,,,
592213,2020-11-07,PL,2020,Chelsea,Sheffield Utd,,,,,,
592220,2020-11-07,PL,2020,West Ham,Fulham,,,,,,
592219,2020-11-08,PL,2020,West Brom,Tottenham,,,,,,
592216,2020-11-08,PL,2020,Leicester,Wolves,,,,,,
592217,2020-11-08,PL,2020,Manchester City,Liverpool,,,,,,
592211,2020-11-08,PL,2020,Arsenal,Aston Villa,,,,,,
593015,2020-11-20,ELC,2020,Coventry,Birmingham,,,,,,
592227,2020-11-21,PL,2020,Newcastle,Chelsea,,,,,,
593012,2020-11-21,ELC,2020,Bournemouth,Reading,,,,,,
592221,2020-11-21,PL,2020,Aston Villa,Brighton,,,,,,
593014,2020-11-21,ELC,2020,Bristol City,Derby,,,,,,
593018,2020-11-21,ELC,2020,Millwall,Cardiff,,,,,,
593019,2020-11-21,ELC,2020,Preston,Sheffield Wednesday,,,,,,
593017,2020-11-21,ELC,2020,Middlesbrough,Norwich,,,,,,
593020,2020-11-21,ELC,2020,QPR,Watford,,,,,,
593021,2020-11-21,ELC,2020,Stoke City,Huddersfield,,,,,,
593022,2020-11-21,ELC,2020,Swansea,Rotherham,,,,,,
593013,2020-11-21,ELC,2020,Barnsley,Nottingham Forest,,,,,,
593023,2020-11-21,ELC,2020,Wycombe,Brentford,,,,,,
593016,2020-11-21,ELC,2020,Luton,Blackburn,,,,,,
592229,2020-11-21,PL,2020,Tottenham,Manchester City,,,,,,
592226,2020-11-21,PL,2020,Manchester United,West Brom,,,,,,
592223,2020-11-22,PL,2020,Fulham,Everton,,,,,,
592228,2020-11-22,PL,2020,Sheffield Utd,West Ham,,,,,,
592224,2020-11-22,PL,2020,Leeds,Arsenal,,,,,,
592225,2020-11-22,PL,2020,Liverpool,Leicester,,,,,,
592222,2020-11-23,PL,2020,Burnley,Crystal Palace,,,,,,
592230,2020-11-23,PL,2020,Wolves,Southampton,,,,,,
593028,2020-11-24,ELC,2020,QPR,Rotherham,,,,,,
593029,2020-11-24,ELC,2020,Stoke City,Norwich,,,,,,
593035,2020-11-24,ELC,2020,Wycombe,Huddersfield,,,,,,
593026,2020-11-24,ELC,2020,Luton,Birmingham,,,,,,
593027,2020-11-24,ELC,2020,Preston,Blackburn,,,,,,
593025,2020-11-24,ELC,2020,Barnsley,Brentford,,,,,,
593024,2020-11-24,ELC,2020,Bournemouth,Nottingham Forest,,,,,,
593033,2020-11-25,ELC,2020,Millwall,Reading,,,,,,
593032,2020-11-25,ELC,2020,Middlesbrough,Derby,,,,,,
593030,2020-11-25,ELC,2020,Bristol City,Watford,,,,,,
593034,2020-11-25,ELC,2020,Swansea,Sheffield Wednesday,,,,,,
593031,2020-11-25,ELC,2020,Coventry,Cardiff,,,,,,
593038,2020-11-27,ELC,2020,Brentford,QPR,,,,,,
592234,2020-11-27,PL,2020,Crystal Palace,Newcastle,,,,,,
592232,2020-11-28,PL,2020,Brighton,Liverpool,,,,,,
593044,2020-11-28,ELC,2020,Reading,Bristol City,,,,,,
592237,2020-11-28,PL,2020,Manchester City,Burnley,,,,,,
593041,2020-11-28,ELC,2020,Huddersfield,Middlesbrough,,,,,,
593047,2020-11-28,ELC,2020,Watford,Preston,,,,,,
593039,2020-11-28,ELC,2020,Cardiff,Luton,,,,,,
593036,2020-11-28,ELC,2020,Birmingham,Millwall,,,,,,
593037,2020-11-28,ELC,2020,Blackburn,Barnsley,,,,,,
593040,2020-11-28,ELC,2020,Derby,Wycombe,,,,,,
593042,2020-11-28,ELC,2020,Norwich,Coventry,,,,,,
593045,2020-11-28,ELC,2020,Rotherham,Bournemouth,,,,,,
593046,2020-11-28,ELC,2020,Sheffield Wednesday,Stoke City,,,,,,
592235,2020-11-28,PL,2020,Everton,Leeds,,,,,,
592239,2020-11-28,PL,2020,West Brom,Sheffield Utd,,,,,,
593043,2020-11-29,ELC,2020,Nottingham Forest,Swansea,,,,,,
592238,2020-11-29,PL,2020,Southampton,Manchester United,,,,,,
592233,2020-11-29,PL,2020,Chelsea,Tottenham,,,,,,
592231,2020-11-29,PL,2020,Arsenal,Wolves,,,,,,
592236,2020-11-30,PL,2020,Leicester,Fulham,,,,,,
592240,2020-11-30,PL,2020,West Ham,Aston Villa,,,,,,
593050,2020-12-01,ELC,2020,Cardiff,Huddersfield,,,,,,
593048,2020-12-01,ELC,2020,Bournemouth,Preston,,,,,,
593049,2020-12-01,ELC,2020,Birmingham,Barnsley,,,,,,
593051,2020-12-01,ELC,2020,Derby,Coventry,,,,,,
593052,2020-12-01,ELC,2020,QPR,Bristol City,,,,,,
593053,2020-12-01,ELC,2020,Rotherham,Brentford,,,,,,
593056,2020-12-02,ELC,2020,Middlesbrough,Swansea,,,,,,
593057,2020-12-02,ELC,2020,Nottingham Forest,Watford,,,,,,
593054,2020-12-02,ELC,2020,Blackburn,Millwall,,,,,,
593058,2020-12-02,ELC,2020,Sheffield Wednesday,Reading,,,,,,
593059,2020-12-02,ELC,2020,Wycombe,Stoke City,,,,,,
593055,2020-12-02,ELC,2020,Luton,Norwich,,,,,,
593060,2020-12-04,ELC,2020,Barnsley,Bournemouth,,,,,,
592243,2020-12-05,PL,2020,Burnley,Everton,,,,,,
593068,2020-12-05,ELC,2020,Reading,Nottingham Forest,,,,,,
592246,2020-12-05,PL,2020,Manchester City,Fulham,,,,,,
593064,2020-12-05,ELC,2020,Huddersfield,QPR,,,,,,
593071,2020-12-05,ELC,2020,Watford,Cardiff,,,,,,
593061,2020-12-05,ELC,2020,Brentford,Blackburn,,,,,,
593062,2020-12-05,ELC,2020,Bristol City,Birmingham,,,,,,
593065,2020-12-05,ELC,2020,Millwall,Derby,,,,,,
593067,2020-12-05,ELC,2020,Preston,Wycombe,,,,,,
593066,2020-12-05,ELC,2020,Norwich,Sheffield Wednesday,,,,,,
593069,2020-12-05,ELC,2020,Stoke City,Middlesbrough,,,,,,
593070,2020-12-05,ELC,2020,Swansea,Luton,,,,,,
593063,2020-12-05,ELC,2020,Coventry,Rotherham,,,,,,
592250,2020-12-05,PL,2020,West Ham,Manchester United,,,,,,
592244,2020-12-05,PL,2020,Chelsea,Leeds,,,,,,
592249,2020-12-06,PL,2020,West Brom,Crystal Palace,,,,,,
592247,2020-12-06,PL,2020,Sheffield Utd,Leicester,,,,,,
592248,2020-12-06,PL,2020,Tottenham,Arsenal,,,,,,
592245,2020-12-06,PL,2020,Liverpool,Wolves,,,,,,
592242,2020-12-07,PL,2020,Brighton,Southampton,,,,,,
593073,2020-12-08,ELC,2020,Huddersfield,Sheffield Wednesday,,,,,,
593076,2020-12-08,ELC,2020,Watford,Rotherham,,,,,,
593074,2020-12-08,ELC,2020,Millwall,QPR,,,,,,
593077,2020-12-08,ELC,2020,Stoke City,Cardiff,,,,,,
593075,2020-12-08,ELC,2020,Swansea,Bournemouth,,,,,,
593072,2020-12-08,ELC,2020,Coventry,Luton,,,,,,
593082,2020-12-09,ELC,2020,Preston,Middlesbrough,,,,,,
593083,2020-12-09,ELC,2020,Reading,Birmingham,,,,,,
593079,2020-12-09,ELC,2020,Brentford,Derby,,,,,,
593080,2020-12-09,ELC,2020,Bristol City,Blackburn,,,,,,
593081,2020-12-09,ELC,2020,Norwich,Nottingham Forest,,,,,,
593078,2020-12-09,ELC,2020,Barnsley,Wycombe,,,,,,
592255,2020-12-11,PL,2020,Leeds,West Ham,,,,,,
592260,2020-12-12,PL,2020,Wolves,Aston Villa,,,,,,
593086,2020-12-12,ELC,2020,Cardiff,Swansea,,,,,,
592258,2020-12-12,PL,2020,Newcastle,West Brom,,,,,,
593084,2020-12-12,ELC,2020,Bournemouth,Huddersfield,,,,,,
606503,2020-12-12,ELC,2020,Birmingham,Watford,,,,,,
593090,2020-12-12,ELC,2020,Nottingham Forest,Brentford,,,,,,
593085,2020-12-12,ELC,2020,Blackburn,Norwich,,,,,,
593087,2020-12-12,ELC,2020,Derby,Stoke City,,,,,,
593089,2020-12-12,ELC,2020,Middlesbrough,Millwall,,,,,,
593091,2020-12-12,ELC,2020,QPR,Reading,,,,,,
593092,2020-12-12,ELC,2020,Rotherham,Bristol City,,,,,,
593093,2020-12-12,ELC,2020,Sheffield Wednesday,Barnsley,,,,,,
593094,2020-12-12,ELC,2020,Wycombe,Coventry,,,,,,
593088,2020-12-12,ELC,2020,Luton,Preston,,,,,,
592257,2020-12-12,PL,2020,Manchester United,Manchester City,,,,,,
592253,2020-12-12,PL,2020,Everton,Chelsea,,,,,,
592259,2020-12-13,PL,2020,Southampton,Sheffield Utd,,,,,,
592252,2020-12-13,PL,2020,Crystal Palace,Tottenham,,,,,,
592254,2020-12-13,PL,2020,Fulham,Liverpool,,,,,,
592251,2020-12-13,PL,2020,Arsenal,Burnley,,,,,,
592256,2020-12-13,PL,2020,Leicester,Brighton,,,,,,
593099,2020-12-15,ELC,2020,QPR,Stoke City,,,,,,
592268,2020-12-15,PL,2020,Wolves,Chelsea,,,,,,
593095,2020-12-15,ELC,2020,Bournemouth,Wycombe,,,,,,
593097,2020-12-15,ELC,2020,Bristol City,Millwall,,,,,,
593098,2020-12-15,ELC,2020,Nottingham Forest,Sheffield Wednesday,,,,,,
593096,2020-12-15,ELC,2020,Barnsley,Preston,,,,,,
592270,2020-12-15,PL,2020,Manchester City,West Brom,,,,,,
593100,2020-12-15,ELC,2020,Watford,Brentford,,,,,,
593104,2020-12-16,ELC,2020,Derby,Swansea,,,,,,
592261,2020-12-16,PL,2020,Arsenal,Southampton,,,,,,
592265,2020-12-16,PL,2020,Leicester,Everton,,,,,,
592264,2020-12-16,PL,2020,Leeds,Newcastle,,,,,,
593102,2020-12-16,ELC,2020,Cardiff,Birmingham,,,,,,
593105,2020-12-16,ELC,2020,Middlesbrough,Luton,,,,,,
593101,2020-12-16,ELC,2020,Blackburn,Rotherham,,,,,,
592263,2020-12-16,PL,2020,Fulham,Brighton,,,,,,
592269,2020-12-16,PL,2020,Liverpool,Tottenham,,,,,,
592267,2020-12-16,PL,2020,West Ham,Crystal Palace,,,,,,
593106,2020-12-16,ELC,2020,Reading,Norwich,,,,,,
593103,2020-12-16,ELC,2020,Coventry,Huddersfield,,,,,,
592262,2020-12-17,PL,2020,Aston Villa,Burnley,,,,,,
592266,2020-12-17,PL,2020,Sheffield Utd,Manchester United,,,,,,
593113,2020-12-18,ELC,2020,Preston,Bristol City,,,,,,
592274,2020-12-19,PL,2020,Crystal Palace,Liverpool,,,,,,
593112,2020-12-19,ELC,2020,Norwich,Cardiff,,,,,,
592278,2020-12-19,PL,2020,Southampton,Manchester City,,,,,,
593109,2020-12-19,ELC,2020,Huddersfield,Watford,,,,,,
593107,2020-12-19,ELC,2020,Birmingham,Middlesbrough,,,,,,
593108,2020-12-19,ELC,2020,Brentford,Reading,,,,,,
593111,2020-12-19,ELC,2020,Millwall,Nottingham Forest,,,,,,
593115,2020-12-19,ELC,2020,Sheffield Wednesday,Coventry,,,,,,
593116,2020-12-19,ELC,2020,Stoke City,Blackburn,,,,,,
593117,2020-12-19,ELC,2020,Swansea,Barnsley,,,,,,
593118,2020-12-19,ELC,2020,Wycombe,QPR,,,,,,
593110,2020-12-19,ELC,2020,Luton,Bournemouth,,,,,,
592275,2020-12-19,PL,2020,Everton,Arsenal,,,,,,
592277,2020-12-19,PL,2020,Newcastle,Fulham,,,,,,
592271,2020-12-20,PL,2020,Brighton,Sheffield Utd,,,,,,
592279,2020-12-20,PL,2020,Tottenham,Leicester,,,,,,
592276,2020-12-20,PL,2020,Manchester United,Leeds,,,,,,
592280,2020-12-20,PL,2020,West Brom,Aston Villa,,,,,,
592272,2020-12-21,PL,2020,Burnley,Wolves,,,,,,
592273,2020-12-21,PL,2020,Chelsea,West Ham,,,,,,
592285,2020-12-26,PL,2020,Leicester,Manchester United,,,,,,
592283,2020-12-26,PL,2020,Fulham,Southampton,,,,,,
592282,2020-12-26,PL,2020,Aston Villa,Crystal Palace,,,,,,
593123,2020-12-26,ELC,2020,Cardiff,Brentford,,,,,,
593129,2020-12-26,ELC,2020,Reading,Luton,,,,,,
593122,2020-12-26,ELC,2020,Bristol City,Wycombe,,,,,,
593127,2020-12-26,ELC,2020,Nottingham Forest,Birmingham,,,,,,
593121,2020-12-26,ELC,2020,Blackburn,Sheffield Wednesday,,,,,,
593125,2020-12-26,ELC,2020,Derby,Preston,,,,,,
593128,2020-12-26,ELC,2020,QPR,Swansea,,,,,,
593120,2020-12-26,ELC,2020,Barnsley,Huddersfield,,,,,,
593124,2020-12-26,ELC,2020,Coventry,Stoke City,,,,,,
592281,2020-12-26,PL,2020,Arsenal,Chelsea,,,,,,
593130,2020-12-26,ELC,2020,Watford,Norwich,,,,,,
592287,2020-12-26,PL,2020,Manchester City,Newcastle,,,,,,
592288,2020-12-26,PL,2020,Sheffield Utd,Everton,,,,,,
592284,2020-12-27,PL,2020,Leeds,Burnley,,,,,,
592289,2020-12-27,PL,2020,West Ham,Brighton,,,,,,
592286,2020-12-27,PL,2020,Liverpool,West Brom,,,,,,
592290,2020-12-27,PL,2020,Wolves,Tottenham,,,,,,
592294,2020-12-28,PL,2020,Crystal Palace,Leicester,,,,,,
592293,2020-12-28,PL,2020,Chelsea,Aston Villa,,,,,,
593131,2020-12-29,ELC,2020,Birmingham,Derby,,,,,,
592298,2020-12-29,PL,2020,Southampton,West Ham,,,,,,
592292,2020-12-29,PL,2020,Burnley,Sheffield Utd,,,,,,
592291,2020-12-29,PL,2020,Brighton,Arsenal,,,,,,
592300,2020-12-29,PL,2020,West Brom,Leeds,,,,,,
593139,2020-12-29,ELC,2020,Sheffield Wednesday,Middlesbrough,,,,,,
593133,2020-12-29,ELC,2020,Huddersfield,Blackburn,,,,,,
593137,2020-12-29,ELC,2020,Preston,Coventry,,,,,,
593136,2020-12-29,ELC,2020,Norwich,QPR,,,,,,
593138,2020-12-29,ELC,2020,Rotherham,Barnsley,,,,,,
593141,2020-12-29,ELC,2020,Wycombe,Cardiff,,,,,,
593134,2020-12-29,ELC,2020,Luton,Bristol City,,,,,,
592296,2020-12-29,PL,2020,Manchester United,Wolves,,,,,,
593142,2020-12-29,ELC,2020,Stoke City,Nottingham Forest,,,,,,
593132,2020-12-30,ELC,2020,Brentford,Bournemouth,,,,,,
592297,2020-12-30,PL,2020,Newcastle,Liverpool,,,,,,
593140,2020-12-30,ELC,2020,Swansea,Reading,,,,,,
592305,2021-01-01,PL,2020,Everton,West Ham,,,,,,
593151,2021-01-01,ELC,2020,Sheffield Wednesday,Derby,,,,,,
592306,2021-01-01,PL,2020,Manchester United,Aston Villa,,,,,,
592309,2021-01-02,PL,2020,Tottenham,Leeds,,,,,,
592304,2021-01-02,PL,2020,Crystal Palace,Sheffield Utd,,,,,,
593145,2021-01-02,ELC,2020,Huddersfield,Reading,,,,,,
593143,2021-01-02,ELC,2020,Birmingham,Blackburn,,,,,,
593147,2021-01-02,ELC,2020,Millwall,Coventry,,,,,,
593149,2021-01-02,ELC,2020,Preston,Nottingham Forest,,,,,,
593148,2021-01-02,ELC,2020,Norwich,Barnsley,,,,,,
593153,2021-01-02,ELC,2020,Swansea,Watford,,,,,,
593154,2021-01-02,ELC,2020,Wycombe,Middlesbrough,,,,,,
592301,2021-01-02,PL,2020,Brighton,Wolves,,,,,,
593152,2021-01-02,ELC,2020,Stoke City,Bournemouth,,,,,,
592310,2021-01-02,PL,2020,West Brom,Arsenal,,,,,,
592307,2021-01-03,PL,2020,Newcastle,Leicester,,,,,,
592303,2021-01-03,PL,2020,Chelsea,Manchester City,,,,,,
592308,2021-01-04,PL,2020,Southampton,Liverpool,,,,,,
592316,2021-01-12,PL,2020,Sheffield Utd,Newcastle,,,,,,
593146,2021-01-12,ELC,2020,Luton,QPR,,,,,,
593119,2021-01-12,ELC,2020,Bournemouth,Millwall,,,,,,
592318,2021-01-12,PL,2020,Wolves,Everton,,,,,,
592141,2021-01-12,PL,2020,Burnley,Manchester United,,,,,,
592320,2021-01-13,PL,2020,Manchester City,Brighton,,,,,,
592299,2021-01-13,PL,2020,Tottenham,Fulham,,,,,,
592311,2021-01-14,PL,2020,Arsenal,Crystal Palace,,,,,,
592330,2021-01-16,PL,2020,Wolves,West Brom,,,,,,
593162,2021-01-16,ELC,2020,Middlesbrough,Birmingham,,,,,,
592329,2021-01-16,PL,2020,West Ham,Burnley,,,,,,
592324,2021-01-16,PL,2020,Leeds,Brighton,,,,,,
593155,2021-01-16,ELC,2020,Bournemouth,Luton,,,,,,
593166,2021-01-16,ELC,2020,Watford,Huddersfield,,,,,,
593159,2021-01-16,ELC,2020,Cardiff,Norwich,,,,,,
593158,2021-01-16,ELC,2020,Bristol City,Preston,,,,,,
593163,2021-01-16,ELC,2020,Nottingham Forest,Millwall,,,,,,
593157,2021-01-16,ELC,2020,Blackburn,Stoke City,,,,,,
593161,2021-01-16,ELC,2020,Derby,Rotherham,,,,,,
592323,2021-01-16,PL,2020,Fulham,Chelsea,,,,,,
593156,2021-01-16,ELC,2020,Barnsley,Swansea,,,,,,
592325,2021-01-16,PL,2020,Leicester,Southampton,,,,,,
592328,2021-01-17,PL,2020,Sheffield Utd,Tottenham,,,,,,
592326,2021-01-17,PL,2020,Liverpool,Manchester United,,,,,,
592327,2021-01-17,PL,2020,Manchester City,Crystal Palace,,,,,,
592321,2021-01-18,PL,2020,Arsenal,Newcastle,,,,,,
592317,2021-01-19,PL,2020,West Ham,West Brom,,,,,,
593171,2021-01-19,ELC,2020,Reading,Coventry,,,,,,
593168,2021-01-19,ELC,2020,Derby,Bournemouth,,,,,,
606504,2021-01-19,ELC,2020,Watford,Barnsley,,,,,,
593169,2021-01-19,ELC,2020,Rotherham,Stoke City,,,,,,
592315,2021-01-19,PL,2020,Leicester,Chelsea,,,,,,
592145,2021-01-20,PL,2020,Manchester City,Aston Villa,,,,,,
593176,2021-01-20,ELC,2020,Norwich,Bristol City,,,,,,
593175,2021-01-20,ELC,2020,Huddersfield,Millwall,,,,,,
593174,2021-01-20,ELC,2020,Cardiff,QPR,,,,,,
593173,2021-01-20,ELC,2020,Brentford,Luton,,,,,,
593177,2021-01-20,ELC,2020,Nottingham Forest,Middlesbrough,,,,,,
593172,2021-01-20,ELC,2020,Birmingham,Preston,,,,,,
592313,2021-01-20,PL,2020,Fulham,Manchester United,,,,,,
592319,2021-01-21,PL,2020,Liverpool,Burnley,,,,,,
606505,2021-01-22,ELC,2020,Stoke City,Watford,,,,,,
593186,2021-01-23,ELC,2020,QPR,Derby,,,,,,
592241,2021-01-23,PL,2020,Aston Villa,Newcastle,,,,,,
593185,2021-01-24,ELC,2020,Preston,Reading,,,,,,
593183,2021-01-24,ELC,2020,Middlesbrough,Blackburn,,,,,,
592337,2021-01-26,PL,2020,Newcastle,Leeds,,,,,,
592340,2021-01-26,PL,2020,Crystal Palace,West Ham,,,,,,
593180,2021-01-26,ELC,2020,Bristol City,Huddersfield,,,,,,
593135,2021-01-26,ELC,2020,Millwall,Watford,,,,,,
592338,2021-01-26,PL,2020,Southampton,Arsenal,,,,,,
592335,2021-01-26,PL,2020,West Brom,Manchester City,,,,,,
592332,2021-01-27,PL,2020,Burnley,Aston Villa,,,,,,
592336,2021-01-27,PL,2020,Chelsea,Wolves,,,,,,
593126,2021-01-27,ELC,2020,Middlesbrough,Rotherham,,,,,,
593187,2021-01-27,ELC,2020,Swansea,Brentford,,,,,,
593179,2021-01-27,ELC,2020,Barnsley,Cardiff,,,,,,
593160,2021-01-27,ELC,2020,Coventry,Sheffield Wednesday,,,,,,
592331,2021-01-27,PL,2020,Brighton,Fulham,,,,,,
592334,2021-01-27,PL,2020,Manchester United,Sheffield Utd,,,,,,
592333,2021-01-27,PL,2020,Everton,Leicester,,,,,,
592339,2021-01-28,PL,2020,Tottenham,Liverpool,,,,,,
593197,2021-01-29,ELC,2020,Reading,Bournemouth,,,,,,
592345,2021-01-30,PL,2020,Everton,Newcastle,,,,,,
593195,2021-01-30,ELC,2020,Norwich,Middlesbrough,,,,,,
592347,2021-01-30,PL,2020,Manchester City,Sheffield Utd,,,,,,
592344,2021-01-30,PL,2020,Crystal Palace,Wolves,,,,,,
592349,2021-01-30,PL,2020,West Brom,Fulham,,,,,,
593194,2021-01-30,ELC,2020,Huddersfield,Stoke City,,,,,,
593192,2021-01-30,ELC,2020,Cardiff,Millwall,,,,,,
593189,2021-01-30,ELC,2020,Birmingham,Coventry,,,,,,
593191,2021-01-30,ELC,2020,Brentford,Wycombe,,,,,,
593196,2021-01-30,ELC,2020,Nottingham Forest,Barnsley,,,,,,
593190,2021-01-30,ELC,2020,Blackburn,Luton,,,,,,
593193,2021-01-30,ELC,2020,Derby,Bristol City,,,,,,
593198,2021-01-30,ELC,2020,Rotherham,Swansea,,,,,,
593199,2021-01-30,ELC,2020,Sheffield Wednesday,Preston,,,,,,
592341,2021-01-30,PL,2020,Arsenal,Manchester United,,,,,,
592348,2021-01-30,PL,2020,Southampton,Aston Villa,,,,,,
592343,2021-01-31,PL,2020,Chelsea,Burnley,,,,,,
592346,2021-01-31,PL,2020,Leicester,Leeds,,,,,,
592350,2021-01-31,PL,2020,West Ham,Liverpool,,,,,,
592342,2021-01-31,PL,2020,Brighton,Tottenham,,,,,,
606506,2021-02-01,ELC,2020,Watford,QPR,,,,,,
592356,2021-02-02,PL,2020,Wolves,Arsenal,,,,,,
592355,2021-02-02,PL,2020,Sheffield Utd,West Brom,,,,,,
593184,2021-02-02,ELC,2020,Millwall,Norwich,,,,,,
593178,2021-02-02,ELC,2020,Bournemouth,Sheffield Wednesday,,,,,,
593181,2021-02-02,ELC,2020,Coventry,Nottingham Forest,,,,,,
593188,2021-02-02,ELC,2020,Wycombe,Birmingham,,,,,,
592357,2021-02-02,PL,2020,Manchester United,Southampton,,,,,,
592358,2021-02-02,PL,2020,Newcastle,Crystal Palace,,,,,,
592353,2021-02-03,PL,2020,Fulham,Leicester,,,,,,
592352,2021-02-03,PL,2020,Burnley,Manchester City,,,,,,
593114,2021-02-03,ELC,2020,Rotherham,Derby,,,,,,
592354,2021-02-03,PL,2020,Leeds,Everton,,,,,,
593144,2021-02-03,ELC,2020,Brentford,Bristol City,,,,,,
592360,2021-02-03,PL,2020,Liverpool,Brighton,,,,,,
592351,2021-02-03,PL,2020,Aston Villa,West Ham,,,,,,
592359,2021-02-04,PL,2020,Tottenham,Chelsea,,,,,,
593210,2021-02-05,ELC,2020,Swansea,Norwich,,,,,,
592361,2021-02-06,PL,2020,Aston Villa,Arsenal,,,,,,
593203,2021-02-06,ELC,2020,Coventry,Watford,,,,,,
592367,2021-02-06,PL,2020,Newcastle,Southampton,,,,,,
592362,2021-02-06,PL,2020,Burnley,Brighton,,,,,,
593200,2021-02-06,ELC,2020,Bournemouth,Birmingham,,,,,,
593202,2021-02-06,ELC,2020,Bristol City,Cardiff,,,,,,
593206,2021-02-06,ELC,2020,Millwall,Sheffield Wednesday,,,,,,
593207,2021-02-06,ELC,2020,Preston,Rotherham,,,,,,
593205,2021-02-06,ELC,2020,Middlesbrough,Brentford,,,,,,
593208,2021-02-06,ELC,2020,QPR,Blackburn,,,,,,
593209,2021-02-06,ELC,2020,Stoke City,Reading,,,,,,
593211,2021-02-06,ELC,2020,Wycombe,Nottingham Forest,,,,,,
593204,2021-02-06,ELC,2020,Luton,Huddersfield,,,,,,
592363,2021-02-06,PL,2020,Fulham,West Ham,,,,,,
592366,2021-02-06,PL,2020,Manchester United,Everton,,,,,,
592369,2021-02-07,PL,2020,Tottenham,West Brom,,,,,,
592370,2021-02-07,PL,2020,Wolves,Leicester,,,,,,
592365,2021-02-07,PL,2020,Liverpool,Manchester City,,,,,,
592368,2021-02-07,PL,2020,Sheffield Utd,Chelsea,,,,,,
592364,2021-02-08,PL,2020,Leeds,Crystal Palace,,,,,,
593150,2021-02-09,ELC,2020,Rotherham,Cardiff,,,,,,
593170,2021-02-09,ELC,2020,Sheffield Wednesday,Wycombe,,,,,,
593165,2021-02-10,ELC,2020,Reading,Brentford,,,,,,
593213,2021-02-12,ELC,2020,Blackburn,Preston,,,,,,
592731,2021-02-13,PL,2020,Leicester,Liverpool,,,,,,
593219,2021-02-13,ELC,2020,Nottingham Forest,Bournemouth,,,,,,
592729,2021-02-13,PL,2020,Crystal Palace,Burnley,,,,,,
593217,2021-02-13,ELC,2020,Huddersfield,Wycombe,,,,,,
593223,2021-02-13,ELC,2020,Watford,Bristol City,,,,,,
593215,2021-02-13,ELC,2020,Cardiff,Coventry,,,,,,
593220,2021-02-13,ELC,2020,Reading,Millwall,,,,,,
593212,2021-02-13,ELC,2020,Birmingham,Luton,,,,,,
593216,2021-02-13,ELC,2020,Derby,Middlesbrough,,,,,,
593218,2021-02-13,ELC,2020,Norwich,Stoke City,,,,,,
592732,2021-02-13,PL,2020,Manchester City,Tottenham,,,,,,
592727,2021-02-13,PL,2020,Brighton,Aston Villa,,,,,,
592733,2021-02-14,PL,2020,Southampton,Wolves,,,,,,
593214,2021-02-14,ELC,2020,Brentford,Barnsley,,,,,,
592734,2021-02-14,PL,2020,West Brom,Manchester United,,,,,,
592726,2021-02-14,PL,2020,Arsenal,Leeds,,,,,,
592730,2021-02-14,PL,2020,Everton,Fulham,,,,,,
592735,2021-02-15,PL,2020,West Ham,Sheffield Utd,,,,,,
592728,2021-02-15,PL,2020,Chelsea,Newcastle,,,,,,
593227,2021-02-16,ELC,2020,Preston,Watford,,,,,,
593229,2021-02-16,ELC,2020,Stoke City,Sheffield Wednesday,,,,,,
593224,2021-02-16,ELC,2020,Bristol City,Reading,,,,,,
593226,2021-02-16,ELC,2020,Middlesbrough,Huddersfield,,,,,,
593228,2021-02-16,ELC,2020,Wycombe,Derby,,,,,,
593225,2021-02-16,ELC,2020,Luton,Cardiff,,,,,,
592302,2021-02-17,PL,2020,Burnley,Fulham,,,,,,
593233,2021-02-17,ELC,2020,Millwall,Birmingham,,,,,,
593234,2021-02-17,ELC,2020,QPR,Brentford,,,,,,
593235,2021-02-17,ELC,2020,Swansea,Nottingham Forest,,,,,,
593232,2021-02-17,ELC,2020,Coventry,Norwich,,,,,,
593231,2021-02-17,ELC,2020,Barnsley,Blackburn,,,,,,
592295,2021-02-17,PL,2020,Everton,Manchester City,,,,,,
593230,2021-02-17,ELC,2020,Bournemouth,Rotherham,,,,,,
593247,2021-02-19,ELC,2020,Watford,Derby,,,,,,
592745,2021-02-19,PL,2020,Wolves,Leeds,,,,,,
592743,2021-02-20,PL,2020,Southampton,Chelsea,,,,,,
593238,2021-02-20,ELC,2020,Coventry,Brentford,,,,,,
592739,2021-02-20,PL,2020,Burnley,West Brom,,,,,,
593239,2021-02-20,ELC,2020,Huddersfield,Swansea,,,,,,
593237,2021-02-20,ELC,2020,Cardiff,Preston,,,,,,
593244,2021-02-20,ELC,2020,Reading,Middlesbrough,,,,,,
593236,2021-02-20,ELC,2020,Bristol City,Barnsley,,,,,,
593240,2021-02-20,ELC,2020,Millwall,Wycombe,,,,,,
593242,2021-02-20,ELC,2020,Nottingham Forest,Blackburn,,,,,,
593241,2021-02-20,ELC,2020,Norwich,Rotherham,,,,,,
593243,2021-02-20,ELC,2020,QPR,Bournemouth,,,,,,
593245,2021-02-20,ELC,2020,Sheffield Wednesday,Birmingham,,,,,,
593246,2021-02-20,ELC,2020,Stoke City,Luton,,,,,,
592741,2021-02-20,PL,2020,Liverpool,Everton,,,,,,
592740,2021-02-20,PL,2020,Fulham,Sheffield Utd,,,,,,
592744,2021-02-21,PL,2020,West Ham,Tottenham,,,,,,
592737,2021-02-21,PL,2020,Aston Villa,Leicester,,,,,,
592736,2021-02-21,PL,2020,Arsenal,Manchester City,,,,,,
592742,2021-02-21,PL,2020,Manchester United,Newcastle,,,,,,
592738,2021-02-22,PL,2020,Brighton,Crystal Palace,,,,,,
592314,2021-02-23,PL,2020,Leeds,Southampton,,,,,,
593248,2021-02-23,ELC,2020,Birmingham,Norwich,,,,,,
593249,2021-02-23,ELC,2020,Derby,Huddersfield,,,,,,
593251,2021-02-23,ELC,2020,Middlesbrough,Bristol City,,,,,,
593252,2021-02-23,ELC,2020,Rotherham,Nottingham Forest,,,,,,
593253,2021-02-23,ELC,2020,Wycombe,Reading,,,,,,
593250,2021-02-23,ELC,2020,Luton,Millwall,,,,,,
593257,2021-02-24,ELC,2020,Brentford,Sheffield Wednesday,,,,,,
593259,2021-02-24,ELC,2020,Swansea,Coventry,,,,,,
593255,2021-02-24,ELC,2020,Barnsley,Stoke City,,,,,,
593254,2021-02-24,ELC,2020,Bournemouth,Cardiff,,,,,,
593258,2021-02-24,ELC,2020,Preston,QPR,,,,,,
593256,2021-02-24,ELC,2020,Blackburn,Watford,,,,,,
593265,2021-02-26,ELC,2020,Derby,Nottingham Forest,,,,,,
592751,2021-02-27,PL,2020,Manchester City,West Ham,,,,,,
593260,2021-02-27,ELC,2020,Bournemouth,Watford,,,,,,
592755,2021-02-27,PL,2020,West Brom,Brighton,,,,,,
593262,2021-02-27,ELC,2020,Birmingham,QPR,,,,,,
593264,2021-02-27,ELC,2020,Brentford,Stoke City,,,,,,
593268,2021-02-27,ELC,2020,Preston,Huddersfield,,,,,,
593263,2021-02-27,ELC,2020,Blackburn,Coventry,,,,,,
593267,2021-02-27,ELC,2020,Middlesbrough,Cardiff,,,,,,
593269,2021-02-27,ELC,2020,Rotherham,Reading,,,,,,
593270,2021-02-27,ELC,2020,Swansea,Bristol City,,,,,,
593261,2021-02-27,ELC,2020,Barnsley,Millwall,,,,,,
593266,2021-02-27,ELC,2020,Luton,Sheffield Wednesday,,,,,,
592749,2021-02-27,PL,2020,Leeds,Aston Villa,,,,,,
592752,2021-02-27,PL,2020,Newcastle,Wolves,,,,,,
592750,2021-02-28,PL,2020,Leicester,Arsenal,,,,,,
592747,2021-02-28,PL,2020,Crystal Palace,Fulham,,,,,,
593271,2021-02-28,ELC,2020,Wycombe,Norwich,,,,,,
592754,2021-02-28,PL,2020,Tottenham,Burnley,,,,,,
592746,2021-02-28,PL,2020,Chelsea,Manchester United,,,,,,
592753,2021-02-28,PL,2020,Sheffield Utd,Liverpool,,,,,,
592748,2021-03-01,PL,2020,Everton,Southampton,,,,,,
593274,2021-03-02,ELC,2020,Huddersfield,Birmingham,,,,,,
593272,2021-03-02,ELC,2020,Cardiff,Derby,,,,,,
593275,2021-03-02,ELC,2020,Millwall,Preston,,,,,,
593273,2021-03-02,ELC,2020,Coventry,Middlesbrough,,,,,,
593276,2021-03-02,ELC,2020,Nottingham Forest,Luton,,,,,,
592781,2021-03-02,PL,2020,Manchester City,Wolves,,,,,,
593277,2021-03-02,ELC,2020,Reading,Blackburn,,,,,,
593279,2021-03-03,ELC,2020,Norwich,Brentford,,,,,,
592777,2021-03-03,PL,2020,Burnley,Leicester,,,,,,
592782,2021-03-03,PL,2020,Sheffield Utd,Aston Villa,,,,,,
593282,2021-03-03,ELC,2020,Watford,Wycombe,,,,,,
593280,2021-03-03,ELC,2020,QPR,Barnsley,,,,,,
593278,2021-03-03,ELC,2020,Bristol City,Bournemouth,,,,,,
593281,2021-03-03,ELC,2020,Sheffield Wednesday,Rotherham,,,,,,
592778,2021-03-03,PL,2020,Crystal Palace,Manchester United,,,,,,
593283,2021-03-03,ELC,2020,Stoke City,Swansea,,,,,,
592818,2021-03-04,PL,2020,Fulham,Tottenham,,,,,,
592784,2021-03-04,PL,2020,West Brom,Everton,,,,,,
592780,2021-03-04,PL,2020,Liverpool,Chelsea,,,,,,
593288,2021-03-05,ELC,2020,Huddersfield,Cardiff,,,,,,
592758,2021-03-06,PL,2020,Burnley,Arsenal,,,,,,
593295,2021-03-06,ELC,2020,Watford,Nottingham Forest,,,,,,
592762,2021-03-06,PL,2020,Sheffield Utd,Southampton,,,,,,
593292,2021-03-06,ELC,2020,Reading,Sheffield Wednesday,,,,,,
593286,2021-03-06,ELC,2020,Bristol City,QPR,,,,,,
593289,2021-03-06,ELC,2020,Millwall,Blackburn,,,,,,
593291,2021-03-06,ELC,2020,Preston,Bournemouth,,,,,,
593290,2021-03-06,ELC,2020,Norwich,Luton,,,,,,
593293,2021-03-06,ELC,2020,Stoke City,Wycombe,,,,,,
593294,2021-03-06,ELC,2020,Swansea,Middlesbrough,,,,,,
593284,2021-03-06,ELC,2020,Barnsley,Birmingham,,,,,,
593287,2021-03-06,ELC,2020,Coventry,Derby,,,,,,
592756,2021-03-06,PL,2020,Aston Villa,Wolves,,,,,,
592757,2021-03-06,PL,2020,Brighton,Leicester,,,,,,
592764,2021-03-07,PL,2020,West Brom,Newcastle,,,,,,
592760,2021-03-07,PL,2020,Liverpool,Fulham,,,,,,
592761,2021-03-07,PL,2020,Manchester City,Manchester United,,,,,,
592763,2021-03-07,PL,2020,Tottenham,Crystal Palace,,,,,,
592759,2021-03-08,PL,2020,Chelsea,Everton,,,,,,
592765,2021-03-08,PL,2020,West Ham,Leeds,,,,,,
593167,2021-03-09,ELC,2020,Blackburn,Swansea,,,,,,
593164,2021-03-09,ELC,2020,QPR,Wycombe,,,,,,
592822,2021-03-10,PL,2020,Manchester City,Southampton,,,,,,
593201,2021-03-10,ELC,2020,Barnsley,Derby,,,,,,
593298,2021-03-12,ELC,2020,Blackburn,Brentford,,,,,,
592773,2021-03-12,PL,2020,Newcastle,Aston Villa,,,,,,
593301,2021-03-13,ELC,2020,Luton,Swansea,,,,,,
592770,2021-03-13,PL,2020,Leeds,Chelsea,,,,,,
592767,2021-03-13,PL,2020,Crystal Palace,West Brom,,,,,,
593296,2021-03-13,ELC,2020,Bournemouth,Barnsley,,,,,,
593299,2021-03-13,ELC,2020,Cardiff,Watford,,,,,,
593297,2021-03-13,ELC,2020,Birmingham,Bristol City,,,,,,
593303,2021-03-13,ELC,2020,Nottingham Forest,Reading,,,,,,
593300,2021-03-13,ELC,2020,Derby,Millwall,,,,,,
593302,2021-03-13,ELC,2020,Middlesbrough,Stoke City,,,,,,
593304,2021-03-13,ELC,2020,QPR,Huddersfield,,,,,,
593307,2021-03-13,ELC,2020,Wycombe,Preston,,,,,,
592768,2021-03-13,PL,2020,Everton,Burnley,,,,,,
592769,2021-03-13,PL,2020,Fulham,Manchester City,,,,,,
592774,2021-03-14,PL,2020,Southampton,Brighton,,,,,,
593306,2021-03-14,ELC,2020,Sheffield Wednesday,Norwich,,,,,,
592771,2021-03-14,PL,2020,Leicester,Sheffield Utd,,,,,,
592766,2021-03-14,PL,2020,Arsenal,Tottenham,,,,,,
592772,2021-03-14,PL,2020,Manchester United,West Ham,,,,,,
592775,2021-03-15,PL,2020,Wolves,Liverpool,,,,,,
593309,2021-03-16,ELC,2020,Cardiff,Stoke City,,,,,,
593310,2021-03-16,ELC,2020,Derby,Brentford,,,,,,
593312,2021-03-16,ELC,2020,Middlesbrough,Preston,,,,,,
593313,2021-03-16,ELC,2020,Rotherham,Watford,,,,,,
593311,2021-03-16,ELC,2020,Luton,Coventry,,,,,,
593308,2021-03-16,ELC,2020,Bournemouth,Swansea,,,,,,
593316,2021-03-17,ELC,2020,Nottingham Forest,Norwich,,,,,,
593317,2021-03-17,ELC,2020,QPR,Millwall,,,,,,
593319,2021-03-17,ELC,2020,Wycombe,Barnsley,,,,,,
593314,2021-03-17,ELC,2020,Birmingham,Reading,,,,,,
593315,2021-03-17,ELC,2020,Blackburn,Bristol City,,,,,,
593318,2021-03-17,ELC,2020,Sheffield Wednesday,Huddersfield,,,,,,
592779,2021-03-19,PL,2020,Fulham,Leeds,,,,,,
593321,2021-03-20,ELC,2020,Brentford,Nottingham Forest,,,,,,
593331,2021-03-20,ELC,2020,Watford,Birmingham,,,,,,
593328,2021-03-20,ELC,2020,Reading,QPR,,,,,,
593322,2021-03-20,ELC,2020,Bristol City,Rotherham,,,,,,
593325,2021-03-20,ELC,2020,Millwall,Middlesbrough,,,,,,
593327,2021-03-20,ELC,2020,Preston,Luton,,,,,,
593326,2021-03-20,ELC,2020,Norwich,Blackburn,,,,,,
593329,2021-03-20,ELC,2020,Stoke City,Derby,,,,,,
593320,2021-03-20,ELC,2020,Barnsley,Sheffield Wednesday,,,,,,
593323,2021-03-20,ELC,2020,Coventry,Wycombe,,,,,,
593330,2021-03-20,ELC,2020,Swansea,Cardiff,,,,,,
592776,2021-03-20,PL,2020,Brighton,Newcastle,,,,,,
592785,2021-03-21,PL,2020,West Ham,Arsenal,,,,,,
592312,2021-03-21,PL,2020,Aston Villa,Tottenham,,,,,,
593332,2021-04-02,ELC,2020,Bournemouth,Middlesbrough,,,,,,
606507,2021-04-02,ELC,2020,Watford,Sheffield Wednesday,,,,,,
593336,2021-04-02,ELC,2020,Cardiff,Nottingham Forest,,,,,,
593335,2021-04-02,ELC,2020,Bristol City,Stoke City,,,,,,
593339,2021-04-02,ELC,2020,Millwall,Rotherham,,,,,,
593340,2021-04-02,ELC,2020,Preston,Norwich,,,,,,
593337,2021-04-02,ELC,2020,Derby,Luton,,,,,,
593341,2021-04-02,ELC,2020,QPR,Coventry,,,,,,
593342,2021-04-02,ELC,2020,Wycombe,Blackburn,,,,,,
593333,2021-04-02,ELC,2020,Barnsley,Reading,,,,,,
593334,2021-04-02,ELC,2020,Birmingham,Swansea,,,,,,
592788,2021-04-03,PL,2020,Chelsea,West Brom,,,,,,
593338,2021-04-03,ELC,2020,Huddersfield,Brentford,,,,,,
592790,2021-04-03,PL,2020,Leeds,Sheffield Utd,,,,,,
592791,2021-04-03,PL,2020,Leicester,Manchester City,,,,,,
592786,2021-04-03,PL,2020,Arsenal,Liverpool,,,,,,
592794,2021-04-04,PL,2020,Southampton,Burnley,,,,,,
592793,2021-04-04,PL,2020,Newcastle,Tottenham,,,,,,
592787,2021-04-04,PL,2020,Aston Villa,Fulham,,,,,,
592792,2021-04-04,PL,2020,Manchester United,Brighton,,,,,,
593347,2021-04-05,ELC,2020,Middlesbrough,Watford,,,,,,
593350,2021-04-05,ELC,2020,Reading,Derby,,,,,,
593349,2021-04-05,ELC,2020,Nottingham Forest,QPR,,,,,,
593343,2021-04-05,ELC,2020,Blackburn,Bournemouth,,,,,,
593351,2021-04-05,ELC,2020,Rotherham,Wycombe,,,,,,
593353,2021-04-05,ELC,2020,Stoke City,Millwall,,,,,,
593354,2021-04-05,ELC,2020,Swansea,Preston,,,,,,
593345,2021-04-05,ELC,2020,Coventry,Bristol City,,,,,,
593346,2021-04-05,ELC,2020,Luton,Barnsley,,,,,,
593352,2021-04-05,ELC,2020,Sheffield Wednesday,Cardiff,,,,,,
592789,2021-04-05,PL,2020,Everton,Crystal Palace,,,,,,
592795,2021-04-05,PL,2020,Wolves,West Ham,,,,,,
593344,2021-04-06,ELC,2020,Brentford,Birmingham,,,,,,
593348,2021-04-06,ELC,2020,Norwich,Huddersfield,,,,,,
593365,2021-04-09,ELC,2020,Watford,Reading,,,,,,
592799,2021-04-09,PL,2020,Fulham,Wolves,,,,,,
592801,2021-04-10,PL,2020,Manchester City,Leeds,,,,,,
593362,2021-04-10,ELC,2020,Millwall,Swansea,,,,,,
592800,2021-04-10,PL,2020,Liverpool,Aston Villa,,,,,,
593355,2021-04-10,ELC,2020,Bournemouth,Coventry,,,,,,
593361,2021-04-10,ELC,2020,Huddersfield,Rotherham,,,,,,
593359,2021-04-10,ELC,2020,Cardiff,Blackburn,,,,,,
593357,2021-04-10,ELC,2020,Birmingham,Stoke City,,,,,,
593358,2021-04-10,ELC,2020,Bristol City,Nottingham Forest,,,,,,
593363,2021-04-10,ELC,2020,Preston,Brentford,,,,,,
593360,2021-04-10,ELC,2020,Derby,Norwich,,,,,,
593364,2021-04-10,ELC,2020,QPR,Sheffield Wednesday,,,,,,
593356,2021-04-10,ELC,2020,Barnsley,Middlesbrough,,,,,,
593366,2021-04-10,ELC,2020,Wycombe,Luton,,,,,,
592798,2021-04-10,PL,2020,Crystal Palace,Chelsea,,,,,,
592797,2021-04-11,PL,2020,Burnley,Newcastle,,,,,,
592805,2021-04-11,PL,2020,West Ham,Leicester,,,,,,
592803,2021-04-11,PL,2020,Tottenham,Manchester United,,,,,,
592802,2021-04-11,PL,2020,Sheffield Utd,Arsenal,,,,,,
592804,2021-04-12,PL,2020,West Brom,Southampton,,,,,,
592796,2021-04-12,PL,2020,Brighton,Everton,,,,,,
593324,2021-04-13,ELC,2020,Huddersfield,Bournemouth,,,,,,
593222,2021-04-13,ELC,2020,Sheffield Wednesday,Swansea,,,,,,
593221,2021-04-13,ELC,2020,Rotherham,QPR,,,,,,
593305,2021-04-15,ELC,2020,Rotherham,Coventry,,,,,,
593374,2021-04-16,ELC,2020,Reading,Cardiff,,,,,,
593367,2021-04-16,ELC,2020,Blackburn,Derby,,,,,,
592809,2021-04-16,PL,2020,Everton,Tottenham,,,,,,
592813,2021-04-17,PL,2020,Newcastle,West Ham,,,,,,
593368,2021-04-17,ELC,2020,Brentford,Millwall,,,,,,
593373,2021-04-17,ELC,2020,Nottingham Forest,Huddersfield,,,,,,
593371,2021-04-17,ELC,2020,Middlesbrough,QPR,,,,,,
593376,2021-04-17,ELC,2020,Sheffield Wednesday,Bristol City,,,,,,
593377,2021-04-17,ELC,2020,Stoke City,Preston,,,,,,
593378,2021-04-17,ELC,2020,Swansea,Wycombe,,,,,,
593370,2021-04-17,ELC,2020,Luton,Watford,,,,,,
593372,2021-04-17,ELC,2020,Norwich,Bournemouth,,,,,,
592815,2021-04-17,PL,2020,Wolves,Sheffield Utd,,,,,,
593375,2021-04-18,ELC,2020,Rotherham,Birmingham,,,,,,
592806,2021-04-18,PL,2020,Arsenal,Fulham,,,,,,
593369,2021-04-18,ELC,2020,Coventry,Barnsley,,,,,,
592812,2021-04-18,PL,2020,Manchester United,Burnley,,,,,,
592810,2021-04-19,PL,2020,Leeds,Liverpool,,,,,,
593380,2021-04-20,ELC,2020,Brentford,Cardiff,,,,,,
593381,2021-04-20,ELC,2020,Norwich,Watford,,,,,,
593382,2021-04-20,ELC,2020,Preston,Derby,,,,,,
593383,2021-04-20,ELC,2020,Sheffield Wednesday,Blackburn,,,,,,
593384,2021-04-20,ELC,2020,Swansea,QPR,,,,,,
592808,2021-04-20,PL,2020,Chelsea,Brighton,,,,,,
592783,2021-04-21,PL,2020,Tottenham,Southampton,,,,,,
593387,2021-04-21,ELC,2020,Millwall,Bournemouth,,,,,,
593388,2021-04-21,ELC,2020,Rotherham,Middlesbrough,,,,,,
593390,2021-04-21,ELC,2020,Stoke City,Coventry,,,,,,
593389,2021-04-21,ELC,2020,Wycombe,Bristol City,,,,,,
593385,2021-04-21,ELC,2020,Huddersfield,Barnsley,,,,,,
593379,2021-04-21,ELC,2020,Birmingham,Nottingham Forest,,,,,,
593386,2021-04-21,ELC,2020,Luton,Reading,,,,,,
592807,2021-04-21,PL,2020,Aston Villa,Manchester City,,,,,,
592811,2021-04-22,PL,2020,Leicester,West Brom,,,,,,
592816,2021-04-23,PL,2020,Arsenal,Everton,,,,,,
592821,2021-04-24,PL,2020,Liverpool,Newcastle,,,,,,
593391,2021-04-24,ELC,2020,Bournemouth,Brentford,,,,,,
593402,2021-04-24,ELC,2020,Watford,Millwall,,,,,,
593395,2021-04-24,ELC,2020,Cardiff,Wycombe,,,,,,
593399,2021-04-24,ELC,2020,Nottingham Forest,Stoke City,,,,,,
593393,2021-04-24,ELC,2020,Blackburn,Huddersfield,,,,,,
593397,2021-04-24,ELC,2020,Derby,Birmingham,,,,,,
593398,2021-04-24,ELC,2020,Middlesbrough,Sheffield Wednesday,,,,,,
593400,2021-04-24,ELC,2020,QPR,Norwich,,,,,,
593392,2021-04-24,ELC,2020,Barnsley,Rotherham,,,,,,
593396,2021-04-24,ELC,2020,Coventry,Preston,,,,,,
592824,2021-04-24,PL,2020,West Ham,Chelsea,,,,,,
592823,2021-04-24,PL,2020,Sheffield Utd,Brighton,,,,,,
592825,2021-04-25,PL,2020,Wolves,Burnley,,,,,,
593401,2021-04-25,ELC,2020,Reading,Swansea,,,,,,
593394,2021-04-25,ELC,2020,Bristol City,Luton,,,,,,
592819,2021-04-25,PL,2020,Leeds,Manchester United,,,,,,
592817,2021-04-25,PL,2020,Aston Villa,West Brom,,,,,,
592820,2021-04-26,PL,2020,Leicester,Crystal Palace,,,,,,
593285,2021-04-27,ELC,2020,Brentford,Rotherham,,,,,,
592833,2021-04-30,PL,2020,Southampton,Leicester,,,,,,
592829,2021-05-01,PL,2020,Crystal Palace,Manchester City,,,,,,
593411,2021-05-01,ELC,2020,Sheffield Wednesday,Nottingham Forest,,,,,,
592826,2021-05-01,PL,2020,Brighton,Leeds,,,,,,
593405,2021-05-01,ELC,2020,Huddersfield,Coventry,,,,,,
593403,2021-05-01,ELC,2020,Birmingham,Cardiff,,,,,,
593404,2021-05-01,ELC,2020,Brentford,Watford,,,,,,
593407,2021-05-01,ELC,2020,Millwall,Bristol City,,,,,,
593409,2021-05-01,ELC,2020,Preston,Barnsley,,,,,,
593408,2021-05-01,ELC,2020,Norwich,Reading,,,,,,
593410,2021-05-01,ELC,2020,Rotherham,Blackburn,,,,,,
593412,2021-05-01,ELC,2020,Stoke City,QPR,,,,,,
593413,2021-05-01,ELC,2020,Swansea,Derby,,,,,,
593414,2021-05-01,ELC,2020,Wycombe,Bournemouth,,,,,,
593406,2021-05-01,ELC,2020,Luton,Middlesbrough,,,,,,
592828,2021-05-01,PL,2020,Chelsea,Fulham,,,,,,
592830,2021-05-01,PL,2020,Everton,Aston Villa,,,,,,
592832,2021-05-02,PL,2020,Newcastle,Arsenal,,,,,,
592834,2021-05-02,PL,2020,Tottenham,Sheffield Utd,,,,,,
592835,2021-05-03,PL,2020,West Brom,Wolves,,,,,,
592827,2021-05-03,PL,2020,Burnley,West Ham,,,,,,
593182,2021-05-04,ELC,2020,Luton,Rotherham,,,,,,
592840,2021-05-07,PL,2020,Leicester,Newcastle,,,,,,
592839,2021-05-08,PL,2020,Leeds,Tottenham,,,,,,
593415,2021-05-08,ELC,2020,Bournemouth,Stoke City,,,,,,
606508,2021-05-08,ELC,2020,Watford,Swansea,,,,,,
593419,2021-05-08,ELC,2020,Cardiff,Rotherham,,,,,,
593425,2021-05-08,ELC,2020,Reading,Huddersfield,,,,,,
593418,2021-05-08,ELC,2020,Bristol City,Brentford,,,,,,
593423,2021-05-08,ELC,2020,Nottingham Forest,Preston,,,,,,
593417,2021-05-08,ELC,2020,Blackburn,Birmingham,,,,,,
593421,2021-05-08,ELC,2020,Derby,Sheffield Wednesday,,,,,,
593422,2021-05-08,ELC,2020,Middlesbrough,Wycombe,,,,,,
593424,2021-05-08,ELC,2020,QPR,Luton,,,,,,
593416,2021-05-08,ELC,2020,Barnsley,Norwich,,,,,,
593420,2021-05-08,ELC,2020,Coventry,Millwall,,,,,,
592843,2021-05-08,PL,2020,Sheffield Utd,Crystal Palace,,,,,,
592842,2021-05-08,PL,2020,Manchester City,Chelsea,,,,,,
592841,2021-05-08,PL,2020,Liverpool,Southampton,,,,,,
592845,2021-05-09,PL,2020,Wolves,Brighton,,,,,,
592837,2021-05-09,PL,2020,Aston Villa,Manchester United,,,,,,
592844,2021-05-09,PL,2020,West Ham,Everton,,,,,,
592836,2021-05-09,PL,2020,Arsenal,West Brom,,,,,,
592838,2021-05-10,PL,2020,Fulham,Burnley,,,,,,
592849,2021-05-11,PL,2020,Manchester United,Leicester,,,,,,
592814,2021-05-11,PL,2020,Southampton,Crystal Palace,,,,,,
592851,2021-05-12,PL,2020,Chelsea,Arsenal,,,,,,
592322,2021-05-13,PL,2020,Aston Villa,Everton,,,,,,
592831,2021-05-13,PL,2020,Manchester United,Liverpool,,,,,,
592852,2021-05-14,PL,2020,Newcastle,Manchester City,,,,,,
592847,2021-05-15,PL,2020,Burnley,Leeds,,,,,,
592853,2021-05-15,PL,2020,Southampton,Fulham,,,,,,
592846,2021-05-15,PL,2020,Brighton,West Ham,,,,,,
592855,2021-05-16,PL,2020,Crystal Palace,Aston Villa,,,,,,
592854,2021-05-16,PL,2020,Tottenham,Wolves,,,,,,
592850,2021-05-16,PL,2020,West Brom,Liverpool,,,,,,
592848,2021-05-16,PL,2020,Everton,Sheffield Utd,,,,,,
702567,2021-05-17,ELC,2020,Bournemouth,Brentford,,,,,,
702569,2021-05-17,ELC,2020,Barnsley,Swansea,,,,,,
592861,2021-05-18,PL,2020,Manchester United,Fulham,,,,,,
592863,2021-05-18,PL,2020,Southampton,Leeds,,,,,,
592856,2021-05-18,PL,2020,Brighton,Manchester City,,,,,,
592858,2021-05-18,PL,2020,Chelsea,Leicester,,,,,,
592862,2021-05-19,PL,2020,Newcastle,Sheffield Utd,,,,,,
592860,2021-05-19,PL,2020,Everton,Wolves,,,,,,
592864,2021-05-19,PL,2020,Tottenham,Aston Villa,,,,,,
592859,2021-05-19,PL,2020,Crystal Palace,Arsenal,,,,,,
592857,2021-05-19,PL,2020,Burnley,Liverpool,,,,,,
592865,2021-05-19,PL,2020,West Brom,West Ham,,,,,,
702568,2021-05-22,ELC,2020,Brentford,Bournemouth,,,,,,
702570,2021-05-22,ELC,2020,Swansea,Barnsley,,,,,,
592868,2021-05-23,PL,2020,Fulham,Newcastle,,,,,,
592875,2021-05-23,PL,2020,Wolves,Manchester United,,,,,,
592871,2021-05-23,PL,2020,Liverpool,Crystal Palace,,,,,,
592866,2021-05-23,PL,2020,Arsenal,Brighton,,,,,,
592870,2021-05-23,PL,2020,Leicester,Tottenham,,,,,,
592874,2021-05-23,PL,2020,West Ham,Southampton,,,,,,
592872,2021-05-23,PL,2020,Manchester City,Everton,,,,,,
592873,2021-05-23,PL,2020,Sheffield Utd,Burnley,,,,,,
592869,2021-05-23,PL,2020,Leeds,West Brom,,,,,,
592867,2021-05-23,PL,2020,Aston Villa,Chelsea,,,,,,
705338,2021-05-29,ELC,2020,Brentford,Swansea,,,,,,
716796,2021-08-06,ELC,2021,Bournemouth,West Brom,,,,,,
716799,2021-08-07,ELC,2021,Cardiff,Barnsley,,,,,,
716798,2021-08-07,ELC,2021,Bristol City,Blackpool,,,,,,
716804,2021-08-07,ELC,2021,Preston,Hull City,,,,,,
716797,2021-08-07,ELC,2021,Blackburn,Swansea,,,,,,
716801,2021-08-07,ELC,2021,Derby,Huddersfield,,,,,,
716805,2021-08-07,ELC,2021,QPR,Millwall,,,,,,
716807,2021-08-07,ELC,2021,Stoke City,Reading,,,,,,
716803,2021-08-07,ELC,2021,Luton,Peterborough,,,,,,
716806,2021-08-07,ELC,2021,Sheffield Utd,Birmingham,,,,,,
716802,2021-08-08,ELC,2021,Fulham,Middlesbrough,,,,,,
716800,2021-08-08,ELC,2021,Coventry,Nottingham Forest,,,,,,
710556,2021-08-13,PL,2021,Brentford,Arsenal,,,,,,
710561,2021-08-14,PL,2021,Manchester United,Leeds,,,,,,
716816,2021-08-14,ELC,2021,Peterborough,Derby,,,,,,
710565,2021-08-14,PL,2021,Watford,Aston Villa,,,,,,
710557,2021-08-14,PL,2021,Burnley,Brighton,,,,,,
710559,2021-08-14,PL,2021,Everton,Southampton,,,,,,
710560,2021-08-14,PL,2021,Leicester,Wolves,,,,,,
710558,2021-08-14,PL,2021,Chelsea,Crystal Palace,,,,,,
716811,2021-08-14,ELC,2021,Huddersfield,Fulham,,,,,,
716817,2021-08-14,ELC,2021,Reading,Preston,,,,,,
716809,2021-08-14,ELC,2021,Birmingham,Stoke City,,,,,,
716814,2021-08-14,ELC,2021,Millwall,Blackburn,,,,,,
716819,2021-08-14,ELC,2021,West Brom,Luton,,,,,,
716812,2021-08-14,ELC,2021,Hull City,QPR,,,,,,
716815,2021-08-14,ELC,2021,Nottingham Forest,Bournemouth,,,,,,
716813,2021-08-14,ELC,2021,Middlesbrough,Bristol City,,,,,,
716808,2021-08-14,ELC,2021,Barnsley,Coventry,,,,,,
716810,2021-08-14,ELC,2021,Blackpool,Cardiff,,,,,,
710563,2021-08-14,PL,2021,Norwich,Liverpool,,,,,,
716818,2021-08-14,ELC,2021,Swansea,Sheffield Utd,,,,,,
710562,2021-08-15,PL,2021,Newcastle,West Ham,,,,,,
710564,2021-08-15,PL,2021,Tottenham,Manchester City,,,,,,
716822,2021-08-17,ELC,2021,Huddersfield,Preston,,,,,,
716823,2021-08-17,ELC,2021,Millwall,Fulham,,,,,,
716825,2021-08-17,ELC,2021,Swansea,Stoke City,,,,,,
716820,2021-08-17,ELC,2021,Barnsley,Luton,,,,,,
716824,2021-08-17,ELC,2021,Peterborough,Cardiff,,,,,,
716821,2021-08-17,ELC,2021,Blackpool,Coventry,,,,,,
716830,2021-08-17,ELC,2021,Reading,Bristol City,,,,,,
716826,2021-08-18,ELC,2021,Birmingham,Bournemouth,,,,,,
716827,2021-08-18,ELC,2021,Hull City,Derby,,,,,,
716829,2021-08-18,ELC,2021,Nottingham Forest,Blackburn,,,,,,
716828,2021-08-18,ELC,2021,Middlesbrough,QPR,,,,,,
716831,2021-08-18,ELC,2021,West Brom,Sheffield Utd,,,,,,
716834,2021-08-20,ELC,2021,Bristol City,Swansea,,,,,,
710571,2021-08-21,PL,2021,Liverpool,Burnley,,,,,,
716841,2021-08-21,ELC,2021,QPR,Barnsley,,,,,,
710572,2021-08-21,PL,2021,Manchester City,Norwich,,,,,,
710569,2021-08-21,PL,2021,Crystal Palace,Brentford,,,,,,
710570,2021-08-21,PL,2021,Leeds,Everton,,,,,,
710567,2021-08-21,PL,2021,Aston Villa,Newcastle,,,,,,
716832,2021-08-21,ELC,2021,Bournemouth,Blackpool,,,,,,
716838,2021-08-21,ELC,2021,Fulham,Hull City,,,,,,
716835,2021-08-21,ELC,2021,Cardiff,Millwall,,,,,,
716840,2021-08-21,ELC,2021,Preston,Peterborough,,,,,,
716842,2021-08-21,ELC,2021,Sheffield Utd,Huddersfield,,,,,,
716833,2021-08-21,ELC,2021,Blackburn,West Brom,,,,,,
716837,2021-08-21,ELC,2021,Derby,Middlesbrough,,,,,,
716843,2021-08-21,ELC,2021,Stoke City,Nottingham Forest,,,,,,
716836,2021-08-21,ELC,2021,Coventry,Reading,,,,,,
716839,2021-08-21,ELC,2021,Luton,Birmingham,,,,,,
710568,2021-08-21,PL,2021,Brighton,Watford,,,,,,
710575,2021-08-22,PL,2021,Wolves,Tottenham,,,,,,
710573,2021-08-22,PL,2021,Southampton,Manchester United,,,,,,
710566,2021-08-22,PL,2021,Arsenal,Chelsea,,,,,,
710574,2021-08-23,PL,2021,West Ham,Leicester,,,,,,
710580,2021-08-28,PL,2021,Manchester City,Arsenal,,,,,,
716845,2021-08-28,ELC,2021,Cardiff,Bristol City,,,,,,
716846,2021-08-28,ELC,2021,Derby,Nottingham Forest,,,,,,
710581,2021-08-28,PL,2021,Newcastle,Southampton,,,,,,
710584,2021-08-28,PL,2021,West Ham,Crystal Palace,,,,,,
710577,2021-08-28,PL,2021,Brighton,Everton,,,,,,
710576,2021-08-28,PL,2021,Aston Villa,Brentford,,,,,,
710582,2021-08-28,PL,2021,Norwich,Leicester,,,,,,
716847,2021-08-28,ELC,2021,Fulham,Stoke City,,,,,,
716848,2021-08-28,ELC,2021,Huddersfield,Reading,,,,,,
716852,2021-08-28,ELC,2021,Millwall,Blackpool,,,,,,
716854,2021-08-28,ELC,2021,Preston,Swansea,,,,,,
716849,2021-08-28,ELC,2021,Hull City,Bournemouth,,,,,,
716851,2021-08-28,ELC,2021,Middlesbrough,Blackburn,,,,,,
716855,2021-08-28,ELC,2021,QPR,Coventry,,,,,,
716844,2021-08-28,ELC,2021,Barnsley,Birmingham,,,,,,
716850,2021-08-28,ELC,2021,Luton,Sheffield Utd,,,,,,
710579,2021-08-28,PL,2021,Liverpool,Chelsea,,,,,,
716853,2021-08-28,ELC,2021,Peterborough,West Brom,,,,,,
710578,2021-08-29,PL,2021,Burnley,Leeds,,,,,,
710583,2021-08-29,PL,2021,Tottenham,Watford,,,,,,
710585,2021-08-29,PL,2021,Wolves,Manchester United,,,,,,
716857,2021-09-10,ELC,2021,Birmingham,Derby,,,,,,
710589,2021-09-11,PL,2021,Crystal Palace,Tottenham,,,,,,
710593,2021-09-11,PL,2021,Manchester United,Newcastle,,,,,,
710595,2021-09-11,PL,2021,Watford,Wolves,,,,,,
710594,2021-09-11,PL,2021,Southampton,West Ham,,,,,,
710586,2021-09-11,PL,2021,Arsenal,Norwich,,,,,,
710592,2021-09-11,PL,2021,Leicester,Manchester City,,,,,,
710587,2021-09-11,PL,2021,Brentford,Brighton,,,,,,
716856,2021-09-11,ELC,2021,Bournemouth,Barnsley,,,,,,
716863,2021-09-11,ELC,2021,Reading,QPR,,,,,,
716860,2021-09-11,ELC,2021,Bristol City,Preston,,,,,,
716867,2021-09-11,ELC,2021,West Brom,Millwall,,,,,,
716864,2021-09-11,ELC,2021,Sheffield Utd,Peterborough,,,,,,
716858,2021-09-11,ELC,2021,Blackburn,Luton,,,,,,
716865,2021-09-11,ELC,2021,Stoke City,Huddersfield,,,,,,
716866,2021-09-11,ELC,2021,Swansea,Hull City,,,,,,
716861,2021-09-11,ELC,2021,Coventry,Middlesbrough,,,,,,
716859,2021-09-11,ELC,2021,Blackpool,Fulham,,,,,,
710588,2021-09-11,PL,2021,Chelsea,Aston Villa,,,,,,
716862,2021-09-12,ELC,2021,Nottingham Forest,Cardiff,,,,,,
710591,2021-09-12,PL,2021,Leeds,Liverpool,,,,,,
710590,2021-09-13,PL,2021,Everton,Burnley,,,,,,
716868,2021-09-14,ELC,2021,Bournemouth,QPR,,,,,,
716871,2021-09-14,ELC,2021,Sheffield Utd,Preston,,,,,,
716869,2021-09-14,ELC,2021,Blackburn,Hull City,,,,,,
716870,2021-09-14,ELC,2021,Blackpool,Huddersfield,,,,,,
716872,2021-09-14,ELC,2021,Reading,Peterborough,,,,,,
716873,2021-09-14,ELC,2021,West Brom,Derby,,,,,,
716874,2021-09-15,ELC,2021,Birmingham,Fulham,,,,,,
716875,2021-09-15,ELC,2021,Bristol City,Luton,,,,,,
716877,2021-09-15,ELC,2021,Nottingham Forest,Middlesbrough,,,,,,
716879,2021-09-15,ELC,2021,Stoke City,Barnsley,,,,,,
716878,2021-09-15,ELC,2021,Swansea,Millwall,,,,,,
716876,2021-09-15,ELC,2021,Coventry,Cardiff,,,,,,
710601,2021-09-17,PL,2021,Newcastle,Leeds,,,,,,
710605,2021-09-18,PL,2021,Wolves,Brentford,,,,,,
716885,2021-09-18,ELC,2021,Hull City,Sheffield Utd,,,,,,
710599,2021-09-18,PL,2021,Liverpool,Crystal Palace,,,,,,
710598,2021-09-18,PL,2021,Burnley,Arsenal,,,,,,
710600,2021-09-18,PL,2021,Manchester City,Southampton,,,,,,
710602,2021-09-18,PL,2021,Norwich,Watford,,,,,,
716883,2021-09-18,ELC,2021,Fulham,Reading,,,,,,
716884,2021-09-18,ELC,2021,Huddersfield,Nottingham Forest,,,,,,
716881,2021-09-18,ELC,2021,Cardiff,Bournemouth,,,,,,
716888,2021-09-18,ELC,2021,Millwall,Coventry,,,,,,
716890,2021-09-18,ELC,2021,Preston,West Brom,,,,,,
716882,2021-09-18,ELC,2021,Derby,Stoke City,,,,,,
716887,2021-09-18,ELC,2021,Middlesbrough,Blackpool,,,,,,
716891,2021-09-18,ELC,2021,QPR,Bristol City,,,,,,
716880,2021-09-18,ELC,2021,Barnsley,Blackburn,,,,,,
716889,2021-09-18,ELC,2021,Peterborough,Birmingham,,,,,,
716886,2021-09-18,ELC,2021,Luton,Swansea,,,,,,
710596,2021-09-18,PL,2021,Aston Villa,Everton,,,,,,
710604,2021-09-19,PL,2021,West Ham,Manchester United,,,,,,
710597,2021-09-19,PL,2021,Brighton,Leicester,,,,,,
710603,2021-09-19,PL,2021,Tottenham,Chelsea,,,,,,
716897,2021-09-24,ELC,2021,Coventry,Peterborough,,,,,,
716903,2021-09-24,ELC,2021,West Brom,QPR,,,,,,
710613,2021-09-25,PL,2021,Manchester United,Aston Villa,,,,,,
710608,2021-09-25,PL,2021,Chelsea,Manchester City,,,,,,
716899,2021-09-25,ELC,2021,Reading,Middlesbrough,,,,,,
710615,2021-09-25,PL,2021,Watford,Newcastle,,,,,,
710610,2021-09-25,PL,2021,Everton,Norwich,,,,,,
710612,2021-09-25,PL,2021,Leicester,Burnley,,,,,,
710611,2021-09-25,PL,2021,Leeds,West Ham,,,,,,
716892,2021-09-25,ELC,2021,Bournemouth,Luton,,,,,,
716893,2021-09-25,ELC,2021,Birmingham,Preston,,,,,,
716896,2021-09-25,ELC,2021,Bristol City,Fulham,,,,,,
716900,2021-09-25,ELC,2021,Sheffield Utd,Derby,,,,,,
716898,2021-09-25,ELC,2021,Nottingham Forest,Millwall,,,,,,
716894,2021-09-25,ELC,2021,Blackburn,Cardiff,,,,,,
716901,2021-09-25,ELC,2021,Stoke City,Hull City,,,,,,
716902,2021-09-25,ELC,2021,Swansea,Huddersfield,,,,,,
716895,2021-09-25,ELC,2021,Blackpool,Barnsley,,,,,,
710607,2021-09-25,PL,2021,Brentford,Liverpool,,,,,,
710614,2021-09-26,PL,2021,Southampton,Wolves,,,,,,
710606,2021-09-26,PL,2021,Arsenal,Tottenham,,,,,,
710609,2021-09-27,PL,2021,Crystal Palace,Brighton,,,,,,
716905,2021-09-28,ELC,2021,Huddersfield,Blackburn,,,,,,
716904,2021-09-28,ELC,2021,Cardiff,West Brom,,,,,,
716908,2021-09-28,ELC,2021,Preston,Stoke City,,,,,,
716906,2021-09-28,ELC,2021,Hull City,Blackpool,,,,,,
716907,2021-09-28,ELC,2021,Middlesbrough,Sheffield Utd,,,,,,
716909,2021-09-28,ELC,2021,QPR,Birmingham,,,,,,
716912,2021-09-29,ELC,2021,Fulham,Swansea,,,,,,
716914,2021-09-29,ELC,2021,Millwall,Bristol City,,,,,,
716911,2021-09-29,ELC,2021,Derby,Reading,,,,,,
716910,2021-09-29,ELC,2021,Barnsley,Nottingham Forest,,,,,,
716915,2021-09-29,ELC,2021,Peterborough,Bournemouth,,,,,,
716913,2021-09-29,ELC,2021,Luton,Coventry,,,,,,
716927,2021-10-01,ELC,2021,Stoke City,West Brom,,,,,,
710622,2021-10-02,PL,2021,Manchester United,Everton,,,,,,
716921,2021-10-02,ELC,2021,Coventry,Fulham,,,,,,
710625,2021-10-02,PL,2021,Wolves,Newcastle,,,,,,
710617,2021-10-02,PL,2021,Burnley,Norwich,,,,,,
710618,2021-10-02,PL,2021,Chelsea,Southampton,,,,,,
710620,2021-10-02,PL,2021,Leeds,Watford,,,,,,
716916,2021-10-02,ELC,2021,Bournemouth,Sheffield Utd,,,,,,
716920,2021-10-02,ELC,2021,Cardiff,Reading,,,,,,
716918,2021-10-02,ELC,2021,Birmingham,Nottingham Forest,,,,,,
716923,2021-10-02,ELC,2021,Hull City,Middlesbrough,,,,,,
716922,2021-10-02,ELC,2021,Derby,Swansea,,,,,,
716926,2021-10-02,ELC,2021,QPR,Preston,,,,,,
716917,2021-10-02,ELC,2021,Barnsley,Millwall,,,,,,
716925,2021-10-02,ELC,2021,Peterborough,Bristol City,,,,,,
716919,2021-10-02,ELC,2021,Blackpool,Blackburn,,,,,,
716924,2021-10-02,ELC,2021,Luton,Huddersfield,,,,,,
710616,2021-10-02,PL,2021,Brighton,Arsenal,,,,,,
710623,2021-10-03,PL,2021,Tottenham,Aston Villa,,,,,,
710624,2021-10-03,PL,2021,West Ham,Brentford,,,,,,
710619,2021-10-03,PL,2021,Crystal Palace,Leicester,,,,,,
710621,2021-10-03,PL,2021,Liverpool,Manchester City,,,,,,
716939,2021-10-15,ELC,2021,West Brom,Birmingham,,,,,,
710635,2021-10-16,PL,2021,Watford,Liverpool,,,,,,
716930,2021-10-16,ELC,2021,Fulham,QPR,,,,,,
710634,2021-10-16,PL,2021,Southampton,Leeds,,,,,,
710630,2021-10-16,PL,2021,Leicester,Manchester United,,,,,,
710631,2021-10-16,PL,2021,Manchester City,Burnley,,,,,,
710627,2021-10-16,PL,2021,Aston Villa,Wolves,,,,,,
710633,2021-10-16,PL,2021,Norwich,Brighton,,,,,,
716931,2021-10-16,ELC,2021,Huddersfield,Hull City,,,,,,
716936,2021-10-16,ELC,2021,Reading,Barnsley,,,,,,
716929,2021-10-16,ELC,2021,Bristol City,Bournemouth,,,,,,
716933,2021-10-16,ELC,2021,Millwall,Luton,,,,,,
716935,2021-10-16,ELC,2021,Preston,Derby,,,,,,
716937,2021-10-16,ELC,2021,Sheffield Utd,Stoke City,,,,,,
716934,2021-10-16,ELC,2021,Nottingham Forest,Blackpool,,,,,,
716928,2021-10-16,ELC,2021,Blackburn,Coventry,,,,,,
716932,2021-10-16,ELC,2021,Middlesbrough,Peterborough,,,,,,
710628,2021-10-16,PL,2021,Brentford,Chelsea,,,,,,
716938,2021-10-17,ELC,2021,Swansea,Cardiff,,,,,,
710629,2021-10-17,PL,2021,Everton,West Ham,,,,,,
710632,2021-10-17,PL,2021,Newcastle,Tottenham,,,,,,
710626,2021-10-18,PL,2021,Arsenal,Crystal Palace,,,,,,
716940,2021-10-19,ELC,2021,Bristol City,Nottingham Forest,,,,,,
716944,2021-10-19,ELC,2021,Sheffield Utd,Millwall,,,,,,
716941,2021-10-19,ELC,2021,Derby,Luton,,,,,,
716943,2021-10-19,ELC,2021,QPR,Blackburn,,,,,,
716945,2021-10-19,ELC,2021,Stoke City,Bournemouth,,,,,,
716942,2021-10-20,ELC,2021,Fulham,Cardiff,,,,,,
716946,2021-10-20,ELC,2021,Huddersfield,Birmingham,,,,,,
716949,2021-10-20,ELC,2021,Preston,Coventry,,,,,,
716947,2021-10-20,ELC,2021,Hull City,Peterborough,,,,,,
716948,2021-10-20,ELC,2021,Middlesbrough,Barnsley,,,,,,
716950,2021-10-20,ELC,2021,Swansea,West Brom,,,,,,
716951,2021-10-20,ELC,2021,Reading,Blackpool,,,,,,
710636,2021-10-22,PL,2021,Arsenal,Aston Villa,,,,,,
710639,2021-10-23,PL,2021,Chelsea,Norwich,,,,,,
716957,2021-10-23,ELC,2021,Cardiff,Middlesbrough,,,,,,
710644,2021-10-23,PL,2021,Southampton,Burnley,,,,,,
710641,2021-10-23,PL,2021,Everton,Watford,,,,,,
710640,2021-10-23,PL,2021,Crystal Palace,Newcastle,,,,,,
710642,2021-10-23,PL,2021,Leeds,Wolves,,,,,,
716952,2021-10-23,ELC,2021,Bournemouth,Huddersfield,,,,,,
716954,2021-10-23,ELC,2021,Birmingham,Swansea,,,,,,
716960,2021-10-23,ELC,2021,Millwall,Stoke City,,,,,,
716963,2021-10-23,ELC,2021,West Brom,Bristol City,,,,,,
716955,2021-10-23,ELC,2021,Blackburn,Reading,,,,,,
716958,2021-10-23,ELC,2021,Coventry,Derby,,,,,,
716962,2021-10-23,ELC,2021,Peterborough,QPR,,,,,,
716956,2021-10-23,ELC,2021,Blackpool,Preston,,,,,,
716959,2021-10-23,ELC,2021,Luton,Hull City,,,,,,
710638,2021-10-23,PL,2021,Brighton,Manchester City,,,,,,
716953,2021-10-24,ELC,2021,Barnsley,Sheffield Utd,,,,,,
710645,2021-10-24,PL,2021,West Ham,Tottenham,,,,,,
710637,2021-10-24,PL,2021,Brentford,Leicester,,,,,,
716961,2021-10-24,ELC,2021,Nottingham Forest,Fulham,,,,,,
710643,2021-10-24,PL,2021,Manchester United,Liverpool,,,,,,
716971,2021-10-29,ELC,2021,QPR,Nottingham Forest,,,,,,
710648,2021-10-30,PL,2021,Leicester,Arsenal,,,,,,
716966,2021-10-30,ELC,2021,Fulham,West Brom,,,,,,
710651,2021-10-30,PL,2021,Newcastle,Chelsea,,,,,,
710654,2021-10-30,PL,2021,Watford,Southampton,,,,,,
710649,2021-10-30,PL,2021,Liverpool,Brighton,,,,,,
710647,2021-10-30,PL,2021,Burnley,Brentford,,,,,,
710650,2021-10-30,PL,2021,Manchester City,Crystal Palace,,,,,,
716967,2021-10-30,ELC,2021,Huddersfield,Millwall,,,,,,
716964,2021-10-30,ELC,2021,Bristol City,Barnsley,,,,,,
716970,2021-10-30,ELC,2021,Preston,Luton,,,,,,
716973,2021-10-30,ELC,2021,Sheffield Utd,Blackpool,,,,,,
716968,2021-10-30,ELC,2021,Hull City,Coventry,,,,,,
716965,2021-10-30,ELC,2021,Derby,Blackburn,,,,,,
716969,2021-10-30,ELC,2021,Middlesbrough,Birmingham,,,,,,
716974,2021-10-30,ELC,2021,Stoke City,Cardiff,,,,,,
716975,2021-10-30,ELC,2021,Swansea,Peterborough,,,,,,
710653,2021-10-30,PL,2021,Tottenham,Manchester United,,,,,,
716972,2021-10-30,ELC,2021,Reading,Bournemouth,,,,,,
710652,2021-10-31,PL,2021,Norwich,Leeds,,,,,,
710646,2021-10-31,PL,2021,Aston Villa,West Ham,,,,,,
710655,2021-11-01,PL,2021,Wolves,Everton,,,,,,
716976,2021-11-02,ELC,2021,Birmingham,Bristol City,,,,,,
716979,2021-11-02,ELC,2021,Millwall,Reading,,,,,,
716980,2021-11-02,ELC,2021,Nottingham Forest,Sheffield Utd,,,,,,
716977,2021-11-02,ELC,2021,Coventry,Swansea,,,,,,
716981,2021-11-02,ELC,2021,Peterborough,Huddersfield,,,,,,
716978,2021-11-02,ELC,2021,Luton,Middlesbrough,,,,,,
716982,2021-11-03,ELC,2021,Bournemouth,Preston,,,,,,
716986,2021-11-03,ELC,2021,Cardiff,QPR,,,,,,
716984,2021-11-03,ELC,2021,Blackburn,Fulham,,,,,,
716983,2021-11-03,ELC,2021,Barnsley,Derby,,,,,,
716985,2021-11-03,ELC,2021,Blackpool,Stoke City,,,,,,
716987,2021-11-03,ELC,2021,West Brom,Hull City,,,,,,
710664,2021-11-05,PL,2021,Southampton,Aston Villa,,,,,,
710663,2021-11-06,PL,2021,Manchester United,Manchester City,,,,,,
710659,2021-11-06,PL,2021,Chelsea,Burnley,,,,,,
710660,2021-11-06,PL,2021,Crystal Palace,Wolves,,,,,,
710657,2021-11-06,PL,2021,Brentford,Norwich,,,,,,
716988,2021-11-06,ELC,2021,Bournemouth,Swansea,,,,,,
716993,2021-11-06,ELC,2021,Cardiff,Huddersfield,,,,,,
716990,2021-11-06,ELC,2021,Birmingham,Reading,,,,,,
716996,2021-11-06,ELC,2021,Millwall,Derby,,,,,,
716999,2021-11-06,ELC,2021,West Brom,Middlesbrough,,,,,,
716997,2021-11-06,ELC,2021,Nottingham Forest,Preston,,,,,,
716991,2021-11-06,ELC,2021,Blackburn,Sheffield Utd,,,,,,
716989,2021-11-06,ELC,2021,Barnsley,Hull City,,,,,,
716994,2021-11-06,ELC,2021,Coventry,Bristol City,,,,,,
716998,2021-11-06,ELC,2021,Peterborough,Fulham,,,,,,
716995,2021-11-06,ELC,2021,Luton,Stoke City,,,,,,
710658,2021-11-06,PL,2021,Brighton,Newcastle,,,,,,
716992,2021-11-06,ELC,2021,Blackpool,QPR,,,,,,
710656,2021-11-07,PL,2021,Arsenal,Watford,,,,,,
710661,2021-11-07,PL,2021,Everton,Tottenham,,,,,,
710662,2021-11-07,PL,2021,Leeds,Leicester,,,,,,
710665,2021-11-07,PL,2021,West Ham,Liverpool,,,,,,
717007,2021-11-19,ELC,2021,QPR,Luton,,,,,,
710668,2021-11-20,PL,2021,Leicester,Chelsea,,,,,,
717009,2021-11-20,ELC,2021,Sheffield Utd,Coventry,,,,,,
710671,2021-11-20,PL,2021,Newcastle,Brentford,,,,,,
710674,2021-11-20,PL,2021,Watford,Manchester United,,,,,,
710675,2021-11-20,PL,2021,Wolves,West Ham,,,,,,
710667,2021-11-20,PL,2021,Burnley,Crystal Palace,,,,,,
710666,2021-11-20,PL,2021,Aston Villa,Brighton,,,,,,
710672,2021-11-20,PL,2021,Norwich,Southampton,,,,,,
717002,2021-11-20,ELC,2021,Fulham,Barnsley,,,,,,
717003,2021-11-20,ELC,2021,Huddersfield,West Brom,,,,,,
717008,2021-11-20,ELC,2021,Reading,Nottingham Forest,,,,,,
717000,2021-11-20,ELC,2021,Bristol City,Blackburn,,,,,,
717006,2021-11-20,ELC,2021,Preston,Cardiff,,,,,,
717004,2021-11-20,ELC,2021,Hull City,Birmingham,,,,,,
717005,2021-11-20,ELC,2021,Middlesbrough,Millwall,,,,,,
717010,2021-11-20,ELC,2021,Stoke City,Peterborough,,,,,,
717011,2021-11-20,ELC,2021,Swansea,Blackpool,,,,,,
710669,2021-11-20,PL,2021,Liverpool,Arsenal,,,,,,
717001,2021-11-21,ELC,2021,Derby,Bournemouth,,,,,,
710670,2021-11-21,PL,2021,Manchester City,Everton,,,,,,
710673,2021-11-21,PL,2021,Tottenham,Leeds,,,,,,
717016,2021-11-23,ELC,2021,Nottingham Forest,Luton,,,,,,
717015,2021-11-23,ELC,2021,Middlesbrough,Preston,,,,,,
717013,2021-11-23,ELC,2021,Coventry,Birmingham,,,,,,
717012,2021-11-23,ELC,2021,Blackpool,West Brom,,,,,,
717017,2021-11-23,ELC,2021,Reading,Sheffield Utd,,,,,,
717014,2021-11-24,ELC,2021,Fulham,Derby,,,,,,
717021,2021-11-24,ELC,2021,Cardiff,Hull City,,,,,,
717020,2021-11-24,ELC,2021,Bristol City,Stoke City,,,,,,
717022,2021-11-24,ELC,2021,Millwall,Bournemouth,,,,,,
717019,2021-11-24,ELC,2021,Blackburn,Peterborough,,,,,,
717023,2021-11-24,ELC,2021,QPR,Huddersfield,,,,,,
717018,2021-11-24,ELC,2021,Barnsley,Swansea,,,,,,
717035,2021-11-26,ELC,2021,West Brom,Nottingham Forest,,,,,,
710676,2021-11-27,PL,2021,Arsenal,Newcastle,,,,,,
717031,2021-11-27,ELC,2021,Preston,Fulham,,,,,,
710683,2021-11-27,PL,2021,Liverpool,Southampton,,,,,,
710681,2021-11-27,PL,2021,Crystal Palace,Aston Villa,,,,,,
710685,2021-11-27,PL,2021,Norwich,Wolves,,,,,,
717024,2021-11-27,ELC,2021,Bournemouth,Coventry,,,,,,
717027,2021-11-27,ELC,2021,Huddersfield,Middlesbrough,,,,,,
717025,2021-11-27,ELC,2021,Birmingham,Blackpool,,,,,,
717028,2021-11-27,ELC,2021,Hull City,Millwall,,,,,,
717033,2021-11-27,ELC,2021,Stoke City,Blackburn,,,,,,
717034,2021-11-27,ELC,2021,Swansea,Reading,,,,,,
717030,2021-11-27,ELC,2021,Peterborough,Barnsley,,,,,,
717029,2021-11-27,ELC,2021,Luton,Cardiff,,,,,,
710678,2021-11-27,PL,2021,Brighton,Leeds,,,,,,
717032,2021-11-28,ELC,2021,Sheffield Utd,Bristol City,,,,,,
710682,2021-11-28,PL,2021,Leicester,Watford,,,,,,
710684,2021-11-28,PL,2021,Manchester City,West Ham,,,,,,
710677,2021-11-28,PL,2021,Brentford,Everton,,,,,,
710680,2021-11-28,PL,2021,Chelsea,Manchester United,,,,,,
717026,2021-11-29,ELC,2021,Derby,QPR,,,,,,
710693,2021-11-30,PL,2021,Newcastle,Norwich,,,,,,
710688,2021-11-30,PL,2021,Leeds,Crystal Palace,,,,,,
710689,2021-12-01,PL,2021,Watford,Chelsea,,,,,,
710691,2021-12-01,PL,2021,Wolves,Burnley,,,,,,
710694,2021-12-01,PL,2021,Southampton,Leicester,,,,,,
710690,2021-12-01,PL,2021,West Ham,Brighton,,,,,,
710687,2021-12-01,PL,2021,Everton,Liverpool,,,,,,
710686,2021-12-01,PL,2021,Aston Villa,Manchester City,,,,,,
710695,2021-12-02,PL,2021,Tottenham,Brentford,,,,,,
710692,2021-12-02,PL,2021,Manchester United,Arsenal,,,,,,
717042,2021-12-03,ELC,2021,Fulham,Bournemouth,,,,,,
710704,2021-12-04,PL,2021,West Ham,Chelsea,,,,,,
717041,2021-12-04,ELC,2021,Coventry,West Brom,,,,,,
710700,2021-12-04,PL,2021,Newcastle,Burnley,,,,,,
710705,2021-12-04,PL,2021,Wolves,Liverpool,,,,,,
710701,2021-12-04,PL,2021,Southampton,Brighton,,,,,,
717040,2021-12-04,ELC,2021,Cardiff,Sheffield Utd,,,,,,
717047,2021-12-04,ELC,2021,Reading,Hull City,,,,,,
717039,2021-12-04,ELC,2021,Bristol City,Derby,,,,,,
717044,2021-12-04,ELC,2021,Millwall,Birmingham,,,,,,
717045,2021-12-04,ELC,2021,Nottingham Forest,Peterborough,,,,,,
717037,2021-12-04,ELC,2021,Blackburn,Preston,,,,,,
717043,2021-12-04,ELC,2021,Middlesbrough,Swansea,,,,,,
717036,2021-12-04,ELC,2021,Barnsley,Huddersfield,,,,,,
717038,2021-12-04,ELC,2021,Blackpool,Luton,,,,,,
710703,2021-12-04,PL,2021,Watford,Manchester City,,,,,,
710699,2021-12-05,PL,2021,Manchester United,Crystal Palace,,,,,,
710702,2021-12-05,PL,2021,Tottenham,Norwich,,,,,,
710698,2021-12-05,PL,2021,Leeds,Brentford,,,,,,
717046,2021-12-05,ELC,2021,QPR,Stoke City,,,,,,
710696,2021-12-05,PL,2021,Aston Villa,Leicester,,,,,,
710697,2021-12-06,PL,2021,Everton,Arsenal,,,,,,
710707,2021-12-10,PL,2021,Brentford,Watford,,,,,,
710714,2021-12-11,PL,2021,Manchester City,Wolves,,,,,,
717051,2021-12-11,ELC,2021,Huddersfield,Coventry,,,,,,
710713,2021-12-11,PL,2021,Liverpool,Aston Villa,,,,,,
710706,2021-12-11,PL,2021,Arsenal,Southampton,,,,,,
710710,2021-12-11,PL,2021,Chelsea,Leeds,,,,,,
717048,2021-12-11,ELC,2021,Bournemouth,Blackburn,,,,,,
717049,2021-12-11,ELC,2021,Birmingham,Cardiff,,,,,,
717055,2021-12-11,ELC,2021,Preston,Barnsley,,,,,,
717059,2021-12-11,ELC,2021,West Brom,Reading,,,,,,
717052,2021-12-11,ELC,2021,Hull City,Bristol City,,,,,,
717050,2021-12-11,ELC,2021,Derby,Blackpool,,,,,,
717057,2021-12-11,ELC,2021,Stoke City,Middlesbrough,,,,,,
717058,2021-12-11,ELC,2021,Swansea,Nottingham Forest,,,,,,
717054,2021-12-11,ELC,2021,Peterborough,Millwall,,,,,,
717053,2021-12-11,ELC,2021,Luton,Fulham,,,,,,
710715,2021-12-11,PL,2021,Norwich,Manchester United,,,,,,
710709,2021-12-12,PL,2021,Burnley,West Ham,,,,,,
710712,2021-12-12,PL,2021,Leicester,Newcastle,,,,,,
710711,2021-12-12,PL,2021,Crystal Palace,Everton,,,,,,
710721,2021-12-14,PL,2021,Norwich,Aston Villa,,,,,,
710725,2021-12-14,PL,2021,Manchester City,Leeds,,,,,,
710718,2021-12-15,PL,2021,Brighton,Wolves,,,,,,
710722,2021-12-15,PL,2021,Crystal Palace,Southampton,,,,,,
710716,2021-12-15,PL,2021,Arsenal,West Ham,,,,,,
710723,2021-12-16,PL,2021,Chelsea,Everton,,,,,,
710724,2021-12-16,PL,2021,Liverpool,Newcastle,,,,,,
717060,2021-12-17,ELC,2021,Barnsley,West Brom,,,,,,
717067,2021-12-18,ELC,2021,Middlesbrough,Bournemouth,,,,,,
717063,2021-12-18,ELC,2021,Bristol City,Huddersfield,,,,,,
717069,2021-12-18,ELC,2021,Nottingham Forest,Hull City,,,,,,
717061,2021-12-18,ELC,2021,Blackburn,Birmingham,,,,,,
717062,2021-12-18,ELC,2021,Blackpool,Peterborough,,,,,,
710728,2021-12-18,PL,2021,Leeds,Arsenal,,,,,,
710730,2021-12-19,PL,2021,Newcastle,Manchester City,,,,,,
710735,2021-12-19,PL,2021,Wolves,Chelsea,,,,,,
710732,2021-12-19,PL,2021,Tottenham,Liverpool,,,,,,
717066,2021-12-20,ELC,2021,Fulham,Sheffield Utd,,,,,,
710743,2021-12-26,PL,2021,Tottenham,Crystal Palace,,,,,,
710744,2021-12-26,PL,2021,West Ham,Southampton,,,,,,
710740,2021-12-26,PL,2021,Manchester City,Leicester,,,,,,
710742,2021-12-26,PL,2021,Norwich,Arsenal,,,,,,
717076,2021-12-26,ELC,2021,Huddersfield,Blackpool,,,,,,
717079,2021-12-26,ELC,2021,Middlesbrough,Nottingham Forest,,,,,,
710736,2021-12-26,PL,2021,Aston Villa,Chelsea,,,,,,
710737,2021-12-26,PL,2021,Brighton,Brentford,,,,,,
717074,2021-12-27,ELC,2021,Derby,West Brom,,,,,,
717083,2021-12-27,ELC,2021,QPR,Bournemouth,,,,,,
710741,2021-12-27,PL,2021,Newcastle,Manchester United,,,,,,
710755,2021-12-28,PL,2021,Watford,West Ham,,,,,,
710754,2021-12-28,PL,2021,Southampton,Tottenham,,,,,,
710749,2021-12-28,PL,2021,Crystal Palace,Norwich,,,,,,
710752,2021-12-28,PL,2021,Leicester,Liverpool,,,,,,
710748,2021-12-29,PL,2021,Chelsea,Brighton,,,,,,
717086,2021-12-29,ELC,2021,Blackburn,Barnsley,,,,,,
717089,2021-12-29,ELC,2021,Coventry,Millwall,,,,,,
717087,2021-12-29,ELC,2021,Blackpool,Middlesbrough,,,,,,
710747,2021-12-29,PL,2021,Brentford,Manchester City,,,,,,
717084,2021-12-30,ELC,2021,Bournemouth,Cardiff,,,,,,
717088,2021-12-30,ELC,2021,Bristol City,QPR,,,,,,
717090,2021-12-30,ELC,2021,Nottingham Forest,Huddersfield,,,,,,
717094,2021-12-30,ELC,2021,Stoke City,Derby,,,,,,
710753,2021-12-30,PL,2021,Manchester United,Burnley,,,,,,
710756,2022-01-01,PL,2021,Arsenal,Manchester City,,,,,,
710765,2022-01-01,PL,2021,Watford,Tottenham,,,,,,
717099,2022-01-01,ELC,2021,Blackpool,Hull City,,,,,,
710759,2022-01-01,PL,2021,Crystal Palace,West Ham,,,,,,
717100,2022-01-02,ELC,2021,Bristol City,Millwall,,,,,,
710760,2022-01-02,PL,2021,Everton,Brighton,,,,,,
710757,2022-01-02,PL,2021,Brentford,Aston Villa,,,,,,
710761,2022-01-02,PL,2021,Leeds,Burnley,,,,,,
717097,2022-01-02,ELC,2021,Birmingham,QPR,,,,,,
717107,2022-01-02,ELC,2021,West Brom,Cardiff,,,,,,
717098,2022-01-02,ELC,2021,Blackburn,Huddersfield,,,,,,
710758,2022-01-02,PL,2021,Chelsea,Liverpool,,,,,,
717103,2022-01-03,ELC,2021,Reading,Derby,,,,,,
717105,2022-01-03,ELC,2021,Stoke City,Preston,,,,,,
710763,2022-01-03,PL,2021,Manchester United,Wolves,,,,,,
710731,2022-01-11,PL,2021,Southampton,Brentford,,,,,,
717093,2022-01-11,ELC,2021,Reading,Fulham,,,,,,
710734,2022-01-12,PL,2021,West Ham,Norwich,,,,,,
710767,2022-01-14,PL,2021,Brighton,Crystal Palace,,,,,,
710770,2022-01-15,PL,2021,Manchester City,Chelsea,,,,,,
717109,2022-01-15,ELC,2021,Cardiff,Blackburn,,,,,,
717114,2022-01-15,ELC,2021,Luton,Bournemouth,,,,,,
710771,2022-01-15,PL,2021,Newcastle,Watford,,,,,,
710775,2022-01-15,PL,2021,Wolves,Southampton,,,,,,
710772,2022-01-15,PL,2021,Norwich,Everton,,,,,,
717111,2022-01-15,ELC,2021,Fulham,Bristol City,,,,,,
717112,2022-01-15,ELC,2021,Huddersfield,Swansea,,,,,,
717116,2022-01-15,ELC,2021,Millwall,Nottingham Forest,,,,,,
717118,2022-01-15,ELC,2021,Preston,Birmingham,,,,,,
717110,2022-01-15,ELC,2021,Derby,Sheffield Utd,,,,,,
717115,2022-01-15,ELC,2021,Middlesbrough,Reading,,,,,,
717119,2022-01-15,ELC,2021,QPR,West Brom,,,,,,
717117,2022-01-15,ELC,2021,Peterborough,Coventry,,,,,,
710766,2022-01-15,PL,2021,Aston Villa,Manchester United,,,,,,
717113,2022-01-16,ELC,2021,Hull City,Stoke City,,,,,,
710769,2022-01-16,PL,2021,Liverpool,Brentford,,,,,,
710774,2022-01-16,PL,2021,West Ham,Leeds,,,,,,
717075,2022-01-18,ELC,2021,Fulham,Birmingham,,,,,,
717082,2022-01-18,ELC,2021,Preston,Sheffield Utd,,,,,,
710787,2022-01-18,PL,2021,Brighton,Chelsea,,,,,,
710720,2022-01-19,PL,2021,Leicester,Tottenham,,,,,,
717077,2022-01-19,ELC,2021,Hull City,Blackburn,,,,,,
710717,2022-01-19,PL,2021,Brentford,Manchester United,,,,,,
717071,2022-01-19,ELC,2021,Reading,Luton,,,,,,
710785,2022-01-21,PL,2021,Watford,Norwich,,,,,,
710780,2022-01-22,PL,2021,Everton,Aston Villa,,,,,,
717124,2022-01-22,ELC,2021,Bristol City,Cardiff,,,,,,
717126,2022-01-22,ELC,2021,Nottingham Forest,Derby,,,,,,
710783,2022-01-22,PL,2021,Manchester United,West Ham,,,,,,
710777,2022-01-22,PL,2021,Brentford,Wolves,,,,,,
710781,2022-01-22,PL,2021,Leeds,Newcastle,,,,,,
717120,2022-01-22,ELC,2021,Bournemouth,Hull City,,,,,,
717127,2022-01-22,ELC,2021,Reading,Huddersfield,,,,,,
717121,2022-01-22,ELC,2021,Birmingham,Barnsley,,,,,,
717131,2022-01-22,ELC,2021,West Brom,Peterborough,,,,,,
717128,2022-01-22,ELC,2021,Sheffield Utd,Luton,,,,,,
717129,2022-01-22,ELC,2021,Stoke City,Fulham,,,,,,
717130,2022-01-22,ELC,2021,Swansea,Preston,,,,,,
717125,2022-01-22,ELC,2021,Coventry,QPR,,,,,,
717123,2022-01-22,ELC,2021,Blackpool,Millwall,,,,,,
710784,2022-01-22,PL,2021,Southampton,Manchester City,,,,,,
710776,2022-01-23,PL,2021,Arsenal,Burnley,,,,,,
710782,2022-01-23,PL,2021,Leicester,Brighton,,,,,,
710779,2022-01-23,PL,2021,Crystal Palace,Liverpool,,,,,,
710778,2022-01-23,PL,2021,Chelsea,Tottenham,,,,,,
717122,2022-01-24,ELC,2021,Blackburn,Middlesbrough,,,,,,
717085,2022-01-25,ELC,2021,Birmingham,Peterborough,,,,,,
717102,2022-01-25,ELC,2021,Nottingham Forest,Barnsley,,,,,,
717070,2022-01-25,ELC,2021,QPR,Swansea,,,,,,
717065,2022-01-25,ELC,2021,Coventry,Stoke City,,,,,,
717078,2022-01-25,ELC,2021,Luton,Bristol City,,,,,,
717095,2022-01-26,ELC,2021,West Brom,Preston,,,,,,
717136,2022-01-28,ELC,2021,Huddersfield,Stoke City,,,,,,
717135,2022-01-29,ELC,2021,Fulham,Blackpool,,,,,,
717140,2022-01-29,ELC,2021,Millwall,West Brom,,,,,,
717142,2022-01-29,ELC,2021,Preston,Bristol City,,,,,,
717137,2022-01-29,ELC,2021,Hull City,Swansea,,,,,,
717139,2022-01-29,ELC,2021,Middlesbrough,Coventry,,,,,,
717143,2022-01-29,ELC,2021,QPR,Reading,,,,,,
717132,2022-01-29,ELC,2021,Barnsley,Bournemouth,,,,,,
717138,2022-01-29,ELC,2021,Luton,Blackburn,,,,,,
717141,2022-01-29,ELC,2021,Peterborough,Sheffield Utd,,,,,,
717134,2022-01-30,ELC,2021,Derby,Birmingham,,,,,,
717133,2022-01-30,ELC,2021,Cardiff,Nottingham Forest,,,,,,
717068,2022-02-01,ELC,2021,Millwall,Preston,,,,,,
717092,2022-02-01,ELC,2021,Swansea,Luton,,,,,,
717147,2022-02-02,ELC,2021,Huddersfield,Derby,,,,,,
717144,2022-02-02,ELC,2021,Barnsley,Cardiff,,,,,,
717145,2022-02-04,ELC,2021,Birmingham,Sheffield Utd,,,,,,
717148,2022-02-05,ELC,2021,Hull City,Preston,,,,,,
717146,2022-02-05,ELC,2021,Blackpool,Bristol City,,,,,,
717154,2022-02-05,ELC,2021,Swansea,Blackburn,,,,,,
710719,2022-02-05,PL,2021,Burnley,Watford,,,,,,
710792,2022-02-08,PL,2021,Newcastle,Everton,,,,,,
710790,2022-02-08,PL,2021,West Ham,Watford,,,,,,
717159,2022-02-08,ELC,2021,Fulham,Millwall,,,,,,
717158,2022-02-08,ELC,2021,Derby,Hull City,,,,,,
717161,2022-02-08,ELC,2021,Stoke City,Swansea,,,,,,
717157,2022-02-08,ELC,2021,Coventry,Blackpool,,,,,,
717160,2022-02-08,ELC,2021,Luton,Barnsley,,,,,,
710788,2022-02-08,PL,2021,Burnley,Manchester United,,,,,,
710793,2022-02-09,PL,2021,Tottenham,Southampton,,,,,,
710795,2022-02-09,PL,2021,Manchester City,Brentford,,,,,,
710789,2022-02-09,PL,2021,Norwich,Crystal Palace,,,,,,
717162,2022-02-09,ELC,2021,Bournemouth,Birmingham,,,,,,
717156,2022-02-09,ELC,2021,Cardiff,Peterborough,,,,,,
717164,2022-02-09,ELC,2021,Bristol City,Reading,,,,,,
717165,2022-02-09,ELC,2021,Preston,Huddersfield,,,,,,
717167,2022-02-09,ELC,2021,Sheffield Utd,West Brom,,,,,,
717163,2022-02-09,ELC,2021,Blackburn,Nottingham Forest,,,,,,
717166,2022-02-09,ELC,2021,QPR,Middlesbrough,,,,,,
710786,2022-02-09,PL,2021,Aston Villa,Leeds,,,,,,
710791,2022-02-10,PL,2021,Wolves,Arsenal,,,,,,
710794,2022-02-10,PL,2021,Liverpool,Leicester,,,,,,
710801,2022-02-12,PL,2021,Manchester United,Southampton,,,,,,
717171,2022-02-12,ELC,2021,Huddersfield,Sheffield Utd,,,,,,
710805,2022-02-12,PL,2021,Watford,Brighton,,,,,,
710799,2022-02-12,PL,2021,Everton,Leeds,,,,,,
710796,2022-02-12,PL,2021,Brentford,Crystal Palace,,,,,,
717177,2022-02-12,ELC,2021,Reading,Coventry,,,,,,
717169,2022-02-12,ELC,2021,Birmingham,Luton,,,,,,
717174,2022-02-12,ELC,2021,Millwall,Cardiff,,,,,,
717172,2022-02-12,ELC,2021,Hull City,Fulham,,,,,,
717175,2022-02-12,ELC,2021,Nottingham Forest,Stoke City,,,,,,
717173,2022-02-12,ELC,2021,Middlesbrough,Derby,,,,,,
717168,2022-02-12,ELC,2021,Barnsley,QPR,,,,,,
717176,2022-02-12,ELC,2021,Peterborough,Preston,,,,,,
717170,2022-02-12,ELC,2021,Blackpool,Bournemouth,,,,,,
710803,2022-02-12,PL,2021,Norwich,Manchester City,,,,,,
717178,2022-02-13,ELC,2021,Swansea,Bristol City,,,,,,
710802,2022-02-13,PL,2021,Newcastle,Aston Villa,,,,,,
710797,2022-02-13,PL,2021,Burnley,Liverpool,,,,,,
710804,2022-02-13,PL,2021,Tottenham,Wolves,,,,,,
710800,2022-02-13,PL,2021,Leicester,West Ham,,,,,,
717179,2022-02-14,ELC,2021,West Brom,Blackburn,,,,,,
717073,2022-02-15,ELC,2021,Cardiff,Coventry,,,,,,
717150,2022-02-15,ELC,2021,Millwall,QPR,,,,,,
717091,2022-02-15,ELC,2021,Sheffield Utd,Hull City,,,,,,
710729,2022-02-15,PL,2021,Manchester United,Brighton,,,,,,
717081,2022-02-16,ELC,2021,Peterborough,Reading,,,,,,
710814,2022-02-19,PL,2021,West Ham,Newcastle,,,,,,
717186,2022-02-19,ELC,2021,Fulham,Huddersfield,,,,,,
710811,2022-02-19,PL,2021,Liverpool,Norwich,,,,,,
710813,2022-02-19,PL,2021,Southampton,Everton,,,,,,
710806,2022-02-19,PL,2021,Arsenal,Brentford,,,,,,
710808,2022-02-19,PL,2021,Brighton,Burnley,,,,,,
710809,2022-02-19,PL,2021,Crystal Palace,Chelsea,,,,,,
710807,2022-02-19,PL,2021,Aston Villa,Watford,,,,,,
717183,2022-02-19,ELC,2021,Cardiff,Blackpool,,,,,,
717182,2022-02-19,ELC,2021,Bristol City,Middlesbrough,,,,,,
717188,2022-02-19,ELC,2021,Preston,Reading,,,,,,
717190,2022-02-19,ELC,2021,Sheffield Utd,Swansea,,,,,,
717185,2022-02-19,ELC,2021,Derby,Peterborough,,,,,,
717189,2022-02-19,ELC,2021,QPR,Hull City,,,,,,
717191,2022-02-19,ELC,2021,Stoke City,Birmingham,,,,,,
717184,2022-02-19,ELC,2021,Coventry,Barnsley,,,,,,
717187,2022-02-19,ELC,2021,Luton,West Brom,,,,,,
710812,2022-02-19,PL,2021,Manchester City,Tottenham,,,,,,
710810,2022-02-20,PL,2021,Leeds,Manchester United,,,,,,
710815,2022-02-20,PL,2021,Wolves,Leicester,,,,,,
717192,2022-02-22,ELC,2021,Bristol City,Coventry,,,,,,
717195,2022-02-22,ELC,2021,Preston,Nottingham Forest,,,,,,
717193,2022-02-22,ELC,2021,Hull City,Barnsley,,,,,,
717194,2022-02-22,ELC,2021,Middlesbrough,West Brom,,,,,,
717197,2022-02-22,ELC,2021,Reading,Birmingham,,,,,,
710733,2022-02-23,PL,2021,Watford,Crystal Palace,,,,,,
710679,2022-02-23,PL,2021,Burnley,Tottenham,,,,,,
710739,2022-02-23,PL,2021,Liverpool,Leeds,,,,,,
717199,2022-02-23,ELC,2021,Fulham,Peterborough,,,,,,
717200,2022-02-23,ELC,2021,Huddersfield,Cardiff,,,,,,
717202,2022-02-23,ELC,2021,Sheffield Utd,Blackburn,,,,,,
717198,2022-02-23,ELC,2021,Derby,Millwall,,,,,,
717201,2022-02-23,ELC,2021,QPR,Blackpool,,,,,,
717203,2022-02-23,ELC,2021,Stoke City,Luton,,,,,,
710746,2022-02-24,PL,2021,Arsenal,Wolves,,,,,,
710824,2022-02-25,PL,2021,Southampton,Norwich,,,,,,
710822,2022-02-26,PL,2021,Leeds,Tottenham,,,,,,
717207,2022-02-26,ELC,2021,Blackburn,QPR,,,,,,
710823,2022-02-26,PL,2021,Manchester United,Watford,,,,,,
710820,2022-02-26,PL,2021,Crystal Palace,Burnley,,,,,,
710817,2022-02-26,PL,2021,Brentford,Newcastle,,,,,,
717204,2022-02-26,ELC,2021,Bournemouth,Stoke City,,,,,,
717209,2022-02-26,ELC,2021,Cardiff,Fulham,,,,,,
717206,2022-02-26,ELC,2021,Birmingham,Huddersfield,,,,,,
717212,2022-02-26,ELC,2021,Millwall,Sheffield Utd,,,,,,
717213,2022-02-26,ELC,2021,Nottingham Forest,Bristol City,,,,,,
717205,2022-02-26,ELC,2021,Barnsley,Middlesbrough,,,,,,
717210,2022-02-26,ELC,2021,Coventry,Preston,,,,,,
717214,2022-02-26,ELC,2021,Peterborough,Hull City,,,,,,
717208,2022-02-26,ELC,2021,Blackpool,Reading,,,,,,
717211,2022-02-26,ELC,2021,Luton,Derby,,,,,,
710818,2022-02-26,PL,2021,Brighton,Aston Villa,,,,,,
710821,2022-02-26,PL,2021,Everton,Manchester City,,,,,,
710825,2022-02-27,PL,2021,West Ham,Wolves,,,,,,
717215,2022-02-28,ELC,2021,West Brom,Swansea,,,,,,
710768,2022-03-01,PL,2021,Burnley,Leicester,,,,,,
717064,2022-03-01,ELC,2021,Cardiff,Derby,,,,,,
717219,2022-03-04,ELC,2021,Huddersfield,Peterborough,,,,,,
717225,2022-03-04,ELC,2021,Sheffield Utd,Nottingham Forest,,,,,,
710828,2022-03-05,PL,2021,Leicester,Leeds,,,,,,
717218,2022-03-05,ELC,2021,Fulham,Blackburn,,,,,,
710831,2022-03-05,PL,2021,Newcastle,Brighton,,,,,,
710835,2022-03-05,PL,2021,Wolves,Crystal Palace,,,,,,
710827,2022-03-05,PL,2021,Burnley,Chelsea,,,,,,
710826,2022-03-05,PL,2021,Aston Villa,Southampton,,,,,,
710832,2022-03-05,PL,2021,Norwich,Brentford,,,,,,
717224,2022-03-05,ELC,2021,Reading,Millwall,,,,,,
717216,2022-03-05,ELC,2021,Bristol City,Birmingham,,,,,,
717222,2022-03-05,ELC,2021,Preston,Bournemouth,,,,,,
717220,2022-03-05,ELC,2021,Hull City,West Brom,,,,,,
717217,2022-03-05,ELC,2021,Derby,Barnsley,,,,,,
717221,2022-03-05,ELC,2021,Middlesbrough,Luton,,,,,,
717223,2022-03-05,ELC,2021,QPR,Cardiff,,,,,,
717226,2022-03-05,ELC,2021,Stoke City,Blackpool,,,,,,
717227,2022-03-05,ELC,2021,Swansea,Coventry,,,,,,
710829,2022-03-05,PL,2021,Liverpool,West Ham,,,,,,
710834,2022-03-06,PL,2021,Watford,Arsenal,,,,,,
710830,2022-03-06,PL,2021,Manchester City,Manchester United,,,,,,
710833,2022-03-07,PL,2021,Tottenham,Everton,,,,,,
717096,2022-03-08,ELC,2021,Bournemouth,Peterborough,,,,,,
717104,2022-03-08,ELC,2021,Sheffield Utd,Middlesbrough,,,,,,
717181,2022-03-08,ELC,2021,Blackburn,Millwall,,,,,,
717106,2022-03-08,ELC,2021,Swansea,Fulham,,,,,,
717072,2022-03-08,ELC,2021,Barnsley,Stoke City,,,,,,
717101,2022-03-08,ELC,2021,Coventry,Luton,,,,,,
710745,2022-03-10,PL,2021,Wolves,Watford,,,,,,
710764,2022-03-10,PL,2021,Southampton,Newcastle,,,,,,
710852,2022-03-10,PL,2021,Norwich,Chelsea,,,,,,
710751,2022-03-10,PL,2021,Leeds,Aston Villa,,,,,,
717239,2022-03-11,ELC,2021,West Brom,Huddersfield,,,,,,
710838,2022-03-12,PL,2021,Brighton,Liverpool,,,,,,
717229,2022-03-12,ELC,2021,Barnsley,Fulham,,,,,,
710837,2022-03-12,PL,2021,Brentford,Burnley,,,,,,
717228,2022-03-12,ELC,2021,Bournemouth,Derby,,,,,,
717233,2022-03-12,ELC,2021,Cardiff,Preston,,,,,,
717230,2022-03-12,ELC,2021,Birmingham,Hull City,,,,,,
717236,2022-03-12,ELC,2021,Millwall,Middlesbrough,,,,,,
717237,2022-03-12,ELC,2021,Nottingham Forest,Reading,,,,,,
717231,2022-03-12,ELC,2021,Blackburn,Bristol City,,,,,,
717234,2022-03-12,ELC,2021,Coventry,Sheffield Utd,,,,,,
717238,2022-03-12,ELC,2021,Peterborough,Stoke City,,,,,,
717232,2022-03-12,ELC,2021,Blackpool,Swansea,,,,,,
710843,2022-03-12,PL,2021,Manchester United,Tottenham,,,,,,
717235,2022-03-13,ELC,2021,Luton,QPR,,,,,,
710844,2022-03-13,PL,2021,Southampton,Watford,,,,,,
710841,2022-03-13,PL,2021,Everton,Wolves,,,,,,
710845,2022-03-13,PL,2021,West Ham,Aston Villa,,,,,,
710839,2022-03-13,PL,2021,Chelsea,Newcastle,,,,,,
710842,2022-03-13,PL,2021,Leeds,Norwich,,,,,,
710836,2022-03-13,PL,2021,Arsenal,Leicester,,,,,,
710840,2022-03-14,PL,2021,Crystal Palace,Manchester City,,,,,,
717240,2022-03-15,ELC,2021,Bournemouth,Reading,,,,,,
717242,2022-03-15,ELC,2021,Birmingham,Middlesbrough,,,,,,
717243,2022-03-15,ELC,2021,Blackburn,Derby,,,,,,
717241,2022-03-15,ELC,2021,Barnsley,Bristol City,,,,,,
717245,2022-03-15,ELC,2021,West Brom,Fulham,,,,,,
710708,2022-03-16,PL,2021,Brighton,Tottenham,,,,,,
717247,2022-03-16,ELC,2021,Cardiff,Stoke City,,,,,,
717250,2022-03-16,ELC,2021,Millwall,Huddersfield,,,,,,
717244,2022-03-16,ELC,2021,Nottingham Forest,QPR,,,,,,
717248,2022-03-16,ELC,2021,Coventry,Hull City,,,,,,
717251,2022-03-16,ELC,2021,Peterborough,Swansea,,,,,,
717246,2022-03-16,ELC,2021,Blackpool,Sheffield Utd,,,,,,
717249,2022-03-16,ELC,2021,Luton,Preston,,,,,,
710816,2022-03-16,PL,2021,Arsenal,Liverpool,,,,,,
710750,2022-03-17,PL,2021,Everton,Newcastle,,,,,,
710855,2022-03-18,PL,2021,Wolves,Leeds,,,,,,
710846,2022-03-19,PL,2021,Aston Villa,Arsenal,,,,,,
717261,2022-03-19,ELC,2021,Sheffield Utd,Barnsley,,,,,,
717253,2022-03-19,ELC,2021,Derby,Coventry,,,,,,
717255,2022-03-19,ELC,2021,Huddersfield,Bournemouth,,,,,,
717260,2022-03-19,ELC,2021,Reading,Blackburn,,,,,,
717252,2022-03-19,ELC,2021,Bristol City,West Brom,,,,,,
717256,2022-03-19,ELC,2021,Hull City,Luton,,,,,,
717262,2022-03-19,ELC,2021,Stoke City,Millwall,,,,,,
717263,2022-03-19,ELC,2021,Swansea,Birmingham,,,,,,
717259,2022-03-20,ELC,2021,QPR,Peterborough,,,,,,
710848,2022-03-20,PL,2021,Leicester,Brentford,,,,,,
710853,2022-03-20,PL,2021,Tottenham,West Ham,,,,,,
717271,2022-04-01,ELC,2021,Hull City,Huddersfield,,,,,,
710861,2022-04-02,PL,2021,Liverpool,Watford,,,,,,
717267,2022-04-02,ELC,2021,Blackpool,Nottingham Forest,,,,,,
710865,2022-04-02,PL,2021,Wolves,Aston Villa,,,,,,
710857,2022-04-02,PL,2021,Burnley,Manchester City,,,,,,
710858,2022-04-02,PL,2021,Chelsea,Brentford,,,,,,
710856,2022-04-02,PL,2021,Brighton,Norwich,,,,,,
710860,2022-04-02,PL,2021,Leeds,Southampton,,,,,,
717264,2022-04-02,ELC,2021,Bournemouth,Bristol City,,,,,,
717268,2022-04-02,ELC,2021,Cardiff,Swansea,,,,,,
717270,2022-04-02,ELC,2021,Derby,Preston,,,,,,
717274,2022-04-02,ELC,2021,QPR,Fulham,,,,,,
717275,2022-04-02,ELC,2021,Stoke City,Sheffield Utd,,,,,,
717265,2022-04-02,ELC,2021,Barnsley,Reading,,,,,,
717269,2022-04-02,ELC,2021,Coventry,Blackburn,,,,,,
717273,2022-04-02,ELC,2021,Peterborough,Middlesbrough,,,,,,
717272,2022-04-02,ELC,2021,Luton,Millwall,,,,,,
710862,2022-04-02,PL,2021,Manchester United,Leicester,,,,,,
710864,2022-04-03,PL,2021,West Ham,Everton,,,,,,
717266,2022-04-03,ELC,2021,Birmingham,West Brom,,,,,,
710863,2022-04-03,PL,2021,Tottenham,Newcastle,,,,,,
710859,2022-04-04,PL,2021,Crystal Palace,Arsenal,,,,,,
717080,2022-04-05,ELC,2021,Millwall,Swansea,,,,,,
717258,2022-04-05,ELC,2021,Preston,Blackpool,,,,,,
717056,2022-04-05,ELC,2021,Sheffield Utd,QPR,,,,,,
717152,2022-04-05,ELC,2021,Peterborough,Luton,,,,,,
717153,2022-04-05,ELC,2021,Reading,Stoke City,,,,,,
710738,2022-04-06,PL,2021,Burnley,Everton,,,,,,
717151,2022-04-06,ELC,2021,Nottingham Forest,Coventry,,,,,,
717149,2022-04-06,ELC,2021,Middlesbrough,Fulham,,,,,,
717155,2022-04-06,ELC,2021,West Brom,Bournemouth,,,,,,
710872,2022-04-08,PL,2021,Newcastle,Wolves,,,,,,
710869,2022-04-09,PL,2021,Everton,Manchester United,,,,,,
717285,2022-04-09,ELC,2021,Sheffield Utd,Bournemouth,,,,,,
710875,2022-04-09,PL,2021,Watford,Leeds,,,,,,
710874,2022-04-09,PL,2021,Southampton,Chelsea,,,,,,
710866,2022-04-09,PL,2021,Arsenal,Brighton,,,,,,
717284,2022-04-09,ELC,2021,Reading,Cardiff,,,,,,
717277,2022-04-09,ELC,2021,Bristol City,Peterborough,,,,,,
717281,2022-04-09,ELC,2021,Millwall,Barnsley,,,,,,
717283,2022-04-09,ELC,2021,Preston,QPR,,,,,,
717287,2022-04-09,ELC,2021,West Brom,Stoke City,,,,,,
717282,2022-04-09,ELC,2021,Nottingham Forest,Birmingham,,,,,,
717276,2022-04-09,ELC,2021,Blackburn,Blackpool,,,,,,
717280,2022-04-09,ELC,2021,Middlesbrough,Hull City,,,,,,
717286,2022-04-09,ELC,2021,Swansea,Derby,,,,,,
710867,2022-04-09,PL,2021,Aston Villa,Tottenham,,,,,,
710870,2022-04-10,PL,2021,Leicester,Crystal Palace,,,,,,
710868,2022-04-10,PL,2021,Brentford,West Ham,,,,,,
710873,2022-04-10,PL,2021,Norwich,Burnley,,,,,,
717278,2022-04-10,ELC,2021,Fulham,Coventry,,,,,,
710871,2022-04-10,PL,2021,Manchester City,Liverpool,,,,,,
717279,2022-04-11,ELC,2021,Huddersfield,Luton,,,,,,
717293,2022-04-15,ELC,2021,Luton,Nottingham Forest,,,,,,
717288,2022-04-15,ELC,2021,Bournemouth,Middlesbrough,,,,,,
717289,2022-04-15,ELC,2021,Birmingham,Coventry,,,,,,
717295,2022-04-15,ELC,2021,Preston,Millwall,,,,,,
717299,2022-04-15,ELC,2021,West Brom,Blackpool,,,,,,
717296,2022-04-15,ELC,2021,Sheffield Utd,Reading,,,,,,
717292,2022-04-15,ELC,2021,Hull City,Cardiff,,,,,,
717297,2022-04-15,ELC,2021,Stoke City,Bristol City,,,,,,
717298,2022-04-15,ELC,2021,Swansea,Barnsley,,,,,,
717294,2022-04-15,ELC,2021,Peterborough,Blackburn,,,,,,
717291,2022-04-15,ELC,2021,Huddersfield,QPR,,,,,,
717290,2022-04-15,ELC,2021,Derby,Fulham,,,,,,
710882,2022-04-16,PL,2021,Tottenham,Brighton,,,,,,
710879,2022-04-16,PL,2021,Manchester United,Norwich,,,,,,
710883,2022-04-16,PL,2021,Watford,Brentford,,,,,,
710881,2022-04-16,PL,2021,Southampton,Arsenal,,,,,,
710880,2022-04-17,PL,2021,Newcastle,Leicester,,,,,,
710884,2022-04-17,PL,2021,West Ham,Burnley,,,,,,
717307,2022-04-18,ELC,2021,Middlesbrough,Huddersfield,,,,,,
717304,2022-04-18,ELC,2021,Cardiff,Luton,,,,,,
717311,2022-04-18,ELC,2021,Reading,Swansea,,,,,,
717308,2022-04-18,ELC,2021,Millwall,Hull City,,,,,,
717301,2022-04-18,ELC,2021,Blackburn,Stoke City,,,,,,
717310,2022-04-18,ELC,2021,QPR,Derby,,,,,,
717300,2022-04-18,ELC,2021,Barnsley,Peterborough,,,,,,
717305,2022-04-18,ELC,2021,Coventry,Bournemouth,,,,,,
717302,2022-04-18,ELC,2021,Blackpool,Birmingham,,,,,,
717303,2022-04-18,ELC,2021,Bristol City,Sheffield Utd,,,,,,
717309,2022-04-18,ELC,2021,Nottingham Forest,West Brom,,,,,,
717306,2022-04-19,ELC,2021,Fulham,Preston,,,,,,
710849,2022-04-19,PL,2021,Liverpool,Manchester United,,,,,,
710851,2022-04-20,PL,2021,Newcastle,Crystal Palace,,,,,,
710727,2022-04-20,PL,2021,Everton,Leicester,,,,,,
710798,2022-04-20,PL,2021,Chelsea,Arsenal,,,,,,
710850,2022-04-20,PL,2021,Manchester City,Brighton,,,,,,
710847,2022-04-21,PL,2021,Burnley,Southampton,,,,,,
717315,2022-04-22,ELC,2021,Huddersfield,Barnsley,,,,,,
710886,2022-04-23,PL,2021,Arsenal,Manchester United,,,,,,
717317,2022-04-23,ELC,2021,Luton,Blackpool,,,,,,
710892,2022-04-23,PL,2021,Leicester,Aston Villa,,,,,,
710894,2022-04-23,PL,2021,Manchester City,Watford,,,,,,
710895,2022-04-23,PL,2021,Norwich,Newcastle,,,,,,
717312,2022-04-23,ELC,2021,Bournemouth,Fulham,,,,,,
717313,2022-04-23,ELC,2021,Birmingham,Millwall,,,,,,
717323,2022-04-23,ELC,2021,West Brom,Coventry,,,,,,
717320,2022-04-23,ELC,2021,Sheffield Utd,Cardiff,,,,,,
717316,2022-04-23,ELC,2021,Hull City,Reading,,,,,,
717314,2022-04-23,ELC,2021,Derby,Bristol City,,,,,,
717321,2022-04-23,ELC,2021,Stoke City,QPR,,,,,,
717322,2022-04-23,ELC,2021,Swansea,Middlesbrough,,,,,,
717318,2022-04-23,ELC,2021,Peterborough,Nottingham Forest,,,,,,
710887,2022-04-23,PL,2021,Brentford,Tottenham,,,,,,
710889,2022-04-24,PL,2021,Burnley,Wolves,,,,,,
710890,2022-04-24,PL,2021,Chelsea,West Ham,,,,,,
710888,2022-04-24,PL,2021,Brighton,Southampton,,,,,,
710893,2022-04-24,PL,2021,Liverpool,Everton,,,,,,
717319,2022-04-25,ELC,2021,Preston,Blackburn,,,,,,
710891,2022-04-25,PL,2021,Crystal Palace,Leeds,,,,,,
717254,2022-04-26,ELC,2021,Fulham,Nottingham Forest,,,,,,
717196,2022-04-26,ELC,2021,Swansea,Bournemouth,,,,,,
717108,2022-04-26,ELC,2021,Barnsley,Blackpool,,,,,,
717257,2022-04-27,ELC,2021,Middlesbrough,Cardiff,,,,,,
710919,2022-04-28,PL,2021,Manchester United,Chelsea,,,,,,
717334,2022-04-29,ELC,2021,QPR,Sheffield Utd,,,,,,
710900,2022-04-30,PL,2021,Newcastle,Liverpool,,,,,,
717324,2022-04-30,ELC,2021,Barnsley,Preston,,,,,,
710903,2022-04-30,PL,2021,Watford,Burnley,,,,,,
710905,2022-04-30,PL,2021,Wolves,Brighton,,,,,,
710901,2022-04-30,PL,2021,Southampton,Crystal Palace,,,,,,
710896,2022-04-30,PL,2021,Aston Villa,Norwich,,,,,,
717328,2022-04-30,ELC,2021,Cardiff,Birmingham,,,,,,
717335,2022-04-30,ELC,2021,Reading,West Brom,,,,,,
717327,2022-04-30,ELC,2021,Bristol City,Hull City,,,,,,
717332,2022-04-30,ELC,2021,Millwall,Peterborough,,,,,,
717333,2022-04-30,ELC,2021,Nottingham Forest,Swansea,,,,,,
717325,2022-04-30,ELC,2021,Blackburn,Bournemouth,,,,,,
717331,2022-04-30,ELC,2021,Middlesbrough,Stoke City,,,,,,
717329,2022-04-30,ELC,2021,Coventry,Huddersfield,,,,,,
717326,2022-04-30,ELC,2021,Blackpool,Derby,,,,,,
710898,2022-04-30,PL,2021,Leeds,Manchester City,,,,,,
710897,2022-05-01,PL,2021,Everton,Chelsea,,,,,,
710902,2022-05-01,PL,2021,Tottenham,Leicester,,,,,,
710904,2022-05-01,PL,2021,West Ham,Arsenal,,,,,,
717330,2022-05-02,ELC,2021,Fulham,Luton,,,,,,
710899,2022-05-02,PL,2021,Manchester United,Brentford,,,,,,
717180,2022-05-03,ELC,2021,Bournemouth,Nottingham Forest,,,,,,
717336,2022-05-07,ELC,2021,Bournemouth,Millwall,,,,,,
717339,2022-05-07,ELC,2021,Huddersfield,Bristol City,,,,,,
717337,2022-05-07,ELC,2021,Birmingham,Blackburn,,,,,,
717343,2022-05-07,ELC,2021,Preston,Middlesbrough,,,,,,
717347,2022-05-07,ELC,2021,West Brom,Barnsley,,,,,,
717344,2022-05-07,ELC,2021,Sheffield Utd,Fulham,,,,,,
717340,2022-05-07,ELC,2021,Hull City,Nottingham Forest,,,,,,
717338,2022-05-07,ELC,2021,Derby,Cardiff,,,,,,
717345,2022-05-07,ELC,2021,Stoke City,Coventry,,,,,,
717346,2022-05-07,ELC,2021,Swansea,QPR,,,,,,
717342,2022-05-07,ELC,2021,Peterborough,Blackpool,,,,,,
717341,2022-05-07,ELC,2021,Luton,Reading,,,,,,
710909,2022-05-07,PL,2021,Burnley,Aston Villa,,,,,,
710910,2022-05-07,PL,2021,Chelsea,Wolves,,,,,,
710911,2022-05-07,PL,2021,Crystal Palace,Watford,,,,,,
710907,2022-05-07,PL,2021,Brentford,Southampton,,,,,,
710908,2022-05-07,PL,2021,Brighton,Manchester United,,,,,,
710913,2022-05-07,PL,2021,Liverpool,Tottenham,,,,,,
710906,2022-05-08,PL,2021,Arsenal,Leeds,,,,,,
710912,2022-05-08,PL,2021,Leicester,Everton,,,,,,
710915,2022-05-08,PL,2021,Norwich,West Ham,,,,,,
710914,2022-05-08,PL,2021,Manchester City,Newcastle,,,,,,
710876,2022-05-10,PL,2021,Aston Villa,Liverpool,,,,,,
710878,2022-05-11,PL,2021,Leeds,Chelsea,,,,,,
710854,2022-05-11,PL,2021,Watford,Everton,,,,,,
710762,2022-05-11,PL,2021,Leicester,Norwich,,,,,,
710885,2022-05-11,PL,2021,Wolves,Manchester City,,,,,,
710773,2022-05-12,PL,2021,Tottenham,Arsenal,,,,,,
861351,2022-05-13,ELC,2021,Luton,Huddersfield,,,,,,
861353,2022-05-14,ELC,2021,Sheffield Utd,Nottingham Forest,,,,,,
710922,2022-05-15,PL,2021,Tottenham,Burnley,,,,,,
710923,2022-05-15,PL,2021,Watford,Leicester,,,,,,
710925,2022-05-15,PL,2021,Wolves,Norwich,,,,,,
710924,2022-05-15,PL,2021,West Ham,Manchester City,,,,,,
710918,2022-05-15,PL,2021,Leeds,Brighton,,,,,,
710916,2022-05-15,PL,2021,Aston Villa,Crystal Palace,,,,,,
710917,2022-05-15,PL,2021,Everton,Brentford,,,,,,
861352,2022-05-16,ELC,2021,Huddersfield,Luton,,,,,,
710920,2022-05-16,PL,2021,Newcastle,Arsenal,,,,,,
710921,2022-05-17,PL,2021,Southampton,Liverpool,,,,,,
710877,2022-05-19,PL,2021,Everton,Crystal Palace,,,,,,
710819,2022-05-19,PL,2021,Chelsea,Leicester,,,,,,
710726,2022-05-19,PL,2021,Aston Villa,Burnley,,,,,,
710933,2022-05-22,PL,2021,Liverpool,Wolves,,,,,,
710926,2022-05-22,PL,2021,Arsenal,Everton,,,,,,
710929,2022-05-22,PL,2021,Burnley,Newcastle,,,,,,
710932,2022-05-22,PL,2021,Leicester,Southampton,,,,,,
710930,2022-05-22,PL,2021,Chelsea,Watford,,,,,,
710934,2022-05-22,PL,2021,Manchester City,Aston Villa,,,,,,
710928,2022-05-22,PL,2021,Brighton,West Ham,,,,,,
710931,2022-05-22,PL,2021,Crystal Palace,Manchester United,,,,,,
710927,2022-05-22,PL,2021,Brentford,Leeds,,,,,,
710935,2022-05-22,PL,2021,Norwich,Tottenham,,,,,,
862297,2022-05-29,ELC,2021,Huddersfield,Nottingham Forest,,,,,,
874671,2022-07-29,ELC,2022,Huddersfield,Burnley,,,,,,
874674,2022-07-30,ELC,2022,Cardiff,Norwich,,,,,,
874677,2022-07-30,ELC,2022,Millwall,Stoke City,,,,,,
874679,2022-07-30,ELC,2022,Wigan,Preston,,,,,,
874675,2022-07-30,ELC,2022,Hull City,Bristol City,,,,,,
874672,2022-07-30,ELC,2022,Blackburn,QPR,,,,,,
874678,2022-07-30,ELC,2022,Rotherham,Swansea,,,,,,
874673,2022-07-30,ELC,2022,Blackpool,Reading,,,,,,
874676,2022-07-30,ELC,2022,Luton,Birmingham,,,,,,
874680,2022-07-30,ELC,2022,Middlesbrough,West Brom,,,,,,
874681,2022-07-31,ELC,2022,Sunderland,Coventry,,,,,,
874682,2022-08-01,ELC,2022,Watford,Sheffield Utd,,,,,,
874683,2022-08-05,ELC,2022,Birmingham,Huddersfield,,,,,,
867946,2022-08-05,PL,2022,Crystal Palace,Arsenal,,,,,,
867947,2022-08-06,PL,2022,Fulham,Liverpool,,,,,,
874687,2022-08-06,ELC,2022,Norwich,Wigan,,,,,,
867951,2022-08-06,PL,2022,Newcastle,Nottingham Forest,,,,,,
867948,2022-08-06,PL,2022,Bournemouth,Aston Villa,,,,,,
867952,2022-08-06,PL,2022,Tottenham,Southampton,,,,,,
867949,2022-08-06,PL,2022,Leeds,Wolves,,,,,,
874685,2022-08-06,ELC,2022,Burnley,Luton,,,,,,
874690,2022-08-06,ELC,2022,Reading,Cardiff,,,,,,
874684,2022-08-06,ELC,2022,Bristol City,Sunderland,,,,,,
874688,2022-08-06,ELC,2022,Preston,Hull City,,,,,,
874691,2022-08-06,ELC,2022,Sheffield Utd,Millwall,,,,,,
874689,2022-08-06,ELC,2022,QPR,Middlesbrough,,,,,,
874692,2022-08-06,ELC,2022,Stoke City,Blackpool,,,,,,
874693,2022-08-06,ELC,2022,Swansea,Blackburn,,,,,,
867953,2022-08-06,PL,2022,Everton,Chelsea,,,,,,
867954,2022-08-07,PL,2022,Manchester United,Brighton,,,,,,
867950,2022-08-07,PL,2022,Leicester,Brentford,,,,,,
867955,2022-08-07,PL,2022,West Ham,Manchester City,,,,,,
874694,2022-08-08,ELC,2022,West Brom,Watford,,,,,,
874705,2022-08-12,ELC,2022,Watford,Burnley,,,,,,
867957,2022-08-13,PL,2022,Aston Villa,Everton,,,,,,
874697,2022-08-13,ELC,2022,Cardiff,Birmingham,,,,,,
867965,2022-08-13,PL,2022,Wolves,Fulham,,,,,,
867964,2022-08-13,PL,2022,Southampton,Leeds,,,,,,
867956,2022-08-13,PL,2022,Arsenal,Leicester,,,,,,
867962,2022-08-13,PL,2022,Manchester City,Bournemouth,,,,,,
867959,2022-08-13,PL,2022,Brighton,Newcastle,,,,,,
874698,2022-08-13,ELC,2022,Huddersfield,Stoke City,,,,,,
874702,2022-08-13,ELC,2022,Millwall,Coventry,,,,,,
874706,2022-08-13,ELC,2022,Wigan,Bristol City,,,,,,
874699,2022-08-13,ELC,2022,Hull City,Norwich,,,,,,
874703,2022-08-13,ELC,2022,Rotherham,Reading,,,,,,
874704,2022-08-13,ELC,2022,Sunderland,QPR,,,,,,
874696,2022-08-13,ELC,2022,Blackpool,Swansea,,,,,,
874700,2022-08-13,ELC,2022,Luton,Preston,,,,,,
867958,2022-08-13,PL,2022,Brentford,Manchester United,,,,,,
867963,2022-08-14,PL,2022,Nottingham Forest,West Ham,,,,,,
874701,2022-08-14,ELC,2022,Middlesbrough,Sheffield Utd,,,,,,
874695,2022-08-14,ELC,2022,Blackburn,West Brom,,,,,,
867960,2022-08-14,PL,2022,Chelsea,Tottenham,,,,,,
867961,2022-08-15,PL,2022,Liverpool,Crystal Palace,,,,,,
874709,2022-08-16,ELC,2022,Burnley,Hull City,,,,,,
874707,2022-08-16,ELC,2022,Birmingham,Watford,,,,,,
874708,2022-08-16,ELC,2022,Bristol City,Luton,,,,,,
874712,2022-08-16,ELC,2022,Preston,Rotherham,,,,,,
874711,2022-08-16,ELC,2022,Norwich,Huddersfield,,,,,,
874715,2022-08-16,ELC,2022,Swansea,Millwall,,,,,,
874713,2022-08-16,ELC,2022,QPR,Blackpool,,,,,,
874717,2022-08-17,ELC,2022,Stoke City,Middlesbrough,,,,,,
874716,2022-08-17,ELC,2022,Reading,Blackburn,,,,,,
874718,2022-08-17,ELC,2022,West Brom,Cardiff,,,,,,
874714,2022-08-17,ELC,2022,Sheffield Utd,Sunderland,,,,,,
880771,2022-08-19,ELC,2022,Norwich,Millwall,,,,,,
867974,2022-08-20,PL,2022,Tottenham,Wolves,,,,,,
867969,2022-08-20,PL,2022,Fulham,Brentford,,,,,,
867968,2022-08-20,PL,2022,Everton,Nottingham Forest,,,,,,
867971,2022-08-20,PL,2022,Leicester,Southampton,,,,,,
867967,2022-08-20,PL,2022,Crystal Palace,Aston Villa,,,,,,
880769,2022-08-20,ELC,2022,Burnley,Blackpool,,,,,,
880774,2022-08-20,ELC,2022,Reading,Middlesbrough,,,,,,
880767,2022-08-20,ELC,2022,Birmingham,Wigan,,,,,,
880772,2022-08-20,ELC,2022,Preston,Watford,,,,,,
880778,2022-08-20,ELC,2022,West Brom,Hull City,,,,,,
880775,2022-08-20,ELC,2022,Sheffield Utd,Blackburn,,,,,,
880773,2022-08-20,ELC,2022,QPR,Rotherham,,,,,,
880776,2022-08-20,ELC,2022,Stoke City,Sunderland,,,,,,
880777,2022-08-20,ELC,2022,Swansea,Luton,,,,,,
867966,2022-08-20,PL,2022,Bournemouth,Arsenal,,,,,,
880768,2022-08-21,ELC,2022,Bristol City,Cardiff,,,,,,
867975,2022-08-21,PL,2022,West Ham,Brighton,,,,,,
867970,2022-08-21,PL,2022,Leeds,Chelsea,,,,,,
867973,2022-08-21,PL,2022,Newcastle,Manchester City,,,,,,
867972,2022-08-22,PL,2022,Manchester United,Liverpool,,,,,,
880784,2022-08-26,ELC,2022,Luton,Sheffield Utd,,,,,,
867984,2022-08-27,PL,2022,Southampton,Manchester United,,,,,,
880788,2022-08-27,ELC,2022,Sunderland,Norwich,,,,,,
867981,2022-08-27,PL,2022,Liverpool,Bournemouth,,,,,,
867980,2022-08-27,PL,2022,Chelsea,Leicester,,,,,,
867982,2022-08-27,PL,2022,Manchester City,Crystal Palace,,,,,,
867979,2022-08-27,PL,2022,Brighton,Leeds,,,,,,
867978,2022-08-27,PL,2022,Brentford,Everton,,,,,,
880782,2022-08-27,ELC,2022,Huddersfield,West Brom,,,,,,
880789,2022-08-27,ELC,2022,Watford,QPR,,,,,,
880781,2022-08-27,ELC,2022,Cardiff,Preston,,,,,,
880786,2022-08-27,ELC,2022,Millwall,Reading,,,,,,
880790,2022-08-27,ELC,2022,Wigan,Burnley,,,,,,
880783,2022-08-27,ELC,2022,Hull City,Coventry,,,,,,
880779,2022-08-27,ELC,2022,Blackburn,Stoke City,,,,,,
880785,2022-08-27,ELC,2022,Middlesbrough,Swansea,,,,,,
880787,2022-08-27,ELC,2022,Rotherham,Birmingham,,,,,,
880780,2022-08-27,ELC,2022,Blackpool,Bristol City,,,,,,
867976,2022-08-27,PL,2022,Arsenal,Fulham,,,,,,
867985,2022-08-28,PL,2022,Wolves,Newcastle,,,,,,
867977,2022-08-28,PL,2022,Aston Villa,West Ham,,,,,,
867983,2022-08-28,PL,2022,Nottingham Forest,Tottenham,,,,,,
867988,2022-08-30,PL,2022,Fulham,Brighton,,,,,,
867992,2022-08-30,PL,2022,Crystal Palace,Brentford,,,,,,
867993,2022-08-30,PL,2022,Southampton,Chelsea,,,,,,
880793,2022-08-30,ELC,2022,Cardiff,Luton,,,,,,
880792,2022-08-30,ELC,2022,Burnley,Millwall,,,,,,
880791,2022-08-30,ELC,2022,Birmingham,Norwich,,,,,,
880796,2022-08-30,ELC,2022,Wigan,West Brom,,,,,,
880800,2022-08-30,ELC,2022,Sheffield Utd,Reading,,,,,,
880794,2022-08-30,ELC,2022,QPR,Hull City,,,,,,
867989,2022-08-30,PL,2022,Leeds,Everton,,,,,,
880795,2022-08-30,ELC,2022,Watford,Middlesbrough,,,,,,
867986,2022-08-31,PL,2022,Bournemouth,Wolves,,,,,,
867987,2022-08-31,PL,2022,Arsenal,Aston Villa,,,,,,
867995,2022-08-31,PL,2022,Manchester City,Nottingham Forest,,,,,,
867991,2022-08-31,PL,2022,West Ham,Tottenham,,,,,,
880798,2022-08-31,ELC,2022,Bristol City,Huddersfield,,,,,,
880802,2022-08-31,ELC,2022,Stoke City,Swansea,,,,,,
880801,2022-08-31,ELC,2022,Sunderland,Rotherham,,,,,,
880799,2022-08-31,ELC,2022,Coventry,Preston,,,,,,
867994,2022-08-31,PL,2022,Liverpool,Newcastle,,,,,,
880797,2022-08-31,ELC,2022,Blackpool,Blackburn,,,,,,
867990,2022-09-01,PL,2022,Leicester,Manchester United,,,,,,
880814,2022-09-02,ELC,2022,West Brom,Burnley,,,,,,
868000,2022-09-03,PL,2022,Everton,Liverpool,,,,,,
868002,2022-09-03,PL,2022,Newcastle,Crystal Palace,,,,,,
868005,2022-09-03,PL,2022,Wolves,Southampton,,,,,,
868004,2022-09-03,PL,2022,Tottenham,Fulham,,,,,,
867999,2022-09-03,PL,2022,Chelsea,West Ham,,,,,,
867997,2022-09-03,PL,2022,Brentford,Leeds,,,,,,
868003,2022-09-03,PL,2022,Nottingham Forest,Bournemouth,,,,,,
880808,2022-09-03,ELC,2022,Millwall,Cardiff,,,,,,
880810,2022-09-03,ELC,2022,Preston,Birmingham,,,,,,
880803,2022-09-03,ELC,2022,Blackburn,Bristol City,,,,,,
880809,2022-09-03,ELC,2022,Norwich,Coventry,,,,,,
880812,2022-09-03,ELC,2022,Rotherham,Watford,,,,,,
880813,2022-09-03,ELC,2022,Swansea,QPR,,,,,,
880806,2022-09-03,ELC,2022,Luton,Wigan,,,,,,
867996,2022-09-03,PL,2022,Aston Villa,Manchester City,,,,,,
880811,2022-09-04,ELC,2022,Reading,Stoke City,,,,,,
867998,2022-09-04,PL,2022,Brighton,Leicester,,,,,,
880804,2022-09-04,ELC,2022,Huddersfield,Blackpool,,,,,,
880805,2022-09-04,ELC,2022,Hull City,Sheffield Utd,,,,,,
868001,2022-09-04,PL,2022,Manchester United,Arsenal,,,,,,
880807,2022-09-05,ELC,2022,Middlesbrough,Sunderland,,,,,,
880828,2022-09-13,ELC,2022,Huddersfield,Wigan,,,,,,
880829,2022-09-13,ELC,2022,Hull City,Stoke City,,,,,,
880827,2022-09-13,ELC,2022,Blackburn,Watford,,,,,,
880830,2022-09-13,ELC,2022,Middlesbrough,Cardiff,,,,,,
880832,2022-09-13,ELC,2022,Swansea,Sheffield Utd,,,,,,
880831,2022-09-13,ELC,2022,Preston,Burnley,,,,,,
880834,2022-09-14,ELC,2022,Millwall,QPR,,,,,,
880835,2022-09-14,ELC,2022,Norwich,Bristol City,,,,,,
880836,2022-09-14,ELC,2022,Rotherham,Blackpool,,,,,,
880833,2022-09-14,ELC,2022,Luton,Coventry,,,,,,
880837,2022-09-14,ELC,2022,Reading,Sunderland,,,,,,
880838,2022-09-14,ELC,2022,West Brom,Birmingham,,,,,,
868023,2022-09-16,PL,2022,Nottingham Forest,Fulham,,,,,,
868016,2022-09-16,PL,2022,Aston Villa,Southampton,,,,,,
868025,2022-09-17,PL,2022,Wolves,Manchester City,,,,,,
880848,2022-09-17,ELC,2022,Swansea,Hull City,,,,,,
868022,2022-09-17,PL,2022,Newcastle,Bournemouth,,,,,,
880841,2022-09-17,ELC,2022,Huddersfield,Cardiff,,,,,,
880849,2022-09-17,ELC,2022,Watford,Sunderland,,,,,,
880840,2022-09-17,ELC,2022,Burnley,Bristol City,,,,,,
880839,2022-09-17,ELC,2022,Birmingham,Coventry,,,,,,
880844,2022-09-17,ELC,2022,Millwall,Blackpool,,,,,,
880846,2022-09-17,ELC,2022,Preston,Sheffield Utd,,,,,,
880850,2022-09-17,ELC,2022,Wigan,Reading,,,,,,
880845,2022-09-17,ELC,2022,Norwich,West Brom,,,,,,
880847,2022-09-17,ELC,2022,QPR,Stoke City,,,,,,
880842,2022-09-17,ELC,2022,Luton,Blackburn,,,,,,
868024,2022-09-17,PL,2022,Tottenham,Leicester,,,,,,
880843,2022-09-17,ELC,2022,Middlesbrough,Rotherham,,,,,,
868017,2022-09-18,PL,2022,Brentford,Arsenal,,,,,,
868020,2022-09-18,PL,2022,Everton,West Ham,,,,,,
880856,2022-09-30,ELC,2022,Hull City,Luton,,,,,,
868027,2022-10-01,PL,2022,Arsenal,Tottenham,,,,,,
868026,2022-10-01,PL,2022,Bournemouth,Brentford,,,,,,
868029,2022-10-01,PL,2022,Fulham,Newcastle,,,,,,
868032,2022-10-01,PL,2022,Liverpool,Brighton,,,,,,
868034,2022-10-01,PL,2022,Southampton,Everton,,,,,,
868028,2022-10-01,PL,2022,Crystal Palace,Chelsea,,,,,,
880854,2022-10-01,ELC,2022,Cardiff,Burnley,,,,,,
880857,2022-10-01,ELC,2022,Reading,Huddersfield,,,,,,
880853,2022-10-01,ELC,2022,Bristol City,QPR,,,,,,
880862,2022-10-01,ELC,2022,West Brom,Swansea,,,,,,
880859,2022-10-01,ELC,2022,Sheffield Utd,Birmingham,,,,,,
880851,2022-10-01,ELC,2022,Blackburn,Millwall,,,,,,
880858,2022-10-01,ELC,2022,Rotherham,Wigan,,,,,,
880861,2022-10-01,ELC,2022,Sunderland,Preston,,,,,,
880855,2022-10-01,ELC,2022,Coventry,Middlesbrough,,,,,,
880852,2022-10-01,ELC,2022,Blackpool,Norwich,,,,,,
868035,2022-10-01,PL,2022,West Ham,Wolves,,,,,,
880860,2022-10-02,ELC,2022,Stoke City,Watford,,,,,,
868033,2022-10-02,PL,2022,Manchester City,Manchester United,,,,,,
868030,2022-10-02,PL,2022,Leeds,Aston Villa,,,,,,
868031,2022-10-03,PL,2022,Leicester,Nottingham Forest,,,,,,
880863,2022-10-04,ELC,2022,Bristol City,Coventry,,,,,,
880866,2022-10-04,ELC,2022,Sheffield Utd,QPR,,,,,,
880867,2022-10-04,ELC,2022,Sunderland,Blackpool,,,,,,
880865,2022-10-04,ELC,2022,Luton,Huddersfield,,,,,,
880864,2022-10-04,ELC,2022,Cardiff,Blackburn,,,,,,
880868,2022-10-04,ELC,2022,Reading,Norwich,,,,,,
880874,2022-10-05,ELC,2022,Watford,Swansea,,,,,,
880869,2022-10-05,ELC,2022,Burnley,Stoke City,,,,,,
880870,2022-10-05,ELC,2022,Hull City,Wigan,,,,,,
880871,2022-10-05,ELC,2022,Middlesbrough,Birmingham,,,,,,
880873,2022-10-05,ELC,2022,Rotherham,Millwall,,,,,,
880872,2022-10-05,ELC,2022,Preston,West Brom,,,,,,
880882,2022-10-07,ELC,2022,QPR,Reading,,,,,,
868043,2022-10-08,PL,2022,Newcastle,Brentford,,,,,,
868036,2022-10-08,PL,2022,Bournemouth,Leicester,,,,,,
868039,2022-10-08,PL,2022,Chelsea,Wolves,,,,,,
868042,2022-10-08,PL,2022,Manchester City,Southampton,,,,,,
880875,2022-10-08,ELC,2022,Birmingham,Bristol City,,,,,,
880880,2022-10-08,ELC,2022,Millwall,Middlesbrough,,,,,,
880885,2022-10-08,ELC,2022,West Brom,Luton,,,,,,
880886,2022-10-08,ELC,2022,Wigan,Cardiff,,,,,,
880876,2022-10-08,ELC,2022,Blackburn,Rotherham,,,,,,
880881,2022-10-08,ELC,2022,Norwich,Preston,,,,,,
880883,2022-10-08,ELC,2022,Stoke City,Sheffield Utd,,,,,,
880884,2022-10-08,ELC,2022,Swansea,Sunderland,,,,,,
880878,2022-10-08,ELC,2022,Coventry,Burnley,,,,,,
880877,2022-10-08,ELC,2022,Blackpool,Watford,,,,,,
868038,2022-10-08,PL,2022,Brighton,Tottenham,,,,,,
880879,2022-10-09,ELC,2022,Huddersfield,Hull City,,,,,,
868045,2022-10-09,PL,2022,West Ham,Fulham,,,,,,
868040,2022-10-09,PL,2022,Crystal Palace,Leeds,,,,,,
868037,2022-10-09,PL,2022,Arsenal,Liverpool,,,,,,
868041,2022-10-09,PL,2022,Everton,Manchester United,,,,,,
868044,2022-10-10,PL,2022,Nottingham Forest,Aston Villa,,,,,,
880826,2022-10-11,ELC,2022,Wigan,Blackburn,,,,,,
880817,2022-10-12,ELC,2022,Bristol City,Preston,,,,,,
868047,2022-10-14,PL,2022,Brentford,Brighton,,,,,,
868050,2022-10-15,PL,2022,Leicester,Crystal Palace,,,,,,
880895,2022-10-15,ELC,2022,Rotherham,Huddersfield,,,,,,
880891,2022-10-15,ELC,2022,Luton,QPR,,,,,,
868048,2022-10-15,PL,2022,Fulham,Bournemouth,,,,,,
868055,2022-10-15,PL,2022,Wolves,Nottingham Forest,,,,,,
880889,2022-10-15,ELC,2022,Cardiff,Coventry,,,,,,
880888,2022-10-15,ELC,2022,Burnley,Swansea,,,,,,
880894,2022-10-15,ELC,2022,Reading,West Brom,,,,,,
880887,2022-10-15,ELC,2022,Bristol City,Millwall,,,,,,
880893,2022-10-15,ELC,2022,Preston,Stoke City,,,,,,
880896,2022-10-15,ELC,2022,Sheffield Utd,Blackpool,,,,,,
880892,2022-10-15,ELC,2022,Middlesbrough,Blackburn,,,,,,
880897,2022-10-15,ELC,2022,Sunderland,Wigan,,,,,,
868054,2022-10-15,PL,2022,Tottenham,Everton,,,,,,
880898,2022-10-15,ELC,2022,Watford,Norwich,,,,,,
868052,2022-10-16,PL,2022,Manchester United,Newcastle,,,,,,
868053,2022-10-16,PL,2022,Southampton,West Ham,,,,,,
868049,2022-10-16,PL,2022,Leeds,Arsenal,,,,,,
868046,2022-10-16,PL,2022,Aston Villa,Chelsea,,,,,,
880890,2022-10-16,ELC,2022,Hull City,Birmingham,,,,,,
868051,2022-10-16,PL,2022,Liverpool,Manchester City,,,,,,
868059,2022-10-18,PL,2022,Brighton,Nottingham Forest,,,,,,
880900,2022-10-18,ELC,2022,Huddersfield,Preston,,,,,,
880901,2022-10-18,ELC,2022,Norwich,Luton,,,,,,
880902,2022-10-18,ELC,2022,Swansea,Reading,,,,,,
880904,2022-10-18,ELC,2022,West Brom,Bristol City,,,,,,
880899,2022-10-18,ELC,2022,Blackburn,Sunderland,,,,,,
880903,2022-10-18,ELC,2022,Stoke City,Rotherham,,,,,,
868062,2022-10-18,PL,2022,Crystal Palace,Wolves,,,,,,
868063,2022-10-19,PL,2022,Newcastle,Everton,,,,,,
868056,2022-10-19,PL,2022,Bournemouth,Southampton,,,,,,
868064,2022-10-19,PL,2022,Liverpool,West Ham,,,,,,
868058,2022-10-19,PL,2022,Brentford,Chelsea,,,,,,
880905,2022-10-19,ELC,2022,Birmingham,Burnley,,,,,,
880910,2022-10-19,ELC,2022,Wigan,Middlesbrough,,,,,,
880909,2022-10-19,ELC,2022,QPR,Cardiff,,,,,,
880907,2022-10-19,ELC,2022,Coventry,Sheffield Utd,,,,,,
880906,2022-10-19,ELC,2022,Blackpool,Hull City,,,,,,
880908,2022-10-19,ELC,2022,Millwall,Watford,,,,,,
868065,2022-10-19,PL,2022,Manchester United,Tottenham,,,,,,
868060,2022-10-20,PL,2022,Fulham,Aston Villa,,,,,,
868061,2022-10-20,PL,2022,Leicester,Leeds,,,,,,
868071,2022-10-22,PL,2022,Nottingham Forest,Liverpool,,,,,,
880912,2022-10-22,ELC,2022,Blackpool,Preston,,,,,,
868068,2022-10-22,PL,2022,Everton,Crystal Palace,,,,,,
868070,2022-10-22,PL,2022,Manchester City,Brighton,,,,,,
880916,2022-10-22,ELC,2022,Reading,Bristol City,,,,,,
880914,2022-10-22,ELC,2022,Millwall,West Brom,,,,,,
880918,2022-10-22,ELC,2022,Sheffield Utd,Norwich,,,,,,
880911,2022-10-22,ELC,2022,Blackburn,Birmingham,,,,,,
880913,2022-10-22,ELC,2022,Middlesbrough,Huddersfield,,,,,,
880915,2022-10-22,ELC,2022,QPR,Wigan,,,,,,
880917,2022-10-22,ELC,2022,Rotherham,Hull City,,,,,,
880919,2022-10-22,ELC,2022,Stoke City,Coventry,,,,,,
880920,2022-10-22,ELC,2022,Sunderland,Burnley,,,,,,
868067,2022-10-22,PL,2022,Chelsea,Manchester United,,,,,,
880922,2022-10-23,ELC,2022,Watford,Luton,,,,,,
880921,2022-10-23,ELC,2022,Swansea,Cardiff,,,,,,
868075,2022-10-23,PL,2022,Wolves,Leicester,,,,,,
868072,2022-10-23,PL,2022,Southampton,Arsenal,,,,,,
868069,2022-10-23,PL,2022,Leeds,Fulham,,,,,,
868066,2022-10-23,PL,2022,Aston Villa,Brentford,,,,,,
868073,2022-10-23,PL,2022,Tottenham,Newcastle,,,,,,
868074,2022-10-24,PL,2022,West Ham,Bournemouth,,,,,,
874686,2022-10-25,ELC,2022,Coventry,Rotherham,,,,,,
880818,2022-10-25,ELC,2022,Burnley,Norwich,,,,,,
880923,2022-10-28,ELC,2022,Birmingham,QPR,,,,,,
880924,2022-10-29,ELC,2022,Bristol City,Swansea,,,,,,
868082,2022-10-29,PL,2022,Leicester,Manchester City,,,,,,
880933,2022-10-29,ELC,2022,West Brom,Sheffield Utd,,,,,,
868085,2022-10-29,PL,2022,Newcastle,Aston Villa,,,,,,
868076,2022-10-29,PL,2022,Bournemouth,Tottenham,,,,,,
868079,2022-10-29,PL,2022,Brighton,Chelsea,,,,,,
868080,2022-10-29,PL,2022,Crystal Palace,Southampton,,,,,,
868078,2022-10-29,PL,2022,Brentford,Wolves,,,,,,
880928,2022-10-29,ELC,2022,Huddersfield,Millwall,,,,,,
880926,2022-10-29,ELC,2022,Cardiff,Rotherham,,,,,,
880925,2022-10-29,ELC,2022,Burnley,Reading,,,,,,
880932,2022-10-29,ELC,2022,Preston,Middlesbrough,,,,,,
880934,2022-10-29,ELC,2022,Wigan,Watford,,,,,,
880929,2022-10-29,ELC,2022,Hull City,Blackburn,,,,,,
880931,2022-10-29,ELC,2022,Norwich,Stoke City,,,,,,
880927,2022-10-29,ELC,2022,Coventry,Blackpool,,,,,,
880930,2022-10-29,ELC,2022,Luton,Sunderland,,,,,,
868081,2022-10-29,PL,2022,Fulham,Everton,,,,,,
868083,2022-10-29,PL,2022,Liverpool,Leeds,,,,,,
868077,2022-10-30,PL,2022,Arsenal,Nottingham Forest,,,,,,
868084,2022-10-30,PL,2022,Manchester United,West Ham,,,,,,
880939,2022-11-01,ELC,2022,Preston,Swansea,,,,,,
880937,2022-11-01,ELC,2022,Hull City,Middlesbrough,,,,,,
880936,2022-11-01,ELC,2022,Coventry,Blackburn,,,,,,
880938,2022-11-01,ELC,2022,Luton,Reading,,,,,,
880935,2022-11-01,ELC,2022,Bristol City,Sheffield Utd,,,,,,
880940,2022-11-01,ELC,2022,West Brom,Blackpool,,,,,,
880944,2022-11-02,ELC,2022,Huddersfield,Sunderland,,,,,,
880943,2022-11-02,ELC,2022,Cardiff,Watford,,,,,,
880942,2022-11-02,ELC,2022,Burnley,Rotherham,,,,,,
880941,2022-11-02,ELC,2022,Birmingham,Millwall,,,,,,
880946,2022-11-02,ELC,2022,Wigan,Stoke City,,,,,,
880945,2022-11-02,ELC,2022,Norwich,QPR,,,,,,
880952,2022-11-04,ELC,2022,Reading,Preston,,,,,,
880954,2022-11-05,ELC,2022,Sheffield Utd,Burnley,,,,,,
868095,2022-11-05,PL,2022,Wolves,Brighton,,,,,,
868090,2022-11-05,PL,2022,Manchester City,Fulham,,,,,,
868089,2022-11-05,PL,2022,Leeds,Bournemouth,,,,,,
868091,2022-11-05,PL,2022,Nottingham Forest,Brentford,,,,,,
880958,2022-11-05,ELC,2022,Watford,Coventry,,,,,,
880950,2022-11-05,ELC,2022,Millwall,Hull City,,,,,,
880947,2022-11-05,ELC,2022,Blackburn,Huddersfield,,,,,,
880949,2022-11-05,ELC,2022,Middlesbrough,Bristol City,,,,,,
880951,2022-11-05,ELC,2022,QPR,West Brom,,,,,,
880953,2022-11-05,ELC,2022,Rotherham,Norwich,,,,,,
880955,2022-11-05,ELC,2022,Stoke City,Birmingham,,,,,,
880957,2022-11-05,ELC,2022,Swansea,Wigan,,,,,,
880956,2022-11-05,ELC,2022,Sunderland,Cardiff,,,,,,
880948,2022-11-05,ELC,2022,Blackpool,Luton,,,,,,
868088,2022-11-05,PL,2022,Everton,Leicester,,,,,,
868087,2022-11-06,PL,2022,Chelsea,Arsenal,,,,,,
868092,2022-11-06,PL,2022,Southampton,Newcastle,,,,,,
868094,2022-11-06,PL,2022,West Ham,Crystal Palace,,,,,,
868086,2022-11-06,PL,2022,Aston Villa,Manchester United,,,,,,
868093,2022-11-06,PL,2022,Tottenham,Liverpool,,,,,,
880819,2022-11-08,ELC,2022,Cardiff,Hull City,,,,,,
880815,2022-11-08,ELC,2022,Birmingham,Swansea,,,,,,
880822,2022-11-08,ELC,2022,Sheffield Utd,Rotherham,,,,,,
880821,2022-11-08,ELC,2022,QPR,Huddersfield,,,,,,
880823,2022-11-08,ELC,2022,Stoke City,Luton,,,,,,
874710,2022-11-08,ELC,2022,Coventry,Wigan,,,,,,
880816,2022-11-08,ELC,2022,Blackpool,Middlesbrough,,,,,,
880825,2022-11-08,ELC,2022,Watford,Reading,,,,,,
880959,2022-11-11,ELC,2022,Birmingham,Sunderland,,,,,,
868100,2022-11-12,PL,2022,Manchester City,Brentford,,,,,,
868096,2022-11-12,PL,2022,Bournemouth,Everton,,,,,,
868099,2022-11-12,PL,2022,Liverpool,Southampton,,,,,,
868103,2022-11-12,PL,2022,Tottenham,Leeds,,,,,,
868104,2022-11-12,PL,2022,West Ham,Leicester,,,,,,
868102,2022-11-12,PL,2022,Nottingham Forest,Crystal Palace,,,,,,
880964,2022-11-12,ELC,2022,Huddersfield,Swansea,,,,,,
880962,2022-11-12,ELC,2022,Cardiff,Sheffield Utd,,,,,,
880960,2022-11-12,ELC,2022,Bristol City,Watford,,,,,,
880968,2022-11-12,ELC,2022,Preston,Millwall,,,,,,
880969,2022-11-12,ELC,2022,West Brom,Stoke City,,,,,,
880970,2022-11-12,ELC,2022,Wigan,Blackpool,,,,,,
880965,2022-11-12,ELC,2022,Hull City,Reading,,,,,,
880967,2022-11-12,ELC,2022,Norwich,Middlesbrough,,,,,,
880963,2022-11-12,ELC,2022,Coventry,QPR,,,,,,
880966,2022-11-12,ELC,2022,Luton,Rotherham,,,,,,
868101,2022-11-12,PL,2022,Newcastle,Chelsea,,,,,,
868105,2022-11-12,PL,2022,Wolves,Arsenal,,,,,,
880961,2022-11-13,ELC,2022,Burnley,Blackburn,,,,,,
868097,2022-11-13,PL,2022,Brighton,Aston Villa,,,,,,
868098,2022-11-13,PL,2022,Fulham,Manchester United,,,,,,
880824,2022-12-03,ELC,2022,Sunderland,Millwall,,,,,,
880971,2022-12-10,ELC,2022,Blackburn,Preston,,,,,,
880977,2022-12-10,ELC,2022,Rotherham,Bristol City,,,,,,
880976,2022-12-10,ELC,2022,Reading,Coventry,,,,,,
880974,2022-12-10,ELC,2022,Millwall,Wigan,,,,,,
880978,2022-12-10,ELC,2022,Sheffield Utd,Huddersfield,,,,,,
880973,2022-12-10,ELC,2022,Middlesbrough,Luton,,,,,,
880979,2022-12-10,ELC,2022,Stoke City,Cardiff,,,,,,
880981,2022-12-10,ELC,2022,Swansea,Norwich,,,,,,
880972,2022-12-10,ELC,2022,Blackpool,Birmingham,,,,,,
880975,2022-12-11,ELC,2022,QPR,Burnley,,,,,,
880982,2022-12-11,ELC,2022,Watford,Hull City,,,,,,
880980,2022-12-12,ELC,2022,Sunderland,West Brom,,,,,,
880983,2022-12-16,ELC,2022,Birmingham,Reading,,,,,,
880988,2022-12-17,ELC,2022,Huddersfield,Watford,,,,,,
880986,2022-12-17,ELC,2022,Cardiff,Blackpool,,,,,,
880985,2022-12-17,ELC,2022,Burnley,Middlesbrough,,,,,,
880984,2022-12-17,ELC,2022,Bristol City,Stoke City,,,,,,
880992,2022-12-17,ELC,2022,Preston,QPR,,,,,,
880993,2022-12-17,ELC,2022,West Brom,Rotherham,,,,,,
880989,2022-12-17,ELC,2022,Hull City,Sunderland,,,,,,
880987,2022-12-17,ELC,2022,Coventry,Swansea,,,,,,
880991,2022-12-17,ELC,2022,Norwich,Blackburn,,,,,,
880994,2022-12-19,ELC,2022,Wigan,Sheffield Utd,,,,,,
880820,2022-12-21,ELC,2022,Coventry,West Brom,,,,,,
881006,2022-12-26,ELC,2022,Watford,Millwall,,,,,,
868108,2022-12-26,PL,2022,Brentford,Tottenham,,,,,,
881005,2022-12-26,ELC,2022,Sunderland,Blackburn,,,,,,
868115,2022-12-26,PL,2022,Southampton,Brighton,,,,,,
868111,2022-12-26,PL,2022,Everton,Wolves,,,,,,
868113,2022-12-26,PL,2022,Leicester,Newcastle,,,,,,
868110,2022-12-26,PL,2022,Crystal Palace,Fulham,,,,,,
880995,2022-12-26,ELC,2022,Bristol City,West Brom,,,,,,
881001,2022-12-26,ELC,2022,Preston,Huddersfield,,,,,,
881004,2022-12-26,ELC,2022,Sheffield Utd,Coventry,,,,,,
880998,2022-12-26,ELC,2022,Hull City,Blackpool,,,,,,
881000,2022-12-26,ELC,2022,Middlesbrough,Wigan,,,,,,
881003,2022-12-26,ELC,2022,Rotherham,Stoke City,,,,,,
880997,2022-12-26,ELC,2022,Cardiff,QPR,,,,,,
868107,2022-12-26,PL,2022,Aston Villa,Liverpool,,,,,,
880999,2022-12-26,ELC,2022,Luton,Norwich,,,,,,
868106,2022-12-26,PL,2022,Arsenal,West Ham,,,,,,
881002,2022-12-27,ELC,2022,Reading,Swansea,,,,,,
868109,2022-12-27,PL,2022,Chelsea,Bournemouth,,,,,,
868114,2022-12-27,PL,2022,Manchester United,Nottingham Forest,,,,,,
880996,2022-12-27,ELC,2022,Burnley,Birmingham,,,,,,
868112,2022-12-28,PL,2022,Leeds,Manchester City,,,,,,
881014,2022-12-29,ELC,2022,QPR,Luton,,,,,,
881011,2022-12-29,ELC,2022,Huddersfield,Rotherham,,,,,,
881012,2022-12-29,ELC,2022,Millwall,Bristol City,,,,,,
881016,2022-12-29,ELC,2022,Wigan,Sunderland,,,,,,
881008,2022-12-29,ELC,2022,Blackburn,Middlesbrough,,,,,,
881010,2022-12-29,ELC,2022,Coventry,Cardiff,,,,,,
881018,2022-12-29,ELC,2022,West Brom,Preston,,,,,,
881009,2022-12-29,ELC,2022,Blackpool,Sheffield Utd,,,,,,
868124,2022-12-30,PL,2022,West Ham,Brentford,,,,,,
881007,2022-12-30,ELC,2022,Birmingham,Hull City,,,,,,
881013,2022-12-30,ELC,2022,Norwich,Reading,,,,,,
881017,2022-12-30,ELC,2022,Stoke City,Burnley,,,,,,
881015,2022-12-30,ELC,2022,Swansea,Watford,,,,,,
868119,2022-12-30,PL,2022,Liverpool,Leicester,,,,,,
868125,2022-12-31,PL,2022,Wolves,Manchester United,,,,,,
868121,2022-12-31,PL,2022,Newcastle,Leeds,,,,,,
868116,2022-12-31,PL,2022,Bournemouth,Crystal Palace,,,,,,
868118,2022-12-31,PL,2022,Fulham,Southampton,,,,,,
868120,2022-12-31,PL,2022,Manchester City,Everton,,,,,,
868117,2022-12-31,PL,2022,Brighton,Arsenal,,,,,,
881020,2023-01-01,ELC,2022,Blackburn,Cardiff,,,,,,
868123,2023-01-01,PL,2022,Tottenham,Aston Villa,,,,,,
881023,2023-01-01,ELC,2022,Huddersfield,Luton,,,,,,
881024,2023-01-01,ELC,2022,Millwall,Rotherham,,,,,,
881022,2023-01-01,ELC,2022,Coventry,Bristol City,,,,,,
881021,2023-01-01,ELC,2022,Blackpool,Sunderland,,,,,,
868122,2023-01-01,PL,2022,Nottingham Forest,Chelsea,,,,,,
881019,2023-01-02,ELC,2022,Birmingham,Middlesbrough,,,,,,
881029,2023-01-02,ELC,2022,West Brom,Reading,,,,,,
881030,2023-01-02,ELC,2022,Wigan,Hull City,,,,,,
881025,2023-01-02,ELC,2022,Norwich,Watford,,,,,,
881027,2023-01-02,ELC,2022,Stoke City,Preston,,,,,,
881028,2023-01-02,ELC,2022,Swansea,Burnley,,,,,,
868128,2023-01-02,PL,2022,Brentford,Liverpool,,,,,,
881026,2023-01-02,ELC,2022,QPR,Sheffield Utd,,,,,,
868126,2023-01-03,PL,2022,Arsenal,Newcastle,,,,,,
868131,2023-01-03,PL,2022,Everton,Brighton,,,,,,
868133,2023-01-03,PL,2022,Leicester,Fulham,,,,,,
868134,2023-01-03,PL,2022,Manchester United,Bournemouth,,,,,,
868135,2023-01-04,PL,2022,Southampton,Nottingham Forest,,,,,,
868132,2023-01-04,PL,2022,Leeds,West Ham,,,,,,
868130,2023-01-04,PL,2022,Crystal Palace,Tottenham,,,,,,
868127,2023-01-04,PL,2022,Aston Villa,Wolves,,,,,,
868129,2023-01-05,PL,2022,Chelsea,Manchester City,,,,,,
868009,2023-01-12,PL,2022,Fulham,Chelsea,,,,,,
868136,2023-01-13,PL,2022,Aston Villa,Leeds,,,,,,
868141,2023-01-14,PL,2022,Manchester United,Manchester City,,,,,,
881039,2023-01-14,ELC,2022,Rotherham,Blackburn,,,,,,
868145,2023-01-14,PL,2022,Wolves,West Ham,,,,,,
868140,2023-01-14,PL,2022,Everton,Southampton,,,,,,
868138,2023-01-14,PL,2022,Brighton,Liverpool,,,,,,
868143,2023-01-14,PL,2022,Nottingham Forest,Leicester,,,,,,
881042,2023-01-14,ELC,2022,Watford,Blackpool,,,,,,
881033,2023-01-14,ELC,2022,Cardiff,Wigan,,,,,,
881032,2023-01-14,ELC,2022,Burnley,Coventry,,,,,,
881038,2023-01-14,ELC,2022,Reading,QPR,,,,,,
881031,2023-01-14,ELC,2022,Bristol City,Birmingham,,,,,,
881037,2023-01-14,ELC,2022,Preston,Norwich,,,,,,
881040,2023-01-14,ELC,2022,Sheffield Utd,Stoke City,,,,,,
881034,2023-01-14,ELC,2022,Hull City,Huddersfield,,,,,,
881036,2023-01-14,ELC,2022,Middlesbrough,Millwall,,,,,,
881041,2023-01-14,ELC,2022,Sunderland,Swansea,,,,,,
881035,2023-01-14,ELC,2022,Luton,West Brom,,,,,,
868137,2023-01-14,PL,2022,Brentford,Bournemouth,,,,,,
868142,2023-01-15,PL,2022,Newcastle,Fulham,,,,,,
868139,2023-01-15,PL,2022,Chelsea,Crystal Palace,,,,,,
868144,2023-01-15,PL,2022,Tottenham,Arsenal,,,,,,
868008,2023-01-18,PL,2022,Crystal Palace,Manchester United,,,,,,
868013,2023-01-19,PL,2022,Manchester City,Tottenham,,,,,,
881050,2023-01-20,ELC,2022,Sheffield Utd,Hull City,,,,,,
881046,2023-01-20,ELC,2022,Burnley,West Brom,,,,,,
868152,2023-01-21,PL,2022,Liverpool,Chelsea,,,,,,
881048,2023-01-21,ELC,2022,Coventry,Norwich,,,,,,
868146,2023-01-21,PL,2022,Bournemouth,Nottingham Forest,,,,,,
868154,2023-01-21,PL,2022,Southampton,Aston Villa,,,,,,
868151,2023-01-21,PL,2022,Leicester,Brighton,,,,,,
868155,2023-01-21,PL,2022,West Ham,Everton,,,,,,
881053,2023-01-21,ELC,2022,Watford,Rotherham,,,,,,
881047,2023-01-21,ELC,2022,Cardiff,Millwall,,,,,,
881043,2023-01-21,ELC,2022,Birmingham,Preston,,,,,,
881045,2023-01-21,ELC,2022,Bristol City,Blackburn,,,,,,
881054,2023-01-21,ELC,2022,Wigan,Luton,,,,,,
881049,2023-01-21,ELC,2022,QPR,Swansea,,,,,,
881051,2023-01-21,ELC,2022,Stoke City,Reading,,,,,,
868148,2023-01-21,PL,2022,Crystal Palace,Newcastle,,,,,,
881052,2023-01-22,ELC,2022,Sunderland,Middlesbrough,,,,,,
868153,2023-01-22,PL,2022,Manchester City,Wolves,,,,,,
868150,2023-01-22,PL,2022,Leeds,Brentford,,,,,,
868147,2023-01-22,PL,2022,Arsenal,Manchester United,,,,,,
868149,2023-01-23,PL,2022,Fulham,Tottenham,,,,,,
881057,2023-01-28,ELC,2022,Hull City,QPR,,,,,,
881059,2023-01-28,ELC,2022,Middlesbrough,Watford,,,,,,
880770,2023-01-28,ELC,2022,Coventry,Huddersfield,,,,,,
881058,2023-01-31,ELC,2022,Luton,Cardiff,,,,,,
868159,2023-02-03,PL,2022,Chelsea,Fulham,,,,,,
881078,2023-02-03,ELC,2022,West Brom,Coventry,,,,,,
868160,2023-02-04,PL,2022,Everton,Arsenal,,,,,,
881073,2023-02-04,ELC,2022,Norwich,Burnley,,,,,,
881076,2023-02-04,ELC,2022,Rotherham,Sheffield Utd,,,,,,
868161,2023-02-04,PL,2022,Manchester United,Crystal Palace,,,,,,
868165,2023-02-04,PL,2022,Wolves,Liverpool,,,,,,
868158,2023-02-04,PL,2022,Brighton,Bournemouth,,,,,,
868157,2023-02-04,PL,2022,Brentford,Southampton,,,,,,
868156,2023-02-04,PL,2022,Aston Villa,Leicester,,,,,,
881068,2023-02-04,ELC,2022,Huddersfield,QPR,,,,,,
881075,2023-02-04,ELC,2022,Reading,Watford,,,,,,
881072,2023-02-04,ELC,2022,Millwall,Sunderland,,,,,,
881074,2023-02-04,ELC,2022,Preston,Bristol City,,,,,,
881069,2023-02-04,ELC,2022,Hull City,Cardiff,,,,,,
881071,2023-02-04,ELC,2022,Middlesbrough,Blackpool,,,,,,
881077,2023-02-04,ELC,2022,Swansea,Birmingham,,,,,,
881070,2023-02-04,ELC,2022,Luton,Stoke City,,,,,,
868162,2023-02-04,PL,2022,Newcastle,West Ham,,,,,,
868163,2023-02-05,PL,2022,Nottingham Forest,Leeds,,,,,,
868164,2023-02-05,PL,2022,Tottenham,Manchester City,,,,,,
881067,2023-02-06,ELC,2022,Blackburn,Wigan,,,,,,
881044,2023-02-07,ELC,2022,Blackpool,Huddersfield,,,,,,
868021,2023-02-08,PL,2022,Manchester United,Leeds,,,,,,
881079,2023-02-10,ELC,2022,Birmingham,West Brom,,,,,,
868175,2023-02-11,PL,2022,West Ham,Chelsea,,,,,,
868169,2023-02-11,PL,2022,Fulham,Nottingham Forest,,,,,,
868174,2023-02-11,PL,2022,Southampton,Wolves,,,,,,
868167,2023-02-11,PL,2022,Arsenal,Brentford,,,,,,
868171,2023-02-11,PL,2022,Leicester,Tottenham,,,,,,
868168,2023-02-11,PL,2022,Crystal Palace,Brighton,,,,,,
881089,2023-02-11,ELC,2022,Watford,Blackburn,,,,,,
881083,2023-02-11,ELC,2022,Cardiff,Middlesbrough,,,,,,
881082,2023-02-11,ELC,2022,Burnley,Preston,,,,,,
881081,2023-02-11,ELC,2022,Bristol City,Norwich,,,,,,
881090,2023-02-11,ELC,2022,Wigan,Huddersfield,,,,,,
881086,2023-02-11,ELC,2022,Sheffield Utd,Swansea,,,,,,
881085,2023-02-11,ELC,2022,QPR,Millwall,,,,,,
881087,2023-02-11,ELC,2022,Stoke City,Hull City,,,,,,
881088,2023-02-11,ELC,2022,Sunderland,Reading,,,,,,
881084,2023-02-11,ELC,2022,Coventry,Luton,,,,,,
881080,2023-02-11,ELC,2022,Blackpool,Rotherham,,,,,,
868166,2023-02-11,PL,2022,Bournemouth,Newcastle,,,,,,
868170,2023-02-12,PL,2022,Leeds,Manchester United,,,,,,
868173,2023-02-12,PL,2022,Manchester City,Aston Villa,,,,,,
868172,2023-02-13,PL,2022,Liverpool,Everton,,,,,,
881091,2023-02-14,ELC,2022,Birmingham,Cardiff,,,,,,
881094,2023-02-14,ELC,2022,Norwich,Hull City,,,,,,
881095,2023-02-14,ELC,2022,QPR,Sunderland,,,,,,
881093,2023-02-14,ELC,2022,Coventry,Millwall,,,,,,
881092,2023-02-14,ELC,2022,Burnley,Watford,,,,,,
881096,2023-02-14,ELC,2022,Reading,Rotherham,,,,,,
868057,2023-02-15,PL,2022,Arsenal,Manchester City,,,,,,
881097,2023-02-15,ELC,2022,Bristol City,Wigan,,,,,,
881098,2023-02-15,ELC,2022,Preston,Luton,,,,,,
881101,2023-02-15,ELC,2022,Stoke City,Huddersfield,,,,,,
881100,2023-02-15,ELC,2022,Swansea,Blackpool,,,,,,
881102,2023-02-15,ELC,2022,West Brom,Blackburn,,,,,,
881099,2023-02-15,ELC,2022,Sheffield Utd,Middlesbrough,,,,,,
881105,2023-02-17,ELC,2022,Cardiff,Reading,,,,,,
868176,2023-02-18,PL,2022,Aston Villa,Arsenal,,,,,,
881110,2023-02-18,ELC,2022,Millwall,Sheffield Utd,,,,,,
868185,2023-02-18,PL,2022,Wolves,Bournemouth,,,,,,
868180,2023-02-18,PL,2022,Everton,Leeds,,,,,,
868179,2023-02-18,PL,2022,Chelsea,Southampton,,,,,,
868178,2023-02-18,PL,2022,Brighton,Fulham,,,,,,
868177,2023-02-18,PL,2022,Brentford,Crystal Palace,,,,,,
868183,2023-02-18,PL,2022,Nottingham Forest,Manchester City,,,,,,
881106,2023-02-18,ELC,2022,Huddersfield,Birmingham,,,,,,
881114,2023-02-18,ELC,2022,Wigan,Norwich,,,,,,
881107,2023-02-18,ELC,2022,Hull City,Preston,,,,,,
881103,2023-02-18,ELC,2022,Blackburn,Swansea,,,,,,
881109,2023-02-18,ELC,2022,Middlesbrough,QPR,,,,,,
881111,2023-02-18,ELC,2022,Rotherham,Coventry,,,,,,
881112,2023-02-18,ELC,2022,Sunderland,Bristol City,,,,,,
881104,2023-02-18,ELC,2022,Blackpool,Stoke City,,,,,,
881108,2023-02-18,ELC,2022,Luton,Burnley,,,,,,
868182,2023-02-18,PL,2022,Newcastle,Liverpool,,,,,,
868181,2023-02-19,PL,2022,Manchester United,Leicester,,,,,,
868184,2023-02-19,PL,2022,Tottenham,West Ham,,,,,,
881113,2023-02-20,ELC,2022,Watford,West Brom,,,,,,
881060,2023-02-21,ELC,2022,Millwall,Burnley,,,,,,
881055,2023-02-21,ELC,2022,Blackburn,Blackpool,,,,,,
881061,2023-02-21,ELC,2022,Norwich,Birmingham,,,,,,
881064,2023-02-21,ELC,2022,Rotherham,Sunderland,,,,,,
881065,2023-02-21,ELC,2022,Swansea,Stoke City,,,,,,
868189,2023-02-24,PL,2022,Fulham,Wolves,,,,,,
881118,2023-02-25,ELC,2022,Coventry,Sunderland,,,,,,
868188,2023-02-25,PL,2022,Everton,Aston Villa,,,,,,
868191,2023-02-25,PL,2022,Leicester,Arsenal,,,,,,
868195,2023-02-25,PL,2022,West Ham,Nottingham Forest,,,,,,
868190,2023-02-25,PL,2022,Leeds,Southampton,,,,,,
881117,2023-02-25,ELC,2022,Burnley,Huddersfield,,,,,,
881122,2023-02-25,ELC,2022,Reading,Blackpool,,,,,,
881115,2023-02-25,ELC,2022,Birmingham,Luton,,,,,,
881116,2023-02-25,ELC,2022,Bristol City,Hull City,,,,,,
881120,2023-02-25,ELC,2022,Preston,Wigan,,,,,,
881126,2023-02-25,ELC,2022,West Brom,Middlesbrough,,,,,,
881123,2023-02-25,ELC,2022,Sheffield Utd,Watford,,,,,,
881119,2023-02-25,ELC,2022,Norwich,Cardiff,,,,,,
881121,2023-02-25,ELC,2022,QPR,Blackburn,,,,,,
881124,2023-02-25,ELC,2022,Stoke City,Millwall,,,,,,
868186,2023-02-25,PL,2022,Bournemouth,Manchester City,,1.8399999999999999,,1.3499999999999999,,0.1174468085106383
868187,2023-02-25,PL,2022,Crystal Palace,Liverpool,0.6366666666666667,,1.9433333333333334,,0.08681818181818182,
868194,2023-02-26,PL,2022,Tottenham,Chelsea,,,,,,
881125,2023-02-27,ELC,2022,Swansea,Rotherham,,,,,,
881062,2023-02-28,ELC,2022,Preston,Coventry,,,,,,
880990,2023-02-28,ELC,2022,Luton,Millwall,,,,,,
868007,2023-03-01,PL,2022,Arsenal,Everton,2.1466666666666665,,1.39,,0.11103448275862068,
868012,2023-03-01,PL,2022,Liverpool,Wolves,,0.8000000000000002,,1.4666666666666666,,0.08275862068965519
881131,2023-03-03,ELC,2022,Hull City,West Brom,,,,,,
868202,2023-03-04,PL,2022,Manchester City,Newcastle,2.8366666666666664,,0.6233333333333334,,0.185,
881129,2023-03-04,ELC,2022,Cardiff,Bristol City,,,,,,
881127,2023-03-04,ELC,2022,Blackburn,Sheffield Utd,,,,,,
868205,2023-03-04,PL,2022,Wolves,Tottenham,,1.03,,1.68,,0.103
868196,2023-03-04,PL,2022,Arsenal,Bournemouth,2.2725,,1.335,,0.12452054794520548,
868200,2023-03-04,PL,2022,Chelsea,Leeds,,0.6866666666666666,,1.3,,0.07923076923076923
868199,2023-03-04,PL,2022,Brighton,West Ham,,,,,,
868197,2023-03-04,PL,2022,Aston Villa,Crystal Palace,,,,,,
881130,2023-03-04,ELC,2022,Huddersfield,Coventry,,,,,,
881137,2023-03-04,ELC,2022,Watford,Preston,,,,,,
881134,2023-03-04,ELC,2022,Millwall,Norwich,,,,,,
881138,2023-03-04,ELC,2022,Wigan,Birmingham,,,,,,
881133,2023-03-04,ELC,2022,Middlesbrough,Reading,,,,,,
881135,2023-03-04,ELC,2022,Rotherham,QPR,,,,,,
881136,2023-03-04,ELC,2022,Sunderland,Stoke City,,,,,,
881128,2023-03-04,ELC,2022,Blackpool,Burnley,,,,,,
881132,2023-03-04,ELC,2022,Luton,Swansea,,,,,,
868204,2023-03-04,PL,2022,Southampton,Leicester,,,,,,
868203,2023-03-05,PL,2022,Nottingham Forest,Everton,,0.6933333333333334,,2.4166666666666665,,0.10947368421052632
868201,2023-03-05,PL,2022,Liverpool,Manchester United,2.1133333333333333,1.1866666666666668,0.9766666666666666,1.8633333333333333,0.1408888888888889,0.11125
868198,2023-03-06,PL,2022,Brentford,Fulham,,,,,,
881056,2023-03-07,ELC,2022,Huddersfield,Bristol City,,,,,,
881063,2023-03-07,ELC,2022,Reading,Sheffield Utd,,,,,,
881066,2023-03-07,ELC,2022,West Brom,Wigan,,,,,,
881148,2023-03-10,ELC,2022,Stoke City,Blackburn,,,,,,
868206,2023-03-11,PL,2022,Bournemouth,Liverpool,1.4333333333333333,1.5766666666666669,1.9233333333333331,1.59,0.1075,0.10063829787234044
881140,2023-03-11,ELC,2022,Bristol City,Blackpool,,,,,,
868208,2023-03-11,PL,2022,Everton,Brentford,1.6166666666666665,,1.1300000000000001,,0.11547619047619047,
868211,2023-03-11,PL,2022,Leicester,Chelsea,0.8966666666666666,1.0733333333333333,1.3866666666666667,1.1633333333333333,0.1076,0.09757575757575757
868214,2023-03-11,PL,2022,Tottenham,Nottingham Forest,1.2699999999999998,1.0033333333333332,0.7400000000000001,1.9033333333333333,0.10583333333333332,0.07921052631578947
868210,2023-03-11,PL,2022,Leeds,Brighton,1.07,,0.6333333333333333,,0.0823076923076923,
881141,2023-03-11,ELC,2022,Burnley,Wigan,,,,,,
881146,2023-03-11,ELC,2022,Reading,Millwall,,,,,,
881139,2023-03-11,ELC,2022,Birmingham,Rotherham,,,,,,
881144,2023-03-11,ELC,2022,Preston,Cardiff,,,,,,
881150,2023-03-11,ELC,2022,West Brom,Huddersfield,,,,,,
881147,2023-03-11,ELC,2022,Sheffield Utd,Luton,,,,,,
881145,2023-03-11,ELC,2022,QPR,Watford,,,,,,
881149,2023-03-11,ELC,2022,Swansea,Middlesbrough,,,,,,
881142,2023-03-11,ELC,2022,Coventry,Hull City,,,,,,
868207,2023-03-11,PL,2022,Crystal Palace,Manchester City,0.6525000000000001,2.01,1.6825,1.3425,0.09321428571428572,0.11999999999999998
881143,2023-03-12,ELC,2022,Norwich,Sunderland,,,,,,
868212,2023-03-12,PL,2022,Manchester United,Southampton,2.85,0.5466666666666667,1.2066666666666668,1.5599999999999998,0.13359375,0.05466666666666667
868209,2023-03-12,PL,2022,Fulham,Arsenal,1.0033333333333332,1.6166666666666665,0.7866666666666667,0.7333333333333333,0.08361111111111111,0.10777777777777776
868215,2023-03-12,PL,2022,West Ham,Aston Villa,2.0966666666666667,1.1933333333333334,0.7066666666666667,1.8833333333333335,0.16128205128205128,0.11548387096774194
868213,2023-03-12,PL,2022,Newcastle,Wolves,,0.8300000000000001,,1.7525,,0.10060606060606062
881155,2023-03-14,ELC,2022,Watford,Birmingham,,,,,,
881153,2023-03-14,ELC,2022,Millwall,Swansea,,,,,,
881156,2023-03-14,ELC,2022,Wigan,Coventry,,,,,,
881154,2023-03-14,ELC,2022,Rotherham,Preston,,,,,,
881151,2023-03-14,ELC,2022,Blackpool,QPR,,,,,,
881152,2023-03-14,ELC,2022,Middlesbrough,Stoke City,,,,,,
868014,2023-03-15,PL,2022,Southampton,Brentford,1.0399999999999998,1.5033333333333332,1.3766666666666667,1.0233333333333334,0.08666666666666666,0.16703703703703704
868018,2023-03-15,PL,2022,Brighton,Crystal Palace,2.806666666666667,0.8733333333333334,0.6166666666666667,1.3766666666666667,0.13803278688524592,0.11391304347826088
881159,2023-03-15,ELC,2022,Huddersfield,Norwich,,,,,,
881158,2023-03-15,ELC,2022,Cardiff,West Brom,,,,,,
881160,2023-03-15,ELC,2022,Hull City,Burnley,,,,,,
881157,2023-03-15,ELC,2022,Blackburn,Reading,,,,,,
881161,2023-03-15,ELC,2022,Luton,Bristol City,,,,,,
881162,2023-03-15,ELC,2022,Sunderland,Sheffield Utd,,,,,,
868223,2023-03-17,PL,2022,Nottingham Forest,Newcastle,0.7266666666666666,1.0000000000000002,1.6633333333333333,1.0666666666666667,0.10899999999999999,0.08333333333333334
868225,2023-03-18,PL,2022,Wolves,Leeds,1.28,0.7775000000000001,1.4100000000000001,1.34,0.10971428571428571,0.08405405405405406
868224,2023-03-18,PL,2022,Southampton,Tottenham,0.9099999999999999,1.0725,1.5025,1.3900000000000001,0.08465116279069766,0.08411764705882353
868218,2023-03-18,PL,2022,Brentford,Leicester,1.7466666666666668,2.043333333333333,1.09,2.52,0.131,0.15717948717948715
868217,2023-03-18,PL,2022,Aston Villa,Bournemouth,1.14,1.1933333333333334,2.0066666666666664,1.9866666666666666,0.10058823529411764,0.17047619047619048
881174,2023-03-18,ELC,2022,Watford,Wigan,,,,,,
881168,2023-03-18,ELC,2022,Reading,Hull City,,,,,,
881166,2023-03-18,ELC,2022,Millwall,Huddersfield,,,,,,
881165,2023-03-18,ELC,2022,Middlesbrough,Preston,,,,,,
881167,2023-03-18,ELC,2022,QPR,Birmingham,,,,,,
881171,2023-03-18,ELC,2022,Stoke City,Norwich,,,,,,
881172,2023-03-18,ELC,2022,Sunderland,Luton,,,,,,
881164,2023-03-18,ELC,2022,Blackpool,Coventry,,,,,,
868220,2023-03-18,PL,2022,Chelsea,Everton,1.47,0.9450000000000001,0.7666666666666666,2.0225,0.10500000000000001,0.1303448275862069
881173,2023-03-19,ELC,2022,Swansea,Bristol City,,,,,,
868216,2023-03-19,PL,2022,Arsenal,Crystal Palace,2.252,0.9550000000000001,1.334,1.1824999999999999,0.10826923076923077,0.1123529411764706
881177,2023-03-31,ELC,2022,Burnley,Sunderland,,,,,,
868232,2023-04-01,PL,2022,Manchester City,Liverpool,2.4625,1.62,0.5750000000000001,1.4075000000000002,0.17280701754385963,0.10451612903225807
881184,2023-04-01,ELC,2022,Preston,Blackpool,,,,,,
881182,2023-04-01,ELC,2022,Luton,Watford,,,,,,
868226,2023-04-01,PL,2022,Bournemouth,Fulham,1.29,0.8366666666666666,1.88,1.9166666666666667,0.11466666666666667,0.10458333333333332
868227,2023-04-01,PL,2022,Arsenal,Leeds,1.916,0.9460000000000001,1.418,1.6280000000000001,0.10191489361702127,0.09854166666666668
868228,2023-04-01,PL,2022,Brighton,Brentford,2.2550000000000003,1.5975,0.7625,0.8975000000000001,0.1252777777777778,0.1681578947368421
868230,2023-04-01,PL,2022,Crystal Palace,Leicester,0.5640000000000001,1.8699999999999997,1.762,2.05,0.08812500000000001,0.1411320754716981
868234,2023-04-01,PL,2022,Nottingham Forest,Wolves,0.6375,0.8860000000000001,1.8675000000000002,1.764,0.102,0.11075000000000002
881180,2023-04-01,ELC,2022,Huddersfield,Middlesbrough,,,,,,
881178,2023-04-01,ELC,2022,Cardiff,Swansea,,,,,,
881175,2023-04-01,ELC,2022,Birmingham,Blackburn,,,,,,
881176,2023-04-01,ELC,2022,Bristol City,Reading,,,,,,
881185,2023-04-01,ELC,2022,West Brom,Millwall,,,,,,
881186,2023-04-01,ELC,2022,Wigan,QPR,,,,,,
881181,2023-04-01,ELC,2022,Hull City,Rotherham,,,,,,
881183,2023-04-01,ELC,2022,Norwich,Sheffield Utd,,,,,,
881179,2023-04-01,ELC,2022,Coventry,Stoke City,,,,,,
868229,2023-04-01,PL,2022,Chelsea,Aston Villa,1.695,1.29,0.8925,1.9675000000000002,0.10935483870967742,0.12000000000000001
868235,2023-04-02,PL,2022,West Ham,Southampton,2.1275,0.6875,0.925,1.385,0.15196428571428572,0.05851063829787234
868233,2023-04-02,PL,2022,Newcastle,Manchester United,1.6199999999999999,1.095,1.33,2.0925,0.11853658536585364,0.1095
868231,2023-04-03,PL,2022,Everton,Tottenham,1.47,1.312,1.3725,1.614,0.10690909090909091,0.09647058823529413
868006,2023-04-04,PL,2022,Bournemouth,Brighton,1.562,2.1766666666666667,1.672,1.2433333333333334,0.13701754385964912,0.1484090909090909
868011,2023-04-04,PL,2022,Leicester,Aston Villa,1.3025,1.216,1.4325,2.0060000000000002,0.12404761904761905,0.12666666666666668
868010,2023-04-04,PL,2022,Leeds,Nottingham Forest,1.2175,1.1375,0.9475,1.9275,0.09549019607843137,0.09680851063829787
868019,2023-04-04,PL,2022,Chelsea,Liverpool,1.7880000000000003,1.362,0.898,1.718,0.10044943820224721,0.1031818181818182
868192,2023-04-05,PL,2022,Manchester United,Brentford,2.3525,1.598,1.1825,1.612,0.12716216216216217,0.17755555555555555
868015,2023-04-05,PL,2022,West Ham,Newcastle,1.982,1.37,0.8,0.8925000000000001,0.14573529411764707,0.10745098039215688
881190,2023-04-07,ELC,2022,Millwall,Luton,,,,,,
881193,2023-04-07,ELC,2022,Rotherham,West Brom,,,,,,
881198,2023-04-07,ELC,2022,Watford,Huddersfield,,,,,,
881192,2023-04-07,ELC,2022,Reading,Birmingham,,,,,,
881194,2023-04-07,ELC,2022,Sheffield Utd,Wigan,,,,,,
881187,2023-04-07,ELC,2022,Blackburn,Norwich,,,,,,
881191,2023-04-07,ELC,2022,QPR,Preston,,,,,,
881195,2023-04-07,ELC,2022,Stoke City,Bristol City,,,,,,
881197,2023-04-07,ELC,2022,Swansea,Coventry,,,,,,
881188,2023-04-07,ELC,2022,Blackpool,Cardiff,,,,,,
881196,2023-04-07,ELC,2022,Sunderland,Hull City,,,,,,
881189,2023-04-07,ELC,2022,Middlesbrough,Burnley,,,,,,
868242,2023-04-08,PL,2022,Manchester United,Everton,2.122,1.0100000000000002,1.088,2.092,0.11532608695652173,0.12317073170731709
868238,2023-04-08,PL,2022,Fulham,West Ham,0.965,0.6066666666666667,1.185,2.0866666666666664,0.08041666666666666,0.09578947368421054
868245,2023-04-08,PL,2022,Wolves,Chelsea,1.6549999999999998,1.1975,1.4625000000000001,1.5025,0.11413793103448275,0.10644444444444444
868240,2023-04-08,PL,2022,Leicester,Bournemouth,1.136,1.235,1.35,2.4050000000000002,0.11137254901960784,0.15935483870967743
868244,2023-04-08,PL,2022,Tottenham,Brighton,1.4525,2.3,0.9400000000000001,1.3675000000000002,0.11392156862745097,0.15333333333333332
868237,2023-04-08,PL,2022,Brentford,Newcastle,1.47,1.754,1.155,0.9100000000000001,0.11529411764705882,0.13287878787878787
868236,2023-04-08,PL,2022,Aston Villa,Nottingham Forest,1.77,1.0699999999999998,1.845,1.9140000000000001,0.13111111111111112,0.08916666666666666
868243,2023-04-08,PL,2022,Southampton,Manchester City,1.23,2.024,1.656,1.116,0.09919354838709676,0.12493827160493826
868239,2023-04-09,PL,2022,Leeds,Crystal Palace,1.346,0.9200000000000002,0.9179999999999999,1.26,0.09347222222222223,0.10697674418604652
868241,2023-04-09,PL,2022,Liverpool,Arsenal,2.28,1.8074999999999999,0.9374999999999999,0.7625,0.14476190476190476,0.1205
881204,2023-04-10,ELC,2022,Huddersfield,Blackburn,,,,,,
881202,2023-04-10,ELC,2022,Cardiff,Sunderland,,,,,,
881199,2023-04-10,ELC,2022,Birmingham,Stoke City,,,,,,
881208,2023-04-10,ELC,2022,Preston,Reading,,,,,,
881209,2023-04-10,ELC,2022,West Brom,QPR,,,,,,
881210,2023-04-10,ELC,2022,Wigan,Swansea,,,,,,
881205,2023-04-10,ELC,2022,Hull City,Millwall,,,,,,
881207,2023-04-10,ELC,2022,Norwich,Rotherham,,,,,,
881203,2023-04-10,ELC,2022,Coventry,Watford,,,,,,
881206,2023-04-10,ELC,2022,Luton,Blackpool,,,,,,
881200,2023-04-10,ELC,2022,Bristol City,Middlesbrough,,,,,,
881201,2023-04-10,ELC,2022,Burnley,Sheffield Utd,,,,,,
881213,2023-04-14,ELC,2022,Middlesbrough,Norwich,,,,,,
868246,2023-04-15,PL,2022,Aston Villa,Newcastle,1.6760000000000002,1.766,1.526,1.364,0.13516129032258065,0.14716666666666667
881218,2023-04-15,ELC,2022,Sheffield Utd,Cardiff,,,,,,
868255,2023-04-15,PL,2022,Wolves,Brentford,1.4339999999999997,1.6600000000000001,1.3960000000000001,1.754,0.10701492537313431,0.18444444444444447
868252,2023-04-15,PL,2022,Southampton,Crystal Palace,1.1960000000000002,1.278,1.964,1.0379999999999998,0.10310344827586207,0.13040816326530613
868248,2023-04-15,PL,2022,Everton,Fulham,1.358,0.8374999999999999,1.386,2.1,0.097,0.09852941176470587
868247,2023-04-15,PL,2022,Chelsea,Brighton,1.9560000000000002,2.126,0.8379999999999999,1.2600000000000002,0.10988764044943822,0.13805194805194804
881222,2023-04-15,ELC,2022,Watford,Bristol City,,,,,,
881216,2023-04-15,ELC,2022,Reading,Burnley,,,,,,
881214,2023-04-15,ELC,2022,Millwall,Preston,,,,,,
881215,2023-04-15,ELC,2022,QPR,Coventry,,,,,,
881217,2023-04-15,ELC,2022,Rotherham,Luton,,,,,,
881219,2023-04-15,ELC,2022,Stoke City,West Brom,,,,,,
881221,2023-04-15,ELC,2022,Swansea,Huddersfield,,,,,,
881220,2023-04-15,ELC,2022,Sunderland,Birmingham,,,,,,
881212,2023-04-15,ELC,2022,Blackpool,Wigan,,,,,,
868253,2023-04-15,PL,2022,Tottenham,Bournemouth,1.3279999999999998,1.418,1.038,2.0620000000000003,0.11066666666666666,0.1418
868250,2023-04-15,PL,2022,Manchester City,Leicester,2.562,1.5399999999999996,0.526,2.1239999999999997,0.1731081081081081,0.13749999999999998
881211,2023-04-15,ELC,2022,Blackburn,Hull City,,,,,,
868254,2023-04-16,PL,2022,West Ham,Arsenal,1.7240000000000002,1.7279999999999998,1.348,1.402,0.13468750000000002,0.1252173913043478
868251,2023-04-16,PL,2022,Nottingham Forest,Manchester United,0.774,0.962,1.592,2.4099999999999997,0.09214285714285715,0.10456521739130434
868249,2023-04-17,PL,2022,Leeds,Liverpool,1.434,1.0399999999999998,1.468,1.746,0.09689189189189189,0.10196078431372547
881226,2023-04-18,ELC,2022,Sheffield Utd,Bristol City,,,,,,
881225,2023-04-18,ELC,2022,Rotherham,Burnley,,,,,,
881228,2023-04-18,ELC,2022,Stoke City,Wigan,,,,,,
881227,2023-04-18,ELC,2022,Sunderland,Huddersfield,,,,,,
881223,2023-04-18,ELC,2022,Blackpool,West Brom,,,,,,
881224,2023-04-18,ELC,2022,Millwall,Birmingham,,,,,,
881233,2023-04-19,ELC,2022,Watford,Cardiff,,,,,,
881229,2023-04-19,ELC,2022,Blackburn,Coventry,,,,,,
881231,2023-04-19,ELC,2022,QPR,Norwich,,,,,,
881232,2023-04-19,ELC,2022,Swansea,Preston,,,,,,
881234,2023-04-19,ELC,2022,Reading,Luton,,,,,,
881230,2023-04-19,ELC,2022,Middlesbrough,Hull City,,,,,,
868257,2023-04-21,PL,2022,Arsenal,Southampton,2.3619999999999997,0.61,1.16,1.388,0.14059523809523808,0.05446428571428571
868261,2023-04-22,PL,2022,Fulham,Leeds,0.908,0.9119999999999999,1.166,2.306,0.0709375,0.10133333333333333
868263,2023-04-22,PL,2022,Liverpool,Nottingham Forest,2.6159999999999997,0.734,1.0319999999999998,1.8900000000000001,0.1557142857142857,0.07978260869565217
868262,2023-04-22,PL,2022,Leicester,Wolves,1.0759999999999998,0.826,1.3519999999999999,1.472,0.09607142857142856,0.10868421052631579
868260,2023-04-22,PL,2022,Crystal Palace,Everton,0.942,1.1039999999999999,1.3900000000000001,2.3300000000000005,0.08886792452830189,0.10823529411764705
868258,2023-04-22,PL,2022,Brentford,Aston Villa,1.69,1.1460000000000001,1.186,1.9840000000000004,0.13412698412698412,0.12191489361702129
881238,2023-04-22,ELC,2022,Cardiff,Stoke City,,,,,,
881237,2023-04-22,ELC,2022,Burnley,QPR,,,,,,
881235,2023-04-22,ELC,2022,Birmingham,Blackpool,,,,,,
881236,2023-04-22,ELC,2022,Bristol City,Rotherham,,,,,,
881246,2023-04-22,ELC,2022,Wigan,Millwall,,,,,,
881241,2023-04-22,ELC,2022,Hull City,Watford,,,,,,
881243,2023-04-22,ELC,2022,Norwich,Swansea,,,,,,
881239,2023-04-22,ELC,2022,Coventry,Reading,,,,,,
881244,2023-04-22,ELC,2022,Preston,Blackburn,,,,,,
881245,2023-04-23,ELC,2022,West Brom,Sunderland,,,,,,
868265,2023-04-23,PL,2022,Newcastle,Tottenham,2.135,1.438,1.105,1.3219999999999998,0.13555555555555554,0.10731343283582088
868256,2023-04-23,PL,2022,Bournemouth,West Ham,1.626,0.7275,1.8199999999999998,1.7349999999999999,0.1478181818181818,0.10392857142857144
881242,2023-04-24,ELC,2022,Luton,Middlesbrough,,,,,,
868271,2023-04-25,PL,2022,Wolves,Crystal Palace,1.18,1.234,1.238,1.016,0.08939393939393939,0.1259183673469388
868272,2023-04-25,PL,2022,Aston Villa,Fulham,1.72,1.034,1.116,1.9600000000000002,0.14576271186440679,0.094
868267,2023-04-25,PL,2022,Leeds,Leicester,1.3479999999999999,1.498,1.7900000000000003,2.194,0.09492957746478872,0.12913793103448276
881163,2023-04-25,ELC,2022,Blackburn,Burnley,,,,,,
868268,2023-04-26,PL,2022,Nottingham Forest,Brighton,0.8420000000000002,2.286,2.1100000000000003,1.1700000000000002,0.10023809523809527,0.127
868270,2023-04-26,PL,2022,West Ham,Liverpool,1.828,1.2120000000000002,1.668,1.614,0.1305714285714286,0.11882352941176472
868273,2023-04-26,PL,2022,Chelsea,Brentford,1.7399999999999998,1.492,1.306,1.5959999999999999,0.10874999999999999,0.16217391304347825
868275,2023-04-26,PL,2022,Manchester City,Arsenal,2.5,2.096,0.836,1.4300000000000002,0.17857142857142858,0.16123076923076923
881170,2023-04-26,ELC,2022,Sheffield Utd,West Brom,,,,,,
868274,2023-04-27,PL,2022,Southampton,Bournemouth,1.12,1.4440000000000002,1.972,2.008,0.1076923076923077,0.15361702127659577
868266,2023-04-27,PL,2022,Everton,Newcastle,1.3039999999999998,1.6059999999999999,1.568,1.438,0.08931506849315068,0.15150943396226413
881169,2023-04-27,ELC,2022,Rotherham,Cardiff,,,,,,
868269,2023-04-27,PL,2022,Tottenham,Manchester United,1.482,1.242,1.036,2.45,0.10291666666666667,0.11716981132075471
881248,2023-04-28,ELC,2022,Blackpool,Millwall,,,,,,
868280,2023-04-29,PL,2022,Crystal Palace,West Ham,0.984,1.068,1.218,1.6919999999999997,0.08338983050847458,0.11608695652173913
868279,2023-04-29,PL,2022,Brighton,Wolves,2.6980000000000004,0.8400000000000002,0.93,1.7260000000000002,0.1284761904761905,0.09767441860465119
868278,2023-04-29,PL,2022,Brentford,Nottingham Forest,1.8080000000000003,0.772,1.4020000000000001,2.146,0.1390769230769231,0.08212765957446808
881253,2023-04-29,ELC,2022,Reading,Wigan,,,,,,
881249,2023-04-29,ELC,2022,Bristol City,Burnley,,,,,,
881255,2023-04-29,ELC,2022,Sheffield Utd,Preston,,,,,,
881252,2023-04-29,ELC,2022,Hull City,Swansea,,,,,,
881256,2023-04-29,ELC,2022,Stoke City,QPR,,,,,,
881257,2023-04-29,ELC,2022,Sunderland,Watford,,,,,,
881251,2023-04-29,ELC,2022,Coventry,Birmingham,,,,,,
881258,2023-04-29,ELC,2022,West Brom,Norwich,,,,,,
881250,2023-04-30,ELC,2022,Cardiff,Huddersfield,,,,,,
868284,2023-04-30,PL,2022,Manchester United,Aston Villa,2.406,1.4400000000000002,1.02,1.86,0.11242990654205609,0.13090909090909092
868285,2023-04-30,PL,2022,Newcastle,Southampton,2.4779999999999998,0.744,1.09,1.476,0.14079545454545453,0.0744
868276,2023-04-30,PL,2022,Bournemouth,Leeds,1.6179999999999999,0.9639999999999999,2.042,2.2339999999999995,0.13262295081967213,0.10255319148936169
868281,2023-04-30,PL,2022,Fulham,Manchester City,1.046,2.342,1.16,0.906,0.07924242424242425,0.14822784810126582
868283,2023-04-30,PL,2022,Liverpool,Tottenham,2.904,1.46,0.8719999999999999,1.8940000000000001,0.16689655172413792,0.10735294117647058
881254,2023-05-01,ELC,2022,Rotherham,Middlesbrough,,,,,,
881247,2023-05-01,ELC,2022,Blackburn,Luton,,,,,,
868282,2023-05-01,PL,2022,Leicester,Everton,1.226,1.1099999999999999,1.2600000000000002,1.966,0.10946428571428571,0.1009090909090909
868277,2023-05-02,PL,2022,Arsenal,Chelsea,2.552,1.184,1.066,1.3119999999999998,0.1288888888888889,0.10206896551724137
868221,2023-05-03,PL,2022,Liverpool,Fulham,2.878,0.924,1.206,1.8980000000000001,0.17130952380952383,0.10043478260869565
868222,2023-05-03,PL,2022,Manchester City,West Ham,2.45,1.238,0.7739999999999999,1.9159999999999997,0.17253521126760563,0.14068181818181819
881240,2023-05-04,ELC,2022,Huddersfield,Sheffield Utd,,,,,,
868219,2023-05-04,PL,2022,Brighton,Manchester United,2.8659999999999997,1.5759999999999998,0.8440000000000001,2.2960000000000003,0.1339252336448598,0.12312499999999998
868286,2023-05-06,PL,2022,Bournemouth,Chelsea,1.746,1.0059999999999998,1.8719999999999999,1.382,0.14550000000000002,0.09314814814814813
868295,2023-05-06,PL,2022,Wolves,Aston Villa,1.194,1.1640000000000001,1.1780000000000002,1.768,0.09949999999999999,0.10981132075471699
868293,2023-05-06,PL,2022,Tottenham,Crystal Palace,1.668,1.3539999999999999,1.3459999999999996,1.048,0.1127027027027027,0.11283333333333333
868290,2023-05-06,PL,2022,Manchester City,Leeds,2.2379999999999995,1.19,0.806,2.332,0.15985714285714284,0.11018518518518518
868289,2023-05-06,PL,2022,Liverpool,Brentford,2.7220000000000004,1.302,1.196,1.6440000000000001,0.16202380952380954,0.15878048780487805
868291,2023-05-07,PL,2022,Newcastle,Arsenal,3.152,1.536,1.054,1.834,0.15450980392156866,0.1449056603773585
868294,2023-05-07,PL,2022,West Ham,Manchester United,1.442,1.636,2.006,2.3920000000000003,0.12220338983050848,0.11855072463768115
868288,2023-05-08,PL,2022,Fulham,Leicester,0.772,1.61,1.5239999999999998,1.636,0.07148148148148148,0.14907407407407408
881261,2023-05-08,ELC,2022,Huddersfield,Reading,,,,,,
881269,2023-05-08,ELC,2022,Watford,Stoke City,,,,,,
881260,2023-05-08,ELC,2022,Burnley,Cardiff,,,,,,
881259,2023-05-08,ELC,2022,Birmingham,Sheffield Utd,,,,,,
881264,2023-05-08,ELC,2022,Millwall,Blackburn,,,,,,
881266,2023-05-08,ELC,2022,Preston,Sunderland,,,,,,
881270,2023-05-08,ELC,2022,Wigan,Rotherham,,,,,,
881263,2023-05-08,ELC,2022,Middlesbrough,Coventry,,,,,,
881265,2023-05-08,ELC,2022,Norwich,Blackpool,,,,,,
881267,2023-05-08,ELC,2022,QPR,Bristol City,,,,,,
881268,2023-05-08,ELC,2022,Swansea,West Brom,,,,,,
881262,2023-05-08,ELC,2022,Luton,Hull City,,,,,,
868287,2023-05-08,PL,2022,Brighton,Everton,2.88,1.494,1.06,2.128,0.13333333333333333,0.1067142857142857
868292,2023-05-08,PL,2022,Nottingham Forest,Southampton,1.1380000000000001,0.79,2.098,2.028,0.11380000000000001,0.08586956521739131
868302,2023-05-13,PL,2022,Leeds,Newcastle,1.502,2.006,2.152,1.3439999999999999,0.10728571428571428,0.15920634920634918
868304,2023-05-13,PL,2022,Manchester United,Wolves,2.248,0.834,1.0060000000000002,2.302,0.11587628865979381,0.09266666666666666
868305,2023-05-13,PL,2022,Southampton,Fulham,0.944,1.0299999999999998,1.7760000000000002,1.8199999999999998,0.09076923076923077,0.103
868299,2023-05-13,PL,2022,Chelsea,Nottingham Forest,1.702,0.8320000000000001,1.326,1.9240000000000002,0.10378048780487804,0.09454545454545454
868300,2023-05-13,PL,2022,Crystal Palace,Bournemouth,1.194,1.4200000000000002,1.09,1.85,0.08652173913043477,0.12241379310344828
868297,2023-05-13,PL,2022,Aston Villa,Tottenham,1.8219999999999998,1.594,0.48,1.998,0.13803030303030303,0.11895522388059702
1026703,2023-05-13,ELC,2022,Sunderland,Luton,,,,,,
1026705,2023-05-14,ELC,2022,Coventry,Middlesbrough,,,,,,
868301,2023-05-14,PL,2022,Everton,Manchester City,1.1840000000000002,2.478,1.9460000000000002,0.616,0.08338028169014086,0.15109756097560975
868298,2023-05-14,PL,2022,Brentford,West Ham,1.954,1.2280000000000002,1.3279999999999998,2.0660000000000003,0.14582089552238806,0.13954545454545456
868296,2023-05-14,PL,2022,Arsenal,Brighton,2.372,2.254,0.984,1.44,0.1186,0.1252222222222222
868303,2023-05-15,PL,2022,Leicester,Liverpool,1.9140000000000001,1.454,1.746,1.634,0.1367142857142857,0.12322033898305083
1026704,2023-05-16,ELC,2022,Luton,Sunderland,,,,,,
1026706,2023-05-17,ELC,2022,Middlesbrough,Coventry,,,,,,
868193,2023-05-18,PL,2022,Newcastle,Brighton,3.008,2.2199999999999998,0.9339999999999999,1.292,0.15039999999999998,0.12613636363636363
868313,2023-05-20,PL,2022,Tottenham,Brentford,1.6840000000000004,0.966,1.3339999999999999,1.988,0.1137837837837838,0.138
868306,2023-05-20,PL,2022,Bournemouth,Manchester United,1.832,1.7079999999999997,1.7919999999999998,2.096,0.14092307692307693,0.10674999999999998
868308,2023-05-20,PL,2022,Fulham,Crystal Palace,1.008,1.1860000000000002,1.936,1.104,0.08262295081967214,0.10589285714285715
868315,2023-05-20,PL,2022,Wolves,Everton,1.242,1.6099999999999999,1.234,2.612,0.10706896551724138,0.11499999999999999
868309,2023-05-20,PL,2022,Liverpool,Aston Villa,2.614,1.1440000000000001,1.0719999999999998,1.476,0.16135802469135802,0.10035087719298247
868312,2023-05-20,PL,2022,Nottingham Forest,Arsenal,1.3299999999999998,1.658,2.4059999999999997,2.094,0.1357142857142857,0.1564150943396226
868314,2023-05-21,PL,2022,West Ham,Leeds,1.2579999999999998,1.0260000000000002,1.9259999999999997,2.554,0.11035087719298244,0.10914893617021278
868307,2023-05-21,PL,2022,Brighton,Southampton,2.792,1.362,1.45,2.2060000000000004,0.12576576576576576,0.11947368421052633
868310,2023-05-21,PL,2022,Manchester City,Chelsea,2.4839999999999995,1.046,0.766,1.3820000000000001,0.16129870129870127,0.09867924528301887
868311,2023-05-22,PL,2022,Newcastle,Leicester,3.3579999999999997,1.7919999999999998,0.8140000000000001,1.688,0.16300970873786408,0.14688524590163932
868259,2023-05-24,PL,2022,Brighton,Manchester City,3.178,2.15,1.3299999999999998,0.782,0.1261111111111111,0.15808823529411764
868264,2023-05-25,PL,2022,Manchester United,Chelsea,1.9939999999999998,1.2120000000000002,0.746,1.4600000000000002,0.101734693877551,0.10821428571428572
868324,2023-05-28,PL,2022,Manchester United,Fulham,2.864,1.006,0.9120000000000001,1.45,0.1350943396226415,0.10060000000000001
868325,2023-05-28,PL,2022,Southampton,Liverpool,0.9099999999999999,1.534,1.6800000000000002,1.544,0.091,0.12783333333333333
868316,2023-05-28,PL,2022,Arsenal,Wolves,2.122,0.716,1.0619999999999998,2.4200000000000004,0.1278313253012048,0.07782608695652174
868321,2023-05-28,PL,2022,Everton,Bournemouth,1.198,1.216,1.7100000000000002,1.7260000000000002,0.09507936507936508,0.10305084745762712
868323,2023-05-28,PL,2022,Leicester,West Ham,1.492,1.2080000000000002,1.862,2.066,0.13087719298245615,0.13422222222222224
868319,2023-05-28,PL,2022,Chelsea,Newcastle,1.4620000000000002,1.9939999999999998,1.3319999999999999,1.682,0.0961842105263158,0.15106060606060603
868320,2023-05-28,PL,2022,Crystal Palace,Nottingham Forest,1.3639999999999999,0.784,0.9720000000000001,1.7579999999999998,0.08524999999999999,0.08521739130434783
868318,2023-05-28,PL,2022,Brentford,Manchester City,2.254,2.0100000000000002,1.07,0.992,0.14636363636363636,0.16475409836065574
868322,2023-05-28,PL,2022,Leeds,Tottenham,1.582,1.6280000000000001,2.258,2.13,0.11805970149253732,0.1596078431372549
868317,2023-05-28,PL,2022,Aston Villa,Brighton,1.818,1.7879999999999998,0.72,1.6560000000000001,0.13772727272727273,0.11174999999999999
1047434,2023-08-04,ELC,2023,Sheffield Wednesday,Southampton,,1.26,,2.54,,0.13999999999999999
1047442,2023-08-05,ELC,2023,Watford,QPR,,,,,,
1047436,2023-08-05,ELC,2023,Bristol City,Preston,,,,,,
1047435,2023-08-05,ELC,2023,Blackburn,West Brom,,,,,,
1047437,2023-08-05,ELC,2023,Middlesbrough,Millwall,,,,,,
1047438,2023-08-05,ELC,2023,Norwich,Hull City,,,,,,
1047440,2023-08-05,ELC,2023,Stoke City,Rotherham,,,,,,
1047441,2023-08-05,ELC,2023,Swansea,Birmingham,,,,,,
1047439,2023-08-05,ELC,2023,Plymouth,Huddersfield,,,,,,
1047443,2023-08-06,ELC,2023,Leicester,Coventry,1.682,,1.9339999999999997,,0.1378688524590164,
1047444,2023-08-06,ELC,2023,Leeds,Cardiff,1.5100000000000002,,2.532,,0.11615384615384616,
1047445,2023-08-06,ELC,2023,Sunderland,Ipswich,,,,,,
1035037,2023-08-11,PL,2023,Burnley,Manchester City,,1.9780000000000002,,1.204,,0.15453125
1035038,2023-08-12,PL,2023,Arsenal,Nottingham Forest,2.37,0.72,0.9959999999999999,1.6800000000000002,0.1445121951219512,0.09
1047446,2023-08-12,ELC,2023,Coventry,Middlesbrough,,,,,,
1035039,2023-08-12,PL,2023,Bournemouth,West Ham,1.504,1.266,1.906,2.2139999999999995,0.11936507936507935,0.12173076923076923
1035041,2023-08-12,PL,2023,Everton,Fulham,1.2,1.198,1.384,1.498,0.09523809523809523,0.11979999999999999
1035040,2023-08-12,PL,2023,Brighton,Luton,2.758,,1.3739999999999999,,0.1220353982300885,
1035042,2023-08-12,PL,2023,Sheffield Utd,Crystal Palace,,1.3399999999999999,,1.124,,0.11551724137931033
1047449,2023-08-12,ELC,2023,Huddersfield,Leicester,,1.5399999999999998,,1.998,,0.16041666666666665
1047456,2023-08-12,ELC,2023,Watford,Plymouth,,,,,,
1047455,2023-08-12,ELC,2023,Southampton,Norwich,0.772,,2.036,,0.08391304347826088,
1047448,2023-08-12,ELC,2023,Cardiff,QPR,,,,,,
1047447,2023-08-12,ELC,2023,Birmingham,Leeds,,0.882,,2.428,,0.091875
1047451,2023-08-12,ELC,2023,Ipswich,Stoke City,,,,,,
1047452,2023-08-12,ELC,2023,Millwall,Bristol City,,,,,,
1047453,2023-08-12,ELC,2023,Preston,Sunderland,,,,,,
1047457,2023-08-12,ELC,2023,West Brom,Swansea,,,,,,
1047450,2023-08-12,ELC,2023,Hull City,Sheffield Wednesday,,,,,,
1047454,2023-08-12,ELC,2023,Rotherham,Blackburn,,,,,,
1035043,2023-08-12,PL,2023,Newcastle,Aston Villa,3.06,1.23,0.7459999999999999,1.194,0.14711538461538462,0.1060344827586207
1035044,2023-08-13,PL,2023,Brentford,Tottenham,2.38,1.6079999999999999,1.184,1.9280000000000002,0.15454545454545454,0.17866666666666664
1035045,2023-08-13,PL,2023,Chelsea,Liverpool,1.484,2.278,1.4979999999999998,1.316,0.10450704225352113,0.13244186046511627
1035046,2023-08-14,PL,2023,Manchester United,Wolves,3.2020000000000004,0.5840000000000001,1.1300000000000001,2.62,0.14688073394495416,0.0648888888888889
1035053,2023-08-18,PL,2023,Nottingham Forest,Sheffield Utd,1.366,,2.0380000000000003,,0.1366,
1047458,2023-08-18,ELC,2023,Leeds,West Brom,1.6779999999999997,,2.17,,0.1062025316455696,
1047459,2023-08-19,ELC,2023,Plymouth,Southampton,,1.478,,2.372,,0.1252542372881356
1035049,2023-08-19,PL,2023,Fulham,Brentford,1.172,0.9039999999999999,1.77,1.4600000000000002,0.09766666666666665,0.11589743589743588
1035056,2023-08-19,PL,2023,Wolves,Brighton,1.0,1.7719999999999998,1.308,2.06,0.10416666666666667,0.12478873239436619
1035050,2023-08-19,PL,2023,Liverpool,Bournemouth,1.972,1.0379999999999998,1.06,1.202,0.14085714285714285,0.09267857142857142
1047462,2023-08-19,ELC,2023,Leicester,Cardiff,1.846,,1.876,,0.13776119402985076,
1047461,2023-08-19,ELC,2023,Bristol City,Birmingham,,,,,,
1047460,2023-08-19,ELC,2023,Blackburn,Hull City,,,,,,
1047463,2023-08-19,ELC,2023,Middlesbrough,Huddersfield,,,,,,
1047464,2023-08-19,ELC,2023,QPR,Ipswich,,,,,,
1047465,2023-08-19,ELC,2023,Sheffield Wednesday,Preston,,,,,,
1047466,2023-08-19,ELC,2023,Stoke City,Watford,,,,,,
1047468,2023-08-19,ELC,2023,Swansea,Coventry,,,,,,
1047467,2023-08-19,ELC,2023,Sunderland,Rotherham,,,,,,
1035054,2023-08-19,PL,2023,Tottenham,Manchester United,1.65,1.904,1.284,1.5619999999999998,0.10185185185185185,0.10127659574468084
1035052,2023-08-19,PL,2023,Manchester City,Newcastle,2.13,1.686,0.95,1.94,0.142,0.13171875
1047469,2023-08-20,ELC,2023,Norwich,Millwall,,,,,,
1035047,2023-08-20,PL,2023,Aston Villa,Everton,1.656,1.754,0.7180000000000001,2.452,0.14275862068965517,0.11389610389610388
1035055,2023-08-20,PL,2023,West Ham,Chelsea,1.408,1.286,2.0460000000000003,1.9979999999999998,0.10999999999999999,0.11086206896551723
1035048,2023-08-21,PL,2023,Crystal Palace,Arsenal,1.616,1.31,0.652,2.034,0.08879120879120879,0.1336734693877551
1047470,2023-08-25,ELC,2023,Hull City,Bristol City,,,,,,
1035062,2023-08-25,PL,2023,Chelsea,Luton,1.3199999999999998,,1.684,,0.09565217391304347,
1035057,2023-08-26,PL,2023,Bournemouth,Tottenham,1.43,1.5739999999999998,1.5859999999999999,2.1900000000000004,0.11349206349206348,0.14309090909090907
1035064,2023-08-26,PL,2023,Manchester United,Nottingham Forest,2.9520000000000004,0.906,1.3960000000000001,1.5859999999999999,0.1553684210526316,0.11325
1035058,2023-08-26,PL,2023,Arsenal,Fulham,1.78,1.134,1.0879999999999999,1.764,0.10595238095238095,0.14921052631578946
1035063,2023-08-26,PL,2023,Everton,Wolves,1.564,0.9560000000000001,1.396,2.7979999999999996,0.11671641791044776,0.07966666666666668
1035059,2023-08-26,PL,2023,Brentford,Crystal Palace,2.31,1.0879999999999999,1.1759999999999997,1.0399999999999998,0.15197368421052632,0.08242424242424241
1047474,2023-08-26,ELC,2023,Huddersfield,Norwich,,,,,,
1047479,2023-08-26,ELC,2023,Southampton,QPR,1.442,,1.866,,0.09876712328767123,
1047472,2023-08-26,ELC,2023,Cardiff,Sheffield Wednesday,,,,,,
1047471,2023-08-26,ELC,2023,Birmingham,Plymouth,,,,,,
1047475,2023-08-26,ELC,2023,Ipswich,Leeds,,0.8099999999999999,,1.984,,0.08437499999999999
1047476,2023-08-26,ELC,2023,Millwall,Stoke City,,,,,,
1047477,2023-08-26,ELC,2023,Preston,Swansea,,,,,,
1047481,2023-08-26,ELC,2023,West Brom,Middlesbrough,,,,,,
1047478,2023-08-26,ELC,2023,Rotherham,Leicester,,1.7599999999999998,,1.736,,0.14193548387096772
1047473,2023-08-26,ELC,2023,Coventry,Sunderland,,,,,,
1035060,2023-08-26,PL,2023,Brighton,West Ham,2.892,0.994,1.52,2.1839999999999997,0.12254237288135593,0.09939999999999999
1047480,2023-08-27,ELC,2023,Watford,Blackburn,,,,,,
1035061,2023-08-27,PL,2023,Burnley,Aston Villa,,1.3800000000000001,,1.782,,0.11694915254237288
1035066,2023-08-27,PL,2023,Sheffield Utd,Manchester City,,1.812,,1.188,,0.13323529411764706
1035065,2023-08-27,PL,2023,Newcastle,Liverpool,2.972,2.4639999999999995,0.8940000000000001,1.152,0.15479166666666666,0.13391304347826086
1035074,2023-09-01,PL,2023,Luton,West Ham,,1.268,,2.054,,0.1174074074074074
1035076,2023-09-02,PL,2023,Sheffield Utd,Everton,,1.6760000000000002,,2.36,,0.11802816901408451
1047482,2023-09-02,ELC,2023,Birmingham,Millwall,,,,,,
1047492,2023-09-02,ELC,2023,Swansea,Bristol City,,,,,,
1047491,2023-09-02,ELC,2023,Sunderland,Southampton,,1.6480000000000001,,2.132,,0.11771428571428572
1035070,2023-09-02,PL,2023,Burnley,Tottenham,,1.78,,1.5539999999999998,,0.1459016393442623
1035071,2023-09-02,PL,2023,Chelsea,Nottingham Forest,1.666,0.978,1.1840000000000002,1.584,0.104125,0.1286842105263158
1035075,2023-09-02,PL,2023,Manchester City,Fulham,1.934,1.2260000000000002,0.5359999999999999,2.2,0.12558441558441558,0.13622222222222224
1035068,2023-09-02,PL,2023,Brentford,Bournemouth,1.9560000000000002,0.866,0.9880000000000001,1.6800000000000002,0.13583333333333336,0.0866
1047486,2023-09-02,ELC,2023,Leicester,Hull City,1.498,,1.8699999999999999,,0.11179104477611941,
1047484,2023-09-02,ELC,2023,Ipswich,Cardiff,,,,,,
1047493,2023-09-02,ELC,2023,West Brom,Huddersfield,,,,,,
1047485,2023-09-02,ELC,2023,Leeds,Sheffield Wednesday,1.716,,1.6939999999999997,,0.10463414634146341,
1047487,2023-09-02,ELC,2023,Middlesbrough,QPR,,0.7966666666666667,,1.7166666666666668,,0.10863636363636364
1047489,2023-09-02,ELC,2023,Rotherham,Norwich,,,,,,
1047490,2023-09-02,ELC,2023,Stoke City,Preston,,,,,,
1047483,2023-09-02,ELC,2023,Coventry,Watford,,,,,,
1047488,2023-09-02,ELC,2023,Plymouth,Blackburn,,,,,,
1035069,2023-09-02,PL,2023,Brighton,Newcastle,2.73,1.482,1.8820000000000001,1.642,0.11280991735537191,0.12147540983606557
1035073,2023-09-03,PL,2023,Liverpool,Aston Villa,2.0200000000000005,1.572,1.1480000000000001,1.3800000000000001,0.1294871794871795,0.12885245901639344
1035072,2023-09-03,PL,2023,Crystal Palace,Wolves,1.3339999999999999,0.992,1.012,2.5799999999999996,0.09013513513513512,0.09018181818181818
1035067,2023-09-03,PL,2023,Arsenal,Manchester United,1.9020000000000004,1.6219999999999999,0.9339999999999999,1.7639999999999998,0.12192307692307694,0.08627659574468084
1047494,2023-09-15,ELC,2023,Hull City,Coventry,,,,,,
1047504,2023-09-15,ELC,2023,Southampton,Leicester,1.3699999999999999,1.568,1.8199999999999998,1.452,0.09927536231884057,0.11878787878787879
1035086,2023-09-16,PL,2023,Wolves,Liverpool,1.318,2.094,1.5260000000000002,1.2740000000000002,0.11981818181818181,0.11897727272727271
1035081,2023-09-16,PL,2023,Manchester United,Brighton,3.2680000000000007,1.6280000000000001,1.526,2.38,0.1650505050505051,0.13344262295081968
1035080,2023-09-16,PL,2023,Fulham,Luton,1.128,,2.338,,0.10444444444444444,
1035084,2023-09-16,PL,2023,Tottenham,Sheffield Utd,1.832,,1.4120000000000001,,0.10292134831460674,
1035085,2023-09-16,PL,2023,West Ham,Manchester City,1.572,2.036,1.886,1.284,0.11391304347826088,0.11837209302325581
1035078,2023-09-16,PL,2023,Aston Villa,Crystal Palace,1.996,1.0739999999999998,0.794,1.0779999999999998,0.15841269841269842,0.0756338028169014
1047498,2023-09-16,ELC,2023,Huddersfield,Rotherham,,,,,,
1047505,2023-09-16,ELC,2023,Watford,Birmingham,1.803333333333333,,0.5766666666666667,,0.07955882352941175,
1047496,2023-09-16,ELC,2023,Bristol City,West Brom,,,,,,
1047501,2023-09-16,ELC,2023,Preston,Plymouth,,,,,,
1047495,2023-09-16,ELC,2023,Blackburn,Middlesbrough,,,,,,
1047500,2023-09-16,ELC,2023,Norwich,Stoke City,,,,,,
1047502,2023-09-16,ELC,2023,QPR,Sunderland,,,,,,
1047503,2023-09-16,ELC,2023,Sheffield Wednesday,Ipswich,,,,,,
1035082,2023-09-16,PL,2023,Newcastle,Brentford,2.494,1.548,0.9040000000000001,1.312,0.12855670103092784,0.1548
1047497,2023-09-16,ELC,2023,Cardiff,Swansea,,,,,,
1047499,2023-09-17,ELC,2023,Millwall,Leeds,,0.9579999999999999,,2.1420000000000003,,0.0921153846153846
1035077,2023-09-17,PL,2023,Bournemouth,Chelsea,1.26,1.5580000000000003,1.512,2.248,0.11052631578947368,0.1256451612903226
1035079,2023-09-17,PL,2023,Everton,Arsenal,1.552,1.432,1.248,1.444,0.11582089552238806,0.1325925925925926
1035083,2023-09-18,PL,2023,Nottingham Forest,Burnley,1.38,,2.04,,0.14081632653061224,
1047511,2023-09-19,ELC,2023,Southampton,Ipswich,1.582,1.4233333333333331,2.4579999999999997,1.2266666666666666,0.10272727272727272,0.09930232558139535
1047507,2023-09-19,ELC,2023,Cardiff,Coventry,1.8933333333333335,1.0633333333333335,0.9500000000000001,1.2366666666666666,0.14200000000000002,0.0817948717948718
1047506,2023-09-19,ELC,2023,Bristol City,Plymouth,0.91,1.2666666666666666,0.9966666666666667,1.6833333333333336,0.0975,0.08085106382978723
1047508,2023-09-19,ELC,2023,Preston,Birmingham,0.9133333333333334,1.0066666666666666,1.0999999999999999,0.8633333333333334,0.08838709677419355,0.08628571428571429
1047509,2023-09-19,ELC,2023,QPR,Swansea,,1.09,,1.2233333333333334,,0.1021875
1047510,2023-09-19,ELC,2023,Sheffield Wednesday,Middlesbrough,0.49,1.8933333333333333,1.1533333333333333,1.2633333333333334,0.06681818181818182,0.11359999999999999
1047513,2023-09-20,ELC,2023,Huddersfield,Stoke City,1.3366666666666667,1.16,1.46,1.4000000000000001,0.08717391304347825,0.0848780487804878
1047517,2023-09-20,ELC,2023,Watford,West Brom,1.4549999999999998,0.57,0.645,1.3466666666666667,0.07275,0.0534375
1047515,2023-09-20,ELC,2023,Millwall,Rotherham,0.64,0.64,1.7333333333333332,1.8933333333333333,0.04923076923076923,0.11294117647058823
1047514,2023-09-20,ELC,2023,Hull City,Leeds,1.6366666666666667,1.142,1.5366666666666668,1.8399999999999999,0.10673913043478261,0.11196078431372548
1047512,2023-09-20,ELC,2023,Blackburn,Sunderland,1.7466666666666668,1.5166666666666666,1.83,0.7466666666666666,0.1278048780487805,0.091
1047516,2023-09-20,ELC,2023,Norwich,Leicester,1.866666666666667,1.9579999999999997,0.6866666666666666,1.4280000000000002,0.0918032786885246,0.14833333333333332
1047518,2023-09-22,ELC,2023,Birmingham,QPR,1.86,0.7475,0.7566666666666667,1.6150000000000002,0.1395,0.0906060606060606
1035095,2023-09-23,PL,2023,Manchester City,Nottingham Forest,1.8799999999999997,0.986,0.7300000000000001,1.72,0.13428571428571426,0.12325
1035092,2023-09-23,PL,2023,Crystal Palace,Fulham,1.654,1.342,1.17,2.2860000000000005,0.10602564102564102,0.15976190476190477
1035094,2023-09-23,PL,2023,Luton,Wolves,,1.0779999999999998,,2.3339999999999996,,0.09456140350877193
1047522,2023-09-23,ELC,2023,Leicester,Bristol City,1.0619999999999998,2.2866666666666666,1.324,1.1366666666666667,0.07273972602739726,0.14
1047520,2023-09-23,ELC,2023,Ipswich,Blackburn,2.2533333333333334,1.5466666666666669,1.3033333333333332,1.1133333333333333,0.105625,0.10086956521739132
1047529,2023-09-23,ELC,2023,West Brom,Millwall,1.09,0.7399999999999999,1.633333333333333,1.4366666666666665,0.11678571428571428,0.07161290322580645
1047521,2023-09-23,ELC,2023,Leeds,Watford,1.636,,1.4599999999999997,,0.09623529411764706,
1047523,2023-09-23,ELC,2023,Middlesbrough,Southampton,1.3466666666666667,1.65,1.0466666666666666,1.6440000000000001,0.08244897959183674,0.10443037974683544
1047525,2023-09-23,ELC,2023,Rotherham,Preston,0.6366666666666666,1.16,1.78,1.16,0.07346153846153845,0.15130434782608695
1047528,2023-09-23,ELC,2023,Swansea,Sheffield Wednesday,1.18,0.8133333333333334,1.3099999999999998,1.7766666666666666,0.11800000000000001,0.09037037037037036
1047524,2023-09-23,ELC,2023,Plymouth,Norwich,1.5966666666666665,1.9966666666666668,1.8966666666666667,1.7633333333333334,0.0921153846153846,0.14609756097560977
1035088,2023-09-23,PL,2023,Brentford,Everton,2.2140000000000004,2.1159999999999997,1.262,2.4959999999999996,0.14012658227848104,0.1374025974025974
1035090,2023-09-23,PL,2023,Burnley,Manchester United,0.8066666666666666,1.404,2.3533333333333335,1.722,0.07806451612903226,0.08068965517241379
1047526,2023-09-24,ELC,2023,Stoke City,Hull City,1.8333333333333333,0.9433333333333334,1.1966666666666665,1.8233333333333335,0.11956521739130435,0.08323529411764706
1035093,2023-09-24,PL,2023,Liverpool,West Ham,2.0740000000000003,1.3880000000000001,0.874,1.8880000000000003,0.12493975903614458,0.12175438596491228
1035087,2023-09-24,PL,2023,Arsenal,Tottenham,2.006,1.83,0.97,1.3860000000000001,0.1269620253164557,0.12708333333333333
1035091,2023-09-24,PL,2023,Chelsea,Aston Villa,1.8719999999999999,1.592,1.106,1.624,0.10883720930232557,0.12634920634920635
1035089,2023-09-24,PL,2023,Brighton,Bournemouth,2.338,1.0219999999999998,1.672,1.816,0.10345132743362832,0.09641509433962263
1047527,2023-09-24,ELC,2023,Sunderland,Cardiff,1.7333333333333332,1.2933333333333332,0.93,1.6066666666666667,0.10612244897959182,0.12933333333333333
1035096,2023-09-24,PL,2023,Sheffield Utd,Newcastle,0.79,1.6239999999999999,2.6933333333333334,1.516,0.08777777777777779,0.13096774193548386
1047519,2023-09-25,ELC,2023,Coventry,Huddersfield,1.4566666666666663,1.3733333333333333,1.0966666666666667,1.7400000000000002,0.09711111111111109,0.09155555555555556
1047539,2023-09-29,ELC,2023,Sheffield Wednesday,Sunderland,0.7075,1.6175,1.0375,1.245,0.09129032258064516,0.10269841269841269
1035098,2023-09-30,PL,2023,Aston Villa,Brighton,2.2520000000000002,1.5000000000000002,0.924,2.086,0.17873015873015877,0.1388888888888889
1047540,2023-09-30,ELC,2023,Southampton,Leeds,1.6800000000000002,1.394,2.312,1.528,0.09882352941176471,0.10890625
1035101,2023-09-30,PL,2023,Manchester United,Crystal Palace,2.8199999999999994,1.154,1.8,1.448,0.163953488372093,0.09158730158730158
1035102,2023-09-30,PL,2023,Newcastle,Burnley,2.518,,0.75,,0.13393617021276596,
1035097,2023-09-30,PL,2023,Bournemouth,Arsenal,1.076,1.0859999999999999,1.548,1.15,0.09275862068965517,0.09696428571428571
1035106,2023-09-30,PL,2023,Wolves,Manchester City,1.292,2.6100000000000003,1.796,1.116,0.11745454545454545,0.12311320754716981
1035099,2023-09-30,PL,2023,Everton,Luton,1.4460000000000002,1.0066666666666666,0.966,2.413333333333333,0.11661290322580646,0.11185185185185186
1035105,2023-09-30,PL,2023,West Ham,Sheffield Utd,1.3980000000000001,,2.0620000000000003,,0.11847457627118645,
1047533,2023-09-30,ELC,2023,Huddersfield,Ipswich,1.2475,1.2349999999999999,1.7825,1.13,0.08910714285714286,0.09148148148148147
1047541,2023-09-30,ELC,2023,Watford,Middlesbrough,1.3419999999999999,1.5924999999999998,0.646,1.2875,0.0721505376344086,0.10616666666666666
1047532,2023-09-30,ELC,2023,Cardiff,Rotherham,1.56,0.5825,0.9400000000000001,1.7874999999999999,0.13,0.10590909090909091
1047531,2023-09-30,ELC,2023,Bristol City,Stoke City,1.085,1.5574999999999999,0.8925000000000001,1.295,0.09644444444444444,0.10559322033898304
1047535,2023-09-30,ELC,2023,Millwall,Swansea,0.8474999999999999,0.96,1.4024999999999999,1.18,0.057457627118644064,0.096
1047537,2023-09-30,ELC,2023,Preston,West Brom,0.8350000000000001,0.59,1.1099999999999999,1.2325,0.08146341463414634,0.06051282051282051
1047534,2023-09-30,ELC,2023,Hull City,Plymouth,1.48,1.095,1.5250000000000001,1.6650000000000003,0.10763636363636364,0.08264150943396226
1047536,2023-09-30,ELC,2023,Norwich,Birmingham,1.6025,1.04,1.0075,0.7975000000000001,0.0843421052631579,0.0815686274509804
1047538,2023-09-30,ELC,2023,QPR,Coventry,0.8833333333333334,1.0250000000000001,1.4433333333333334,1.0675,0.10192307692307694,0.08913043478260871
1035104,2023-09-30,PL,2023,Tottenham,Liverpool,1.81,2.1759999999999997,1.282,1.24,0.09731182795698926,0.1295238095238095
1047530,2023-10-01,ELC,2023,Blackburn,Leicester,1.995,1.784,1.8525,1.262,0.12666666666666668,0.15379310344827585
1035103,2023-10-01,PL,2023,Nottingham Forest,Brentford,1.376,1.4140000000000001,1.454,1.448,0.12070175438596491,0.13862745098039217
1035100,2023-10-02,PL,2023,Fulham,Chelsea,0.984,1.7760000000000002,2.38,2.1060000000000003,0.08945454545454545,0.12869565217391304
1035051,2023-10-03,PL,2023,Luton,Burnley,,,,,,
1047542,2023-10-03,ELC,2023,Birmingham,Huddersfield,1.685,1.2225000000000001,0.8049999999999999,1.8075,0.12961538461538463,0.08890909090909092
1047543,2023-10-03,ELC,2023,Ipswich,Hull City,2.4425,1.0350000000000001,1.1775,1.5050000000000001,0.1050537634408602,0.08808510638297874
1047544,2023-10-03,ELC,2023,Middlesbrough,Cardiff,1.7875,1.3875,1.145,1.5025,0.11349206349206349,0.15
1047545,2023-10-03,ELC,2023,Plymouth,Millwall,1.9899999999999998,0.8474999999999999,1.905,1.5299999999999998,0.11705882352941176,0.08921052631578946
1047547,2023-10-03,ELC,2023,West Brom,Sheffield Wednesday,1.27,0.8125,1.5174999999999998,1.825,0.11545454545454546,0.08783783783783784
1047546,2023-10-03,ELC,2023,Stoke City,Southampton,1.5125,1.2899999999999998,1.225,1.906,0.10803571428571428,0.086
1047550,2023-10-04,ELC,2023,Leicester,Preston,1.4,1.31,0.9480000000000001,0.8925,0.07954545454545454,0.14162162162162162
1047549,2023-10-04,ELC,2023,Leeds,QPR,1.6920000000000002,0.788,1.012,1.5240000000000002,0.09096774193548388,0.09609756097560977
1047553,2023-10-04,ELC,2023,Swansea,Norwich,1.3775,1.98,1.185,2.115,0.1311904761904762,0.1523076923076923
1047552,2023-10-04,ELC,2023,Sunderland,Watford,1.5974999999999997,0.7200000000000001,1.115,1.7999999999999998,0.09830769230769229,0.07714285714285715
1047548,2023-10-04,ELC,2023,Coventry,Blackburn,1.5949999999999998,1.36,1.0150000000000001,1.5875,0.1139285714285714,0.09714285714285716
1047551,2023-10-04,ELC,2023,Rotherham,Bristol City,0.5,1.7825000000000002,1.775,1.3775,0.06896551724137931,0.12963636363636366
1047554,2023-10-06,ELC,2023,Birmingham,West Brom,1.704,0.734,1.1059999999999999,1.0559999999999998,0.133125,0.06327586206896552
1035113,2023-10-07,PL,2023,Luton,Tottenham,1.66,1.8479999999999996,0.9100000000000001,1.5560000000000003,0.09222222222222222,0.11549999999999998
1047564,2023-10-07,ELC,2023,Sunderland,Middlesbrough,1.5279999999999998,1.48,0.984,1.32,0.10324324324324323,0.1072463768115942
1035114,2023-10-07,PL,2023,Manchester United,Brentford,2.0380000000000003,1.516,1.592,1.286,0.11712643678160921,0.12225806451612903
1035112,2023-10-07,PL,2023,Fulham,Sheffield Utd,1.164,0.7433333333333335,2.2239999999999998,1.8833333333333335,0.09540983606557377,0.07433333333333335
1035109,2023-10-07,PL,2023,Burnley,Chelsea,0.8775,1.8459999999999996,2.0075000000000003,2.0660000000000003,0.08162790697674419,0.13376811594202898
1035111,2023-10-07,PL,2023,Everton,Bournemouth,1.67,1.06,0.992,2.086,0.10705128205128205,0.10816326530612244
1047563,2023-10-07,ELC,2023,Southampton,Rotherham,1.612,0.584,1.686,1.6799999999999997,0.10075,0.1006896551724138
1052667,2023-10-07,ELC,2023,Cardiff,Watford,1.498,0.655,0.8700000000000001,1.6624999999999999,0.12483333333333334,0.06717948717948719
1047558,2023-10-07,ELC,2023,Leicester,Stoke City,1.4120000000000001,1.438,0.758,1.276,0.08404761904761905,0.1106153846153846
1047556,2023-10-07,ELC,2023,Ipswich,Preston,2.142,1.134,1.1199999999999999,1.01,0.10009345794392523,0.13186046511627908
1047559,2023-10-07,ELC,2023,Millwall,Hull City,0.9559999999999998,1.006,1.3619999999999999,1.3920000000000001,0.05901234567901234,0.08383333333333334
1047557,2023-10-07,ELC,2023,Leeds,Bristol City,1.77,1.554,0.638,1.366,0.09833333333333333,0.12140625000000001
1047561,2023-10-07,ELC,2023,QPR,Blackburn,0.8950000000000001,1.2360000000000002,1.45,1.446,0.09421052631578948,0.0882857142857143
1047562,2023-10-07,ELC,2023,Sheffield Wednesday,Huddersfield,0.67,1.4400000000000002,1.1440000000000001,1.802,0.0858974358974359,0.10000000000000002
1047555,2023-10-07,ELC,2023,Coventry,Norwich,1.4519999999999997,1.8780000000000001,0.9600000000000002,2.164,0.1037142857142857,0.14227272727272727
1047560,2023-10-07,ELC,2023,Plymouth,Swansea,1.7419999999999998,1.008,1.714,1.222,0.09677777777777777,0.1072340425531915
1035110,2023-10-07,PL,2023,Crystal Palace,Nottingham Forest,1.288,0.932,0.916,1.752,0.09333333333333334,0.11948717948717949
1035116,2023-10-08,PL,2023,Wolves,Aston Villa,1.114,1.5100000000000002,1.8159999999999996,1.7380000000000002,0.1136734693877551,0.1217741935483871
1035115,2023-10-08,PL,2023,West Ham,Newcastle,1.666,1.922,1.8539999999999999,1.53,0.11569444444444445,0.13927536231884058
1035108,2023-10-08,PL,2023,Brighton,Liverpool,2.202,2.008,1.78,1.6039999999999999,0.1101,0.1255
1035107,2023-10-08,PL,2023,Arsenal,Manchester City,2.2279999999999998,2.42,0.9179999999999999,0.736,0.1428205128205128,0.10431034482758621
1035121,2023-10-21,PL,2023,Liverpool,Everton,2.314,1.8779999999999997,0.9199999999999999,2.01,0.12855555555555556,0.13041666666666665
1047571,2023-10-21,ELC,2023,Preston,Millwall,0.7380000000000001,0.868,1.15,1.3739999999999999,0.08021739130434784,0.09234042553191489
1035123,2023-10-21,PL,2023,Newcastle,Crystal Palace,2.444,1.262,0.778,1.5319999999999998,0.13282608695652173,0.09859375000000001
1035117,2023-10-21,PL,2023,Bournemouth,Wolves,0.9480000000000001,1.1300000000000001,1.964,2.1279999999999997,0.08464285714285714,0.10272727272727274
1035122,2023-10-21,PL,2023,Manchester City,Brighton,1.686,1.498,0.85,2.2180000000000004,0.1381967213114754,0.14132075471698113
1035119,2023-10-21,PL,2023,Brentford,Burnley,1.6800000000000002,0.7700000000000001,1.596,1.7466666666666668,0.12537313432835823,0.07218750000000002
1035124,2023-10-21,PL,2023,Nottingham Forest,Luton,0.982,0.9775,1.318,2.5349999999999997,0.09627450980392158,0.10861111111111112
1047567,2023-10-21,ELC,2023,Huddersfield,QPR,1.262,0.768,1.698,1.3679999999999999,0.09279411764705883,0.09142857142857143
1047575,2023-10-21,ELC,2023,Watford,Sheffield Wednesday,1.098,0.682,0.772,1.702,0.06310344827586208,0.08317073170731708
1047566,2023-10-21,ELC,2023,Bristol City,Coventry,1.108,1.114,0.906,1.0399999999999998,0.09551724137931035,0.09131147540983607
1047576,2023-10-21,ELC,2023,West Brom,Plymouth,1.258,1.016,1.246,1.6780000000000002,0.10311475409836066,0.079375
1047568,2023-10-21,ELC,2023,Hull City,Southampton,1.53,1.3539999999999999,1.36,1.532,0.10065789473684211,0.08569620253164556
1047565,2023-10-21,ELC,2023,Blackburn,Cardiff,1.8800000000000001,1.182,1.842,1.514,0.12051282051282051,0.13744186046511628
1047569,2023-10-21,ELC,2023,Middlesbrough,Birmingham,1.7420000000000002,1.06,0.9880000000000001,0.8920000000000001,0.11770270270270271,0.08412698412698412
1047570,2023-10-21,ELC,2023,Norwich,Leeds,1.536,1.3980000000000001,1.034,1.3940000000000001,0.08347826086956521,0.10432835820895522
1047573,2023-10-21,ELC,2023,Stoke City,Sunderland,1.342,1.6079999999999999,1.1640000000000001,1.1,0.09450704225352112,0.10719999999999999
1047574,2023-10-21,ELC,2023,Swansea,Leicester,1.5739999999999998,2.1260000000000003,1.242,1.108,0.12107692307692307,0.15632352941176472
1035120,2023-10-21,PL,2023,Chelsea,Arsenal,1.9040000000000004,1.6760000000000002,1.06,0.7739999999999999,0.11609756097560978,0.13301587301587303
1035125,2023-10-21,PL,2023,Sheffield Utd,Manchester United,0.8275,1.3139999999999998,3.0,1.482,0.09194444444444444,0.08012195121951218
1035118,2023-10-22,PL,2023,Aston Villa,West Ham,2.364,1.562,1.246,1.754,0.1738235294117647,0.12203125000000001
1035126,2023-10-23,PL,2023,Tottenham,Fulham,1.7600000000000002,1.18,1.138,2.2760000000000002,0.08888888888888889,0.13720930232558137
1047577,2023-10-24,ELC,2023,Huddersfield,Cardiff,1.134,1.0260000000000002,1.6420000000000001,1.3400000000000003,0.09295081967213115,0.10914893617021278
1047579,2023-10-24,ELC,2023,Millwall,Blackburn,1.032,1.094,1.4120000000000001,1.514,0.06142857142857143,0.08287878787878789
1047580,2023-10-24,ELC,2023,Norwich,Middlesbrough,1.2,1.72,1.236,1.24,0.07692307692307693,0.11621621621621621
1047581,2023-10-24,ELC,2023,Swansea,Watford,1.4140000000000001,0.932,1.5599999999999998,1.468,0.10876923076923077,0.09914893617021277
1047578,2023-10-24,ELC,2023,Leicester,Sunderland,1.4820000000000002,1.6800000000000002,0.454,1.0960000000000003,0.09500000000000001,0.10500000000000001
1047582,2023-10-24,ELC,2023,West Brom,QPR,1.098,0.706,0.8780000000000001,1.0499999999999998,0.08578125,0.0720408163265306
1047583,2023-10-25,ELC,2023,Birmingham,Hull City,1.6880000000000002,1.17,1.268,1.0500000000000003,0.12984615384615386,0.09749999999999999
1047584,2023-10-25,ELC,2023,Bristol City,Ipswich,1.0000000000000002,1.26,0.792,1.168,0.08474576271186442,0.08513513513513513
1047586,2023-10-25,ELC,2023,Preston,Southampton,0.708,1.376,0.93,1.668,0.08428571428571428,0.09297297297297297
1047587,2023-10-25,ELC,2023,Rotherham,Coventry,0.664,0.8400000000000001,1.5479999999999998,0.8100000000000002,0.08972972972972974,0.07924528301886793
1047585,2023-10-25,ELC,2023,Plymouth,Sheffield Wednesday,1.548,0.656,1.7579999999999998,1.4,0.0841304347826087,0.07130434782608697
1047588,2023-10-25,ELC,2023,Stoke City,Leeds,0.9800000000000001,1.6019999999999999,1.3519999999999999,1.262,0.07313432835820896,0.10139240506329114
1035132,2023-10-27,PL,2023,Crystal Palace,Tottenham,1.14,1.8059999999999998,1.0639999999999998,1.408,0.09499999999999999,0.1075
1035131,2023-10-28,PL,2023,Chelsea,Brentford,1.72,1.666,0.908,1.124,0.12112676056338027,0.1225
1047598,2023-10-28,ELC,2023,Southampton,Birmingham,1.52,0.954,1.3019999999999998,0.944,0.10704225352112676,0.08368421052631578
1047589,2023-10-28,ELC,2023,Leeds,Huddersfield,1.918,1.172,0.4800000000000001,1.512,0.11151162790697675,0.09156249999999999
1035127,2023-10-28,PL,2023,Bournemouth,Burnley,0.8720000000000001,0.8625,2.152,2.12,0.08226415094339623,0.09078947368421053
1035128,2023-10-28,PL,2023,Arsenal,Sheffield Utd,1.7440000000000002,0.7000000000000001,0.9239999999999998,1.965,0.11473684210526316,0.08
1047600,2023-10-28,ELC,2023,Watford,Millwall,0.9179999999999999,0.6900000000000001,0.6740000000000002,1.3220000000000003,0.05884615384615385,0.08214285714285714
1047591,2023-10-28,ELC,2023,Cardiff,Bristol City,1.2239999999999998,1.4759999999999998,1.008,1.77,0.11547169811320754,0.12508474576271184
1047594,2023-10-28,ELC,2023,Ipswich,Plymouth,2.2159999999999997,0.9359999999999999,1.0779999999999998,1.5580000000000003,0.10970297029702969,0.08357142857142856
1047593,2023-10-28,ELC,2023,Hull City,Preston,1.386,1.002,1.556,1.29,0.09493150684931506,0.12525
1047590,2023-10-28,ELC,2023,Blackburn,Swansea,1.77,0.992,1.7880000000000003,1.152,0.118,0.10333333333333333
1047595,2023-10-28,ELC,2023,Middlesbrough,Stoke City,1.9200000000000004,1.384,0.79,1.262,0.12800000000000003,0.11728813559322034
1047596,2023-10-28,ELC,2023,QPR,Leicester,0.9280000000000002,2.3339999999999996,1.558,1.0,0.07864406779661018,0.16913043478260867
1047599,2023-10-28,ELC,2023,Sunderland,Norwich,1.254,1.5439999999999998,1.238,1.794,0.09952380952380953,0.13543859649122805
1035136,2023-10-28,PL,2023,Wolves,Newcastle,1.2979999999999998,1.8399999999999999,1.842,1.35,0.1272549019607843,0.15081967213114753
1035135,2023-10-29,PL,2023,West Ham,Everton,1.6380000000000003,1.448,2.02,1.8039999999999998,0.1320967741935484,0.10647058823529411
1047597,2023-10-29,ELC,2023,Sheffield Wednesday,Rotherham,0.702,0.44000000000000006,1.002,1.8559999999999999,0.09486486486486485,0.08148148148148149
1035133,2023-10-29,PL,2023,Liverpool,Nottingham Forest,2.3120000000000003,1.0459999999999998,0.906,1.6199999999999999,0.11445544554455446,0.10895833333333332
1035130,2023-10-29,PL,2023,Brighton,Fulham,2.192,1.026,1.886,2.004,0.11659574468085107,0.11930232558139535
1035129,2023-10-29,PL,2023,Aston Villa,Luton,2.5159999999999996,1.124,1.204,2.622,0.16773333333333332,0.11469387755102041
1035134,2023-10-29,PL,2023,Manchester United,Manchester City,1.746,2.1319999999999997,1.4220000000000002,0.56,0.1003448275862069,0.10349514563106794
1047592,2023-10-30,ELC,2023,Coventry,West Brom,1.6439999999999997,0.8019999999999999,0.772,1.062,0.1040506329113924,0.07425925925925926
1047604,2023-11-03,ELC,2023,Leicester,Leeds,1.6219999999999999,1.6199999999999999,0.47000000000000003,0.9059999999999999,0.11422535211267605,0.09999999999999999
1035140,2023-11-04,PL,2023,Fulham,Manchester United,1.278,1.298,1.77,1.5059999999999998,0.09984375,0.08428571428571428
1035138,2023-11-04,PL,2023,Burnley,Crystal Palace,0.8539999999999999,1.194,1.9780000000000002,1.6759999999999997,0.08056603773584906,0.08528571428571428
1035139,2023-11-04,PL,2023,Everton,Brighton,1.9600000000000002,1.562,1.036,1.6560000000000001,0.1088888888888889,0.1562
1035142,2023-11-04,PL,2023,Manchester City,Bournemouth,1.3219999999999998,1.136,0.9700000000000001,2.274,0.12471698113207547,0.10327272727272727
1035137,2023-11-04,PL,2023,Brentford,West Ham,2.0740000000000003,1.518,1.44,1.8579999999999999,0.13126582278481014,0.12241935483870968
1035145,2023-11-04,PL,2023,Sheffield Utd,Wolves,0.9460000000000001,1.5100000000000002,2.62,1.6920000000000002,0.09854166666666668,0.10785714285714287
1047603,2023-11-04,ELC,2023,Huddersfield,Watford,1.2319999999999998,0.95,1.4,1.4259999999999997,0.0993548387096774,0.09693877551020408
1047601,2023-11-04,ELC,2023,Birmingham,Ipswich,1.374,1.314,1.25,0.968,0.1040909090909091,0.082125
1047602,2023-11-04,ELC,2023,Bristol City,Sheffield Wednesday,1.022,0.712,0.818,1.22,0.0837704918032787,0.07574468085106383
1047605,2023-11-04,ELC,2023,Millwall,Southampton,1.196,1.0939999999999999,1.3000000000000003,1.558,0.07204819277108433,0.08044117647058822
1047608,2023-11-04,ELC,2023,Preston,Coventry,0.758,1.092,1.014,0.9360000000000002,0.08813953488372094,0.084
1047612,2023-11-04,ELC,2023,West Brom,Hull City,1.484,1.014,0.548,0.85,0.10164383561643836,0.08741379310344828
1047609,2023-11-04,ELC,2023,Rotherham,QPR,0.792,0.606,1.432,1.4839999999999998,0.0825,0.07769230769230769
1047610,2023-11-04,ELC,2023,Stoke City,Cardiff,0.9279999999999999,1.1480000000000001,1.5539999999999998,1.496,0.0703030303030303,0.11038461538461539
1047611,2023-11-04,ELC,2023,Swansea,Sunderland,1.416,1.732,1.5479999999999998,1.1119999999999999,0.10567164179104478,0.11102564102564103
1047607,2023-11-04,ELC,2023,Plymouth,Middlesbrough,1.5080000000000002,1.596,1.558,1.208,0.08377777777777778,0.10230769230769231
1035143,2023-11-04,PL,2023,Newcastle,Arsenal,2.484,1.6199999999999999,1.002,0.78,0.15721518987341773,0.12272727272727273
1047606,2023-11-05,ELC,2023,Norwich,Blackburn,0.9540000000000001,1.2260000000000002,1.3719999999999999,1.5959999999999999,0.0671830985915493,0.08757142857142858
1035144,2023-11-05,PL,2023,Nottingham Forest,Aston Villa,1.216,1.5620000000000003,1.012,1.9240000000000002,0.09967213114754099,0.10554054054054056
1035141,2023-11-05,PL,2023,Luton,Liverpool,1.4349999999999998,1.668,1.1725,1.704,0.08696969696969696,0.1303125
1035146,2023-11-06,PL,2023,Tottenham,Chelsea,1.89,1.968,1.272,1.98,0.08915094339622641,0.1513846153846154
1047572,2023-11-07,ELC,2023,Rotherham,Ipswich,0.79,1.342,1.282,0.9620000000000001,0.08229166666666667,0.083875
1047613,2023-11-10,ELC,2023,Blackburn,Preston,1.8940000000000001,0.998,1.574,1.286,0.11691358024691359,0.11880952380952381
1035156,2023-11-11,PL,2023,Wolves,Tottenham,1.162,1.7759999999999998,1.8820000000000001,1.092,0.11857142857142856,0.11684210526315789
1047623,2023-11-11,ELC,2023,Sunderland,Birmingham,1.482,0.794,1.262,1.24,0.1073913043478261,0.07784313725490197
1035154,2023-11-11,PL,2023,Manchester United,Luton,1.494,0.9240000000000002,1.752,2.276,0.09455696202531645,0.09829787234042556
1035148,2023-11-11,PL,2023,Arsenal,Burnley,2.132,0.8560000000000001,0.694,1.918,0.14405405405405405,0.09727272727272727
1035152,2023-11-11,PL,2023,Crystal Palace,Everton,0.974,1.214,1.192,1.6219999999999999,0.08396551724137931,0.10288135593220338
1047624,2023-11-11,ELC,2023,Watford,Rotherham,1.094,0.37200000000000005,0.7780000000000001,2.1079999999999997,0.07493150684931507,0.06413793103448277
1047622,2023-11-11,ELC,2023,Southampton,West Brom,1.8939999999999997,1.124,1.2939999999999998,1.112,0.12626666666666664,0.09859649122807018
1047614,2023-11-11,ELC,2023,Cardiff,Norwich,0.9819999999999999,1.168,1.0180000000000002,2.0940000000000003,0.09819999999999998,0.10245614035087719
1047617,2023-11-11,ELC,2023,Ipswich,Swansea,2.1239999999999997,1.1280000000000001,1.074,1.48,0.11419354838709676,0.10444444444444445
1047618,2023-11-11,ELC,2023,Leeds,Plymouth,1.954,0.976,0.59,1.5239999999999998,0.10855555555555554,0.09759999999999999
1047616,2023-11-11,ELC,2023,Hull City,Huddersfield,1.176,1.09,0.908,1.464,0.0828169014084507,0.10283018867924529
1047619,2023-11-11,ELC,2023,Middlesbrough,Leicester,1.698,2.302,0.776,0.9640000000000001,0.12671641791044777,0.16442857142857142
1047620,2023-11-11,ELC,2023,QPR,Bristol City,0.76,0.942,1.538,1.65,0.06551724137931035,0.098125
1047621,2023-11-11,ELC,2023,Sheffield Wednesday,Millwall,1.1320000000000001,0.7859999999999999,0.9919999999999998,1.4300000000000002,0.1316279069767442,0.09139534883720929
1047615,2023-11-11,ELC,2023,Coventry,Stoke City,1.7459999999999998,1.298,1.0260000000000002,1.242,0.11337662337662335,0.12245283018867925
1035147,2023-11-11,PL,2023,Bournemouth,Newcastle,0.82,1.9279999999999997,2.104,1.0739999999999998,0.07884615384615384,0.15803278688524589
1035153,2023-11-12,PL,2023,Liverpool,Brentford,2.8,1.8399999999999999,0.7260000000000001,1.1640000000000001,0.125,0.14375
1035155,2023-11-12,PL,2023,West Ham,Nottingham Forest,1.3400000000000003,0.9,2.004,2.0919999999999996,0.12181818181818184,0.08823529411764706
1035150,2023-11-12,PL,2023,Brighton,Sheffield Utd,1.6760000000000002,0.5660000000000001,1.732,2.1260000000000003,0.09858823529411766,0.07648648648648648
1035149,2023-11-12,PL,2023,Aston Villa,Fulham,2.402,0.868,1.03,1.7440000000000002,0.150125,0.09863636363636363
1035151,2023-11-12,PL,2023,Chelsea,Manchester City,1.8559999999999999,2.516,1.084,0.6839999999999999,0.11897435897435897,0.11757009345794392
1047633,2023-11-24,ELC,2023,Rotherham,Leeds,0.9339999999999999,1.3719999999999999,1.214,0.944,0.09936170212765957,0.08794871794871795
1035299,2023-11-25,PL,2023,Manchester City,Liverpool,1.474,1.982,0.9019999999999999,1.596,0.12491525423728814,0.13213333333333332
1035300,2023-11-25,PL,2023,Newcastle,Chelsea,2.0100000000000002,2.404,0.7619999999999999,1.1159999999999999,0.1415492957746479,0.17676470588235293
1035295,2023-11-25,PL,2023,Burnley,West Ham,1.012,1.668,1.8220000000000003,1.9100000000000001,0.0790625,0.14379310344827587
1035302,2023-11-25,PL,2023,Sheffield Utd,Bournemouth,1.0539999999999998,1.2239999999999998,2.508,2.456,0.10333333333333332,0.11547169811320754
1035301,2023-11-25,PL,2023,Nottingham Forest,Brighton,1.182,1.394,1.1300000000000001,1.228,0.09849999999999999,0.14224489795918366
1035298,2023-11-25,PL,2023,Luton,Crystal Palace,1.3099999999999998,1.076,1.5080000000000002,1.7979999999999996,0.0885135135135135,0.1076
1047627,2023-11-25,ELC,2023,Huddersfield,Southampton,0.8779999999999999,1.156,1.4000000000000001,1.27,0.08442307692307692,0.08140845070422534
1047628,2023-11-25,ELC,2023,Leicester,Watford,1.494,0.7700000000000001,0.6679999999999999,1.034,0.1245,0.08750000000000001
1047625,2023-11-25,ELC,2023,Birmingham,Sheffield Wednesday,1.2600000000000002,0.656,1.4460000000000002,1.2,0.10161290322580646,0.07627906976744186
1047626,2023-11-25,ELC,2023,Bristol City,Middlesbrough,1.0539999999999998,1.7280000000000002,0.8600000000000001,0.9780000000000001,0.08234375,0.11220779220779221
1047629,2023-11-25,ELC,2023,Millwall,Coventry,1.206,1.454,1.012,1.1019999999999999,0.07730769230769231,0.09693333333333333
1047632,2023-11-25,ELC,2023,Preston,Cardiff,0.914,0.892,1.168,1.1,0.09140000000000001,0.0892
1047630,2023-11-25,ELC,2023,Norwich,QPR,0.9620000000000001,0.616,1.4040000000000001,1.3479999999999999,0.0608860759493671,0.07897435897435898
1047634,2023-11-25,ELC,2023,Stoke City,Blackburn,0.578,1.2000000000000002,1.228,1.6159999999999997,0.05254545454545454,0.10000000000000002
1047635,2023-11-25,ELC,2023,Swansea,Hull City,1.302,1.0539999999999998,1.464,0.784,0.11224137931034484,0.08783333333333333
1047631,2023-11-25,ELC,2023,Plymouth,Sunderland,1.4680000000000002,1.624,1.904,1.226,0.09532467532467534,0.10024691358024693
1035294,2023-11-25,PL,2023,Brentford,Arsenal,1.9560000000000002,1.6060000000000003,1.5499999999999998,0.8780000000000001,0.11642857142857144,0.11637681159420292
1047636,2023-11-25,ELC,2023,West Brom,Ipswich,1.462,1.1880000000000002,0.502,1.1239999999999999,0.10013698630136986,0.07425000000000001
1035303,2023-11-26,PL,2023,Tottenham,Aston Villa,1.702,1.4540000000000002,1.8380000000000003,1.318,0.0925,0.10239436619718312
1035296,2023-11-26,PL,2023,Everton,Manchester United,1.556,1.154,0.8380000000000001,1.5059999999999998,0.09604938271604939,0.08362318840579709
1035297,2023-11-27,PL,2023,Fulham,Wolves,1.146,1.3059999999999998,1.598,1.46,0.08070422535211266,0.11456140350877192
1047637,2023-11-28,ELC,2023,Cardiff,West Brom,0.9259999999999999,1.458,1.468,1.112,0.0926,0.12789473684210526
1047639,2023-11-28,ELC,2023,Hull City,Rotherham,1.1640000000000001,0.374,0.834,2.1659999999999995,0.07972602739726027,0.06032258064516129
1047640,2023-11-28,ELC,2023,Middlesbrough,Preston,1.6320000000000001,0.818,0.8160000000000001,1.152,0.136,0.09295454545454546
1047641,2023-11-28,ELC,2023,QPR,Stoke City,0.776,1.192,1.1420000000000001,1.206,0.06466666666666666,0.12956521739130436
1047638,2023-11-28,ELC,2023,Coventry,Plymouth,1.546,0.952,0.906,1.518,0.10445945945945946,0.11609756097560975
1047642,2023-11-28,ELC,2023,Watford,Norwich,1.4540000000000002,1.4899999999999998,0.6839999999999999,2.234,0.09693333333333334,0.12416666666666666
1047647,2023-11-29,ELC,2023,Southampton,Bristol City,1.786,0.5700000000000001,0.906,1.438,0.13530303030303029,0.07307692307692308
1047645,2023-11-29,ELC,2023,Leeds,Swansea,1.9959999999999998,1.296,0.664,1.904,0.11340909090909089,0.12461538461538463
1047643,2023-11-29,ELC,2023,Blackburn,Birmingham,1.75,0.898,1.286,1.7759999999999998,0.09943181818181818,0.07610169491525424
1047646,2023-11-29,ELC,2023,Sheffield Wednesday,Leicester,1.31,1.634,0.9560000000000001,0.8480000000000001,0.13367346938775512,0.12194029850746269
1047648,2023-11-29,ELC,2023,Sunderland,Huddersfield,1.7120000000000002,0.952,1.368,1.534,0.11726027397260275,0.11609756097560975
1047644,2023-11-29,ELC,2023,Ipswich,Millwall,2.382,0.984,1.028,1.332,0.1240625,0.10468085106382978
1047655,2023-12-01,ELC,2023,Preston,QPR,0.858,0.538,1.0919999999999999,1.2499999999999998,0.0975,0.06725
1047659,2023-12-02,ELC,2023,West Brom,Leicester,1.416,1.452,0.312,0.97,0.10567164179104478,0.10521739130434782
1035305,2023-12-02,PL,2023,Arsenal,Wolves,1.8819999999999997,1.36,0.6459999999999999,1.7719999999999998,0.13253521126760562,0.12142857142857144
1035307,2023-12-02,PL,2023,Burnley,Sheffield Utd,1.1179999999999999,0.6799999999999999,1.4620000000000002,2.154,0.0846969696969697,0.08717948717948716
1035306,2023-12-02,PL,2023,Brentford,Luton,2.0,0.9179999999999999,1.72,2.258,0.12345679012345678,0.09978260869565217
1047657,2023-12-02,ELC,2023,Southampton,Cardiff,1.78,0.71,0.916,0.9259999999999999,0.1328358208955224,0.05725806451612903
1047649,2023-12-02,ELC,2023,Birmingham,Rotherham,1.292,0.398,1.682,2.616,0.10253968253968254,0.056857142857142856
1047651,2023-12-02,ELC,2023,Ipswich,Coventry,2.022,1.7259999999999998,0.954,1.362,0.11755813953488371,0.10924050632911392
1047653,2023-12-02,ELC,2023,Millwall,Sunderland,1.284,1.584,1.384,0.8320000000000001,0.08126582278481012,0.08608695652173913
1047652,2023-12-02,ELC,2023,Leeds,Middlesbrough,2.024,1.7099999999999997,0.704,1.106,0.11370786516853931,0.1082278481012658
1047650,2023-12-02,ELC,2023,Hull City,Watford,1.706,0.842,0.642,1.142,0.09918604651162789,0.08591836734693878
1047656,2023-12-02,ELC,2023,Sheffield Wednesday,Blackburn,1.3219999999999998,1.3820000000000001,1.03,1.1780000000000002,0.1224074074074074,0.1212280701754386
1047658,2023-12-02,ELC,2023,Swansea,Huddersfield,1.138,0.9700000000000001,1.5379999999999998,1.6420000000000001,0.09483333333333333,0.12125000000000001
1047654,2023-12-02,ELC,2023,Plymouth,Stoke City,0.9879999999999999,0.828,1.862,1.482,0.06957746478873239,0.1035
1035312,2023-12-02,PL,2023,Nottingham Forest,Everton,1.29,1.3940000000000001,1.326,1.456,0.10403225806451613,0.12017241379310346
1035311,2023-12-02,PL,2023,Newcastle,Manchester United,2.0839999999999996,1.184,0.692,1.652,0.16806451612903223,0.10571428571428572
1047660,2023-12-03,ELC,2023,Bristol City,Norwich,1.1320000000000001,1.218,0.8639999999999999,2.008,0.0992982456140351,0.09983606557377049
1035304,2023-12-03,PL,2023,Bournemouth,Aston Villa,1.178,1.266,1.7900000000000003,1.64,0.09816666666666667,0.09042857142857143
1035309,2023-12-03,PL,2023,Liverpool,Fulham,2.526,0.942,0.804,1.72,0.12262135922330096,0.10466666666666667
1035313,2023-12-03,PL,2023,West Ham,Crystal Palace,1.34,1.25,1.844,1.7919999999999998,0.1135593220338983,0.12254901960784313
1035308,2023-12-03,PL,2023,Chelsea,Brighton,1.9920000000000002,1.246,1.572,1.186,0.1310526315789474,0.1415909090909091
1035310,2023-12-03,PL,2023,Manchester City,Tottenham,1.53,1.504,0.9559999999999998,1.388,0.12540983606557377,0.11569230769230769
1035321,2023-12-05,PL,2023,Wolves,Burnley,1.1640000000000001,0.8100000000000002,1.5779999999999998,2.166,0.1164,0.09642857142857145
1035318,2023-12-05,PL,2023,Luton,Arsenal,1.204,1.532,1.636,0.914,0.0912121212121212,0.10942857142857143
1035317,2023-12-06,PL,2023,Fulham,Nottingham Forest,1.634,0.9960000000000001,1.082,1.886,0.11191780821917809,0.09576923076923077
1035315,2023-12-06,PL,2023,Brighton,Brentford,1.686,1.3900000000000001,1.3000000000000003,1.414,0.11873239436619717,0.11031746031746031
1035322,2023-12-06,PL,2023,Crystal Palace,Bournemouth,1.206,1.5379999999999998,1.094,1.9959999999999998,0.10578947368421052,0.12206349206349205
1035319,2023-12-06,PL,2023,Sheffield Utd,Liverpool,1.076,1.918,2.36,1.4700000000000002,0.09781818181818182,0.1295945945945946
1035323,2023-12-06,PL,2023,Manchester United,Chelsea,1.364,2.012,1.592,1.228,0.08973684210526316,0.17344827586206898
1035314,2023-12-06,PL,2023,Aston Villa,Manchester City,2.418,2.372,1.0899999999999999,1.1400000000000001,0.1530379746835443,0.12891304347826085
1035316,2023-12-07,PL,2023,Everton,Newcastle,1.782,1.968,1.066,1.35,0.099,0.15870967741935485
1035320,2023-12-07,PL,2023,Tottenham,West Ham,1.8219999999999998,1.2020000000000002,1.7760000000000002,1.866,0.09795698924731182,0.10543859649122808
1047663,2023-12-08,ELC,2023,Coventry,Birmingham,1.4200000000000002,0.932,0.8640000000000001,1.8,0.09342105263157896,0.06753623188405797
1035326,2023-12-09,PL,2023,Crystal Palace,Liverpool,0.986,1.752,1.238,1.542,0.08649122807017544,0.12
1047661,2023-12-09,ELC,2023,Blackburn,Leeds,1.3459999999999999,1.4019999999999997,1.1640000000000001,0.874,0.0874025974025974,0.08873417721518986
1047671,2023-12-09,ELC,2023,Sunderland,West Brom,1.984,1.5719999999999998,1.206,1.03,0.1180952380952381,0.13551724137931034
1035330,2023-12-09,PL,2023,Manchester United,Bournemouth,2.006,1.5,1.5559999999999998,1.616,0.11144444444444444,0.12096774193548387
1035333,2023-12-09,PL,2023,Wolves,Nottingham Forest,1.204,0.8960000000000001,1.248,1.9300000000000002,0.1308695652173913,0.09142857142857144
1035325,2023-12-09,PL,2023,Brighton,Burnley,1.7399999999999998,0.8539999999999999,1.358,1.6940000000000002,0.11756756756756756,0.09282608695652173
1035331,2023-12-09,PL,2023,Sheffield Utd,Brentford,1.036,1.5939999999999999,2.1799999999999997,1.44,0.10791666666666667,0.1328333333333333
1047664,2023-12-09,ELC,2023,Huddersfield,Bristol City,0.7699999999999999,0.6599999999999999,1.122,1.1800000000000002,0.07403846153846153,0.08048780487804878
1047672,2023-12-09,ELC,2023,Watford,Southampton,1.684,1.1400000000000001,0.6679999999999999,0.736,0.10144578313253012,0.07916666666666666
1047662,2023-12-09,ELC,2023,Cardiff,Millwall,0.9100000000000001,0.836,1.5299999999999998,1.212,0.0858490566037736,0.09288888888888888
1047665,2023-12-09,ELC,2023,Leicester,Plymouth,1.65,0.9480000000000001,0.7220000000000001,1.472,0.12890625,0.09875
1047666,2023-12-09,ELC,2023,Middlesbrough,Ipswich,1.584,1.098,0.564,1.272,0.13423728813559324,0.0732
1047667,2023-12-09,ELC,2023,Norwich,Preston,0.9339999999999999,0.502,1.1219999999999999,1.7079999999999997,0.06577464788732394,0.06972222222222223
1047668,2023-12-09,ELC,2023,QPR,Hull City,1.0379999999999998,1.028,1.214,0.9039999999999999,0.07632352941176469,0.07907692307692309
1047669,2023-12-09,ELC,2023,Rotherham,Swansea,1.048,1.258,1.19,2.1900000000000004,0.1048,0.11648148148148148
1047670,2023-12-09,ELC,2023,Stoke City,Sheffield Wednesday,0.6319999999999999,0.9199999999999999,1.308,1.0699999999999998,0.055438596491228065,0.09387755102040815
1035324,2023-12-09,PL,2023,Aston Villa,Arsenal,2.252,1.78,0.9860000000000001,0.9480000000000001,0.1324705882352941,0.11125
1035328,2023-12-10,PL,2023,Fulham,West Ham,1.9459999999999997,1.4420000000000002,0.914,1.9299999999999997,0.13148648648648648,0.12220338983050849
1035327,2023-12-10,PL,2023,Everton,Chelsea,2.386,1.9459999999999997,1.1760000000000002,1.8539999999999999,0.1158252427184466,0.17070175438596488
1035329,2023-12-10,PL,2023,Luton,Manchester City,0.8720000000000001,1.7760000000000002,1.97,1.428,0.08384615384615385,0.13661538461538464
1035332,2023-12-10,PL,2023,Tottenham,Newcastle,1.7559999999999998,2.036,2.0900000000000003,1.7619999999999998,0.09977272727272726,0.15424242424242424
1047674,2023-12-12,ELC,2023,Huddersfield,Preston,0.6319999999999999,0.5660000000000001,1.066,1.67,0.06869565217391303,0.07861111111111112
1047678,2023-12-12,ELC,2023,Watford,Ipswich,1.516,1.014,0.6219999999999999,1.106,0.09844155844155844,0.07921875
1047673,2023-12-12,ELC,2023,Blackburn,Bristol City,1.198,0.748,1.004,1.042,0.08094594594594594,0.07957446808510639
1047675,2023-12-12,ELC,2023,Rotherham,West Brom,0.89,1.438,1.47,1.2400000000000002,0.09081632653061225,0.14379999999999998
1047676,2023-12-12,ELC,2023,Stoke City,Swansea,0.8939999999999999,1.4260000000000002,1.286,2.018,0.08127272727272727,0.10803030303030305
1047677,2023-12-12,ELC,2023,Sunderland,Leeds,2.0140000000000002,1.4179999999999997,1.242,0.7140000000000001,0.11314606741573034,0.09847222222222221
1047679,2023-12-13,ELC,2023,Cardiff,Birmingham,0.7899999999999999,0.8099999999999999,1.752,1.7779999999999998,0.08229166666666667,0.05785714285714286
1047681,2023-12-13,ELC,2023,Leicester,Millwall,1.948,0.986,0.8600000000000001,1.192,0.14323529411764707,0.10717391304347826
1047683,2023-12-13,ELC,2023,Norwich,Sheffield Wednesday,0.938,1.05,1.044,1.222,0.06424657534246575,0.10294117647058823
1047684,2023-12-13,ELC,2023,QPR,Plymouth,1.0219999999999998,1.0319999999999998,1.1039999999999999,1.72,0.07405797101449274,0.09923076923076922
1047680,2023-12-13,ELC,2023,Coventry,Southampton,1.476,1.116,0.8220000000000001,0.726,0.09461538461538462,0.0808695652173913
1047682,2023-12-13,ELC,2023,Middlesbrough,Hull City,1.3699999999999999,1.034,0.68,0.8859999999999999,0.12454545454545454,0.0771641791044776
1035342,2023-12-15,PL,2023,Nottingham Forest,Tottenham,1.292,1.1400000000000001,1.35,1.6300000000000001,0.10590163934426229,0.10961538461538461
1047688,2023-12-16,ELC,2023,Ipswich,Norwich,2.0799999999999996,1.112,1.034,1.768,0.12235294117647057,0.09423728813559323
1035341,2023-12-16,PL,2023,Newcastle,Fulham,2.2960000000000003,0.8940000000000001,0.688,1.714,0.15306666666666668,0.09312500000000001
1035338,2023-12-16,PL,2023,Chelsea,Sheffield Utd,1.954,0.6260000000000001,1.6480000000000001,2.0919999999999996,0.15507936507936507,0.08236842105263159
1035340,2023-12-16,PL,2023,Manchester City,Crystal Palace,1.592,1.202,0.758,1.376,0.11211267605633804,0.1112962962962963
1047694,2023-12-16,ELC,2023,Southampton,Blackburn,2.02,1.55,0.9380000000000001,1.2120000000000002,0.13466666666666666,0.12704918032786885
1047686,2023-12-16,ELC,2023,Bristol City,Sunderland,1.124,1.582,0.86,0.8640000000000001,0.09525423728813559,0.08788888888888889
1047690,2023-12-16,ELC,2023,Millwall,Huddersfield,1.142,0.568,1.456,1.5739999999999998,0.08921875,0.10142857142857142
1047692,2023-12-16,ELC,2023,Preston,Watford,0.8399999999999999,0.8879999999999999,1.1,1.276,0.09130434782608694,0.09249999999999999
1047689,2023-12-16,ELC,2023,Leeds,Coventry,2.316,1.69,0.892,1.422,0.12451612903225806,0.10696202531645568
1047687,2023-12-16,ELC,2023,Hull City,Cardiff,1.7440000000000002,0.8440000000000001,0.6399999999999999,1.15,0.0990909090909091,0.06393939393939395
1047693,2023-12-16,ELC,2023,Sheffield Wednesday,QPR,1.428,0.748,1.032,0.9239999999999998,0.12101694915254237,0.08697674418604652
1047695,2023-12-16,ELC,2023,Swansea,Middlesbrough,0.954,1.752,1.3039999999999998,1.486,0.08084745762711863,0.10814814814814815
1047691,2023-12-16,ELC,2023,Plymouth,Rotherham,1.182,0.5119999999999999,1.9980000000000004,2.512,0.09092307692307691,0.06399999999999999
1035337,2023-12-16,PL,2023,Burnley,Everton,1.2080000000000002,1.01,1.084,1.3619999999999999,0.08753623188405799,0.09351851851851851
1047696,2023-12-17,ELC,2023,West Brom,Stoke City,1.3679999999999999,0.9620000000000001,0.534,1.586,0.11593220338983051,0.11186046511627908
1035335,2023-12-17,PL,2023,Arsenal,Brighton,2.006,1.134,0.6,1.416,0.1373972602739726,0.10903846153846151
1035343,2023-12-17,PL,2023,West Ham,Wolves,1.378,1.2659999999999998,1.3039999999999998,1.9280000000000002,0.11112903225806452,0.1266
1035336,2023-12-17,PL,2023,Brentford,Aston Villa,2.112,1.27,1.348,1.55,0.12137931034482759,0.08819444444444444
1035339,2023-12-17,PL,2023,Liverpool,Manchester United,2.478,1.092,0.914,1.698,0.110625,0.10111111111111112
1047685,2023-12-18,ELC,2023,Birmingham,Leicester,1.082,1.3459999999999996,1.452,0.8799999999999999,0.08587301587301588,0.10044776119402983
1035345,2023-12-21,PL,2023,Crystal Palace,Brighton,1.274,0.93,1.3699999999999999,1.568,0.10982758620689656,0.09893617021276596
1047697,2023-12-22,ELC,2023,Bristol City,Hull City,1.2399999999999998,1.058,0.9099999999999999,0.9620000000000001,0.10508474576271186,0.07895522388059702
1047708,2023-12-22,ELC,2023,Swansea,Preston,1.1279999999999997,0.6119999999999999,1.052,1.3199999999999998,0.09724137931034481,0.07846153846153846
1035344,2023-12-22,PL,2023,Aston Villa,Sheffield Utd,2.05,0.484,0.9239999999999998,2.274,0.13486842105263158,0.08642857142857142
1035352,2023-12-23,PL,2023,West Ham,Manchester United,1.176,1.048,1.222,1.9560000000000002,0.10690909090909091,0.10693877551020409
1047699,2023-12-23,ELC,2023,Leeds,Ipswich,2.082,1.072,0.8780000000000001,1.1800000000000002,0.11315217391304348,0.09745454545454546
1035346,2023-12-23,PL,2023,Fulham,Burnley,2.2019999999999995,0.744,0.842,1.982,0.14115384615384613,0.09789473684210526
1035351,2023-12-23,PL,2023,Tottenham,Everton,2.072,0.9219999999999999,2.166,1.298,0.11908045977011493,0.10244444444444444
1035350,2023-12-23,PL,2023,Nottingham Forest,Bournemouth,1.47,1.568,1.332,1.4780000000000002,0.105,0.13066666666666665
1035348,2023-12-23,PL,2023,Luton,Newcastle,0.6699999999999999,1.5899999999999999,2.07,2.336,0.0881578947368421,0.15
1047700,2023-12-23,ELC,2023,Leicester,Rotherham,1.9840000000000004,0.7779999999999999,1.138,2.378,0.143768115942029,0.08644444444444443
1047698,2023-12-23,ELC,2023,Blackburn,Watford,1.252,1.084,1.0660000000000003,1.5779999999999998,0.08025641025641025,0.09854545454545455
1047701,2023-12-23,ELC,2023,Middlesbrough,West Brom,1.294,1.3,0.8940000000000001,0.958,0.11981481481481483,0.14130434782608695
1047702,2023-12-23,ELC,2023,Norwich,Huddersfield,1.068,0.72,1.036,1.7440000000000002,0.0752112676056338,0.11612903225806451
1047704,2023-12-23,ELC,2023,QPR,Southampton,1.0899999999999999,0.982,0.852,0.5799999999999998,0.07077922077922078,0.07793650793650794
1047705,2023-12-23,ELC,2023,Sheffield Wednesday,Cardiff,1.456,0.8699999999999999,0.9700000000000001,1.35,0.11934426229508197,0.06904761904761904
1047706,2023-12-23,ELC,2023,Stoke City,Millwall,1.3539999999999999,1.264,1.048,1.504,0.11283333333333333,0.1264
1047707,2023-12-23,ELC,2023,Sunderland,Coventry,2.1220000000000003,1.688,0.8460000000000001,1.6179999999999999,0.11659340659340661,0.11405405405405404
1047703,2023-12-23,ELC,2023,Plymouth,Birmingham,1.468,1.092,1.844,1.6280000000000001,0.09918918918918919,0.0718421052631579
1035347,2023-12-23,PL,2023,Liverpool,Arsenal,2.348,1.3739999999999999,0.844,0.932,0.0946774193548387,0.08922077922077921
1035353,2023-12-24,PL,2023,Wolves,Chelsea,1.3439999999999999,1.796,1.332,1.8800000000000001,0.12679245283018867,0.14483870967741935
1035362,2023-12-26,PL,2023,Newcastle,Nottingham Forest,2.36,0.9480000000000001,0.6139999999999999,1.8980000000000001,0.14390243902439023,0.10085106382978724
1047716,2023-12-26,ELC,2023,Preston,Leeds,1.184,1.252,1.636,0.7520000000000001,0.10033898305084746,0.0963076923076923
1047709,2023-12-26,ELC,2023,Millwall,QPR,1.282,0.6140000000000001,1.5059999999999998,1.002,0.10174603174603175,0.09029411764705883
1035354,2023-12-26,PL,2023,Bournemouth,Fulham,1.3739999999999999,0.8320000000000001,1.556,2.356,0.11080645161290321,0.09454545454545454
1035363,2023-12-26,PL,2023,Sheffield Utd,Luton,1.0100000000000002,0.744,1.528,2.7600000000000002,0.10520833333333335,0.0808695652173913
1047713,2023-12-26,ELC,2023,Huddersfield,Blackburn,0.648,1.3,0.984,1.748,0.06893617021276596,0.13541666666666666
1047719,2023-12-26,ELC,2023,Watford,Bristol City,1.6840000000000004,0.8119999999999999,0.908,0.774,0.10935064935064938,0.0812
1047718,2023-12-26,ELC,2023,Southampton,Swansea,2.108,1.1,1.0580000000000003,2.36,0.14053333333333334,0.09166666666666666
1047711,2023-12-26,ELC,2023,Cardiff,Plymouth,0.828,1.082,1.674,1.85,0.0811764705882353,0.09169491525423729
1047720,2023-12-26,ELC,2023,West Brom,Norwich,1.474,1.1960000000000002,0.524,1.8,0.12081967213114754,0.0934375
1047714,2023-12-26,ELC,2023,Hull City,Sunderland,1.8760000000000001,1.3699999999999999,0.4779999999999999,0.93,0.10307692307692308,0.0761111111111111
1047717,2023-12-26,ELC,2023,Rotherham,Middlesbrough,0.6319999999999999,1.466,1.1420000000000001,1.6640000000000001,0.09575757575757575,0.10323943661971831
1047712,2023-12-26,ELC,2023,Coventry,Sheffield Wednesday,1.1960000000000002,1.2399999999999998,0.9099999999999999,1.442,0.08794117647058824,0.09999999999999999
1047710,2023-12-26,ELC,2023,Birmingham,Stoke City,0.884,0.9800000000000001,1.686,1.47,0.07366666666666667,0.1
1035358,2023-12-26,PL,2023,Burnley,Liverpool,1.1320000000000001,1.7399999999999998,1.182,1.4440000000000002,0.07971830985915493,0.11599999999999999
1047715,2023-12-26,ELC,2023,Ipswich,Leicester,2.034,1.342,1.116,0.8640000000000001,0.11689655172413793,0.10650793650793651
1035361,2023-12-26,PL,2023,Manchester United,Aston Villa,1.9780000000000002,1.3399999999999999,1.6720000000000002,1.386,0.10868131868131868,0.09305555555555554
1035359,2023-12-27,PL,2023,Chelsea,Crystal Palace,2.2979999999999996,1.386,1.506,1.4380000000000002,0.1689705882352941,0.13588235294117645
1035356,2023-12-27,PL,2023,Brentford,Wolves,2.008,1.28,1.252,1.7200000000000002,0.12708860759493673,0.10491803278688525
1035360,2023-12-27,PL,2023,Everton,Manchester City,2.05,1.924,1.1880000000000002,1.4,0.1151685393258427,0.16033333333333333
1035357,2023-12-28,PL,2023,Brighton,Tottenham,1.9260000000000002,1.1620000000000001,1.2420000000000002,1.4939999999999998,0.10700000000000001,0.113921568627451
1035355,2023-12-28,PL,2023,Arsenal,West Ham,2.068,1.4899999999999998,0.446,1.798,0.12023255813953489,0.1307017543859649
1047730,2023-12-29,ELC,2023,Southampton,Plymouth,2.06,1.006,1.016,1.682,0.13733333333333334,0.08112903225806452
1047724,2023-12-29,ELC,2023,Huddersfield,Middlesbrough,0.596,1.488,0.792,1.578,0.0745,0.10333333333333333
1047731,2023-12-29,ELC,2023,Watford,Stoke City,1.416,0.984,0.9760000000000002,1.614,0.09971830985915493,0.10468085106382978
1047722,2023-12-29,ELC,2023,Cardiff,Leicester,0.8859999999999999,1.154,1.73,0.9860000000000001,0.07508474576271186,0.11096153846153846
1047721,2023-12-29,ELC,2023,Birmingham,Bristol City,1.082,0.884,1.674,0.784,0.09016666666666667,0.0775438596491228
1047726,2023-12-29,ELC,2023,Ipswich,QPR,1.846,0.704,0.8540000000000001,0.7619999999999999,0.10142857142857144,0.08186046511627908
1047727,2023-12-29,ELC,2023,Millwall,Norwich,1.2,1.128,1.402,1.716,0.1,0.09096774193548386
1047728,2023-12-29,ELC,2023,Preston,Sheffield Wednesday,1.1019999999999999,1.32,1.752,1.3039999999999998,0.09183333333333334,0.11000000000000001
1047725,2023-12-29,ELC,2023,Hull City,Blackburn,1.952,1.182,0.608,1.6300000000000001,0.10844444444444444,0.12061224489795919
1047729,2023-12-29,ELC,2023,Rotherham,Sunderland,0.5199999999999999,1.3860000000000001,1.2680000000000002,0.8140000000000001,0.09285714285714285,0.07372340425531916
1047723,2023-12-29,ELC,2023,Coventry,Swansea,0.932,0.9719999999999999,0.834,2.3240000000000003,0.07516129032258065,0.10124999999999999
1047732,2023-12-29,ELC,2023,West Brom,Leeds,1.3679999999999999,1.1780000000000002,0.5900000000000001,0.7000000000000001,0.10363636363636364,0.09816666666666668
1035368,2023-12-30,PL,2023,Luton,Chelsea,0.8160000000000001,1.8359999999999999,1.9779999999999998,1.982,0.09714285714285714,0.13304347826086957
1035373,2023-12-30,PL,2023,Wolves,Everton,1.262,1.2520000000000002,1.422,1.1480000000000001,0.10694915254237289,0.10982456140350878
1035369,2023-12-30,PL,2023,Manchester City,Sheffield Utd,1.6480000000000001,0.48600000000000004,0.916,2.004,0.09927710843373494,0.08678571428571429
1035365,2023-12-30,PL,2023,Crystal Palace,Brentford,1.3820000000000001,1.3940000000000001,1.3980000000000001,1.5100000000000002,0.11327868852459017,0.13403846153846155
1035364,2023-12-30,PL,2023,Aston Villa,Burnley,1.8339999999999996,0.5900000000000001,0.808,1.6179999999999999,0.12561643835616434,0.07564102564102565
1035370,2023-12-30,PL,2023,Nottingham Forest,Manchester United,1.08,1.0340000000000003,1.312,1.922,0.08709677419354839,0.1123913043478261
1035366,2023-12-31,PL,2023,Fulham,Arsenal,2.044,1.3239999999999998,0.8019999999999999,0.8560000000000001,0.13272727272727275,0.08597402597402597
1035371,2023-12-31,PL,2023,Tottenham,Bournemouth,2.0620000000000003,1.752,2.316,1.184,0.12129411764705883,0.1307462686567164
1047743,2024-01-01,ELC,2023,Sunderland,Preston,2.1519999999999997,0.6119999999999999,1.02,1.388,0.11326315789473682,0.07463414634146341
1047736,2024-01-01,ELC,2023,Leicester,Huddersfield,2.326,0.5680000000000001,0.952,1.8520000000000003,0.1368235294117647,0.09161290322580647
1047734,2024-01-01,ELC,2023,Bristol City,Millwall,1.3939999999999997,1.126,0.986,1.228,0.10101449275362318,0.13731707317073172
1047735,2024-01-01,ELC,2023,Leeds,Birmingham,2.112,1.3299999999999998,0.722,1.492,0.1303703703703704,0.08417721518987341
1047733,2024-01-01,ELC,2023,Blackburn,Rotherham,0.97,0.712,1.2739999999999998,2.4779999999999998,0.07028985507246377,0.08682926829268293
1047737,2024-01-01,ELC,2023,Middlesbrough,Coventry,1.552,1.6,0.716,1.8719999999999999,0.13379310344827586,0.13114754098360656
1047738,2024-01-01,ELC,2023,Norwich,Southampton,1.426,1.144,0.8299999999999998,0.48599999999999993,0.09025316455696203,0.09079365079365079
1047740,2024-01-01,ELC,2023,QPR,Cardiff,1.072,0.708,0.9199999999999999,1.2239999999999998,0.067,0.06436363636363636
1047742,2024-01-01,ELC,2023,Stoke City,Ipswich,1.394,0.8,0.76,1.3059999999999998,0.10402985074626865,0.1
1047744,2024-01-01,ELC,2023,Swansea,West Brom,1.134,0.9779999999999998,0.9679999999999997,1.028,0.09610169491525423,0.10187499999999998
1047739,2024-01-01,ELC,2023,Plymouth,Watford,1.552,1.3379999999999999,1.9660000000000004,1.5939999999999999,0.10210526315789474,0.10967213114754097
1047741,2024-01-01,ELC,2023,Sheffield Wednesday,Hull City,1.104,1.176,1.034,1.1779999999999997,0.08492307692307693,0.0890909090909091
1035367,2024-01-01,PL,2023,Liverpool,Newcastle,2.0960000000000005,1.488,0.966,2.402,0.09441441441441444,0.12827586206896552
1035372,2024-01-02,PL,2023,West Ham,Brighton,1.194,1.002,1.026,1.688,0.09629032258064515,0.08349999999999999
1035378,2024-01-12,PL,2023,Burnley,Luton,1.142,0.692,1.1740000000000002,2.698,0.08157142857142856,0.07061224489795918
1047750,2024-01-12,ELC,2023,Hull City,Norwich,2.0060000000000002,0.682,0.754,1.908,0.11021978021978024,0.06433962264150944
1035379,2024-01-13,PL,2023,Chelsea,Fulham,2.5420000000000003,0.682,1.532,2.414,0.1925757575757576,0.08119047619047619
1047748,2024-01-13,ELC,2023,Coventry,Leicester,1.21,1.42,0.9199999999999999,0.8720000000000001,0.08642857142857142,0.14489795918367346
1047749,2024-01-13,ELC,2023,Huddersfield,Plymouth,0.7220000000000001,0.8220000000000001,1.004,1.98,0.0707843137254902,0.06737704918032787
1047755,2024-01-13,ELC,2023,Southampton,Sheffield Wednesday,2.4520000000000004,1.274,0.6700000000000002,1.174,0.13472527472527474,0.10616666666666667
1047747,2024-01-13,ELC,2023,Cardiff,Leeds,0.718,1.0999999999999999,1.586,0.8440000000000001,0.06410714285714285,0.08593749999999999
1047746,2024-01-13,ELC,2023,Birmingham,Swansea,0.8500000000000002,0.9039999999999999,1.558,2.094,0.08173076923076925,0.08528301886792453
1047752,2024-01-13,ELC,2023,Millwall,Middlesbrough,1.542,1.13,1.2959999999999998,1.528,0.12046875,0.09262295081967212
1047753,2024-01-13,ELC,2023,Preston,Bristol City,0.748,0.976,1.3980000000000001,0.73,0.07056603773584906,0.08413793103448276
1047756,2024-01-13,ELC,2023,West Brom,Blackburn,1.4500000000000002,1.076,0.6699999999999999,1.7,0.10507246376811595,0.10979591836734695
1047754,2024-01-13,ELC,2023,Rotherham,Stoke City,0.608,1.014,1.1480000000000001,1.6760000000000002,0.09212121212121212,0.09218181818181818
1035382,2024-01-13,PL,2023,Newcastle,Manchester City,2.368,2.348,1.064,1.518,0.1301098901098901,0.14860759493670886
1047751,2024-01-13,ELC,2023,Ipswich,Sunderland,1.208,1.07,0.644,0.982,0.07947368421052632,0.06772151898734177
1047745,2024-01-14,ELC,2023,QPR,Watford,1.1179999999999999,1.574,0.9359999999999999,1.934,0.06901234567901235,0.11242857142857143
1035380,2024-01-14,PL,2023,Everton,Aston Villa,1.748,1.35,1.5700000000000003,1.276,0.12309859154929578,0.10546875
1035381,2024-01-14,PL,2023,Manchester United,Tottenham,1.918,1.2400000000000002,1.814,2.058,0.1155421686746988,0.11272727272727275
1047767,2024-01-19,ELC,2023,Sunderland,Hull City,1.634,1.252,0.8539999999999999,1.234,0.102125,0.10096774193548387
1035375,2024-01-20,PL,2023,Arsenal,Crystal Palace,2.5439999999999996,1.3679999999999999,0.634,1.4739999999999998,0.1223076923076923,0.14553191489361703
1047768,2024-01-20,ELC,2023,Swansea,Southampton,1.0939999999999999,1.3820000000000001,0.9719999999999999,0.544,0.08287878787878786,0.10161764705882353
1047758,2024-01-20,ELC,2023,Bristol City,Watford,1.27,1.5579999999999998,0.9700000000000001,1.6380000000000003,0.11140350877192982,0.11128571428571428
1047757,2024-01-20,ELC,2023,Blackburn,Huddersfield,1.3079999999999998,0.7699999999999999,1.326,1.966,0.1006153846153846,0.09390243902439023
1047761,2024-01-20,ELC,2023,Middlesbrough,Rotherham,1.6640000000000001,0.9120000000000001,1.0,2.666,0.1223529411764706,0.10133333333333334
1047762,2024-01-20,ELC,2023,Norwich,West Brom,1.318,0.9179999999999999,1.0260000000000002,0.958,0.10138461538461538,0.10431818181818181
1047764,2024-01-20,ELC,2023,QPR,Millwall,0.9259999999999999,0.96,0.842,1.0699999999999998,0.05935897435897436,0.12307692307692307
1047765,2024-01-20,ELC,2023,Sheffield Wednesday,Coventry,1.08,1.5879999999999999,0.924,1.72,0.07105263157894737,0.13233333333333333
1047766,2024-01-20,ELC,2023,Stoke City,Birmingham,1.388,1.192,0.8019999999999999,1.1460000000000001,0.10205882352941176,0.08394366197183098
1047763,2024-01-20,ELC,2023,Plymouth,Cardiff,1.716,0.734,1.6320000000000001,1.27,0.08845360824742268,0.06796296296296296
1035376,2024-01-20,PL,2023,Brentford,Nottingham Forest,1.8059999999999998,1.4300000000000002,1.502,2.222,0.129,0.15543478260869567
1047759,2024-01-21,ELC,2023,Leeds,Preston,2.086,0.496,0.5800000000000001,1.1960000000000002,0.11852272727272727,0.056363636363636366
1035383,2024-01-21,PL,2023,Sheffield Utd,West Ham,1.2440000000000002,1.542,1.4339999999999997,1.964,0.10912280701754387,0.1573469387755102
1035374,2024-01-21,PL,2023,Bournemouth,Liverpool,1.608,1.634,0.9259999999999999,1.1420000000000001,0.11485714285714287,0.102125
1035377,2024-01-22,PL,2023,Brighton,Wolves,2.178,1.2879999999999998,1.242,2.04,0.11967032967032967,0.12627450980392155
1047760,2024-01-22,ELC,2023,Leicester,Ipswich,2.5940000000000003,0.74,0.9040000000000001,1.1219999999999999,0.13797872340425532,0.0925
1047773,2024-01-24,ELC,2023,Leeds,Norwich,2.102,0.8480000000000001,0.726,1.6939999999999997,0.11677777777777777,0.0848
1047774,2024-01-27,ELC,2023,Millwall,Preston,1.402,0.682,1.3039999999999998,1.134,0.12086206896551724,0.0741304347826087
1047779,2024-01-27,ELC,2023,Sunderland,Stoke City,1.278,0.8940000000000001,0.704,1.246,0.09397058823529413,0.09510638297872341
1047776,2024-01-28,ELC,2023,QPR,Huddersfield,1.068,0.866,0.7,1.69,0.06935064935064934,0.10825
1035387,2024-01-30,PL,2023,Nottingham Forest,Arsenal,1.144,1.5379999999999998,1.218,0.892,0.088,0.10118421052631578
1035385,2024-01-30,PL,2023,Fulham,Everton,2.0860000000000003,1.1800000000000002,0.992,1.4140000000000001,0.14094594594594598,0.10350877192982456
1035386,2024-01-30,PL,2023,Luton,Brighton,1.16,1.376,1.7079999999999997,1.682,0.1183673469387755,0.09173333333333333
1052668,2024-01-30,ELC,2023,Leicester,Swansea,2.258,0.9760000000000002,1.032,1.9120000000000001,0.13127906976744186,0.09959183673469389
1047771,2024-01-30,ELC,2023,Coventry,Bristol City,1.21,0.9940000000000001,1.0379999999999998,0.994,0.0852112676056338,0.07646153846153847
1035391,2024-01-30,PL,2023,Crystal Palace,Sheffield Utd,1.45,0.542,1.4519999999999997,1.8920000000000001,0.11885245901639344,0.09033333333333333
1035384,2024-01-30,PL,2023,Aston Villa,Newcastle,2.024,1.17,0.9460000000000001,3.646,0.13493333333333335,0.11699999999999999
1035388,2024-01-31,PL,2023,Tottenham,Brentford,2.348,1.4819999999999998,1.828,1.42,0.13191011235955055,0.1482
1035393,2024-01-31,PL,2023,Manchester City,Burnley,1.94,0.658,0.8119999999999999,2.042,0.10659340659340659,0.07833333333333334
1047777,2024-01-31,ELC,2023,Sheffield Wednesday,Watford,1.058,1.6800000000000002,0.944,1.534,0.07246575342465754,0.11351351351351352
1035392,2024-01-31,PL,2023,Liverpool,Chelsea,2.88,1.312,0.9959999999999999,2.3099999999999996,0.11612903225806452,0.10250000000000001
1035389,2024-02-01,PL,2023,West Ham,Bournemouth,1.198,1.9060000000000001,1.338,1.258,0.1069642857142857,0.1108139534883721
1035390,2024-02-01,PL,2023,Wolves,Manchester United,1.482,1.048,1.076,1.86,0.1235,0.1190909090909091
1047781,2024-02-02,ELC,2023,Bristol City,Leeds,1.15,1.518,1.1099999999999999,0.7860000000000001,0.09274193548387097,0.12442622950819672
1035400,2024-02-03,PL,2023,Everton,Tottenham,1.8459999999999996,1.262,1.72,2.08,0.12999999999999998,0.10344262295081968
1035402,2024-02-03,PL,2023,Newcastle,Luton,2.42,0.54,1.55,2.324,0.12872340425531914,0.054000000000000006
1035398,2024-02-03,PL,2023,Burnley,Fulham,1.138,0.712,1.104,2.566,0.0862121212121212,0.07739130434782608
1035397,2024-02-03,PL,2023,Brighton,Crystal Palace,2.1020000000000003,1.178,1.33,1.8920000000000001,0.12511904761904763,0.10709090909090908
1047782,2024-02-03,ELC,2023,Huddersfield,Sheffield Wednesday,0.772,0.968,0.876,1.394,0.07148148148148148,0.0968
1047790,2024-02-03,ELC,2023,Watford,Cardiff,1.258,0.8320000000000001,1.064,1.548,0.08985714285714286,0.10146341463414635
1047786,2024-02-03,ELC,2023,Preston,Ipswich,1.1099999999999999,0.932,1.4080000000000001,1.0459999999999998,0.09098360655737704,0.10355555555555555
1047791,2024-02-03,ELC,2023,West Brom,Birmingham,1.7580000000000002,1.0419999999999998,0.8099999999999999,1.4600000000000002,0.11720000000000001,0.09648148148148146
1047783,2024-02-03,ELC,2023,Hull City,Millwall,1.456,0.916,0.9280000000000002,1.1400000000000001,0.08272727272727272,0.12722222222222224
1047780,2024-02-03,ELC,2023,Blackburn,QPR,1.3980000000000001,0.652,1.332,0.728,0.09985714285714287,0.07761904761904763
1047785,2024-02-03,ELC,2023,Norwich,Coventry,1.5219999999999998,1.366,1.218,1.61,0.10718309859154929,0.10507692307692308
1047787,2024-02-03,ELC,2023,Rotherham,Southampton,0.518,1.7739999999999998,0.8859999999999999,0.9380000000000001,0.08633333333333333,0.12150684931506849
1047788,2024-02-03,ELC,2023,Stoke City,Leicester,1.682,1.438,0.572,0.8640000000000001,0.10782051282051282,0.15977777777777777
1047789,2024-02-03,ELC,2023,Swansea,Plymouth,1.346,0.8539999999999999,1.4,1.8419999999999999,0.10044776119402986,0.07491228070175437
1035403,2024-02-03,PL,2023,Sheffield Utd,Aston Villa,1.536,1.3559999999999999,1.636,1.44,0.11462686567164179,0.10119402985074626
1047784,2024-02-04,ELC,2023,Middlesbrough,Sunderland,1.2440000000000002,0.8719999999999999,1.062,1.2900000000000003,0.08885714285714287,0.06707692307692306
1035401,2024-02-04,PL,2023,Manchester United,West Ham,1.8780000000000001,1.6460000000000001,1.2600000000000002,2.1399999999999997,0.11047058823529413,0.15528301886792453
1035394,2024-02-04,PL,2023,Bournemouth,Nottingham Forest,1.7560000000000002,1.584,0.7700000000000001,1.8239999999999998,0.11864864864864866,0.16163265306122448
1035399,2024-02-04,PL,2023,Chelsea,Wolves,2.574,1.252,1.272,2.04,0.19499999999999998,0.12775510204081633
1035395,2024-02-04,PL,2023,Arsenal,Liverpool,2.632,1.3780000000000001,0.698,1.254,0.11750000000000001,0.09842857142857143
1035396,2024-02-05,PL,2023,Brentford,Manchester City,1.72,2.148,1.382,1.588,0.1323076923076923,0.12635294117647058
1047800,2024-02-09,ELC,2023,Sheffield Wednesday,Birmingham,1.1179999999999999,1.0719999999999998,0.828,1.37,0.07075949367088608,0.09925925925925926
1035409,2024-02-10,PL,2023,Manchester City,Everton,1.902,1.3039999999999998,0.9179999999999999,1.322,0.11321428571428571,0.09314285714285714
1047796,2024-02-10,ELC,2023,Ipswich,West Brom,1.4280000000000002,0.9780000000000001,0.704,1.2,0.0964864864864865,0.09588235294117649
1035406,2024-02-10,PL,2023,Fulham,Bournemouth,1.848,1.574,1.152,1.38,0.10620689655172413,0.10930555555555556
1035413,2024-02-10,PL,2023,Wolves,Brentford,1.492,1.3679999999999999,1.6039999999999999,1.616,0.1264406779661017,0.13153846153846155
1035407,2024-02-10,PL,2023,Liverpool,Burnley,3.118,0.882,0.776,2.004,0.11548148148148148,0.10500000000000001
1035411,2024-02-10,PL,2023,Tottenham,Brighton,2.482,1.268,1.794,1.9379999999999995,0.1378888888888889,0.08684931506849315
1035408,2024-02-10,PL,2023,Luton,Sheffield Utd,1.614,0.4800000000000001,1.562,1.816,0.13677966101694916,0.08000000000000002
1047803,2024-02-10,ELC,2023,Watford,Leicester,1.0779999999999998,1.8679999999999999,1.044,0.844,0.08166666666666667,0.17961538461538462
1047801,2024-02-10,ELC,2023,Southampton,Huddersfield,2.774,1.1880000000000002,0.646,1.476,0.1507608695652174,0.12375000000000001
1047793,2024-02-10,ELC,2023,Cardiff,Preston,0.6960000000000001,0.792,2.088,1.23,0.06444444444444446,0.07764705882352942
1047797,2024-02-10,ELC,2023,Leeds,Rotherham,1.736,0.9039999999999999,0.5680000000000001,2.0759999999999996,0.10585365853658536,0.10761904761904761
1047795,2024-02-10,ELC,2023,Hull City,Swansea,1.162,0.9760000000000002,0.866,1.9120000000000001,0.0785135135135135,0.09959183673469389
1047792,2024-02-10,ELC,2023,Blackburn,Stoke City,1.5539999999999998,0.7959999999999999,1.426,1.166,0.105,0.0750943396226415
1047798,2024-02-10,ELC,2023,Middlesbrough,Bristol City,1.474,0.9940000000000001,1.084,0.994,0.09448717948717948,0.07646153846153847
1047799,2024-02-10,ELC,2023,QPR,Norwich,0.8619999999999999,0.75,0.9359999999999999,1.766,0.07836363636363636,0.0872093023255814
1047802,2024-02-10,ELC,2023,Sunderland,Plymouth,1.262,0.8139999999999998,0.8039999999999999,1.6600000000000001,0.1017741935483871,0.07980392156862744
1035410,2024-02-10,PL,2023,Nottingham Forest,Newcastle,0.85,1.5979999999999999,1.1860000000000002,3.446,0.07589285714285714,0.1426785714285714
1047794,2024-02-11,ELC,2023,Coventry,Millwall,1.21,0.6519999999999999,1.0379999999999998,1.1,0.0852112676056338,0.10516129032258063
1035412,2024-02-11,PL,2023,West Ham,Arsenal,1.1159999999999999,1.472,1.24,0.7459999999999999,0.11387755102040814,0.092
1035404,2024-02-11,PL,2023,Aston Villa,Manchester United,1.7,1.2719999999999998,1.286,1.8060000000000003,0.11333333333333333,0.11357142857142856
1035405,2024-02-12,PL,2023,Crystal Palace,Chelsea,1.246,1.3219999999999998,1.2979999999999998,2.418,0.10383333333333335,0.10836065573770491
1047806,2024-02-13,ELC,2023,Leicester,Sheffield Wednesday,2.258,0.8979999999999999,1.032,1.334,0.13127906976744186,0.08017857142857142
1047804,2024-02-13,ELC,2023,Birmingham,Blackburn,0.9,0.9180000000000001,1.28,2.16,0.09,0.08500000000000002
1047807,2024-02-13,ELC,2023,Norwich,Watford,1.4940000000000002,1.276,1.284,1.364,0.10094594594594596,0.09246376811594202
1047808,2024-02-13,ELC,2023,Rotherham,Hull City,0.48,1.038,0.7220000000000001,1.158,0.07741935483870968,0.11282608695652174
1047809,2024-02-13,ELC,2023,Swansea,Leeds,1.47,1.53,1.5239999999999998,0.734,0.11484375,0.11417910447761194
1047805,2024-02-13,ELC,2023,Bristol City,Southampton,1.002,1.858,1.134,0.884,0.09277777777777778,0.12064935064935066
1047815,2024-02-13,ELC,2023,West Brom,Cardiff,1.7060000000000002,0.72,0.692,1.2399999999999998,0.11223684210526318,0.08780487804878048
1047810,2024-02-14,ELC,2023,Huddersfield,Sunderland,0.9800000000000001,0.7699999999999999,0.752,1.4819999999999998,0.08166666666666668,0.05661764705882352
1047813,2024-02-14,ELC,2023,Preston,Middlesbrough,1.1960000000000002,1.472,1.69,1.36,0.0934375,0.11682539682539682
1047814,2024-02-14,ELC,2023,Stoke City,QPR,1.4620000000000002,0.834,1.0939999999999999,0.8859999999999999,0.09746666666666667,0.0834
1047812,2024-02-14,ELC,2023,Plymouth,Coventry,1.904,1.3240000000000003,1.5379999999999998,1.594,0.09333333333333332,0.11413793103448278
1047811,2024-02-14,ELC,2023,Millwall,Ipswich,1.6199999999999999,1.2959999999999998,1.252,1.0859999999999999,0.11911764705882352,0.1062295081967213
1047827,2024-02-16,ELC,2023,West Brom,Southampton,1.8219999999999998,2.024,0.6980000000000001,1.016,0.12830985915492957,0.12493827160493828
1035414,2024-02-17,PL,2023,Brentford,Liverpool,1.6900000000000002,1.34,1.47,1.682,0.13,0.09305555555555556
1047822,2024-02-17,ELC,2023,Plymouth,Leeds,1.784,1.7739999999999998,1.7259999999999998,0.628,0.0901010101010101,0.13044117647058823
1035420,2024-02-17,PL,2023,Newcastle,Bournemouth,2.428,1.5619999999999998,1.916,1.488,0.12262626262626264,0.09081395348837208
1035417,2024-02-17,PL,2023,Fulham,Aston Villa,1.654,1.4419999999999997,1.468,1.268,0.103375,0.10924242424242422
1035415,2024-02-17,PL,2023,Burnley,Arsenal,1.248,1.738,1.226,0.688,0.09313432835820896,0.10597560975609756
1035423,2024-02-17,PL,2023,Tottenham,Wolves,2.4539999999999997,1.3820000000000001,1.5959999999999999,1.8079999999999998,0.14783132530120482,0.13037735849056603
1035421,2024-02-17,PL,2023,Nottingham Forest,West Ham,1.006,1.746,1.1480000000000001,2.038,0.08982142857142858,0.13640625
1047818,2024-02-17,ELC,2023,Huddersfield,Hull City,1.158,1.1440000000000001,0.766,1.1,0.08907692307692307,0.11215686274509805
1047819,2024-02-17,ELC,2023,Leicester,Middlesbrough,2.0420000000000003,1.408,0.916,0.924,0.12301204819277109,0.09777777777777777
1047816,2024-02-17,ELC,2023,Birmingham,Sunderland,1.142,0.7620000000000001,1.158,1.582,0.1019642857142857,0.061451612903225816
1047817,2024-02-17,ELC,2023,Bristol City,QPR,1.048,0.652,1.318,0.9560000000000001,0.08451612903225807,0.0626923076923077
1047820,2024-02-17,ELC,2023,Millwall,Sheffield Wednesday,1.462,0.738,1.338,1.402,0.10442857142857143,0.076875
1047823,2024-02-17,ELC,2023,Preston,Blackburn,0.9899999999999999,0.712,1.27,2.338,0.09705882352941175,0.0809090909090909
1047821,2024-02-17,ELC,2023,Norwich,Cardiff,1.576,0.674,1.314,1.232,0.10368421052631578,0.0765909090909091
1047824,2024-02-17,ELC,2023,Rotherham,Watford,0.5780000000000001,1.1600000000000001,0.916,1.592,0.07605263157894737,0.09354838709677421
1047825,2024-02-17,ELC,2023,Stoke City,Coventry,1.0020000000000002,1.7420000000000002,1.06,1.5500000000000003,0.06863013698630138,0.12808823529411767
1047826,2024-02-17,ELC,2023,Swansea,Ipswich,1.294,1.306,1.658,0.9840000000000002,0.10606557377049182,0.11067796610169492
1035419,2024-02-17,PL,2023,Manchester City,Chelsea,1.9560000000000002,1.298,0.8700000000000001,1.6960000000000002,0.11241379310344829,0.10467741935483871
1035422,2024-02-18,PL,2023,Sheffield Utd,Brighton,1.6759999999999997,1.2879999999999998,1.502,1.846,0.12507462686567164,0.10557377049180328
1035418,2024-02-18,PL,2023,Luton,Manchester United,1.888,1.534,1.4720000000000002,1.7920000000000003,0.12931506849315066,0.118
1035416,2024-02-19,PL,2023,Everton,Crystal Palace,1.8760000000000001,0.9039999999999999,1.472,1.9899999999999998,0.1537704918032787,0.09826086956521739
1035349,2024-02-20,PL,2023,Manchester City,Brentford,1.98,1.42,1.066,1.4839999999999998,0.09801980198019802,0.15777777777777777
1047778,2024-02-20,ELC,2023,Southampton,Hull City,2.542,0.9679999999999997,0.6819999999999999,0.9480000000000001,0.14280898876404494,0.09307692307692306
1047770,2024-02-20,ELC,2023,Cardiff,Blackburn,0.704,0.724,1.8719999999999999,1.8059999999999998,0.057704918032786885,0.07869565217391304
1047772,2024-02-20,ELC,2023,Ipswich,Rotherham,1.562,0.7280000000000001,0.526,2.47,0.09524390243902439,0.0983783783783784
1047775,2024-02-20,ELC,2023,Plymouth,West Brom,1.4380000000000002,0.93,1.6219999999999999,1.3,0.08876543209876543,0.10333333333333335
1035430,2024-02-21,PL,2023,Liverpool,Luton,3.2440000000000007,0.916,0.8,2.348,0.12104477611940301,0.08481481481481482
1047830,2024-02-23,ELC,2023,Coventry,Preston,1.3579999999999999,0.79,1.106,1.2579999999999998,0.09699999999999999,0.09186046511627907
1047833,2024-02-23,ELC,2023,Leeds,Leicester,2.008,1.686,0.5280000000000001,0.97,0.12395061728395061,0.1915909090909091
1047831,2024-02-24,ELC,2023,Hull City,West Brom,0.8940000000000001,1.2899999999999998,0.8779999999999999,1.3059999999999998,0.06573529411764707,0.11517857142857142
1035431,2024-02-24,PL,2023,Manchester United,Fulham,1.592,0.828,1.4580000000000002,2.3120000000000003,0.09707317073170732,0.07961538461538462
1035427,2024-02-24,PL,2023,Brighton,Everton,2.082,1.234,1.176,1.504,0.12104651162790697,0.09793650793650793
1035429,2024-02-24,PL,2023,Crystal Palace,Burnley,1.1560000000000001,0.974,1.198,2.4099999999999997,0.10140350877192984,0.12487179487179488
1035426,2024-02-24,PL,2023,Aston Villa,Nottingham Forest,1.7100000000000002,1.3519999999999999,1.5139999999999998,1.718,0.1125,0.14382978723404255
1047839,2024-02-24,ELC,2023,Watford,Huddersfield,1.1800000000000002,1.142,1.17,1.466,0.08676470588235295,0.10381818181818182
1047837,2024-02-24,ELC,2023,Southampton,Millwall,2.074,0.4800000000000001,0.8539999999999999,1.072,0.12646341463414634,0.08571428571428573
1047829,2024-02-24,ELC,2023,Cardiff,Stoke City,0.6379999999999999,0.9179999999999999,1.592,1.252,0.05229508196721311,0.09
1047832,2024-02-24,ELC,2023,Ipswich,Birmingham,1.502,1.09,0.692,1.498,0.10013333333333332,0.08014705882352942
1047828,2024-02-24,ELC,2023,Blackburn,Norwich,1.6619999999999997,0.7779999999999999,1.46,1.5299999999999998,0.1187142857142857,0.0884090909090909
1047834,2024-02-24,ELC,2023,Middlesbrough,Plymouth,1.556,0.746,1.168,1.576,0.09974358974358975,0.08477272727272728
1047835,2024-02-24,ELC,2023,QPR,Rotherham,0.966,0.7619999999999999,0.8099999999999999,2.2979999999999996,0.08473684210526317,0.09292682926829267
1047836,2024-02-24,ELC,2023,Sheffield Wednesday,Bristol City,1.25,1.124,1.1019999999999999,1.2,0.0744047619047619,0.09064516129032259
1047838,2024-02-24,ELC,2023,Sunderland,Swansea,1.2399999999999998,0.718,0.772,1.918,0.09538461538461537,0.08348837209302325
1035424,2024-02-24,PL,2023,Bournemouth,Manchester City,1.7880000000000003,1.9899999999999998,0.71,1.206,0.12771428571428572,0.10473684210526316
1035425,2024-02-24,PL,2023,Arsenal,Newcastle,2.942,1.3800000000000001,0.708,3.0740000000000003,0.13252252252252253,0.138
1035433,2024-02-25,PL,2023,Wolves,Sheffield Utd,1.536,0.764,1.818,1.8299999999999996,0.11130434782608695,0.1232258064516129
1035432,2024-02-26,PL,2023,West Ham,Brentford,0.9339999999999999,1.186,1.7719999999999998,1.6600000000000001,0.10377777777777777,0.13790697674418603
1047851,2024-03-01,ELC,2023,West Brom,Coventry,1.546,1.6919999999999997,0.898,1.1380000000000001,0.1310169491525424,0.1262686567164179
1047840,2024-03-02,ELC,2023,Huddersfield,Leeds,1.014,1.6939999999999997,0.748,0.722,0.07347826086956522,0.12833333333333333
1047842,2024-03-02,ELC,2023,Bristol City,Cardiff,0.8299999999999998,0.624,1.116,1.714,0.0798076923076923,0.06782608695652174
1035440,2024-03-02,PL,2023,Newcastle,Wolves,2.3739999999999997,1.59,2.2640000000000002,1.554,0.12627659574468084,0.13474576271186442
1035437,2024-03-02,PL,2023,Fulham,Brighton,1.4899999999999998,1.73,1.522,1.496,0.0919753086419753,0.10949367088607595
1035436,2024-03-02,PL,2023,Everton,West Ham,1.552,1.4,1.3039999999999998,2.244,0.13152542372881357,0.1111111111111111
1035443,2024-03-02,PL,2023,Tottenham,Crystal Palace,2.0159999999999996,0.8640000000000001,1.6079999999999999,2.112,0.13439999999999996,0.09191489361702128
1035434,2024-03-02,PL,2023,Brentford,Chelsea,1.334,1.3959999999999997,1.988,1.9899999999999998,0.12584905660377357,0.1269090909090909
1035441,2024-03-02,PL,2023,Nottingham Forest,Liverpool,1.3,1.566,0.9339999999999999,1.8219999999999998,0.10833333333333334,0.10875
1047843,2024-03-02,ELC,2023,Leicester,QPR,2.058,0.758,0.778,0.9039999999999999,0.11184782608695651,0.0653448275862069
1047841,2024-03-02,ELC,2023,Birmingham,Southampton,1.326,2.002,0.9440000000000002,1.0779999999999998,0.10359375000000001,0.12358024691358024
1047844,2024-03-02,ELC,2023,Millwall,Watford,1.2580000000000002,0.898,1.464,1.4780000000000002,0.09530303030303032,0.08634615384615385
1047847,2024-03-02,ELC,2023,Preston,Hull City,1.1199999999999999,0.906,1.16,0.8899999999999999,0.1037037037037037,0.08547169811320755
1047845,2024-03-02,ELC,2023,Norwich,Sunderland,1.768,0.8100000000000002,1.3699999999999999,1.702,0.11333333333333333,0.07363636363636365
1047848,2024-03-02,ELC,2023,Rotherham,Sheffield Wednesday,0.82,0.666,0.708,1.376,0.07592592592592592,0.07928571428571429
1047849,2024-03-02,ELC,2023,Stoke City,Middlesbrough,0.9380000000000001,1.396,1.29,1.06,0.07,0.10264705882352941
1047850,2024-03-02,ELC,2023,Swansea,Blackburn,1.4060000000000001,0.6699999999999999,1.8980000000000001,1.6740000000000002,0.10651515151515153,0.08374999999999999
1047846,2024-03-02,ELC,2023,Plymouth,Ipswich,1.136,1.5979999999999999,1.72,0.8699999999999999,0.08114285714285714,0.11097222222222221
1035438,2024-03-02,PL,2023,Luton,Aston Villa,2.186,1.6279999999999997,1.746,1.174,0.12010989010989011,0.12149253731343282
1035435,2024-03-03,PL,2023,Burnley,Bournemouth,0.9479999999999998,1.7100000000000002,1.6199999999999999,1.702,0.08464285714285713,0.09715909090909092
1035439,2024-03-03,PL,2023,Manchester City,Manchester United,2.1479999999999997,1.98,0.772,1.6800000000000002,0.10037383177570092,0.12375
1035442,2024-03-04,PL,2023,Sheffield Utd,Arsenal,1.596,1.9300000000000002,1.7440000000000002,0.636,0.1191044776119403,0.1122093023255814
1047856,2024-03-05,ELC,2023,Leeds,Stoke City,1.9140000000000001,1.056,0.798,1.04,0.11,0.09777777777777778
1047854,2024-03-05,ELC,2023,Hull City,Birmingham,0.8440000000000001,0.834,0.8640000000000001,1.7020000000000004,0.06298507462686569,0.06318181818181819
1047852,2024-03-05,ELC,2023,Blackburn,Millwall,1.704,0.6599999999999999,1.18,1.2060000000000002,0.12347826086956522,0.09705882352941175
1047860,2024-03-05,ELC,2023,Sheffield Wednesday,Plymouth,1.3199999999999998,0.842,1.064,1.4520000000000002,0.08148148148148147,0.07943396226415095
1047857,2024-03-05,ELC,2023,Sunderland,Leicester,0.9179999999999999,1.92,0.882,1.042,0.08052631578947368,0.17454545454545453
1047853,2024-03-05,ELC,2023,Coventry,Rotherham,1.42,0.944,1.222,1.9060000000000001,0.10289855072463767,0.0890566037735849
1047855,2024-03-05,ELC,2023,Ipswich,Bristol City,1.814,1.046,0.734,1.204,0.11060975609756098,0.08435483870967743
1047862,2024-03-06,ELC,2023,Watford,Swansea,1.1320000000000001,1.0420000000000003,0.9599999999999997,1.5399999999999998,0.08323529411764706,0.10854166666666669
1052669,2024-03-06,ELC,2023,Cardiff,Huddersfield,0.512,1.268,1.736,1.218,0.04654545454545455,0.1039344262295082
1047858,2024-03-06,ELC,2023,Middlesbrough,Norwich,1.232,0.818,1.44,1.3239999999999998,0.08105263157894738,0.09295454545454546
1047859,2024-03-06,ELC,2023,QPR,West Brom,1.0719999999999998,1.412,0.892,0.984,0.07999999999999999,0.12172413793103448
1047871,2024-03-08,ELC,2023,Sheffield Wednesday,Leeds,1.404,1.886,1.004,0.682,0.09236842105263157,0.14287878787878788
1035451,2024-03-09,PL,2023,Manchester United,Everton,1.1019999999999999,1.0000000000000002,1.394,1.6439999999999997,0.07346666666666667,0.08333333333333334
1047864,2024-03-09,ELC,2023,Cardiff,Ipswich,0.5660000000000001,1.682,1.5539999999999998,0.9019999999999999,0.05339622641509435,0.1152054794520548
1035444,2024-03-09,PL,2023,Bournemouth,Sheffield Utd,1.482,0.808,0.9400000000000001,1.482,0.11578125,0.10918918918918918
1035453,2024-03-09,PL,2023,Wolves,Fulham,1.564,0.826,1.6759999999999997,2.21,0.10861111111111112,0.06883333333333333
1035449,2024-03-09,PL,2023,Crystal Palace,Luton,1.2879999999999998,1.018,0.9640000000000001,2.576,0.10062499999999999,0.09089285714285714
1047873,2024-03-09,ELC,2023,Watford,Coventry,1.334,1.6019999999999999,1.06,0.9040000000000001,0.09013513513513513,0.11955223880597014
1047872,2024-03-09,ELC,2023,Southampton,Sunderland,1.9760000000000002,0.866,1.012,1.614,0.11623529411764706,0.07596491228070175
1047867,2024-03-09,ELC,2023,Millwall,Birmingham,0.9339999999999999,0.774,1.48,1.7119999999999997,0.07655737704918032,0.05863636363636364
1047869,2024-03-09,ELC,2023,Preston,Stoke City,1.2260000000000002,0.9800000000000001,1.278,1.028,0.10049180327868854,0.09245283018867925
1047866,2024-03-09,ELC,2023,Hull City,Leicester,0.79,1.7239999999999998,0.7739999999999999,1.082,0.05808823529411765,0.15392857142857141
1047863,2024-03-09,ELC,2023,Blackburn,Plymouth,1.2040000000000002,0.876,0.9680000000000002,1.186,0.0970967741935484,0.07551724137931035
1047868,2024-03-09,ELC,2023,Norwich,Rotherham,1.864,0.8600000000000001,1.018,1.684,0.1071264367816092,0.09148936170212768
1047870,2024-03-09,ELC,2023,QPR,Middlesbrough,1.244,1.312,0.8300000000000001,1.2760000000000002,0.0876056338028169,0.11310344827586208
1035445,2024-03-09,PL,2023,Arsenal,Brentford,2.936,1.236,0.5980000000000001,1.8359999999999999,0.13345454545454546,0.13148936170212766
1047865,2024-03-10,ELC,2023,Huddersfield,West Brom,1.09,1.0619999999999998,0.8460000000000001,1.302,0.08384615384615385,0.10211538461538461
1047874,2024-03-10,ELC,2023,Bristol City,Swansea,0.858,1.326,1.0500000000000003,1.518,0.06703125,0.12054545454545455
1035446,2024-03-10,PL,2023,Aston Villa,Tottenham,2.31,1.3180000000000003,1.746,2.1740000000000004,0.14085365853658538,0.10296875000000003
1035452,2024-03-10,PL,2023,West Ham,Burnley,1.046,0.8780000000000001,1.8219999999999998,2.334,0.10673469387755102,0.12542857142857144
1035447,2024-03-10,PL,2023,Brighton,Nottingham Forest,2.05,1.812,0.93,1.9280000000000002,0.11263736263736264,0.1709433962264151
1035450,2024-03-10,PL,2023,Liverpool,Manchester City,3.432,2.188,0.834,0.916,0.1330232558139535,0.10129629629629631
1035448,2024-03-11,PL,2023,Chelsea,Newcastle,2.332,1.0740000000000003,1.096,2.8839999999999995,0.1821875,0.12204545454545457
1047769,2024-03-12,ELC,2023,Birmingham,Middlesbrough,1.1640000000000001,1.1199999999999999,1.1620000000000001,1.2239999999999998,0.09238095238095238,0.09999999999999999
1035334,2024-03-13,PL,2023,Bournemouth,Luton,1.748,1.1400000000000001,1.0539999999999998,2.428,0.10790123456790124,0.1
1047885,2024-03-16,ELC,2023,Swansea,Cardiff,1.3920000000000001,0.5860000000000001,1.6239999999999999,1.732,0.11047619047619049,0.06511111111111112
1035456,2024-03-16,PL,2023,Burnley,Brentford,1.104,1.152,1.552,1.8959999999999997,0.08903225806451613,0.1225531914893617
1035460,2024-03-16,PL,2023,Luton,Nottingham Forest,2.242,1.6939999999999997,1.8359999999999999,1.78,0.12595505617977526,0.15685185185185183
1047875,2024-03-16,ELC,2023,Birmingham,Watford,1.226,0.9460000000000001,1.218,1.316,0.09149253731343283,0.08600000000000001
1047877,2024-03-16,ELC,2023,Ipswich,Sheffield Wednesday,2.2279999999999998,0.8600000000000001,0.8399999999999999,1.3439999999999999,0.12516853932584268,0.08113207547169812
1047886,2024-03-16,ELC,2023,West Brom,Bristol City,1.348,0.968,1.06,1.5239999999999998,0.12716981132075472,0.08344827586206896
1047880,2024-03-16,ELC,2023,Middlesbrough,Blackburn,1.258,0.6100000000000001,1.19,1.458,0.08736111111111111,0.07625000000000001
1047882,2024-03-16,ELC,2023,Rotherham,Huddersfield,0.552,1.29,0.9440000000000002,0.958,0.0575,0.1075
1047883,2024-03-16,ELC,2023,Stoke City,Norwich,1.098,0.8879999999999999,1.342,1.216,0.07842857142857143,0.11384615384615383
1047884,2024-03-16,ELC,2023,Sunderland,QPR,0.9400000000000001,0.8379999999999999,1.004,0.82,0.07014925373134329,0.08215686274509804
1047881,2024-03-16,ELC,2023,Plymouth,Preston,0.868,0.9960000000000001,1.6139999999999997,1.268,0.09041666666666666,0.11318181818181819
1035459,2024-03-16,PL,2023,Fulham,Tottenham,1.4659999999999997,1.536,1.716,1.826,0.09905405405405404,0.11815384615384616
1035462,2024-03-17,PL,2023,West Ham,Aston Villa,1.218,1.734,1.752,1.4260000000000002,0.10322033898305084,0.13546875
1047878,2024-03-17,ELC,2023,Leeds,Millwall,1.9140000000000001,0.5919999999999999,0.75,1.2240000000000002,0.11814814814814815,0.11384615384615383
1047889,2024-03-29,ELC,2023,Bristol City,Leicester,0.6779999999999999,1.8999999999999997,0.9139999999999999,1.046,0.06277777777777777,0.15079365079365076
1047887,2024-03-29,ELC,2023,Millwall,West Brom,0.8699999999999999,1.1039999999999999,1.24,1.296,0.075,0.11265306122448979
1047891,2024-03-29,ELC,2023,Huddersfield,Coventry,1.284,1.6039999999999999,1.048,0.828,0.09727272727272727,0.1359322033898305
1047897,2024-03-29,ELC,2023,Southampton,Middlesbrough,2.0200000000000005,0.8939999999999999,1.0379999999999998,1.0759999999999998,0.12625000000000003,0.08277777777777777
1047890,2024-03-29,ELC,2023,Cardiff,Sunderland,0.9800000000000001,0.8400000000000001,0.9259999999999999,1.7920000000000003,0.08305084745762713,0.07
1047894,2024-03-29,ELC,2023,Preston,Rotherham,0.8939999999999999,0.77,1.394,1.8400000000000003,0.08433962264150943,0.08953488372093023
1047892,2024-03-29,ELC,2023,Hull City,Stoke City,0.836,1.192,0.9,1.08,0.07333333333333333,0.09612903225806452
1047893,2024-03-29,ELC,2023,Norwich,Plymouth,1.8359999999999999,1.232,0.7220000000000001,1.266,0.09978260869565217,0.08927536231884058
1047895,2024-03-29,ELC,2023,QPR,Birmingham,1.036,0.884,0.882,1.422,0.07507246376811594,0.06054794520547945
1047896,2024-03-29,ELC,2023,Sheffield Wednesday,Swansea,1.302,1.23,1.168,1.1179999999999999,0.08797297297297298,0.12058823529411763
1047888,2024-03-29,ELC,2023,Blackburn,Ipswich,1.1880000000000002,1.564,1.2,1.15,0.11,0.11171428571428572
1047898,2024-03-29,ELC,2023,Watford,Leeds,1.236,1.536,1.1300000000000001,0.768,0.07725,0.12
1035470,2024-03-30,PL,2023,Newcastle,West Ham,2.1100000000000003,1.506,2.3680000000000003,2.316,0.13024691358024693,0.11409090909090909
1035464,2024-03-30,PL,2023,Bournemouth,Everton,1.8539999999999999,0.966,1.4100000000000001,1.8920000000000001,0.1041573033707865,0.07430769230769231
1035473,2024-03-30,PL,2023,Tottenham,Luton,2.1020000000000003,1.4259999999999997,1.316,2.38,0.13828947368421055,0.13452830188679243
1035467,2024-03-30,PL,2023,Chelsea,Burnley,2.2239999999999998,0.9399999999999998,1.016,2.472,0.16352941176470587,0.1205128205128205
1035472,2024-03-30,PL,2023,Sheffield Utd,Fulham,1.48,1.31,2.06,1.674,0.11935483870967742,0.08506493506493508
1035471,2024-03-30,PL,2023,Nottingham Forest,Crystal Palace,1.29,0.564,1.026,2.1719999999999997,0.11315789473684211,0.06130434782608695
1035465,2024-03-30,PL,2023,Aston Villa,Wolves,2.304,1.6179999999999999,1.9400000000000002,1.766,0.144,0.14192982456140352
1035466,2024-03-30,PL,2023,Brentford,Manchester United,1.598,1.8239999999999998,2.066,2.096,0.12682539682539684,0.12666666666666665
1035468,2024-03-31,PL,2023,Liverpool,Brighton,3.7779999999999996,1.7599999999999998,0.998,1.486,0.1399259259259259,0.11578947368421051
1035469,2024-03-31,PL,2023,Manchester City,Arsenal,2.3720000000000003,2.23,0.76,0.488,0.10224137931034484,0.11736842105263158
1047903,2024-04-01,ELC,2023,Leicester,Norwich,1.6320000000000001,1.076,0.9720000000000001,1.2280000000000002,0.09488372093023256,0.11695652173913043
1047899,2024-04-01,ELC,2023,Birmingham,Preston,1.3359999999999999,1.1,1.366,1.28,0.08048192771084337,0.13414634146341464
1047910,2024-04-01,ELC,2023,West Brom,Watford,0.9520000000000002,0.982,1.0220000000000002,1.46,0.09714285714285716,0.08927272727272728
1047904,2024-04-01,ELC,2023,Middlesbrough,Sheffield Wednesday,1.316,0.8799999999999999,1.248,1.6059999999999999,0.09013698630136986,0.07857142857142856
1047906,2024-04-01,ELC,2023,Rotherham,Millwall,0.6120000000000001,0.6659999999999999,1.12,1.2200000000000002,0.058846153846153854,0.09249999999999999
1047907,2024-04-01,ELC,2023,Stoke City,Huddersfield,0.8459999999999999,1.264,1.698,0.8260000000000002,0.07293103448275862,0.09028571428571429
1047909,2024-04-01,ELC,2023,Swansea,QPR,1.45,0.932,1.0939999999999999,0.7699999999999999,0.10661764705882353,0.08961538461538462
1047908,2024-04-01,ELC,2023,Sunderland,Blackburn,0.828,0.5820000000000001,1.1540000000000001,1.046,0.06899999999999999,0.07275000000000001
1047900,2024-04-01,ELC,2023,Coventry,Cardiff,1.7280000000000002,0.47000000000000003,1.098,1.9300000000000002,0.11368421052631579,0.047
1047905,2024-04-01,ELC,2023,Plymouth,Bristol City,0.638,0.9339999999999999,1.5759999999999998,1.73,0.07595238095238095,0.07783333333333334
1047901,2024-04-01,ELC,2023,Ipswich,Southampton,2.512,2.004,0.834,1.0779999999999998,0.13652173913043478,0.11788235294117647
1047902,2024-04-01,ELC,2023,Leeds,Hull City,1.7100000000000002,0.938,0.644,0.8559999999999999,0.10961538461538463,0.07444444444444444
1035481,2024-04-02,PL,2023,Newcastle,Everton,2.4379999999999997,1.076,1.9600000000000002,1.7580000000000002,0.14174418604651162,0.0867741935483871
1035478,2024-04-02,PL,2023,Nottingham Forest,Fulham,1.3339999999999999,1.514,1.1119999999999997,1.688,0.10934426229508196,0.0813978494623656
1035474,2024-04-02,PL,2023,Bournemouth,Crystal Palace,1.844,0.578,1.298,1.8419999999999999,0.10359550561797753,0.0672093023255814
1035477,2024-04-02,PL,2023,Burnley,Wolves,1.496,1.4380000000000002,1.4200000000000002,1.516,0.10685714285714286,0.12186440677966102
1035479,2024-04-02,PL,2023,West Ham,Tottenham,1.486,1.704,1.408,2.1079999999999997,0.11257575757575757,0.1271641791044776
1035475,2024-04-03,PL,2023,Arsenal,Luton,2.7239999999999998,1.3399999999999999,0.6540000000000001,2.758,0.13485148514851483,0.14565217391304347
1035476,2024-04-03,PL,2023,Brentford,Brighton,1.81,1.374,1.706,1.9159999999999997,0.113125,0.10904761904761905
1035483,2024-04-03,PL,2023,Manchester City,Aston Villa,2.224,1.5340000000000003,0.604,1.6039999999999999,0.09754385964912282,0.11447761194029853
1035482,2024-04-04,PL,2023,Liverpool,Sheffield Utd,2.922,0.942,0.9680000000000002,1.98,0.11152671755725192,0.10466666666666667
1035480,2024-04-04,PL,2023,Chelsea,Manchester United,2.466,1.7899999999999998,1.2719999999999998,2.614,0.14337209302325582,0.1226027397260274
1047919,2024-04-05,ELC,2023,Rotherham,Plymouth,0.724,1.288,1.296,1.294,0.07387755102040816,0.09333333333333334
1035486,2024-04-06,PL,2023,Crystal Palace,Manchester City,1.564,2.178,0.8939999999999999,1.3900000000000001,0.10567567567567568,0.10890000000000001
1047917,2024-04-06,ELC,2023,Norwich,Ipswich,2.0460000000000003,1.1620000000000001,0.7459999999999999,1.1380000000000001,0.10882978723404256,0.10375000000000001
1035488,2024-04-06,PL,2023,Fulham,Newcastle,1.7739999999999998,0.922,1.8700000000000003,2.9,0.11826666666666666,0.11525
1035493,2024-04-06,PL,2023,Wolves,West Ham,1.4760000000000002,1.506,1.8039999999999998,2.576,0.11181818181818183,0.10757142857142858
1035487,2024-04-06,PL,2023,Everton,Burnley,1.8539999999999999,1.034,1.488,2.678,0.12875,0.10770833333333334
1035484,2024-04-06,PL,2023,Aston Villa,Brentford,1.8539999999999999,1.066,2.0040000000000004,1.848,0.12875,0.11340425531914894
1035489,2024-04-06,PL,2023,Luton,Bournemouth,1.8519999999999999,1.6119999999999997,1.932,1.796,0.11023809523809523,0.10074999999999998
1047914,2024-04-06,ELC,2023,Huddersfield,Millwall,1.262,1.01,1.1839999999999997,1.31,0.09144927536231885,0.09711538461538462
1047922,2024-04-06,ELC,2023,Watford,Preston,1.148,0.9240000000000002,1.236,1.052,0.07972222222222221,0.1248648648648649
1047912,2024-04-06,ELC,2023,Cardiff,Hull City,0.898,1.028,1.416,1.298,0.08471698113207547,0.07138888888888889
1047915,2024-04-06,ELC,2023,Leicester,Birmingham,1.702,0.932,0.954,1.624,0.10011764705882353,0.06383561643835617
1047911,2024-04-06,ELC,2023,Blackburn,Southampton,1.022,1.6079999999999999,1.0559999999999998,0.7859999999999999,0.11108695652173914,0.09925925925925926
1047916,2024-04-06,ELC,2023,Middlesbrough,Swansea,1.4759999999999998,1.312,1.12,1.152,0.0911111111111111,0.12377358490566039
1047918,2024-04-06,ELC,2023,QPR,Sheffield Wednesday,1.3059999999999996,0.8700000000000001,0.6839999999999999,1.7599999999999998,0.08162499999999998,0.08877551020408164
1047920,2024-04-06,ELC,2023,Stoke City,West Brom,0.922,1.2519999999999998,1.1480000000000001,1.202,0.07317460317460318,0.12519999999999998
1047921,2024-04-06,ELC,2023,Sunderland,Bristol City,0.8719999999999999,1.04,1.6079999999999999,1.3879999999999997,0.06707692307692306,0.08813559322033898
1047913,2024-04-06,ELC,2023,Coventry,Leeds,1.528,1.5239999999999998,1.1139999999999999,0.8240000000000001,0.11072463768115942,0.1229032258064516
1035485,2024-04-06,PL,2023,Brighton,Arsenal,1.5799999999999998,2.034,0.958,0.44800000000000006,0.10972222222222222,0.11556818181818182
1035490,2024-04-07,PL,2023,Manchester United,Liverpool,1.4140000000000001,1.73,1.42,1.668,0.101,0.108125
1035491,2024-04-07,PL,2023,Sheffield Utd,Chelsea,1.34,1.346,2.194,2.102,0.13673469387755102,0.12017857142857144
1035492,2024-04-07,PL,2023,Tottenham,Nottingham Forest,2.2359999999999998,1.3980000000000001,1.084,1.4099999999999997,0.1380246913580247,0.1270909090909091
1047928,2024-04-09,ELC,2023,Southampton,Coventry,1.998,1.616,1.02,0.9100000000000001,0.1280769230769231,0.12825396825396826
1047924,2024-04-09,ELC,2023,Millwall,Leicester,0.8019999999999999,1.6280000000000001,1.208,1.0859999999999999,0.0802,0.1403448275862069
1047926,2024-04-09,ELC,2023,Preston,Huddersfield,1.206,1.016,0.93,1.0020000000000002,0.09885245901639345,0.0736231884057971
1047927,2024-04-09,ELC,2023,Sheffield Wednesday,Norwich,1.38,1.19,1.198,1.3900000000000001,0.09999999999999999,0.12659574468085105
1047925,2024-04-09,ELC,2023,Plymouth,QPR,0.49800000000000005,0.898,1.33,0.7659999999999999,0.060731707317073176,0.09977777777777778
1047923,2024-04-09,ELC,2023,Leeds,Sunderland,2.002,1.244,0.666,1.52,0.125125,0.09569230769230769
1047929,2024-04-10,ELC,2023,Birmingham,Cardiff,1.232,0.6119999999999999,1.302,2.0020000000000002,0.08105263157894738,0.06119999999999999
1047930,2024-04-10,ELC,2023,Bristol City,Blackburn,0.808,1.1540000000000001,1.114,0.966,0.06412698412698413,0.12822222222222224
1047932,2024-04-10,ELC,2023,Ipswich,Watford,2.322,1.084,1.0219999999999998,1.4140000000000001,0.1382142857142857,0.09508771929824561
1047931,2024-04-10,ELC,2023,Hull City,Middlesbrough,0.8860000000000001,0.8119999999999999,1.1019999999999999,1.3039999999999998,0.07508474576271187,0.09666666666666665
1047934,2024-04-10,ELC,2023,West Brom,Rotherham,1.034,0.8019999999999999,1.188,1.75,0.10551020408163266,0.09325581395348836
1047933,2024-04-10,ELC,2023,Swansea,Stoke City,1.326,1.242,1.17,0.9560000000000001,0.10359375000000001,0.09703125
1047941,2024-04-12,ELC,2023,Plymouth,Leicester,0.4119999999999999,1.5220000000000002,1.462,0.99,0.043829787234042544,0.12079365079365081
1035501,2024-04-13,PL,2023,Newcastle,Tottenham,2.666,1.426,1.6480000000000001,1.69,0.1448913043478261,0.11688524590163935
1047939,2024-04-13,ELC,2023,Leeds,Blackburn,1.5740000000000003,1.072,0.6519999999999999,1.3980000000000001,0.1078082191780822,0.11166666666666668
1035497,2024-04-13,PL,2023,Burnley,Brighton,1.544,1.414,1.4100000000000001,1.3880000000000001,0.11028571428571429,0.09064102564102564
1035500,2024-04-13,PL,2023,Manchester City,Luton,2.59,0.9359999999999999,0.6940000000000001,2.442,0.10791666666666666,0.11699999999999999
1035496,2024-04-13,PL,2023,Brentford,Sheffield Utd,1.684,0.998,1.6900000000000002,1.904,0.11378378378378379,0.10847826086956522
1035502,2024-04-13,PL,2023,Nottingham Forest,Wolves,1.548,1.3880000000000001,1.1480000000000001,1.5740000000000003,0.11382352941176471,0.1176271186440678
1047944,2024-04-13,ELC,2023,Southampton,Watford,1.9760000000000002,0.834,1.078,1.1760000000000002,0.13,0.07446428571428572
1047935,2024-04-13,ELC,2023,Birmingham,Coventry,1.076,1.402,1.242,0.968,0.07472222222222222,0.12745454545454546
1047936,2024-04-13,ELC,2023,Bristol City,Huddersfield,1.222,0.922,0.86,1.174,0.09546875,0.07683333333333334
1047938,2024-04-13,ELC,2023,Ipswich,Middlesbrough,2.122,0.8299999999999998,0.742,1.2120000000000002,0.12056818181818181,0.08299999999999999
1047940,2024-04-13,ELC,2023,Millwall,Cardiff,0.7739999999999999,0.7139999999999999,1.014,1.7560000000000002,0.09214285714285714,0.06999999999999999
1047942,2024-04-13,ELC,2023,Preston,Norwich,1.448,1.298,0.8939999999999999,1.466,0.10647058823529412,0.13520833333333335
1047946,2024-04-13,ELC,2023,West Brom,Sunderland,1.28,1.146,1.174,1.344,0.1306122448979592,0.0971186440677966
1047937,2024-04-13,ELC,2023,Hull City,QPR,1.106,1.1320000000000001,1.178,0.7379999999999999,0.08132352941176471,0.11551020408163265
1047943,2024-04-13,ELC,2023,Sheffield Wednesday,Stoke City,1.33,1.0959999999999999,1.1480000000000001,0.99,0.0992537313432836,0.0817910447761194
1047945,2024-04-13,ELC,2023,Swansea,Rotherham,1.59,0.552,0.8779999999999999,2.0140000000000002,0.11521739130434783,0.06571428571428573
1035494,2024-04-13,PL,2023,Bournemouth,Manchester United,1.81,1.416,1.23,2.778,0.09945054945054946,0.09971830985915492
1035499,2024-04-14,PL,2023,Liverpool,Crystal Palace,2.7079999999999997,0.546,0.97,1.42,0.10257575757575757,0.08029411764705882
1035503,2024-04-14,PL,2023,West Ham,Fulham,1.5059999999999998,1.6420000000000001,1.3599999999999999,1.556,0.11073529411764704,0.08463917525773197
1035495,2024-04-14,PL,2023,Arsenal,Aston Villa,2.334,1.436,0.438,2.056,0.13892857142857143,0.12169491525423728
1035498,2024-04-15,PL,2023,Chelsea,Everton,2.556,0.9339999999999999,1.3419999999999999,1.904,0.1217142857142857,0.09156862745098039
1047861,2024-04-16,ELC,2023,Southampton,Preston,2.066,0.776,0.9259999999999999,0.8160000000000001,0.13959459459459458,0.11085714285714285
1047951,2024-04-20,ELC,2023,Leicester,West Brom,1.752,1.066,0.8360000000000001,1.6219999999999999,0.1006896551724138,0.1269047619047619
1035511,2024-04-20,PL,2023,Sheffield Utd,Burnley,1.1139999999999999,0.8380000000000001,1.7740000000000002,2.514,0.1428205128205128,0.09108695652173913
1035509,2024-04-20,PL,2023,Luton,Brentford,1.5020000000000002,0.9899999999999999,1.826,1.9420000000000002,0.08835294117647059,0.1076086956521739
1047950,2024-04-20,ELC,2023,Huddersfield,Swansea,1.2819999999999998,1.256,1.254,1.272,0.08662162162162161,0.13361702127659575
1047958,2024-04-20,ELC,2023,Watford,Hull City,1.042,1.044,1.062,1.294,0.07442857142857143,0.08285714285714287
1047948,2024-04-20,ELC,2023,Cardiff,Southampton,0.8960000000000001,1.576,1.672,0.9099999999999999,0.08145454545454546,0.10102564102564103
1047953,2024-04-20,ELC,2023,Norwich,Bristol City,1.7619999999999998,0.8299999999999998,0.6100000000000001,1.39,0.09576086956521737,0.07545454545454544
1047955,2024-04-20,ELC,2023,Rotherham,Birmingham,0.6839999999999999,0.702,1.4,1.6099999999999999,0.06979591836734694,0.05949152542372881
1047956,2024-04-20,ELC,2023,Stoke City,Plymouth,1.24,1.6039999999999999,1.33,1.1700000000000002,0.09253731343283582,0.09435294117647058
1047957,2024-04-20,ELC,2023,Sunderland,Millwall,1.01,1.0459999999999998,1.666,1.238,0.07112676056338028,0.10459999999999998
1047954,2024-04-20,ELC,2023,QPR,Preston,1.3279999999999998,0.6659999999999999,0.842,1.188,0.08097560975609756,0.10090909090909089
1035513,2024-04-20,PL,2023,Wolves,Arsenal,1.372,2.448,1.9439999999999997,0.462,0.10088235294117648,0.13752808988764045
1047947,2024-04-21,ELC,2023,Blackburn,Sheffield Wednesday,0.8720000000000001,1.11,1.06,1.582,0.09083333333333334,0.1290697674418605
1035507,2024-04-21,PL,2023,Everton,Nottingham Forest,1.846,1.464,1.06,1.48,0.11987012987012988,0.1307142857142857
1035506,2024-04-21,PL,2023,Crystal Palace,West Ham,1.584,1.27,0.998,2.3680000000000003,0.11647058823529412,0.09769230769230769
1035504,2024-04-21,PL,2023,Aston Villa,Bournemouth,1.866,1.358,1.7899999999999998,1.624,0.13140845070422535,0.10609375
1035508,2024-04-21,PL,2023,Fulham,Liverpool,1.684,2.1,1.634,1.6460000000000001,0.1315625,0.11797752808988764
1047952,2024-04-22,ELC,2023,Middlesbrough,Leeds,1.376,1.5079999999999998,0.868,1.072,0.08935064935064935,0.11088235294117646
1035454,2024-04-23,PL,2023,Arsenal,Chelsea,2.02,1.094,0.556,1.8719999999999999,0.12469135802469135,0.10940000000000001
1047879,2024-04-23,ELC,2023,Leicester,Southampton,1.8940000000000001,1.654,1.1640000000000001,1.032,0.10761363636363637,0.09963855421686746
1035463,2024-04-24,PL,2023,Wolves,Bournemouth,0.96,1.4720000000000002,1.528,1.848,0.08421052631578947,0.10666666666666669
1047876,2024-04-24,ELC,2023,Coventry,Hull City,1.612,1.4300000000000002,1.222,1.418,0.12212121212121213,0.10671641791044777
1035461,2024-04-24,PL,2023,Manchester United,Sheffield Utd,1.3279999999999998,1.014,1.8219999999999998,1.8780000000000001,0.1006060606060606,0.11266666666666668
1035458,2024-04-24,PL,2023,Everton,Liverpool,1.674,1.986,0.998,1.5319999999999998,0.11310810810810809,0.11157303370786517
1035457,2024-04-24,PL,2023,Crystal Palace,Newcastle,1.8259999999999998,0.9959999999999999,1.1,1.73,0.12337837837837837,0.10595744680851063
1035455,2024-04-25,PL,2023,Brighton,Manchester City,0.97,2.04,1.166,1.4100000000000001,0.07238805970149254,0.10736842105263157
1047966,2024-04-26,ELC,2023,QPR,Leeds,1.468,1.812,0.774,1.1179999999999999,0.08951219512195122,0.13522388059701493
1035522,2024-04-27,PL,2023,West Ham,Liverpool,1.6480000000000001,2.328,1.3,1.084,0.10564102564102565,0.11411764705882352
1035518,2024-04-27,PL,2023,Manchester United,Burnley,1.766,1.008,1.7399999999999998,2.428,0.10768292682926829,0.09509433962264151
1035519,2024-04-27,PL,2023,Newcastle,Sheffield Utd,2.7619999999999996,0.8160000000000001,1.33,2.09,0.15175824175824174,0.085
1035517,2024-04-27,PL,2023,Fulham,Crystal Palace,1.5339999999999998,0.882,1.466,1.6960000000000002,0.11115942028985507,0.126
1035523,2024-04-27,PL,2023,Wolves,Luton,0.8620000000000001,0.8539999999999999,1.532,2.6420000000000003,0.07836363636363637,0.1334375
1047962,2024-04-27,ELC,2023,Huddersfield,Birmingham,1.29,0.6839999999999999,1.64,1.154,0.09626865671641792,0.06333333333333334
1047969,2024-04-27,ELC,2023,Watford,Sunderland,1.054,0.974,1.3800000000000001,1.118,0.07026666666666667,0.08396551724137931
1047968,2024-04-27,ELC,2023,Southampton,Stoke City,2.2640000000000002,0.828,0.704,1.1960000000000002,0.1363855421686747,0.06786885245901639
1047961,2024-04-27,ELC,2023,Cardiff,Middlesbrough,1.1440000000000001,0.922,1.6920000000000002,1.388,0.10214285714285716,0.0903921568627451
1047960,2024-04-27,ELC,2023,Bristol City,Rotherham,1.21,0.392,0.994,1.95,0.09758064516129032,0.06125
1047964,2024-04-27,ELC,2023,Millwall,Plymouth,0.9720000000000001,1.3239999999999998,0.834,1.4240000000000002,0.10125,0.0932394366197183
1047959,2024-04-27,ELC,2023,Blackburn,Coventry,0.858,1.232,1.26,1.1280000000000001,0.0932608695652174,0.10620689655172413
1052670,2024-04-27,ELC,2023,Norwich,Swansea,1.352,1.282,0.8320000000000001,1.174,0.08556962025316457,0.1209433962264151
1047967,2024-04-27,ELC,2023,Sheffield Wednesday,West Brom,1.4060000000000001,1.3099999999999998,1.174,2.0300000000000002,0.10492537313432837,0.13367346938775507
1035516,2024-04-27,PL,2023,Everton,Brentford,1.402,1.548,1.218,1.5699999999999998,0.09223684210526316,0.12688524590163935
1035515,2024-04-27,PL,2023,Aston Villa,Chelsea,1.8819999999999997,1.314,1.786,1.9759999999999998,0.14936507936507934,0.1239622641509434
1047963,2024-04-27,ELC,2023,Hull City,Ipswich,1.22,0.95,1.248,1.09,0.09242424242424242,0.08189655172413793
1035514,2024-04-28,PL,2023,Bournemouth,Brighton,1.9520000000000004,1.338,1.1540000000000001,1.4000000000000001,0.09959183673469389,0.07271739130434783
1035521,2024-04-28,PL,2023,Tottenham,Arsenal,1.9440000000000002,1.982,1.076,0.446,0.12303797468354431,0.11261363636363636
1035520,2024-04-28,PL,2023,Nottingham Forest,Manchester City,1.6320000000000001,1.7119999999999997,1.27,1.274,0.11178082191780822,0.104390243902439
1047965,2024-04-29,ELC,2023,Preston,Leicester,1.4220000000000002,1.5100000000000002,0.8699999999999999,0.752,0.11109375,0.11796875000000001
1047949,2024-04-30,ELC,2023,Coventry,Ipswich,1.3439999999999999,1.064,1.4220000000000002,1.362,0.11586206896551722,0.083125
1035428,2024-05-02,PL,2023,Chelsea,Tottenham,2.734,1.334,1.466,2.116,0.13401960784313727,0.11910714285714286
1035531,2024-05-03,PL,2023,Luton,Everton,1.244,1.166,2.092,2.194,0.0876056338028169,0.10410714285714286
1035524,2024-05-04,PL,2023,Arsenal,Bournemouth,2.004,1.496,0.818,1.65,0.10774193548387097,0.11507692307692308
1047974,2024-05-04,ELC,2023,Leicester,Blackburn,1.8820000000000001,1.1440000000000001,1.0219999999999998,1.572,0.11617283950617284,0.12170212765957449
1047970,2024-05-04,ELC,2023,Birmingham,Norwich,1.192,1.3,0.8880000000000001,1.4500000000000002,0.08054054054054054,0.11607142857142858
1047972,2024-05-04,ELC,2023,Ipswich,Huddersfield,2.002,1.082,0.9040000000000001,1.072,0.12060240963855422,0.08725806451612904
1047981,2024-05-04,ELC,2023,West Brom,Preston,1.2,0.502,0.962,1.392,0.125,0.07606060606060606
1047973,2024-05-04,ELC,2023,Leeds,Southampton,1.5720000000000003,1.426,0.48,1.3080000000000003,0.10207792207792209,0.0925974025974026
1047975,2024-05-04,ELC,2023,Middlesbrough,Watford,1.492,0.954,1.02,1.2899999999999998,0.09443037974683545,0.07949999999999999
1047977,2024-05-04,ELC,2023,Rotherham,Cardiff,0.49800000000000005,0.6939999999999998,1.436,1.3780000000000001,0.060731707317073176,0.07081632653061223
1047978,2024-05-04,ELC,2023,Stoke City,Bristol City,1.49,1.04,1.1059999999999999,1.392,0.09675324675324676,0.09285714285714286
1047980,2024-05-04,ELC,2023,Swansea,Millwall,1.488,0.8779999999999999,0.588,1.0779999999999998,0.10628571428571429,0.09543478260869565
1047979,2024-05-04,ELC,2023,Sunderland,Sheffield Wednesday,0.9579999999999999,1.2,1.2879999999999998,1.7,0.06746478873239435,0.12244897959183673
1047971,2024-05-04,ELC,2023,Coventry,QPR,1.3880000000000001,1.214,1.454,0.844,0.1137704918032787,0.12387755102040816
1047976,2024-05-04,ELC,2023,Plymouth,Hull City,0.44000000000000006,1.4840000000000002,1.288,1.25,0.04583333333333334,0.11593750000000001
1035527,2024-05-04,PL,2023,Burnley,Newcastle,1.524,0.5419999999999999,1.28,1.616,0.11043478260869566,0.06774999999999999
1035525,2024-05-04,PL,2023,Brentford,Fulham,1.6800000000000002,1.998,1.44,1.38,0.11351351351351352,0.0999
1035533,2024-05-04,PL,2023,Sheffield Utd,Nottingham Forest,1.3039999999999998,1.548,1.7720000000000002,1.294,0.13872340425531915,0.1382142857142857
1035532,2024-05-04,PL,2023,Manchester City,Wolves,2.9160000000000004,1.206,0.508,1.61,0.11571428571428573,0.10767857142857143
1035528,2024-05-05,PL,2023,Chelsea,West Ham,2.814,1.2440000000000002,1.3880000000000001,2.6900000000000004,0.1366019417475728,0.1323404255319149
1035526,2024-05-05,PL,2023,Brighton,Aston Villa,0.884,1.186,1.208,2.088,0.07015873015873016,0.10589285714285714
1035530,2024-05-05,PL,2023,Liverpool,Tottenham,2.698,1.46,1.1,2.02,0.105390625,0.1106060606060606
1035529,2024-05-06,PL,2023,Crystal Palace,Manchester United,1.8920000000000001,1.31,0.892,2.62,0.11679012345679013,0.10564516129032257
1035537,2024-05-11,PL,2023,Fulham,Manchester City,1.4519999999999997,1.4680000000000002,1.3459999999999999,1.4520000000000002,0.11523809523809522,0.10794117647058825
1035539,2024-05-11,PL,2023,Newcastle,Brighton,2.9379999999999997,0.946,1.196,1.704,0.15627659574468084,0.05839506172839506
1035534,2024-05-11,PL,2023,Bournemouth,Brentford,1.704,1.542,1.092,1.4040000000000001,0.10518518518518517,0.13526315789473684
1035543,2024-05-11,PL,2023,Wolves,Crystal Palace,0.842,0.938,1.534,1.576,0.07654545454545454,0.12025641025641025
1035536,2024-05-11,PL,2023,Everton,Sheffield Utd,1.226,1.01,1.248,2.4499999999999997,0.08173333333333334,0.09901960784313725
1035541,2024-05-11,PL,2023,Tottenham,Burnley,2.098,1.404,1.034,2.4899999999999998,0.1344871794871795,0.10477611940298506
1035542,2024-05-11,PL,2023,West Ham,Luton,1.45,0.8039999999999999,1.468,2.338,0.10069444444444445,0.12181818181818181
1035540,2024-05-11,PL,2023,Nottingham Forest,Chelsea,1.454,1.348,1.3439999999999999,2.084,0.10691176470588235,0.11233333333333334
1198888,2024-05-12,ELC,2023,Norwich,Leeds,1.716,1.6300000000000001,0.9960000000000001,1.0299999999999998,0.09533333333333334,0.12164179104477613
1198890,2024-05-12,ELC,2023,West Brom,Southampton,1.716,1.1880000000000002,0.6400000000000001,1.334,0.15052631578947367,0.09428571428571429
1035538,2024-05-12,PL,2023,Manchester United,Arsenal,2.158,1.716,1.8720000000000003,0.868,0.11123711340206184,0.10592592592592592
1035535,2024-05-13,PL,2023,Aston Villa,Liverpool,1.388,2.114,1.5879999999999999,0.8859999999999999,0.12392857142857142,0.09191304347826088
1035512,2024-05-14,PL,2023,Tottenham,Manchester City,2.3180000000000005,1.7899999999999998,0.818,1.29,0.1379761904761905,0.12971014492753621
1035505,2024-05-15,PL,2023,Brighton,Chelsea,1.1039999999999999,1.378,1.158,1.858,0.08492307692307692,0.10936507936507936
1035510,2024-05-15,PL,2023,Manchester United,Newcastle,1.916,1.154,1.936,1.5239999999999998,0.10644444444444444,0.10303571428571427
1198889,2024-05-16,ELC,2023,Leeds,Norwich,1.484,1.128,0.624,1.3640000000000003,0.10164383561643836,0.10254545454545454
1198891,2024-05-17,ELC,2023,Southampton,West Brom,1.9620000000000002,1.538,0.9819999999999999,1.998,0.12907894736842107,0.11477611940298509
1035550,2024-05-19,PL,2023,Liverpool,Wolves,2.7079999999999997,0.9259999999999999,1.1640000000000001,2.034,0.10919354838709677,0.10065217391304347
1035544,2024-05-19,PL,2023,Arsenal,Everton,2.1079999999999997,1.3920000000000001,0.8779999999999999,2.0740000000000003,0.1054,0.11600000000000002
1035547,2024-05-19,PL,2023,Burnley,Nottingham Forest,1.67,1.334,1.516,1.034,0.10705128205128205,0.10934426229508197
1035548,2024-05-19,PL,2023,Chelsea,Bournemouth,3.344,1.144,1.416,1.8799999999999997,0.14413793103448275,0.09533333333333333
1035552,2024-05-19,PL,2023,Manchester City,West Ham,3.174,1.32,0.5080000000000001,2.97,0.13115702479338842,0.132
1035546,2024-05-19,PL,2023,Brighton,Manchester United,1.0759999999999998,0.784,1.408,2.6060000000000003,0.09962962962962961,0.08166666666666668
1035549,2024-05-19,PL,2023,Crystal Palace,Aston Villa,1.7619999999999998,0.874,0.946,2.284,0.10488095238095237,0.095
1035545,2024-05-19,PL,2023,Brentford,Newcastle,1.4680000000000002,1.5959999999999999,1.1320000000000001,1.242,0.11121212121212122,0.10783783783783783
1035553,2024-05-19,PL,2023,Sheffield Utd,Tottenham,1.64,1.3980000000000001,1.4900000000000002,2.528,0.14137931034482756,0.10279411764705884
1035551,2024-05-19,PL,2023,Luton,Fulham,1.0420000000000003,2.014,1.78,1.162,0.07776119402985075,0.10275510204081631
1200665,2024-05-26,ELC,2023,Leeds,Southampton,1.484,1.1880000000000002,0.624,1.334,0.10164383561643836,0.09428571428571429
1215844,2024-08-09,ELC,2024,Preston,Sheffield Utd,1.282,0.8799999999999999,1.348,2.25,0.1209433962264151,0.08627450980392155
1215843,2024-08-09,ELC,2024,Blackburn,Derby,1.266,,1.264,,0.09738461538461539,
1215845,2024-08-10,ELC,2024,Cardiff,Sunderland,1.334,1.112,1.7799999999999998,0.9720000000000002,0.10587301587301587,0.09754385964912282
1215849,2024-08-10,ELC,2024,Millwall,Watford,1.064,1.024,0.7619999999999999,1.6119999999999997,0.10037735849056605,0.08258064516129032
1215847,2024-08-10,ELC,2024,Leeds,Portsmouth,1.484,,0.624,,0.10164383561643836,
1215846,2024-08-10,ELC,2024,Hull City,Bristol City,1.4759999999999998,1.066,1.6019999999999999,1.2559999999999998,0.12724137931034482,0.10250000000000001
1215848,2024-08-10,ELC,2024,Middlesbrough,Swansea,1.598,1.2,1.036,1.4040000000000001,0.10513157894736842,0.10909090909090909
1215851,2024-08-10,ELC,2024,QPR,West Brom,1.16,1.538,0.946,1.998,0.07945205479452054,0.11477611940298509
1215852,2024-08-10,ELC,2024,Stoke City,Coventry,1.6300000000000001,0.946,1.1439999999999997,1.592,0.09476744186046512,0.10063829787234041
1215850,2024-08-10,ELC,2024,Oxford United,Norwich,,1.128,,1.3640000000000003,,0.10254545454545454
1215853,2024-08-11,ELC,2024,Sheffield Wednesday,Plymouth,1.496,1.2639999999999998,1.304,1.3039999999999998,0.12064516129032259,0.09432835820895522
1215854,2024-08-12,ELC,2024,Luton,Burnley,1.108,1.402,1.608,2.612,0.08147058823529411,0.11126984126984127
1208021,2024-08-16,PL,2024,Manchester United,Fulham,1.6619999999999997,1.6920000000000002,2.088,1.416,0.09032608695652172,0.09296703296703297
1215857,2024-08-16,ELC,2024,Coventry,Oxford United,1.35,,1.362,,0.10546875,
1208022,2024-08-17,PL,2024,Ipswich,Liverpool,1.8259999999999998,2.048,0.7380000000000001,1.332,0.09817204301075268,0.09570093457943925
1215866,2024-08-17,ELC,2024,West Brom,Leeds,1.716,1.6300000000000001,0.6400000000000001,1.0299999999999998,0.15052631578947367,0.12164179104477613
1215858,2024-08-17,ELC,2024,Derby,Middlesbrough,,1.16,,1.61,,0.10357142857142856
1215861,2024-08-17,ELC,2024,Portsmouth,Luton,,0.45599999999999996,,2.502,,0.07862068965517241
1208025,2024-08-17,PL,2024,Newcastle,Southampton,2.944,1.1880000000000002,1.31,1.334,0.15020408163265306,0.09428571428571429
1208023,2024-08-17,PL,2024,Arsenal,Wolves,2.4539999999999997,0.866,0.806,2.544,0.11256880733944953,0.11394736842105263
1208024,2024-08-17,PL,2024,Everton,Brighton,1.15,0.952,0.994,1.888,0.08455882352941177,0.05876543209876543
1208026,2024-08-17,PL,2024,Nottingham Forest,Bournemouth,1.5719999999999998,1.364,1.248,1.8099999999999998,0.09824999999999999,0.09472222222222222
1215865,2024-08-17,ELC,2024,Watford,Stoke City,0.774,1.138,1.2719999999999998,1.262,0.05863636363636364,0.09031746031746031
1215856,2024-08-17,ELC,2024,Burnley,Cardiff,1.614,0.8960000000000001,1.6480000000000001,1.8980000000000001,0.10346153846153847,0.07466666666666667
1215855,2024-08-17,ELC,2024,Bristol City,Millwall,1.482,0.974,1.0080000000000002,1.238,0.12775862068965518,0.08854545454545455
1215862,2024-08-17,ELC,2024,Sheffield Utd,QPR,1.7899999999999998,1.116,1.6740000000000002,1.02,0.14916666666666664,0.10528301886792453
1215859,2024-08-17,ELC,2024,Norwich,Blackburn,1.716,1.3780000000000001,0.9960000000000001,1.7100000000000002,0.09533333333333334,0.1497826086956522
1215864,2024-08-17,ELC,2024,Swansea,Preston,1.6580000000000001,0.322,0.642,1.8699999999999999,0.1151388888888889,0.05551724137931035
1215860,2024-08-17,ELC,2024,Plymouth,Hull City,0.42400000000000004,1.3639999999999999,1.1840000000000002,1.1239999999999999,0.0424,0.11366666666666665
1208027,2024-08-17,PL,2024,West Ham,Aston Villa,1.6619999999999997,0.688,1.3960000000000001,2.438,0.11229729729729727,0.0819047619047619
1215863,2024-08-18,ELC,2024,Sunderland,Sheffield Wednesday,1.134,1.132,1.286,1.924,0.07875,0.12863636363636363
1208028,2024-08-18,PL,2024,Brentford,Crystal Palace,1.3279999999999998,1.4140000000000001,1.456,1.508,0.10709677419354838,0.14729166666666668
1208029,2024-08-18,PL,2024,Chelsea,Manchester City,2.72,1.9579999999999997,1.532,1.082,0.1373737373737374,0.14611940298507461
1208030,2024-08-19,PL,2024,Leicester,Tottenham,1.9460000000000002,1.548,1.1640000000000001,2.1719999999999997,0.12636363636363637,0.1075
1215874,2024-08-23,ELC,2024,Sheffield Wednesday,Leeds,2.272,1.374,0.954,1.01,0.13523809523809524,0.11080645161290323
1208033,2024-08-24,PL,2024,Brighton,Manchester United,1.3659999999999999,0.9920000000000002,1.526,2.316,0.11196721311475409,0.08857142857142859
1215868,2024-08-24,ELC,2024,Bristol City,Coventry,1.9300000000000002,0.86,1.328,1.5959999999999999,0.15078125,0.09148936170212765
1215869,2024-08-24,ELC,2024,Hull City,Millwall,1.5699999999999998,1.302,1.446,1.4780000000000002,0.12868852459016392,0.11224137931034482
1215873,2024-08-24,ELC,2024,QPR,Plymouth,1.2259999999999998,0.8099999999999999,1.15,2.022,0.08283783783783782,0.07788461538461539
1208035,2024-08-24,PL,2024,Fulham,Leicester,1.2159999999999997,1.9780000000000002,1.7280000000000002,0.7020000000000001,0.11692307692307691,0.13547945205479453
1208038,2024-08-24,PL,2024,Southampton,Nottingham Forest,1.9620000000000002,1.5500000000000003,0.9819999999999999,1.19,0.12907894736842107,0.12109375000000001
1208039,2024-08-24,PL,2024,Tottenham,Everton,2.268,1.192,1.234,2.132,0.14175,0.1419047619047619
1208037,2024-08-24,PL,2024,Manchester City,Ipswich,2.9160000000000004,1.174,0.53,1.468,0.1195081967213115,0.09171875
1208034,2024-08-24,PL,2024,Crystal Palace,West Ham,1.7240000000000002,1.0180000000000002,0.982,2.832,0.11051282051282052,0.12414634146341465
1215878,2024-08-24,ELC,2024,Watford,Derby,1.0420000000000003,,1.2079999999999997,,0.07338028169014085,
1215872,2024-08-24,ELC,2024,Preston,Luton,1.316,0.542,1.2739999999999998,2.09,0.1078688524590164,0.08741935483870968
1215867,2024-08-24,ELC,2024,Blackburn,Oxford United,1.458,,0.9800000000000001,,0.10720588235294118,
1215870,2024-08-24,ELC,2024,Middlesbrough,Portsmouth,1.9579999999999997,,0.974,,0.1255128205128205,
1215871,2024-08-24,ELC,2024,Norwich,Sheffield Utd,1.818,0.966,1.166,2.012,0.10569767441860466,0.08473684210526317
1215875,2024-08-24,ELC,2024,Stoke City,West Brom,1.614,1.49,0.8240000000000001,1.8359999999999999,0.09275862068965518,0.12016129032258065
1215876,2024-08-24,ELC,2024,Sunderland,Burnley,1.426,1.366,1.19,2.0460000000000003,0.09025316455696203,0.12196428571428572
1208032,2024-08-24,PL,2024,Aston Villa,Arsenal,1.8619999999999997,1.5719999999999998,1.6260000000000001,0.9239999999999998,0.14323076923076922,0.11228571428571428
1208031,2024-08-25,PL,2024,Bournemouth,Newcastle,1.3679999999999999,2.134,0.8960000000000001,1.154,0.09771428571428571,0.14226666666666665
1208040,2024-08-25,PL,2024,Wolves,Chelsea,0.99,1.324,1.534,1.746,0.08114754098360656,0.11033333333333334
1215877,2024-08-25,ELC,2024,Swansea,Cardiff,1.6019999999999999,0.8859999999999999,0.6599999999999999,1.52,0.12515625,0.07383333333333333
1208036,2024-08-25,PL,2024,Liverpool,Brentford,3.116,1.5639999999999998,0.952,1.282,0.11049645390070922,0.13254237288135592
1215884,2024-08-30,ELC,2024,Luton,QPR,1.278,1.082,1.504,1.32,0.09397058823529411,0.09660714285714286
1208041,2024-08-31,PL,2024,Arsenal,Brighton,2.538,1.1480000000000001,0.8320000000000001,1.412,0.1113157894736842,0.07
1215880,2024-08-31,ELC,2024,Cardiff,Middlesbrough,1.05,1.234,2.022,1.736,0.0875,0.09640625
1215879,2024-08-31,ELC,2024,Burnley,Blackburn,1.222,1.4,1.54,1.9100000000000001,0.08728571428571427,0.17073170731707318
1215881,2024-08-31,ELC,2024,Coventry,Norwich,1.64,0.826,1.318,1.34,0.10789473684210525,0.08428571428571428
1208044,2024-08-31,PL,2024,Everton,Bournemouth,1.052,1.526,1.188,1.7779999999999998,0.08092307692307693,0.09909090909090909
1208046,2024-08-31,PL,2024,Leicester,Aston Villa,1.69,0.9620000000000001,1.196,2.526,0.12803030303030302,0.10931818181818183
1208042,2024-08-31,PL,2024,Brentford,Southampton,0.9879999999999999,1.2739999999999998,1.5719999999999998,1.1940000000000002,0.12349999999999998,0.09799999999999999
1208045,2024-08-31,PL,2024,Ipswich,Fulham,1.1700000000000002,1.52,1.1280000000000001,1.5239999999999998,0.07312500000000001,0.0987012987012987
1208049,2024-08-31,PL,2024,Nottingham Forest,Wolves,1.6480000000000001,0.6620000000000001,1.254,2.596,0.10048780487804879,0.0973529411764706
1215885,2024-08-31,ELC,2024,Millwall,Sheffield Wednesday,1.2959999999999998,1.068,0.764,1.512,0.11368421052631578,0.12136363636363635
1215890,2024-08-31,ELC,2024,West Brom,Swansea,1.6280000000000001,1.1699999999999997,0.634,1.876,0.15358490566037736,0.11249999999999998
1215883,2024-08-31,ELC,2024,Leeds,Hull City,1.8539999999999999,1.412,0.696,0.666,0.11884615384615384,0.11206349206349206
1215882,2024-08-31,ELC,2024,Derby,Bristol City,,1.17,,1.362,,0.10263157894736842
1215886,2024-08-31,ELC,2024,Oxford United,Preston,,0.42800000000000005,,2.07,,0.07133333333333333
1215888,2024-08-31,ELC,2024,Portsmouth,Sunderland,,1.3519999999999999,,0.536,,0.1229090909090909
1215887,2024-08-31,ELC,2024,Plymouth,Stoke City,0.45,1.0299999999999998,1.1320000000000001,1.6219999999999999,0.039473684210526314,0.09035087719298245
1208050,2024-08-31,PL,2024,West Ham,Manchester City,1.75,1.73,1.67,1.068,0.11666666666666667,0.14416666666666667
1208048,2024-09-01,PL,2024,Newcastle,Tottenham,2.18,1.592,1.3800000000000001,2.0840000000000005,0.14155844155844155,0.10756756756756757
1208043,2024-09-01,PL,2024,Chelsea,Crystal Palace,2.3180000000000005,1.41,1.392,1.6420000000000001,0.14308641975308645,0.13557692307692307
1215889,2024-09-01,ELC,2024,Sheffield Utd,Watford,1.754,0.952,1.552,1.588,0.13287878787878787,0.08206896551724138
1208047,2024-09-01,PL,2024,Manchester United,Liverpool,2.008,1.844,1.4420000000000002,1.282,0.10350515463917527,0.09505154639175259
1215893,2024-09-13,ELC,2024,Hull City,Sheffield Utd,1.594,0.958,1.3279999999999998,1.998,0.12453125000000001,0.07852459016393443
1208058,2024-09-14,PL,2024,Southampton,Manchester United,1.528,1.16,1.3699999999999999,2.0759999999999996,0.11235294117647059,0.10357142857142856
1215896,2024-09-14,ELC,2024,Millwall,Luton,1.566,0.8019999999999999,0.5680000000000001,1.9779999999999998,0.11863636363636364,0.09325581395348836
1215894,2024-09-14,ELC,2024,Leeds,Burnley,1.55,1.3,0.682,2.0040000000000004,0.096875,0.12037037037037036
1215897,2024-09-14,ELC,2024,Oxford United,Stoke City,,1.072,,1.636,,0.09745454545454546
1208055,2024-09-14,PL,2024,Fulham,West Ham,1.02,1.012,1.368,2.288,0.09444444444444446,0.10326530612244897
1208056,2024-09-14,PL,2024,Liverpool,Nottingham Forest,3.0800000000000005,1.6440000000000001,0.9339999999999999,1.1019999999999999,0.11846153846153848,0.11577464788732396
1208057,2024-09-14,PL,2024,Manchester City,Brentford,3.38,1.4040000000000001,0.45599999999999996,1.2579999999999998,0.13629032258064516,0.12103448275862069
1208053,2024-09-14,PL,2024,Brighton,Ipswich,1.6780000000000002,1.114,1.134,1.6480000000000001,0.1290769230769231,0.09771929824561404
1208054,2024-09-14,PL,2024,Crystal Palace,Leicester,1.778,1.6940000000000002,0.8779999999999999,0.818,0.10458823529411765,0.12455882352941178
1215902,2024-09-14,ELC,2024,Watford,Coventry,1.128,0.76,1.156,1.4160000000000001,0.07621621621621621,0.08837209302325583
1215891,2024-09-14,ELC,2024,Blackburn,Bristol City,1.496,1.116,1.008,1.612,0.09589743589743589,0.09964285714285714
1215892,2024-09-14,ELC,2024,Derby,Cardiff,,0.786,,1.5,,0.06894736842105263
1215895,2024-09-14,ELC,2024,Middlesbrough,Preston,2.05,0.526,1.1019999999999999,2.316,0.12058823529411765,0.08483870967741935
1215900,2024-09-14,ELC,2024,Sheffield Wednesday,QPR,2.002,0.9919999999999998,0.966,1.316,0.12833333333333333,0.0870175438596491
1215901,2024-09-14,ELC,2024,Swansea,Norwich,1.5939999999999999,0.692,0.536,1.0699999999999998,0.13741379310344826,0.06653846153846153
1215898,2024-09-14,ELC,2024,Plymouth,Sunderland,0.5199999999999999,1.1360000000000001,1.184,0.554,0.04333333333333333,0.11833333333333335
1208052,2024-09-14,PL,2024,Aston Villa,Everton,1.9219999999999995,1.19,1.5020000000000002,2.354,0.14784615384615382,0.1322222222222222
1208051,2024-09-14,PL,2024,Bournemouth,Chelsea,1.5559999999999998,1.612,1.032,1.8619999999999997,0.10373333333333333,0.11852941176470588
1208059,2024-09-15,PL,2024,Tottenham,Arsenal,2.1559999999999997,1.614,1.33,0.976,0.14184210526315788,0.11054794520547946
1215899,2024-09-15,ELC,2024,Portsmouth,West Brom,,1.568,,1.908,,0.12250000000000001
1208060,2024-09-15,PL,2024,Wolves,Newcastle,1.088,2.2779999999999996,1.638,1.3539999999999999,0.09220338983050848,0.1479220779220779
1215912,2024-09-20,ELC,2024,Stoke City,Hull City,1.7220000000000002,1.2040000000000002,0.9960000000000001,0.85,0.10898734177215191,0.09868852459016395
1208070,2024-09-21,PL,2024,West Ham,Chelsea,1.598,1.432,2.0780000000000003,1.5340000000000003,0.10797297297297298,0.10084507042253521
1215908,2024-09-21,ELC,2024,Norwich,Watford,1.568,0.806,1.0859999999999999,1.812,0.11200000000000002,0.07603773584905661
1215910,2024-09-21,ELC,2024,QPR,Millwall,1.3159999999999998,1.042,0.994,1.4620000000000002,0.07651162790697673,0.1042
1215913,2024-09-21,ELC,2024,Sunderland,Middlesbrough,1.264,1.294,0.534,1.384,0.079,0.09803030303030304
1208064,2024-09-21,PL,2024,Fulham,Newcastle,1.076,2.51,1.326,1.422,0.0881967213114754,0.1494047619047619
1208066,2024-09-21,PL,2024,Liverpool,Bournemouth,2.902,1.616,0.9040000000000001,1.67,0.12617391304347825,0.101
1208068,2024-09-21,PL,2024,Southampton,Ipswich,1.47,1.034,1.6039999999999999,1.8539999999999999,0.12049180327868853,0.09942307692307692
1208065,2024-09-21,PL,2024,Leicester,Everton,1.49,1.082,1.388,2.29,0.12844827586206897,0.13195121951219513
1208069,2024-09-21,PL,2024,Tottenham,Brentford,1.9880000000000002,1.2840000000000003,1.168,1.388,0.13432432432432434,0.1106896551724138
1208061,2024-09-21,PL,2024,Aston Villa,Wolves,2.0420000000000003,0.6300000000000001,1.37,2.536,0.14380281690140848,0.08513513513513514
1215905,2024-09-21,ELC,2024,Cardiff,Leeds,1.104,1.416,1.5699999999999998,0.9479999999999998,0.08625000000000001,0.11238095238095239
1215904,2024-09-21,ELC,2024,Burnley,Portsmouth,1.1239999999999999,,1.4220000000000002,,0.07805555555555554,
1215903,2024-09-21,ELC,2024,Bristol City,Oxford United,1.848,,1.044,,0.154,
1215914,2024-09-21,ELC,2024,West Brom,Plymouth,1.884,0.598,0.42400000000000004,2.016,0.15442622950819673,0.0610204081632653
1215911,2024-09-21,ELC,2024,Sheffield Utd,Derby,1.9259999999999997,,1.6599999999999997,,0.13191780821917806,
1215906,2024-09-21,ELC,2024,Coventry,Swansea,1.4760000000000002,1.032,1.05,2.008,0.09341772151898735,0.1032
1215907,2024-09-21,ELC,2024,Luton,Sheffield Wednesday,1.27,1.018,1.592,1.58,0.10583333333333332,0.11837209302325581
1208063,2024-09-21,PL,2024,Crystal Palace,Manchester United,1.8159999999999996,1.4,0.8699999999999999,1.6960000000000002,0.104367816091954,0.12280701754385964
1215909,2024-09-22,ELC,2024,Preston,Blackburn,0.9179999999999999,0.78,1.5139999999999998,1.7719999999999998,0.0936734693877551,0.10263157894736843
1208062,2024-09-22,PL,2024,Brighton,Nottingham Forest,1.886,1.4220000000000002,0.9319999999999998,0.9800000000000001,0.11936708860759493,0.11285714285714286
1208067,2024-09-22,PL,2024,Manchester City,Arsenal,3.1220000000000003,1.084,0.49399999999999994,1.012,0.13341880341880344,0.09033333333333333
1215922,2024-09-27,ELC,2024,Plymouth,Luton,0.772,0.8160000000000001,1.19,1.3079999999999998,0.06433333333333333,0.08326530612244898
1208078,2024-09-28,PL,2024,Newcastle,Manchester City,2.0580000000000003,2.058,1.344,1.0899999999999999,0.15132352941176472,0.14913043478260868
1215915,2024-09-28,ELC,2024,Blackburn,QPR,1.5,0.9280000000000002,0.944,1.386,0.09868421052631579,0.08285714285714287
1215916,2024-09-28,ELC,2024,Derby,Norwich,1.3766666666666667,0.62,0.9866666666666667,0.958,0.12147058823529411,0.05961538461538462
1215924,2024-09-28,ELC,2024,Sheffield Wednesday,West Brom,1.9120000000000001,1.752,0.9259999999999999,1.6079999999999999,0.11950000000000001,0.11837837837837838
1208072,2024-09-28,PL,2024,Arsenal,Leicester,2.626,1.528,1.01,1.114,0.12271028037383176,0.11575757575757577
1208075,2024-09-28,PL,2024,Everton,Crystal Palace,1.3780000000000001,1.48,1.4420000000000002,1.8960000000000001,0.09065789473684212,0.12758620689655173
1208074,2024-09-28,PL,2024,Chelsea,Brighton,2.1759999999999997,1.286,1.2040000000000002,1.714,0.13599999999999998,0.080375
1208073,2024-09-28,PL,2024,Brentford,West Ham,1.4300000000000002,0.9319999999999998,1.6580000000000001,2.3020000000000005,0.13,0.09510204081632652
1208079,2024-09-28,PL,2024,Nottingham Forest,Fulham,1.55,1.4100000000000001,1.1019999999999999,1.308,0.09451219512195122,0.1036764705882353
1215926,2024-09-28,ELC,2024,Watford,Sunderland,1.3619999999999999,1.422,1.496,0.788,0.08407407407407406,0.12050847457627117
1215920,2024-09-28,ELC,2024,Millwall,Preston,1.6320000000000001,0.6,0.504,2.134,0.11492957746478874,0.08571428571428572
1215918,2024-09-28,ELC,2024,Leeds,Coventry,1.686,0.9119999999999999,0.772,1.4860000000000002,0.0991764705882353,0.08941176470588234
1215917,2024-09-28,ELC,2024,Hull City,Cardiff,1.4680000000000002,0.66,1.224,1.6560000000000001,0.1310714285714286,0.061111111111111116
1215919,2024-09-28,ELC,2024,Middlesbrough,Stoke City,2.146,1.116,1.096,1.5139999999999998,0.120561797752809,0.10333333333333335
1215921,2024-09-28,ELC,2024,Oxford United,Burnley,1.3333333333333333,0.9959999999999999,0.8033333333333333,1.766,0.1111111111111111,0.11066666666666666
1215923,2024-09-28,ELC,2024,Portsmouth,Sheffield Utd,0.6666666666666666,0.916,1.7366666666666666,1.616,0.05714285714285714,0.07633333333333334
1208080,2024-09-28,PL,2024,Wolves,Liverpool,1.3059999999999998,2.0020000000000002,1.69,1.3940000000000001,0.09893939393939392,0.10648936170212768
1208076,2024-09-29,PL,2024,Ipswich,Aston Villa,1.0699999999999998,1.1179999999999999,1.05,1.924,0.06858974358974358,0.12152173913043476
1215925,2024-09-29,ELC,2024,Swansea,Bristol City,1.3599999999999999,1.1280000000000001,0.7,1.4739999999999998,0.12363636363636363,0.10071428571428573
1208077,2024-09-29,PL,2024,Manchester United,Tottenham,1.6919999999999997,1.69,1.636,1.874,0.10574999999999998,0.10180722891566264
1208071,2024-09-30,PL,2024,Bournemouth,Southampton,1.6919999999999997,1.3760000000000001,1.1500000000000001,1.5579999999999998,0.10192771084337349,0.09052631578947369
1215928,2024-10-01,ELC,2024,Cardiff,Millwall,1.02,1.206,1.812,1.324,0.09444444444444444,0.1005
1215927,2024-10-01,ELC,2024,Burnley,Plymouth,0.99,0.36,1.526,2.4099999999999997,0.06265822784810127,0.04
1215936,2024-10-01,ELC,2024,Norwich,Leeds,2.004,1.6260000000000001,1.258,0.612,0.13012987012987012,0.13779661016949155
1215931,2024-10-01,ELC,2024,QPR,Hull City,1.286,1.018,1.02,0.808,0.0835064935064935,0.08483333333333333
1215933,2024-10-01,ELC,2024,Sunderland,Derby,1.1640000000000001,0.6233333333333334,0.6539999999999999,1.4266666666666665,0.08434782608695653,0.085
1215929,2024-10-01,ELC,2024,Coventry,Blackburn,1.6940000000000002,0.8620000000000001,0.8220000000000001,1.196,0.09206521739130435,0.12314285714285715
1215930,2024-10-01,ELC,2024,Luton,Oxford United,1.576,1.1966666666666665,1.138,2.03,0.11420289855072463,0.13807692307692307
1215934,2024-10-01,ELC,2024,West Brom,Middlesbrough,1.732,1.324,0.502,1.286,0.12925373134328358,0.10184615384615385
1215937,2024-10-02,ELC,2024,Preston,Watford,0.514,1.092,1.5259999999999998,2.2020000000000004,0.061190476190476184,0.10111111111111111
1215932,2024-10-02,ELC,2024,Sheffield Utd,Swansea,1.6600000000000001,1.084,1.234,2.1060000000000003,0.1136986301369863,0.10037037037037037
1215938,2024-10-02,ELC,2024,Stoke City,Portsmouth,1.4620000000000002,1.1233333333333333,1.012,2.4433333333333334,0.09746666666666667,0.19823529411764707
1215935,2024-10-02,ELC,2024,Bristol City,Sheffield Wednesday,1.6640000000000001,0.844,1.314,1.8039999999999998,0.13,0.08791666666666666
1215947,2024-10-04,ELC,2024,Sunderland,Leeds,1.2120000000000002,1.3519999999999999,0.776,0.662,0.09323076923076924,0.104
1208086,2024-10-05,PL,2024,Crystal Palace,Liverpool,1.8400000000000003,2.0940000000000003,1.138,1.2680000000000002,0.12105263157894738,0.12925925925925927
1215940,2024-10-05,ELC,2024,Burnley,Preston,1.058,0.67,0.93,2.282,0.07246575342465754,0.09305555555555556
1215943,2024-10-05,ELC,2024,Norwich,Hull City,2.04,1.018,1.172,1.208,0.13783783783783782,0.08344262295081967
1215945,2024-10-05,ELC,2024,Portsmouth,Oxford United,0.625,1.33,1.44,1.8325,0.056818181818181816,0.11822222222222223
1208081,2024-10-05,PL,2024,Arsenal,Southampton,2.8660000000000005,1.0859999999999999,0.738,1.478,0.12353448275862071,0.08484375
1208088,2024-10-05,PL,2024,Leicester,Bournemouth,1.102,1.4400000000000002,1.172,1.97,0.09338983050847459,0.09230769230769233
1208090,2024-10-05,PL,2024,West Ham,Ipswich,1.582,1.2099999999999997,1.8579999999999999,2.244,0.1068918918918919,0.10999999999999999
1208089,2024-10-05,PL,2024,Manchester City,Fulham,2.694,1.018,0.526,1.282,0.11920353982300885,0.07953125
1208083,2024-10-05,PL,2024,Brentford,Wolves,1.2999999999999998,0.5139999999999999,1.688,2.498,0.12037037037037035,0.07138888888888888
1215949,2024-10-05,ELC,2024,Watford,Middlesbrough,1.518,1.324,1.226,1.154,0.09857142857142857,0.09594202898550724
1215950,2024-10-05,ELC,2024,West Brom,Millwall,1.95,1.3920000000000001,0.6839999999999999,1.334,0.1392857142857143,0.10388059701492539
1215946,2024-10-05,ELC,2024,Sheffield Utd,Luton,1.452,0.9120000000000001,1.1239999999999999,1.3379999999999999,0.10225352112676056,0.08142857142857143
1215942,2024-10-05,ELC,2024,Derby,QPR,1.3875,0.776,1.23,1.598,0.111,0.07607843137254902
1215948,2024-10-05,ELC,2024,Swansea,Stoke City,1.402,1.146,1.04,1.69,0.15239130434782608,0.1081132075471698
1215941,2024-10-05,ELC,2024,Coventry,Sheffield Wednesday,1.6920000000000002,0.584,0.5980000000000001,1.7879999999999998,0.08721649484536083,0.06488888888888888
1215944,2024-10-05,ELC,2024,Plymouth,Blackburn,0.9960000000000001,0.8300000000000001,1.122,1.118,0.0672972972972973,0.09880952380952382
1208087,2024-10-05,PL,2024,Everton,Newcastle,1.3039999999999998,2.1100000000000003,1.2160000000000002,1.672,0.09588235294117646,0.13701298701298703
1208085,2024-10-06,PL,2024,Chelsea,Nottingham Forest,2.5799999999999996,1.5160000000000002,1.104,1.112,0.1632911392405063,0.12847457627118647
1208082,2024-10-06,PL,2024,Aston Villa,Manchester United,1.8860000000000003,1.488,1.1179999999999999,1.5699999999999998,0.1450769230769231,0.11625
1215939,2024-10-06,ELC,2024,Bristol City,Cardiff,1.7320000000000004,0.97,1.074,1.8359999999999999,0.13323076923076926,0.07698412698412697
1208084,2024-10-06,PL,2024,Brighton,Tottenham,1.58,2.286,1.206,1.638,0.10128205128205128,0.12988636363636363
1215954,2024-10-18,ELC,2024,Leeds,Sheffield Utd,1.7020000000000004,0.716,0.7060000000000001,1.094,0.1077215189873418,0.06280701754385964
1208099,2024-10-19,PL,2024,Tottenham,West Ham,2.208,0.876,1.122,1.9039999999999995,0.13463414634146342,0.0684375
1215952,2024-10-19,ELC,2024,Cardiff,Plymouth,0.8260000000000002,0.41000000000000003,1.656,2.322,0.07942307692307694,0.0465909090909091
1215959,2024-10-19,ELC,2024,Preston,Coventry,0.932,0.852,1.5759999999999998,1.512,0.10355555555555555,0.0926086956521739
1215958,2024-10-19,ELC,2024,Oxford United,West Brom,1.02,1.52,1.06,1.326,0.10461538461538462,0.11176470588235293
1215955,2024-10-19,ELC,2024,Luton,Watford,1.6620000000000001,1.1099999999999999,1.2,2.44,0.1319047619047619,0.10673076923076923
1208095,2024-10-19,PL,2024,Manchester United,Brentford,1.342,0.8160000000000001,2.1420000000000003,1.9739999999999998,0.10484375000000001,0.09488372093023256
1208096,2024-10-19,PL,2024,Newcastle,Brighton,1.796,1.336,1.3719999999999999,2.2039999999999997,0.14721311475409837,0.08906666666666667
1208092,2024-10-19,PL,2024,Fulham,Aston Villa,1.374,1.0939999999999999,1.434,1.832,0.09676056338028169,0.13023809523809524
1208098,2024-10-19,PL,2024,Southampton,Leicester,1.598,1.4120000000000001,1.7739999999999998,1.9100000000000001,0.13542372881355932,0.11766666666666667
1208093,2024-10-19,PL,2024,Ipswich,Everton,1.152,1.0059999999999998,1.1660000000000001,1.8060000000000003,0.07384615384615384,0.10479166666666666
1215957,2024-10-19,ELC,2024,Millwall,Derby,1.876,0.7050000000000001,0.628,1.3199999999999998,0.13399999999999998,0.08057142857142859
1215951,2024-10-19,ELC,2024,Blackburn,Swansea,1.746,0.8,0.72,2.246,0.1003448275862069,0.09523809523809523
1215956,2024-10-19,ELC,2024,Middlesbrough,Bristol City,2.41,1.1880000000000002,0.7540000000000001,1.44,0.1181372549019608,0.10241379310344828
1215960,2024-10-19,ELC,2024,QPR,Portsmouth,1.4300000000000002,1.165,1.276,2.4625,0.08937500000000001,0.17923076923076925
1215961,2024-10-19,ELC,2024,Sheffield Wednesday,Burnley,1.8359999999999999,0.95,1.0079999999999998,1.2400000000000002,0.11922077922077921,0.11046511627906977
1215962,2024-10-19,ELC,2024,Stoke City,Norwich,1.6019999999999999,0.876,1.208,1.052,0.11125,0.09319148936170213
1208091,2024-10-19,PL,2024,Bournemouth,Arsenal,1.64,0.966,1.018,1.42,0.10649350649350649,0.1178048780487805
1208100,2024-10-20,PL,2024,Wolves,Manchester City,1.32,2.066,1.8060000000000003,1.018,0.11186440677966103,0.13959459459459458
1215953,2024-10-20,ELC,2024,Hull City,Sunderland,1.6939999999999997,1.542,1.336,1.1099999999999999,0.12641791044776118,0.11507462686567164
1208094,2024-10-20,PL,2024,Liverpool,Chelsea,2.752,1.5559999999999998,0.724,1.484,0.12176991150442477,0.1254838709677419
1208097,2024-10-21,PL,2024,Nottingham Forest,Crystal Palace,1.326,1.274,1.15,1.512,0.08839999999999999,0.09507462686567164
1215963,2024-10-22,ELC,2024,Cardiff,Portsmouth,0.998,1.218,1.4180000000000001,2.142,0.08048387096774194,0.16459459459459458
1215967,2024-10-22,ELC,2024,Preston,Norwich,1.264,1.158,1.066,1.0539999999999998,0.10896551724137932,0.1072222222222222
1215965,2024-10-22,ELC,2024,Leeds,Watford,1.796,0.99,0.514,2.2600000000000002,0.1108641975308642,0.10531914893617021
1215969,2024-10-22,ELC,2024,Sheffield Wednesday,Swansea,1.716,0.7479999999999999,1.092,1.736,0.11142857142857143,0.08697674418604649
1215970,2024-10-22,ELC,2024,Stoke City,Bristol City,1.482,1.114,1.302,1.3900000000000001,0.11227272727272727,0.09283333333333334
1215966,2024-10-22,ELC,2024,Oxford United,Derby,0.99,0.7000000000000001,0.9940000000000001,1.4439999999999997,0.09705882352941177,0.08750000000000001
1215968,2024-10-22,ELC,2024,QPR,Coventry,1.458,0.9719999999999999,1.3599999999999999,1.3780000000000001,0.08678571428571429,0.09346153846153846
1215974,2024-10-23,ELC,2024,Millwall,Plymouth,2.0539999999999994,0.43599999999999994,0.696,2.61,0.1369333333333333,0.053170731707317065
1215964,2024-10-23,ELC,2024,Hull City,Burnley,1.254,1.158,1.1159999999999999,0.9960000000000001,0.10112903225806451,0.1158
1215971,2024-10-23,ELC,2024,Blackburn,West Brom,1.3159999999999998,1.4080000000000001,0.8799999999999999,1.0799999999999998,0.10123076923076922,0.11733333333333335
1215972,2024-10-23,ELC,2024,Luton,Sunderland,1.502,1.4979999999999998,1.072,1.1,0.12311475409836065,0.11348484848484848
1215973,2024-10-23,ELC,2024,Middlesbrough,Sheffield Utd,2.29,0.6360000000000001,0.6799999999999999,0.9019999999999999,0.10409090909090908,0.06489795918367348
1208110,2024-10-25,PL,2024,Leicester,Nottingham Forest,0.8480000000000001,1.3920000000000001,1.5379999999999998,1.15,0.08833333333333333,0.11600000000000002
1215981,2024-10-25,ELC,2024,Portsmouth,Sheffield Wednesday,0.852,0.666,1.426,1.6439999999999997,0.06553846153846153,0.07239130434782609
1215985,2024-10-26,ELC,2024,Watford,Blackburn,1.6300000000000001,0.628,1.3439999999999999,1.1640000000000001,0.10723684210526316,0.0785
1215975,2024-10-26,ELC,2024,Bristol City,Leeds,1.5180000000000002,1.5859999999999999,1.348,0.8719999999999999,0.11161764705882354,0.122
1215977,2024-10-26,ELC,2024,Coventry,Luton,1.4760000000000002,0.9200000000000002,0.808,0.9940000000000001,0.08109890109890111,0.07666666666666667
1208111,2024-10-26,PL,2024,Manchester City,Southampton,2.2600000000000002,1.15,0.976,1.6320000000000001,0.1,0.08846153846153847
1208106,2024-10-26,PL,2024,Brighton,Wolves,1.6780000000000002,0.6539999999999999,1.166,2.6,0.10896103896103897,0.06411764705882352
1208105,2024-10-26,PL,2024,Brentford,Ipswich,2.024,0.9099999999999999,1.6420000000000001,2.464,0.15333333333333335,0.1058139534883721
1208104,2024-10-26,PL,2024,Aston Villa,Bournemouth,1.766,1.78,0.916,1.4520000000000002,0.13179104477611941,0.09888888888888889
1215976,2024-10-26,ELC,2024,Burnley,QPR,0.9120000000000001,0.78,0.736,1.43,0.0735483870967742,0.07090909090909091
1215986,2024-10-26,ELC,2024,West Brom,Cardiff,1.5059999999999998,1.056,0.7619999999999999,1.374,0.11238805970149253,0.0910344827586207
1215982,2024-10-26,ELC,2024,Sheffield Utd,Stoke City,1.5460000000000003,0.922,0.564,1.7600000000000002,0.09662500000000002,0.09604166666666668
1215978,2024-10-26,ELC,2024,Derby,Hull City,1.3119999999999998,1.116,1.0879999999999999,1.888,0.10933333333333332,0.08454545454545455
1215984,2024-10-26,ELC,2024,Swansea,Millwall,1.52,1.342,1.054,1.1900000000000002,0.1357142857142857,0.11
1215983,2024-10-26,ELC,2024,Sunderland,Oxford United,1.268,1.338,0.984,1.818,0.1039344262295082,0.1153448275862069
1215980,2024-10-26,ELC,2024,Plymouth,Preston,1.214,0.8,1.1600000000000001,1.7880000000000003,0.075875,0.1
1208109,2024-10-26,PL,2024,Everton,Fulham,1.266,1.282,1.45,1.4700000000000002,0.10913793103448276,0.10683333333333334
1208112,2024-10-27,PL,2024,West Ham,Manchester United,2.2,1.53,1.638,1.3199999999999998,0.12790697674418605,0.11417910447761194
1208107,2024-10-27,PL,2024,Chelsea,Newcastle,2.228,2.0460000000000003,1.102,1.5159999999999998,0.14657894736842106,0.14614285714285716
1208108,2024-10-27,PL,2024,Crystal Palace,Tottenham,1.6179999999999999,2.306,1.348,1.316,0.12074626865671642,0.1281111111111111
1215979,2024-10-27,ELC,2024,Norwich,Middlesbrough,2.188,1.3640000000000003,1.09,1.048,0.16575757575757577,0.10029411764705884
1208103,2024-10-27,PL,2024,Arsenal,Liverpool,2.756,2.024,0.776,1.256,0.11483333333333333,0.14666666666666667
1215991,2024-11-01,ELC,2024,Luton,West Brom,1.576,1.1980000000000002,0.9200000000000002,1.0879999999999999,0.11257142857142857,0.09661290322580647
1208118,2024-11-02,PL,2024,Newcastle,Arsenal,1.578,0.8959999999999999,1.286,1.3,0.12725806451612903,0.11789473684210525
1215987,2024-11-02,ELC,2024,Blackburn,Sheffield Utd,1.0839999999999999,0.514,0.7519999999999999,1.058,0.08741935483870966,0.05468085106382979
1215998,2024-11-02,ELC,2024,Stoke City,Derby,1.4460000000000002,0.714,1.656,1.126,0.11123076923076924,0.07933333333333333
1215994,2024-11-02,ELC,2024,Oxford United,Swansea,0.9,0.82,1.0580000000000003,1.2799999999999998,0.09,0.08723404255319148
1208113,2024-11-02,PL,2024,Bournemouth,Manchester City,1.582,1.7399999999999998,0.9659999999999999,1.188,0.10546666666666667,0.10874999999999999
1208116,2024-11-02,PL,2024,Liverpool,Brighton,2.466,1.372,0.674,2.186,0.12711340206185567,0.09527777777777778
1208120,2024-11-02,PL,2024,Southampton,Everton,1.518,1.0699999999999998,2.402,1.8939999999999997,0.1518,0.10918367346938775
1208115,2024-11-02,PL,2024,Ipswich,Leicester,0.9960000000000001,1.7719999999999998,1.25,2.292,0.07114285714285715,0.14524590163934425
1208119,2024-11-02,PL,2024,Nottingham Forest,West Ham,1.292,0.8560000000000001,1.17,1.444,0.07975308641975308,0.06903225806451613
1215988,2024-11-02,ELC,2024,Cardiff,Norwich,1.256,1.1099999999999999,1.194,1.196,0.08263157894736843,0.10471698113207546
1215995,2024-11-02,ELC,2024,Preston,Bristol City,1.46,1.366,0.9800000000000001,1.2099999999999997,0.13518518518518519,0.09356164383561644
1215990,2024-11-02,ELC,2024,Leeds,Plymouth,1.3900000000000001,0.516,0.46399999999999997,1.9120000000000001,0.08373493975903615,0.05733333333333333
1215989,2024-11-02,ELC,2024,Hull City,Portsmouth,1.0979999999999999,1.166,0.9960000000000001,1.9260000000000002,0.08854838709677418,0.14575
1215992,2024-11-02,ELC,2024,Middlesbrough,Coventry,2.002,0.9759999999999998,0.668,1.3319999999999999,0.091,0.09384615384615383
1215996,2024-11-02,ELC,2024,QPR,Sunderland,1.432,1.278,1.214,1.256,0.08044943820224719,0.10142857142857142
1215997,2024-11-02,ELC,2024,Sheffield Wednesday,Watford,0.8959999999999999,0.9040000000000001,1.2120000000000002,2.132,0.08296296296296296,0.0982608695652174
1208122,2024-11-02,PL,2024,Wolves,Crystal Palace,1.2719999999999998,1.266,2.0120000000000005,1.636,0.12979591836734694,0.08671232876712329
1208121,2024-11-03,PL,2024,Tottenham,Aston Villa,2.048,1.42,1.144,1.682,0.12337349397590362,0.13148148148148148
1215993,2024-11-03,ELC,2024,Millwall,Burnley,1.892,0.9960000000000001,0.598,0.8879999999999999,0.1313888888888889,0.09960000000000001
1208117,2024-11-03,PL,2024,Manchester United,Chelsea,1.506,1.436,2.01,1.5599999999999998,0.10315068493150685,0.11580645161290322
1208114,2024-11-04,PL,2024,Fulham,Brentford,1.5020000000000002,0.812,1.568,2.068,0.10430555555555557,0.09902439024390246
1215999,2024-11-05,ELC,2024,Bristol City,Sheffield Utd,1.002,0.792,1.18,0.99,0.0821311475409836,0.072
1216003,2024-11-05,ELC,2024,QPR,Middlesbrough,1.278,1.826,1.3519999999999999,1.0579999999999998,0.08407894736842106,0.14725806451612905
1216004,2024-11-05,ELC,2024,Sheffield Wednesday,Norwich,1.1199999999999999,1.386,1.7899999999999998,1.128,0.09333333333333332,0.11549999999999999
1216001,2024-11-05,ELC,2024,Oxford United,Hull City,0.818,1.1720000000000002,1.362,1.8760000000000001,0.08346938775510204,0.09301587301587302
1216005,2024-11-05,ELC,2024,Swansea,Watford,1.422,1.568,0.976,1.986,0.11655737704918032,0.14254545454545453
1216002,2024-11-05,ELC,2024,Plymouth,Portsmouth,1.31,1.158,1.416,1.6260000000000001,0.0861842105263158,0.13785714285714284
1216000,2024-11-06,ELC,2024,Millwall,Leeds,1.534,1.722,0.6060000000000001,0.764,0.11621212121212121,0.11635135135135134
1216007,2024-11-06,ELC,2024,Blackburn,Stoke City,1.042,0.836,1.012,1.578,0.09830188679245283,0.08708333333333333
1216008,2024-11-06,ELC,2024,Coventry,Derby,1.5539999999999998,0.6940000000000001,0.958,1.35,0.08538461538461538,0.07543478260869566
1216010,2024-11-06,ELC,2024,Preston,Sunderland,1.528,1.046,0.8559999999999999,1.4620000000000002,0.1232258064516129,0.08716666666666667
1216009,2024-11-06,ELC,2024,Luton,Cardiff,1.482,1.046,0.8939999999999999,1.544,0.10291666666666667,0.10057692307692309
1216006,2024-11-07,ELC,2024,West Brom,Burnley,1.698,1.0100000000000002,0.736,0.9400000000000001,0.10884615384615384,0.09351851851851853
1216022,2024-11-08,ELC,2024,Watford,Oxford United,1.5819999999999996,1.176,1.4620000000000002,1.472,0.1275806451612903,0.105
1216012,2024-11-09,ELC,2024,Cardiff,Blackburn,1.274,0.738,1.3779999999999997,1.158,0.08493333333333333,0.082
1216016,2024-11-09,ELC,2024,Middlesbrough,Luton,1.6059999999999999,1.0719999999999998,0.95,1.476,0.09022471910112359,0.08933333333333332
1216020,2024-11-09,ELC,2024,Stoke City,Millwall,1.5379999999999998,0.9720000000000001,1.478,1.028,0.10830985915492956,0.09346153846153847
1208132,2024-11-09,PL,2024,Wolves,Southampton,1.264,0.96,1.9740000000000002,2.0380000000000003,0.1373913043478261,0.08135593220338982
1208131,2024-11-09,PL,2024,West Ham,Everton,2.166,1.2600000000000002,2.042,1.4400000000000002,0.14635135135135136,0.10500000000000001
1208126,2024-11-09,PL,2024,Crystal Palace,Fulham,1.266,1.316,1.2920000000000003,1.2080000000000002,0.09590909090909092,0.11344827586206897
1208123,2024-11-09,PL,2024,Brentford,Bournemouth,2.618,1.3980000000000001,1.216,1.5859999999999999,0.17223684210526316,0.08961538461538462
1216015,2024-11-09,ELC,2024,Leeds,QPR,1.3900000000000001,0.6580000000000001,0.46399999999999997,1.3279999999999998,0.08373493975903615,0.07651162790697676
1216013,2024-11-09,ELC,2024,Derby,Plymouth,1.228,0.516,0.9940000000000001,1.9120000000000001,0.08647887323943662,0.05733333333333333
1216017,2024-11-09,ELC,2024,Norwich,Bristol City,1.9959999999999998,1.3559999999999999,1.684,0.9959999999999999,0.16360655737704916,0.1043076923076923
1216021,2024-11-09,ELC,2024,Sunderland,Coventry,1.178,1.34,0.9380000000000003,1.384,0.09983050847457627,0.12407407407407407
1216018,2024-11-09,ELC,2024,Portsmouth,Preston,0.8099999999999999,1.064,1.408,1.5379999999999998,0.06864406779661017,0.10431372549019609
1208124,2024-11-09,PL,2024,Brighton,Manchester City,1.564,1.5719999999999998,1.1800000000000002,1.264,0.0989873417721519,0.08733333333333333
1208127,2024-11-09,PL,2024,Liverpool,Aston Villa,1.848,1.588,0.776,1.6620000000000001,0.12000000000000001,0.13689655172413795
1216019,2024-11-10,ELC,2024,Sheffield Utd,Sheffield Wednesday,1.4760000000000002,0.762,0.51,1.4540000000000002,0.08682352941176472,0.08282608695652174
1216014,2024-11-10,ELC,2024,Hull City,West Brom,1.214,1.036,1.038,0.9199999999999999,0.1046551724137931,0.0809375
1208128,2024-11-10,PL,2024,Manchester United,Leicester,1.612,1.384,1.7560000000000002,2.42,0.12029850746268657,0.11161290322580644
1208130,2024-11-10,PL,2024,Tottenham,Ipswich,2.2039999999999997,0.8560000000000001,1.036,3.076,0.12382022471910112,0.10700000000000001
1208129,2024-11-10,PL,2024,Nottingham Forest,Newcastle,1.414,1.722,0.8779999999999999,1.6119999999999997,0.088375,0.12478260869565216
1216011,2024-11-10,ELC,2024,Burnley,Swansea,0.99,1.2419999999999998,0.628,1.082,0.066,0.10894736842105261
1208125,2024-11-10,PL,2024,Chelsea,Arsenal,2.322,0.8019999999999999,1.02,1.304,0.15077922077922076,0.10837837837837837
1216029,2024-11-22,ELC,2024,Plymouth,Watford,1.3139999999999998,1.3039999999999998,1.256,1.842,0.09253521126760562,0.12784313725490196
1208139,2024-11-23,PL,2024,Leicester,Chelsea,0.742,1.348,1.544,1.702,0.08244444444444445,0.11233333333333334
1216024,2024-11-23,ELC,2024,Bristol City,Burnley,1.174,1.0500000000000003,1.244,0.836,0.0962295081967213,0.08898305084745764
1216032,2024-11-23,ELC,2024,Sheffield Wednesday,Cardiff,1.322,1.028,1.5939999999999999,1.4620000000000002,0.11203389830508476,0.09345454545454544
1216025,2024-11-23,ELC,2024,Coventry,Sheffield Utd,1.5319999999999998,0.8619999999999999,0.968,1.0879999999999999,0.08704545454545454,0.07561403508771929
1208133,2024-11-23,PL,2024,Bournemouth,Brighton,1.8560000000000003,1.3,1.062,2.072,0.12540540540540543,0.09285714285714286
1208137,2024-11-23,PL,2024,Fulham,Wolves,1.7520000000000002,0.826,1.036,1.9140000000000001,0.09030927835051548,0.06770491803278689
1208134,2024-11-23,PL,2024,Arsenal,Nottingham Forest,2.338,1.3820000000000001,0.8160000000000001,1.06,0.11349514563106795,0.10161764705882353
1208136,2024-11-23,PL,2024,Everton,Brentford,0.954,0.714,1.582,2.2079999999999997,0.09,0.102
1208135,2024-11-23,PL,2024,Aston Villa,Crystal Palace,1.4880000000000002,1.228,0.6300000000000001,1.6279999999999997,0.11272727272727275,0.07772151898734177
1216027,2024-11-23,ELC,2024,Millwall,Sunderland,1.412,0.8619999999999999,0.664,1.416,0.11573770491803279,0.08132075471698112
1216030,2024-11-23,ELC,2024,Preston,Derby,1.7560000000000002,0.764,0.8400000000000001,1.304,0.12724637681159423,0.08127659574468085
1216034,2024-11-23,ELC,2024,West Brom,Norwich,1.3619999999999999,1.222,0.8160000000000001,1.3519999999999999,0.09591549295774647,0.11750000000000001
1216031,2024-11-23,ELC,2024,QPR,Stoke City,1.198,0.924,1.3639999999999999,1.936,0.0788157894736842,0.09625
1216028,2024-11-23,ELC,2024,Oxford United,Middlesbrough,0.724,2.05,1.4599999999999997,1.038,0.09282051282051282,0.16015625
1216026,2024-11-23,ELC,2024,Luton,Hull City,1.256,1.278,0.8379999999999999,1.7440000000000002,0.09661538461538462,0.09681818181818183
1208140,2024-11-23,PL,2024,Manchester City,Tottenham,2.442,1.8219999999999998,0.946,1.276,0.11411214953271029,0.10975903614457831
1208142,2024-11-24,PL,2024,Southampton,Liverpool,1.328,1.8379999999999999,2.316,0.8,0.14755555555555558,0.14359375
1216033,2024-11-24,ELC,2024,Swansea,Leeds,1.542,1.654,0.9099999999999999,0.758,0.12046875,0.11026666666666667
1208138,2024-11-24,PL,2024,Ipswich,Manchester United,0.866,1.7399999999999998,1.542,1.544,0.07216666666666667,0.11756756756756756
1208141,2024-11-25,PL,2024,Newcastle,West Ham,1.24,0.8099999999999999,1.222,1.47,0.1169811320754717,0.06428571428571428
1216042,2024-11-26,ELC,2024,Watford,Bristol City,1.658,1.384,1.6060000000000003,0.8560000000000001,0.12560606060606058,0.10484848484848483
1216035,2024-11-26,ELC,2024,Burnley,Coventry,1.19,1.02,0.6940000000000001,1.1640000000000001,0.074375,0.11333333333333333
1216039,2024-11-26,ELC,2024,Sheffield Utd,Oxford United,1.1280000000000001,1.29,0.43200000000000005,1.6099999999999999,0.0752,0.11944444444444445
1216036,2024-11-26,ELC,2024,Hull City,Sheffield Wednesday,1.24,0.808,1.15,0.998,0.10163934426229508,0.0776923076923077
1216038,2024-11-26,ELC,2024,Norwich,Plymouth,1.8619999999999997,0.516,1.7,1.6960000000000002,0.14777777777777776,0.05863636363636364
1216040,2024-11-26,ELC,2024,Stoke City,Preston,1.506,0.9559999999999998,1.5779999999999998,1.6159999999999997,0.11584615384615385,0.10170212765957445
1216041,2024-11-26,ELC,2024,Sunderland,West Brom,1.1640000000000001,0.8160000000000001,1.044,1.012,0.10777777777777778,0.0816
1216043,2024-11-27,ELC,2024,Cardiff,QPR,1.5699999999999998,0.556,1.284,1.476,0.08532608695652173,0.07513513513513514
1216037,2024-11-27,ELC,2024,Leeds,Luton,1.53,0.808,0.434,1.688,0.08693181818181818,0.08416666666666667
1216045,2024-11-27,ELC,2024,Middlesbrough,Blackburn,1.5420000000000003,1.1300000000000001,0.9259999999999999,1.3079999999999998,0.09178571428571429,0.12555555555555556
1216044,2024-11-27,ELC,2024,Derby,Swansea,1.1119999999999999,1.224,0.808,1.1219999999999999,0.07722222222222222,0.11127272727272727
1208144,2024-11-29,PL,2024,Brighton,Southampton,1.6039999999999999,0.738,1.3380000000000003,2.24,0.10693333333333332,0.07530612244897959
1216055,2024-11-29,ELC,2024,Sheffield Utd,Sunderland,1.6199999999999999,0.8539999999999999,0.47400000000000003,1.3239999999999998,0.11408450704225352,0.09488888888888888
1216058,2024-11-30,ELC,2024,Watford,QPR,1.3659999999999999,0.4800000000000001,1.2580000000000002,1.5340000000000003,0.12418181818181817,0.07058823529411766
1216051,2024-11-30,ELC,2024,Middlesbrough,Hull City,1.198,1.302,1.06,1.73,0.08808823529411765,0.09573529411764707
1216053,2024-11-30,ELC,2024,Oxford United,Millwall,0.8240000000000001,1.198,1.672,1.012,0.0876595744680851,0.1274468085106383
1216047,2024-11-30,ELC,2024,Blackburn,Leeds,1.358,1.6320000000000001,1.272,1.048,0.09840579710144928,0.11178082191780822
1208152,2024-11-30,PL,2024,Wolves,Bournemouth,1.124,1.6760000000000002,1.7700000000000002,1.6220000000000003,0.13380952380952382,0.10475000000000001
1208146,2024-11-30,PL,2024,Crystal Palace,Newcastle,1.3,1.7239999999999998,1.3800000000000001,1.286,0.1,0.11972222222222222
1208143,2024-11-30,PL,2024,Brentford,Leicester,2.596,1.388,1.504,2.216,0.16430379746835444,0.1196551724137931
1208149,2024-11-30,PL,2024,Nottingham Forest,Ipswich,1.2799999999999998,1.122,0.974,2.718,0.08533333333333333,0.11936170212765958
1216048,2024-11-30,ELC,2024,Bristol City,Plymouth,0.8560000000000001,0.4840000000000001,1.19,1.86,0.08734693877551021,0.06050000000000001
1216054,2024-11-30,ELC,2024,Preston,West Brom,1.218,0.704,0.7659999999999999,0.9560000000000001,0.09369230769230769,0.088
1216052,2024-11-30,ELC,2024,Norwich,Luton,1.948,0.852,1.4899999999999998,1.9940000000000002,0.1546031746031746,0.09466666666666666
1216056,2024-11-30,ELC,2024,Stoke City,Burnley,1.144,0.978,1.4579999999999997,0.966,0.10035087719298245,0.08288135593220339
1216057,2024-11-30,ELC,2024,Swansea,Portsmouth,1.714,1.042,1.2100000000000002,1.576,0.13184615384615386,0.10215686274509804
1216049,2024-11-30,ELC,2024,Coventry,Cardiff,1.666,1.21,1.086,1.734,0.09465909090909091,0.11
1208151,2024-11-30,PL,2024,West Ham,Arsenal,1.8400000000000003,0.9380000000000001,1.8579999999999999,1.356,0.12957746478873242,0.11439024390243903
1208148,2024-12-01,PL,2024,Manchester United,Everton,1.278,1.2820000000000003,1.794,1.12,0.09681818181818183,0.09426470588235296
1208150,2024-12-01,PL,2024,Tottenham,Fulham,2.028,1.594,1.1600000000000001,1.0260000000000002,0.10903225806451614,0.12261538461538463
1208145,2024-12-01,PL,2024,Chelsea,Aston Villa,2.428,1.458,1.176,1.5739999999999998,0.14452380952380953,0.13254545454545455
1216050,2024-12-01,ELC,2024,Derby,Sheffield Wednesday,1.5459999999999998,1.066,0.788,0.774,0.0991025641025641,0.09517857142857143
1208147,2024-12-01,PL,2024,Liverpool,Manchester City,1.722,1.862,0.9799999999999999,1.52,0.11958333333333332,0.09904255319148937
1208158,2024-12-03,PL,2024,Ipswich,Crystal Palace,1.0939999999999999,1.246,1.172,1.932,0.08546875,0.07987179487179487
1208159,2024-12-03,PL,2024,Leicester,West Ham,0.7540000000000001,0.6940000000000001,1.858,1.528,0.08976190476190478,0.057833333333333334
1208161,2024-12-04,PL,2024,Newcastle,Liverpool,1.518,1.9380000000000002,1.03,0.966,0.11161764705882353,0.13273972602739728
1208162,2024-12-04,PL,2024,Southampton,Chelsea,1.556,1.562,2.456,1.5320000000000003,0.16553191489361702,0.12596774193548388
1208156,2024-12-04,PL,2024,Everton,Wolves,1.104,0.9960000000000001,1.516,1.8719999999999999,0.07774647887323945,0.0803225806451613
1208160,2024-12-04,PL,2024,Manchester City,Nottingham Forest,2.2020000000000004,0.958,1.3900000000000001,1.27,0.09491379310344829,0.09211538461538461
1208154,2024-12-04,PL,2024,Arsenal,Manchester United,2.3280000000000003,1.614,0.788,1.444,0.11192307692307693,0.10905405405405406
1208155,2024-12-04,PL,2024,Aston Villa,Brentford,1.8539999999999999,0.8620000000000001,0.708,1.918,0.12875,0.11972222222222223
1208157,2024-12-05,PL,2024,Fulham,Brighton,1.6019999999999999,1.202,1.178,2.308,0.09,0.09106060606060606
1208153,2024-12-05,PL,2024,Bournemouth,Tottenham,1.73,2.088,0.9120000000000001,1.4940000000000002,0.11233766233766235,0.13558441558441559
1216059,2024-12-06,ELC,2024,Burnley,Middlesbrough,1.176,2.3720000000000003,0.44000000000000006,0.9200000000000002,0.07945945945945945,0.17441176470588238
1216062,2024-12-07,ELC,2024,Leeds,Derby,1.782,0.686,0.462,1.174,0.09791208791208791,0.08794871794871795
1216068,2024-12-07,ELC,2024,Sheffield Wednesday,Preston,1.638,1.0059999999999998,1.64,1.4300000000000002,0.13,0.10059999999999998
1216069,2024-12-07,ELC,2024,Sunderland,Stoke City,1.112,1.0559999999999998,0.8800000000000001,2.136,0.08825396825396827,0.10999999999999999
1208165,2024-12-07,PL,2024,Crystal Palace,Manchester City,1.142,1.4300000000000002,1.142,2.088,0.09360655737704918,0.09050632911392406
1208164,2024-12-07,PL,2024,Brentford,Newcastle,2.52,1.4280000000000002,1.402,1.392,0.175,0.12101694915254238
1208163,2024-12-07,PL,2024,Aston Villa,Southampton,1.916,0.626,0.734,2.02,0.12773333333333334,0.07634146341463414
1216064,2024-12-07,ELC,2024,Millwall,Coventry,1.182,0.9860000000000001,0.6699999999999999,1.058,0.10189655172413793,0.1202439024390244
1216061,2024-12-07,ELC,2024,Hull City,Blackburn,0.9879999999999999,1.2559999999999998,1.208,1.3820000000000001,0.09499999999999999,0.13652173913043478
1216067,2024-12-07,ELC,2024,QPR,Norwich,1.1400000000000001,1.202,1.2280000000000002,1.424,0.07307692307692308,0.11339622641509434
1216066,2024-12-07,ELC,2024,Portsmouth,Bristol City,1.178,1.1219999999999999,1.112,0.71,0.08295774647887323,0.0863076923076923
1216063,2024-12-07,ELC,2024,Luton,Swansea,1.174,1.0839999999999999,0.8019999999999999,1.592,0.09783333333333334,0.10627450980392154
1208170,2024-12-07,PL,2024,Manchester United,Nottingham Forest,1.22,1.0459999999999998,1.552,1.564,0.08840579710144927,0.08864406779661016
1208167,2024-12-08,PL,2024,Fulham,Arsenal,1.4240000000000002,1.5100000000000002,1.3199999999999998,1.522,0.09621621621621623,0.15100000000000002
1208169,2024-12-08,PL,2024,Leicester,Brighton,0.9339999999999999,1.13,2.166,2.0220000000000002,0.11390243902439025,0.09912280701754385
1208168,2024-12-08,PL,2024,Ipswich,Bournemouth,1.1019999999999999,1.89,1.31,1.32,0.08887096774193548,0.126
1216070,2024-12-08,ELC,2024,West Brom,Sheffield Utd,1.252,1.016,1.032,1.452,0.08236842105263158,0.09769230769230769
1208171,2024-12-08,PL,2024,Tottenham,Chelsea,2.042,2.492,1.328,1.488,0.11872093023255813,0.15974358974358974
1208172,2024-12-09,PL,2024,West Ham,Wolves,2.002,1.004,1.9780000000000002,1.8679999999999999,0.13712328767123286,0.08807017543859649
1216071,2024-12-10,ELC,2024,Burnley,Derby,1.034,0.5660000000000001,0.504,1.034,0.06628205128205128,0.07648648648648648
1216077,2024-12-10,ELC,2024,Sheffield Wednesday,Blackburn,1.6299999999999997,1.226,1.9659999999999997,1.368,0.12936507936507935,0.1495121951219512
1216078,2024-12-10,ELC,2024,Sunderland,Bristol City,1.4060000000000001,1.23,0.8480000000000001,0.8780000000000001,0.08898734177215191,0.0917910447761194
1216076,2024-12-10,ELC,2024,Portsmouth,Norwich,1.5259999999999998,0.9700000000000001,0.9019999999999999,1.342,0.10899999999999999,0.10543478260869567
1216075,2024-12-10,ELC,2024,Plymouth,Swansea,1.052,1.288,1.378,1.658,0.07735294117647058,0.11298245614035088
1216073,2024-12-10,ELC,2024,Luton,Stoke City,1.088,1.0619999999999998,1.144,2.14,0.09890909090909092,0.10211538461538461
1216072,2024-12-10,ELC,2024,Leeds,Middlesbrough,1.73,2.284,0.42200000000000004,0.78,0.09010416666666667,0.18126984126984128
1216079,2024-12-11,ELC,2024,Cardiff,Preston,1.6300000000000001,1.486,1.2120000000000002,1.206,0.07688679245283019,0.14018867924528303
1216074,2024-12-11,ELC,2024,Millwall,Sheffield Utd,0.8899999999999999,1.194,0.8879999999999999,1.3279999999999998,0.0872549019607843,0.1011864406779661
1216080,2024-12-11,ELC,2024,Hull City,Watford,1.082,1.5679999999999998,1.058,1.318,0.09491228070175439,0.14792452830188677
1216081,2024-12-11,ELC,2024,QPR,Oxford United,1.136,0.994,1.0139999999999998,1.8579999999999999,0.07888888888888888,0.08875
1216082,2024-12-11,ELC,2024,West Brom,Coventry,1.1320000000000001,1.152,0.986,0.7500000000000001,0.07447368421052632,0.133953488372093
1216086,2024-12-13,ELC,2024,Derby,Portsmouth,1.6280000000000001,0.968,0.584,1.61,0.10853333333333334,0.10083333333333333
1216084,2024-12-14,ELC,2024,Bristol City,QPR,1.3199999999999998,0.62,1.1439999999999997,1.254,0.10476190476190475,0.07045454545454545
1216090,2024-12-14,ELC,2024,Preston,Leeds,1.0,1.668,0.68,1.206,0.08333333333333333,0.11583333333333333
1216085,2024-12-14,ELC,2024,Coventry,Hull City,1.972,1.1700000000000002,1.134,1.5859999999999999,0.12024390243902439,0.09285714285714286
1208179,2024-12-14,PL,2024,Newcastle,Leicester,1.5699999999999998,1.3539999999999999,1.176,2.186,0.10328947368421053,0.12089285714285714
1208182,2024-12-14,PL,2024,Wolves,Ipswich,0.97,1.17,2.124,2.722,0.12125,0.121875
1208177,2024-12-14,PL,2024,Liverpool,Fulham,2.248,1.7200000000000002,1.06,1.092,0.14789473684210527,0.12285714285714287
1208174,2024-12-14,PL,2024,Arsenal,Everton,2.3440000000000003,1.2180000000000002,0.466,0.9100000000000001,0.10953271028037384,0.08700000000000001
1216091,2024-12-14,ELC,2024,Sheffield Utd,Plymouth,1.542,0.4000000000000001,0.624,2.224,0.11014285714285714,0.054054054054054064
1216083,2024-12-14,ELC,2024,Blackburn,Luton,1.3539999999999999,0.9399999999999998,1.418,2.0919999999999996,0.11098360655737705,0.11463414634146339
1216087,2024-12-14,ELC,2024,Middlesbrough,Millwall,1.246,1.0,1.166,1.022,0.09028985507246377,0.11904761904761904
1216092,2024-12-14,ELC,2024,Stoke City,Cardiff,1.058,0.9739999999999999,1.7439999999999998,1.794,0.09280701754385964,0.0993877551020408
1216093,2024-12-14,ELC,2024,Swansea,Sunderland,2.0460000000000003,0.982,1.028,1.394,0.12787500000000002,0.09627450980392158
1216089,2024-12-14,ELC,2024,Oxford United,Sheffield Wednesday,0.8300000000000001,1.1800000000000002,1.7020000000000004,0.9640000000000001,0.09651162790697675,0.10172413793103449
1208180,2024-12-14,PL,2024,Nottingham Forest,Aston Villa,1.408,1.3940000000000001,0.944,1.8219999999999998,0.09915492957746479,0.12672727272727274
1208175,2024-12-15,PL,2024,Brighton,Crystal Palace,1.608,1.4659999999999997,1.47,1.5559999999999998,0.10578947368421054,0.08939024390243902
1216094,2024-12-15,ELC,2024,Watford,West Brom,1.146,0.6599999999999999,1.3059999999999998,0.968,0.0971186440677966,0.09705882352941175
1216088,2024-12-15,ELC,2024,Norwich,Burnley,2.042,1.226,1.5719999999999998,0.8299999999999998,0.14380281690140845,0.10049180327868852
1208178,2024-12-15,PL,2024,Manchester City,Manchester United,2.25,1.1239999999999999,1.374,1.652,0.09782608695652174,0.09525423728813558
1208181,2024-12-15,PL,2024,Southampton,Tottenham,1.6440000000000001,2.01,3.008,1.8700000000000003,0.17489361702127662,0.14565217391304347
1208176,2024-12-15,PL,2024,Chelsea,Brentford,2.292,0.876,1.314,1.97,0.13022727272727272,0.11837837837837838
1208173,2024-12-16,PL,2024,Bournemouth,West Ham,2.116,1.16,0.9299999999999999,1.4899999999999998,0.1339240506329114,0.0725
1216099,2024-12-20,ELC,2024,Luton,Derby,1.154,0.45200000000000007,1.254,1.136,0.10685185185185185,0.08692307692307694
1208183,2024-12-21,PL,2024,Aston Villa,Manchester City,2.028,1.538,0.6980000000000001,2.042,0.12071428571428572,0.10253333333333334
1216097,2024-12-21,ELC,2024,Hull City,Swansea,1.206,1.514,1.15,1.8219999999999998,0.10220338983050846,0.13051724137931034
1216104,2024-12-21,ELC,2024,Sheffield Wednesday,Stoke City,1.652,1.138,1.936,2.158,0.11633802816901408,0.09982456140350876
1216102,2024-12-21,ELC,2024,Portsmouth,Coventry,1.5919999999999999,1.438,0.8480000000000001,0.7,0.10473684210526314,0.14098039215686273
1208192,2024-12-21,PL,2024,West Ham,Brighton,2.022,1.216,1.834,1.452,0.1312987012987013,0.10482758620689656
1208184,2024-12-21,PL,2024,Brentford,Nottingham Forest,2.692,0.9279999999999999,1.5,1.684,0.1794666666666667,0.0703030303030303
1208188,2024-12-21,PL,2024,Ipswich,Newcastle,1.1300000000000001,1.416,1.802,1.1800000000000002,0.08692307692307692,0.12
1216096,2024-12-21,ELC,2024,Cardiff,Sheffield Utd,1.2520000000000002,1.404,1.33,1.2399999999999998,0.06659574468085107,0.11898305084745762
1216095,2024-12-21,ELC,2024,Burnley,Watford,1.132,1.6999999999999997,0.458,1.3599999999999999,0.06819277108433734,0.15178571428571425
1216100,2024-12-21,ELC,2024,Millwall,Blackburn,0.8480000000000001,1.2239999999999998,1.0539999999999998,1.202,0.08653061224489797,0.14571428571428569
1216098,2024-12-21,ELC,2024,Leeds,Oxford United,1.78,0.666,0.454,1.746,0.08900000000000001,0.08121951219512195
1216103,2024-12-21,ELC,2024,QPR,Preston,1.128,1.536,0.8799999999999999,1.23,0.08417910447761194,0.13241379310344828
1216105,2024-12-21,ELC,2024,Sunderland,Norwich,1.388,0.9080000000000001,0.508,1.184,0.08069767441860465,0.10809523809523812
1216101,2024-12-21,ELC,2024,Plymouth,Middlesbrough,1.06,1.984,1.556,0.8879999999999999,0.08412698412698412,0.17103448275862068
1208185,2024-12-21,PL,2024,Crystal Palace,Arsenal,1.208,1.782,1.092,1.1179999999999999,0.094375,0.1563157894736842
1208190,2024-12-22,PL,2024,Manchester United,Bournemouth,1.348,2.33,0.8,1.1720000000000002,0.08986666666666666,0.14935897435897436
1208187,2024-12-22,PL,2024,Fulham,Southampton,0.9980000000000002,0.5720000000000001,1.418,2.2020000000000004,0.09240740740740742,0.07944444444444446
1208186,2024-12-22,PL,2024,Everton,Chelsea,0.914,2.62,1.228,1.8980000000000001,0.06924242424242424,0.1578313253012048
1208189,2024-12-22,PL,2024,Leicester,Wolves,1.064,1.1960000000000002,2.254,1.7120000000000002,0.13641025641025642,0.0906060606060606
1216106,2024-12-22,ELC,2024,West Brom,Bristol City,1.0799999999999998,0.8239999999999998,1.314,1.06,0.07397260273972601,0.08956521739130432
1208191,2024-12-22,PL,2024,Tottenham,Liverpool,1.918,1.9780000000000002,1.734,1.1119999999999999,0.1261842105263158,0.1267948717948718
1208198,2024-12-26,PL,2024,Manchester City,Everton,2.004,1.016,1.6560000000000001,1.0219999999999998,0.10891304347826086,0.09236363636363637
1208199,2024-12-26,PL,2024,Newcastle,Aston Villa,2.0140000000000002,1.314,1.032,1.9419999999999997,0.10945652173913044,0.11732142857142858
1208193,2024-12-26,PL,2024,Bournemouth,Crystal Palace,2.242,1.738,1.222,1.578,0.11925531914893615,0.1114102564102564
1208201,2024-12-26,PL,2024,Southampton,West Ham,1.314,1.374,3.158,1.818,0.14600000000000002,0.08922077922077923
1208196,2024-12-26,PL,2024,Chelsea,Fulham,1.9060000000000001,1.698,1.4140000000000001,1.358,0.09626262626262627,0.1248529411764706
1208200,2024-12-26,PL,2024,Nottingham Forest,Tottenham,1.6039999999999999,1.58,0.7619999999999999,1.846,0.10415584415584415,0.1253968253968254
1216118,2024-12-26,ELC,2024,Watford,Portsmouth,1.206,0.8019999999999999,1.212,1.666,0.09421874999999999,0.10024999999999999
1216108,2024-12-26,ELC,2024,Bristol City,Luton,1.52,1.0459999999999998,0.8219999999999998,2.138,0.11875000000000001,0.12162790697674418
1216114,2024-12-26,ELC,2024,Preston,Hull City,0.8100000000000002,1.1600000000000001,1.0059999999999998,1.4560000000000002,0.07105263157894738,0.10175438596491229
1216115,2024-12-26,ELC,2024,Sheffield Utd,Burnley,1.51,1.1880000000000002,0.768,0.866,0.11615384615384615,0.099
1216107,2024-12-26,ELC,2024,Blackburn,Sunderland,1.582,1.0339999999999998,1.3679999999999999,1.214,0.1216923076923077,0.09232142857142855
1216111,2024-12-26,ELC,2024,Middlesbrough,Sheffield Wednesday,1.1720000000000002,1.244,1.342,1.0939999999999999,0.09451612903225808,0.10366666666666666
1216112,2024-12-26,ELC,2024,Norwich,Millwall,1.4900000000000002,1.004,1.466,1.07,0.11640625000000002,0.11674418604651161
1216117,2024-12-26,ELC,2024,Swansea,QPR,1.818,0.548,1.0459999999999998,1.4500000000000002,0.1280281690140845,0.07210526315789474
1216113,2024-12-26,ELC,2024,Oxford United,Cardiff,1.0219999999999998,0.998,1.846,1.954,0.11883720930232557,0.09415094339622641
1216109,2024-12-26,ELC,2024,Coventry,Plymouth,2.4539999999999997,0.522,1.0119999999999998,1.9839999999999995,0.14103448275862068,0.06069767441860466
1208202,2024-12-26,PL,2024,Wolves,Manchester United,1.098,1.2,1.8559999999999999,1.64,0.114375,0.1111111111111111
1216110,2024-12-26,ELC,2024,Derby,West Brom,1.6540000000000004,0.85,0.6000000000000001,1.0699999999999998,0.10085365853658539,0.10365853658536585
1208197,2024-12-26,PL,2024,Liverpool,Leicester,2.2619999999999996,1.3279999999999998,1.0879999999999999,2.0200000000000005,0.15493150684931506,0.12072727272727272
1216116,2024-12-26,ELC,2024,Stoke City,Leeds,1.262,1.6760000000000002,1.6199999999999999,0.986,0.10344262295081968,0.11173333333333334
1208195,2024-12-27,PL,2024,Brighton,Brentford,1.6079999999999999,1.038,1.6480000000000001,1.7120000000000002,0.10177215189873416,0.12975
1208194,2024-12-27,PL,2024,Arsenal,Ipswich,1.6640000000000001,1.072,0.42000000000000004,2.4779999999999998,0.09904761904761905,0.11911111111111111
1216126,2024-12-29,ELC,2024,Preston,Sheffield Wednesday,0.8220000000000001,1.432,0.95,1.208,0.08058823529411765,0.10848484848484849
1216127,2024-12-29,ELC,2024,Sheffield Utd,West Brom,1.384,0.9719999999999999,0.8300000000000001,1.048,0.12581818181818183,0.10799999999999998
1216124,2024-12-29,ELC,2024,Norwich,QPR,1.658,0.6180000000000001,0.784,1.5240000000000002,0.12953125,0.07725000000000001
1208209,2024-12-29,PL,2024,Leicester,Manchester City,1.066,1.4200000000000002,2.0439999999999996,2.182,0.1269047619047619,0.10923076923076924
1208207,2024-12-29,PL,2024,Fulham,Bournemouth,0.8180000000000002,2.224,1.134,1.47,0.0693220338983051,0.16115942028985508
1208206,2024-12-29,PL,2024,Everton,Nottingham Forest,0.942,0.9339999999999999,1.272,1.336,0.07476190476190477,0.07783333333333334
1208211,2024-12-29,PL,2024,Tottenham,Wolves,1.7879999999999998,1.208,2.7039999999999997,1.0219999999999998,0.1419047619047619,0.10596491228070176
1208205,2024-12-29,PL,2024,Crystal Palace,Southampton,1.398,0.49399999999999994,1.3860000000000001,1.812,0.09985714285714285,0.07484848484848484
1216130,2024-12-29,ELC,2024,Watford,Cardiff,1.108,0.9879999999999999,0.968,1.92,0.0826865671641791,0.0882142857142857
1216120,2024-12-29,ELC,2024,Bristol City,Portsmouth,1.554,0.7100000000000001,0.6599999999999999,1.512,0.111,0.09594594594594595
1216119,2024-12-29,ELC,2024,Blackburn,Hull City,1.782,1.092,1.52,1.4620000000000002,0.1291304347826087,0.09750000000000002
1216128,2024-12-29,ELC,2024,Stoke City,Sunderland,0.9040000000000001,1.108,1.7280000000000002,1.3119999999999998,0.08862745098039217,0.09081967213114754
1216129,2024-12-29,ELC,2024,Swansea,Luton,1.746,0.818,1.0579999999999998,1.536,0.13640625,0.0997560975609756
1216125,2024-12-29,ELC,2024,Oxford United,Plymouth,1.0379999999999998,0.446,1.436,2.146,0.11042553191489361,0.057179487179487176
1216121,2024-12-29,ELC,2024,Coventry,Millwall,2.186,0.984,0.72,1.312,0.136625,0.10933333333333334
1208212,2024-12-29,PL,2024,West Ham,Liverpool,1.5260000000000002,2.596,1.8920000000000001,1.2399999999999998,0.11738461538461539,0.14108695652173914
1216122,2024-12-29,ELC,2024,Derby,Leeds,1.6960000000000002,1.636,0.65,1.0459999999999998,0.10469135802469136,0.10487179487179486
1216123,2024-12-29,ELC,2024,Middlesbrough,Burnley,1.246,1.294,1.21,0.8140000000000001,0.10383333333333332,0.10783333333333335
1208208,2024-12-30,PL,2024,Ipswich,Chelsea,1.022,2.6559999999999997,1.92,1.716,0.08241935483870969,0.16
1208203,2024-12-30,PL,2024,Aston Villa,Brighton,2.262,1.1800000000000002,0.792,1.31,0.13464285714285715,0.09833333333333334
1208210,2024-12-30,PL,2024,Manchester United,Newcastle,1.5379999999999998,1.472,0.954,1.1880000000000002,0.10253333333333332,0.12266666666666666
1216139,2025-01-01,ELC,2024,QPR,Watford,1.238,1.654,0.76,1.3299999999999998,0.09238805970149254,0.1476785714285714
1216137,2025-01-01,ELC,2024,Plymouth,Bristol City,1.468,0.724,1.8,1.312,0.12655172413793103,0.07387755102040816
1216136,2025-01-01,ELC,2024,Millwall,Oxford United,0.8620000000000001,0.568,1.086,1.9780000000000002,0.07981481481481482,0.08352941176470588
1216132,2025-01-01,ELC,2024,Cardiff,Coventry,0.8380000000000001,1.288,1.35,0.9280000000000002,0.05513157894736843,0.13416666666666668
1216131,2025-01-01,ELC,2024,Burnley,Stoke City,1.134,1.516,0.534,2.234,0.07460526315789473,0.11661538461538462
1216142,2025-01-01,ELC,2024,West Brom,Preston,1.12,1.166,1.3039999999999998,1.386,0.07887323943661972,0.1325
1216134,2025-01-01,ELC,2024,Leeds,Blackburn,2.092,1.008,0.492,1.008,0.10565656565656567,0.14
1216140,2025-01-01,ELC,2024,Sheffield Wednesday,Derby,1.698,0.41600000000000004,1.578,0.8739999999999999,0.13476190476190478,0.07703703703703704
1216138,2025-01-01,ELC,2024,Portsmouth,Swansea,1.652,1.168,0.916,1.8199999999999998,0.12328358208955223,0.1168
1216135,2025-01-01,ELC,2024,Luton,Norwich,1.152,0.6859999999999999,1.2020000000000002,1.1780000000000002,0.0976271186440678,0.10393939393939393
1208204,2025-01-01,PL,2024,Brentford,Arsenal,1.9860000000000002,2.22,1.4700000000000002,1.072,0.15761904761904763,0.17076923076923078
1216133,2025-01-01,ELC,2024,Hull City,Middlesbrough,1.206,1.594,1.116,1.3800000000000001,0.09885245901639343,0.13065573770491803
1216141,2025-01-01,ELC,2024,Sunderland,Sheffield Utd,1.266,1.122,0.6020000000000001,1.166,0.079125,0.11
1208221,2025-01-04,PL,2024,Tottenham,Newcastle,1.75,1.494,2.476,1.046,0.14583333333333334,0.12245901639344262
1216143,2025-01-04,ELC,2024,Blackburn,Burnley,1.9100000000000001,1.254,1.348,0.752,0.12733333333333335,0.11196428571428571
1216151,2025-01-04,ELC,2024,Stoke City,Plymouth,0.9359999999999999,0.502,1.7579999999999998,2.144,0.08666666666666666,0.05577777777777777
1216153,2025-01-04,ELC,2024,Swansea,West Brom,1.844,0.93,1.126,1.1,0.1245945945945946,0.09300000000000001
1208213,2025-01-04,PL,2024,Bournemouth,Everton,2.172,0.7939999999999999,1.176,1.19,0.10969696969696971,0.07634615384615384
1208220,2025-01-04,PL,2024,Southampton,Brentford,1.1640000000000001,1.08,2.878,1.7080000000000002,0.11877551020408164,0.135
1208219,2025-01-04,PL,2024,Manchester City,West Ham,2.1079999999999997,1.58,1.262,1.714,0.10979166666666666,0.09634146341463415
1208216,2025-01-04,PL,2024,Crystal Palace,Chelsea,1.6480000000000001,2.836,1.4260000000000002,1.636,0.10986666666666667,0.15582417582417582
1208214,2025-01-04,PL,2024,Aston Villa,Leicester,2.256,0.754,0.9560000000000001,1.972,0.13116279069767442,0.09195121951219512
1216154,2025-01-04,ELC,2024,Watford,Sheffield Utd,0.9380000000000001,1.2520000000000002,0.974,1.054,0.07816666666666668,0.1117857142857143
1216144,2025-01-04,ELC,2024,Bristol City,Derby,1.862,0.8480000000000001,0.508,1.126,0.11935897435897437,0.10341463414634147
1216148,2025-01-04,ELC,2024,Preston,Oxford United,1.1280000000000001,0.6679999999999999,1.022,1.906,0.11058823529411765,0.09027027027027026
1216145,2025-01-04,ELC,2024,Hull City,Leeds,1.0359999999999998,1.996,1.06,1.01,0.09418181818181816,0.12320987654320988
1216146,2025-01-04,ELC,2024,Middlesbrough,Cardiff,1.064,1.168,1.278,1.8539999999999999,0.09333333333333334,0.10618181818181818
1216147,2025-01-04,ELC,2024,Norwich,Coventry,2.004,1.614,0.65,0.9339999999999999,0.1354054054054054,0.14157894736842105
1216150,2025-01-04,ELC,2024,Sheffield Wednesday,Millwall,1.7579999999999998,1.0299999999999998,2.028,1.0080000000000002,0.13734375,0.10510204081632651
1208215,2025-01-04,PL,2024,Brighton,Arsenal,1.518,2.3920000000000003,1.594,1.03,0.0825,0.17333333333333334
1208217,2025-01-05,PL,2024,Fulham,Ipswich,0.766,0.9720000000000001,1.4120000000000001,2.0919999999999996,0.08704545454545455,0.12461538461538463
1216152,2025-01-05,ELC,2024,Sunderland,Portsmouth,1.326,0.5480000000000002,0.792,1.844,0.07800000000000001,0.08303030303030305
1208218,2025-01-05,PL,2024,Liverpool,Manchester United,2.2560000000000002,1.176,0.9579999999999999,1.7120000000000002,0.13590361445783133,0.10690909090909091
1208222,2025-01-06,PL,2024,Wolves,Nottingham Forest,1.076,0.884,1.6199999999999999,1.3619999999999999,0.10346153846153847,0.08666666666666667
1216149,2025-01-06,ELC,2024,QPR,Luton,1.4040000000000001,0.892,0.508,1.77,0.10173913043478261,0.1115
1208229,2025-01-14,PL,2024,West Ham,Fulham,0.9980000000000002,1.534,2.054,1.268,0.08316666666666668,0.1080281690140845
1208230,2025-01-14,PL,2024,Chelsea,Bournemouth,1.6380000000000003,2.558,1.596,1.3299999999999998,0.09202247191011237,0.17053333333333331
1208224,2025-01-14,PL,2024,Brentford,Manchester City,1.23,1.362,1.592,2.034,0.128125,0.11163934426229509
1216060,2025-01-14,ELC,2024,Cardiff,Watford,0.8480000000000001,0.968,1.4620000000000002,1.284,0.05506493506493507,0.09307692307692307
1216065,2025-01-14,ELC,2024,Plymouth,Oxford United,1.5619999999999998,0.45999999999999996,1.72,2.034,0.1280327868852459,0.071875
1208228,2025-01-14,PL,2024,Nottingham Forest,Liverpool,1.476,2.946,0.748,1.1840000000000002,0.11014925373134328,0.1503061224489796
1208231,2025-01-15,PL,2024,Newcastle,Wolves,2.162,1.08,0.876,1.21,0.11623655913978495,0.1
1208225,2025-01-15,PL,2024,Everton,Aston Villa,0.986,1.046,1.1580000000000001,2.1380000000000003,0.0725,0.11369565217391306
1208227,2025-01-15,PL,2024,Leicester,Crystal Palace,1.174,1.6339999999999997,1.952,1.52,0.13976190476190475,0.12014705882352938
1216023,2025-01-15,ELC,2024,Blackburn,Portsmouth,1.6059999999999999,0.45999999999999996,0.9880000000000001,2.146,0.13383333333333333,0.092
1208223,2025-01-15,PL,2024,Arsenal,Tottenham,1.47,1.4920000000000002,0.32,1.718,0.10808823529411764,0.11841269841269843
1208226,2025-01-16,PL,2024,Ipswich,Brighton,1.1380000000000001,1.2040000000000002,2.0100000000000002,1.336,0.09982456140350877,0.10033333333333334
1208232,2025-01-16,PL,2024,Manchester United,Southampton,1.322,0.6399999999999999,1.1179999999999999,1.6280000000000001,0.08932432432432433,0.09142857142857141
1216155,2025-01-17,ELC,2024,Burnley,Sunderland,1.056,1.3800000000000001,0.658,1.192,0.07135135135135136,0.09452054794520548
1208240,2025-01-18,PL,2024,Newcastle,Bournemouth,2.4779999999999998,2.272,0.9899999999999999,1.534,0.12267326732673266,0.16955223880597015
1216156,2025-01-18,ELC,2024,Cardiff,Swansea,0.6859999999999999,1.2600000000000002,1.168,1.7899999999999998,0.049710144927536226,0.1188679245283019
1216161,2025-01-18,ELC,2024,Millwall,Hull City,0.962,1.154,1.0420000000000003,1.552,0.07634920634920635,0.11096153846153846
1216163,2025-01-18,ELC,2024,Plymouth,QPR,1.5079999999999998,0.5920000000000001,1.6440000000000001,1.494,0.12161290322580644,0.0758974358974359
1208238,2025-01-18,PL,2024,Leicester,Fulham,1.292,1.6620000000000001,1.766,1.3,0.10949152542372881,0.10653846153846154
1208242,2025-01-18,PL,2024,West Ham,Crystal Palace,1.022,1.496,2.212,1.5539999999999998,0.09641509433962264,0.1289655172413793
1208234,2025-01-18,PL,2024,Brentford,Liverpool,1.4280000000000002,3.182,1.4899999999999998,1.062,0.13222222222222224,0.14205357142857142
1216166,2025-01-18,ELC,2024,West Brom,Stoke City,1.204,1.3599999999999999,1.312,2.0140000000000002,0.08361111111111111,0.10625
1216165,2025-01-18,ELC,2024,Sheffield Utd,Norwich,1.568,0.712,0.9440000000000002,1.0100000000000002,0.12852459016393442,0.09368421052631579
1216158,2025-01-18,ELC,2024,Derby,Watford,1.5139999999999998,1.058,1.156,1.042,0.11646153846153845,0.10795918367346939
1216162,2025-01-18,ELC,2024,Oxford United,Blackburn,1.0939999999999999,0.636,1.316,0.938,0.09596491228070175,0.10600000000000001
1216157,2025-01-18,ELC,2024,Coventry,Bristol City,2.0940000000000003,0.884,0.76,1.584,0.1396,0.08185185185185186
1216164,2025-01-18,ELC,2024,Portsmouth,Middlesbrough,1.848,1.386,0.9640000000000001,1.3519999999999999,0.12833333333333333,0.105
1216160,2025-01-18,ELC,2024,Luton,Preston,1.152,1.2440000000000002,1.1720000000000002,1.172,0.08861538461538461,0.12958333333333336
1208233,2025-01-18,PL,2024,Arsenal,Aston Villa,1.576,0.916,0.314,1.8780000000000001,0.10794520547945206,0.10177777777777777
1216159,2025-01-19,ELC,2024,Leeds,Sheffield Wednesday,1.9100000000000001,1.57,0.506,1.714,0.10611111111111111,0.10753424657534247
1208239,2025-01-19,PL,2024,Manchester United,Brighton,1.8539999999999999,1.21,1.3,1.066,0.11035714285714285,0.09307692307692307
1208236,2025-01-19,PL,2024,Everton,Tottenham,1.0559999999999998,1.5000000000000002,1.148,1.8519999999999999,0.0776470588235294,0.12096774193548389
1208241,2025-01-19,PL,2024,Nottingham Forest,Southampton,1.1039999999999999,0.8160000000000001,1.1199999999999999,2.0599999999999996,0.10222222222222221,0.10461538461538462
1208237,2025-01-19,PL,2024,Ipswich,Manchester City,0.876,1.3379999999999999,2.044,2.07,0.08588235294117647,0.09985074626865671
1208235,2025-01-20,PL,2024,Chelsea,Wolves,1.816,1.1400000000000001,1.4700000000000002,1.4259999999999997,0.0926530612244898,0.1
1216174,2025-01-21,ELC,2024,Watford,Preston,1.172,1.108,1.1,1.126,0.09766666666666665,0.1319047619047619
1216169,2025-01-21,ELC,2024,Hull City,QPR,1.3059999999999998,0.9899999999999999,1.058,1.308,0.10704918032786884,0.11249999999999999
1216167,2025-01-21,ELC,2024,Blackburn,Coventry,1.4620000000000002,1.8199999999999998,0.952,1.1480000000000001,0.11790322580645161,0.15166666666666667
1216168,2025-01-21,ELC,2024,Derby,Sunderland,1.048,1.7559999999999998,1.472,1.044,0.08451612903225807,0.11256410256410256
1216170,2025-01-21,ELC,2024,Middlesbrough,West Brom,1.0719999999999998,1.0399999999999998,1.1019999999999999,1.1,0.09571428571428571,0.08124999999999999
1216173,2025-01-21,ELC,2024,Swansea,Sheffield Utd,1.7120000000000002,1.218,0.8019999999999999,0.884,0.11413333333333334,0.10875
1216172,2025-01-21,ELC,2024,Oxford United,Luton,1.238,1.174,0.9199999999999999,1.7060000000000002,0.09825396825396825,0.11509803921568626
1216171,2025-01-21,ELC,2024,Millwall,Cardiff,0.818,1.028,0.9700000000000001,1.454,0.06390625,0.09518518518518518
1216175,2025-01-22,ELC,2024,Leeds,Norwich,1.7919999999999998,0.41,0.42400000000000004,1.0719999999999998,0.1041860465116279,0.0554054054054054
1216178,2025-01-22,ELC,2024,Sheffield Wednesday,Bristol City,1.5879999999999999,0.9319999999999998,2.036,1.706,0.12806451612903225,0.09319999999999999
1216177,2025-01-22,ELC,2024,Portsmouth,Stoke City,1.576,1.3519999999999999,1.1880000000000002,1.908,0.11761194029850747,0.11266666666666666
1216176,2025-01-22,ELC,2024,Plymouth,Burnley,1.4599999999999997,1.0080000000000002,1.7739999999999998,0.8140000000000001,0.13035714285714284,0.10956521739130437
1216187,2025-01-24,ELC,2024,Sheffield Utd,Hull City,1.2739999999999998,0.966,0.962,1.528,0.09231884057971014,0.10733333333333334
1216184,2025-01-25,ELC,2024,Norwich,Swansea,1.782,1.2840000000000003,0.7539999999999999,1.244,0.11278481012658229,0.11464285714285716
1216188,2025-01-25,ELC,2024,Stoke City,Oxford United,0.974,0.492,1.636,1.4259999999999997,0.08116666666666666,0.07935483870967742
1216183,2025-01-25,ELC,2024,Luton,Millwall,1.082,0.9019999999999999,0.8640000000000001,1.244,0.08074626865671641,0.08199999999999999
1208243,2025-01-25,PL,2024,Bournemouth,Nottingham Forest,2.132,1.244,1.006,1.4419999999999997,0.10056603773584906,0.11309090909090909
1208252,2025-01-25,PL,2024,Wolves,Arsenal,1.088,2.258,1.544,1.026,0.10074074074074074,0.1736923076923077
1208248,2025-01-25,PL,2024,Liverpool,Ipswich,2.4899999999999998,1.03,0.9659999999999999,1.7200000000000002,0.1447674418604651,0.14714285714285716
1208250,2025-01-25,PL,2024,Southampton,Newcastle,1.074,1.6439999999999997,3.4579999999999997,1.108,0.111875,0.14172413793103447
1208245,2025-01-25,PL,2024,Brighton,Everton,1.5599999999999998,0.624,1.4980000000000002,1.41,0.09285714285714285,0.06933333333333333
1216181,2025-01-25,ELC,2024,Cardiff,Derby,0.634,0.8099999999999999,1.058,1.3279999999999998,0.056607142857142856,0.09
1216179,2025-01-25,ELC,2024,Bristol City,Blackburn,1.988,0.5319999999999999,0.288,1.052,0.12121951219512195,0.07189189189189188
1216185,2025-01-25,ELC,2024,Preston,Middlesbrough,1.488,1.134,0.9940000000000001,1.406,0.12610169491525422,0.0914516129032258
1216190,2025-01-25,ELC,2024,West Brom,Portsmouth,1.1960000000000002,0.496,1.17,1.8979999999999997,0.08191780821917809,0.08266666666666667
1216186,2025-01-25,ELC,2024,QPR,Sheffield Wednesday,1.386,1.216,0.712,1.8960000000000001,0.11360655737704918,0.09650793650793651
1216189,2025-01-25,ELC,2024,Sunderland,Plymouth,1.6039999999999999,0.394,0.772,1.6940000000000002,0.08813186813186813,0.05794117647058824
1216182,2025-01-25,ELC,2024,Coventry,Watford,1.812,0.9720000000000001,0.648,1.208,0.12760563380281692,0.09346153846153847
1208249,2025-01-25,PL,2024,Manchester City,Chelsea,1.9,2.534,1.494,1.6300000000000001,0.1130952380952381,0.14077777777777778
1208251,2025-01-26,PL,2024,Tottenham,Leicester,1.6279999999999997,0.526,2.6420000000000003,2.084,0.14535714285714282,0.1052
1208246,2025-01-26,PL,2024,Crystal Palace,Brentford,1.56,1.8539999999999999,1.3080000000000003,1.492,0.10400000000000001,0.16854545454545453
1208244,2025-01-26,PL,2024,Aston Villa,West Ham,1.9460000000000002,1.828,0.786,1.6620000000000001,0.11865853658536586,0.09621052631578948
1208247,2025-01-26,PL,2024,Fulham,Manchester United,1.008,0.9179999999999999,1.466,1.6760000000000002,0.10285714285714286,0.09179999999999999
1216180,2025-01-27,ELC,2024,Burnley,Leeds,1.0,1.9,1.206,1.166,0.07042253521126761,0.11176470588235295
1216046,2025-01-28,ELC,2024,Portsmouth,Millwall,1.4919999999999998,1.046,1.0779999999999998,1.354,0.10507042253521126,0.09175438596491228
1216191,2025-01-31,ELC,2024,Blackburn,Preston,1.316,0.9279999999999999,1.32,0.9099999999999999,0.1028125,0.10790697674418603
1208261,2025-02-01,PL,2024,Nottingham Forest,Brighton,1.388,1.302,0.958,1.232,0.11762711864406779,0.11224137931034482
1216202,2025-02-01,ELC,2024,Watford,Norwich,1.09,0.362,1.3379999999999999,1.148,0.10283018867924529,0.05171428571428571
1216197,2025-02-01,ELC,2024,Oxford United,Bristol City,1.23,0.8719999999999999,0.882,1.412,0.09179104477611941,0.08384615384615383
1216198,2025-02-01,ELC,2024,Plymouth,West Brom,1.256,1.134,1.92,1.0939999999999999,0.13652173913043478,0.081
1208260,2025-02-01,PL,2024,Newcastle,Fulham,2.308,1.734,1.28,1.09,0.12020833333333332,0.11115384615384616
1208253,2025-02-01,PL,2024,Bournemouth,Liverpool,2.1439999999999997,3.2380000000000004,1.014,0.9499999999999998,0.1040776699029126,0.1327049180327869
1208257,2025-02-01,PL,2024,Everton,Leicester,1.206,0.712,1.152,2.1399999999999997,0.11377358490566038,0.11483870967741935
1208258,2025-02-01,PL,2024,Ipswich,Southampton,0.8940000000000001,0.792,2.322,2.1339999999999995,0.08940000000000001,0.10153846153846155
1216196,2025-02-01,ELC,2024,Millwall,QPR,0.826,1.008,0.8379999999999999,1.3800000000000001,0.06661290322580644,0.14
1216194,2025-02-01,ELC,2024,Leeds,Cardiff,1.7879999999999998,1.112,0.43200000000000005,1.046,0.10902439024390244,0.09754385964912282
1216193,2025-02-01,ELC,2024,Hull City,Stoke City,1.344,1.328,1.266,1.818,0.11389830508474577,0.11649122807017545
1216192,2025-02-01,ELC,2024,Derby,Sheffield Utd,0.786,1.3539999999999999,1.47,1.0319999999999998,0.06775862068965517,0.11672413793103448
1216200,2025-02-01,ELC,2024,Sheffield Wednesday,Luton,1.4899999999999998,1.0099999999999998,1.552,1.508,0.1146153846153846,0.10744680851063827
1216201,2025-02-01,ELC,2024,Swansea,Coventry,1.4760000000000002,2.0119999999999996,0.9719999999999999,1.242,0.12098360655737707,0.18290909090909088
1216199,2025-02-01,ELC,2024,Portsmouth,Burnley,1.5619999999999998,0.9559999999999998,1.302,0.726,0.10999999999999999,0.10170212765957445
1208262,2025-02-01,PL,2024,Wolves,Aston Villa,0.984,0.8480000000000001,1.612,1.7399999999999998,0.08945454545454545,0.10341463414634147
1208259,2025-02-02,PL,2024,Manchester United,Crystal Palace,1.936,1.5080000000000002,1.5699999999999998,0.9880000000000001,0.11662650602409638,0.13228070175438597
1208255,2025-02-02,PL,2024,Brentford,Tottenham,1.092,1.222,1.964,1.814,0.105,0.09546875
1208254,2025-02-02,PL,2024,Arsenal,Manchester City,1.6039999999999999,1.7759999999999998,0.45600000000000007,1.472,0.11138888888888888,0.11684210526315789
1208256,2025-02-03,PL,2024,Chelsea,West Ham,2.138,1.9280000000000004,1.332,1.504,0.1069,0.10255319148936173
1216195,2025-02-03,ELC,2024,Middlesbrough,Sunderland,0.884,1.6039999999999999,1.0559999999999998,0.9800000000000001,0.09020408163265306,0.11457142857142856
1216204,2025-02-04,ELC,2024,Burnley,Oxford United,0.9040000000000001,0.708,1.108,1.3679999999999999,0.07533333333333334,0.0885
1216210,2025-02-04,ELC,2024,QPR,Blackburn,1.294,0.85,0.8220000000000001,1.246,0.09953846153846153,0.10119047619047619
1216206,2025-02-05,ELC,2024,Coventry,Leeds,1.5879999999999999,1.7220000000000002,0.63,0.77,0.10876712328767123,0.10762500000000001
1216214,2025-02-08,ELC,2024,West Brom,Sheffield Wednesday,1.64,1.21,1.292,1.6060000000000003,0.1025,0.08897058823529412
1216213,2025-02-08,ELC,2024,Sunderland,Watford,1.226,0.8699999999999999,0.8059999999999998,1.1940000000000002,0.07858974358974359,0.08365384615384615
1216211,2025-02-08,ELC,2024,Sheffield Utd,Portsmouth,1.3439999999999999,0.716,0.716,2.268,0.09464788732394365,0.08731707317073172
1216208,2025-02-08,ELC,2024,Norwich,Derby,2.016,1.04,0.718,1.636,0.12292682926829268,0.10196078431372549
1216203,2025-02-09,ELC,2024,Bristol City,Swansea,1.734,1.1179999999999999,0.6379999999999999,1.674,0.11716216216216216,0.11645833333333333
1216222,2025-02-11,ELC,2024,Watford,Leeds,0.952,2.006,1.5739999999999998,0.736,0.09916666666666667,0.1223170731707317
1216217,2025-02-11,ELC,2024,Derby,Oxford United,0.73,0.5820000000000001,1.532,1.1039999999999999,0.07156862745098039,0.07097560975609757
1216216,2025-02-11,ELC,2024,Coventry,QPR,1.052,1.134,1.17,1.104,0.0821875,0.12886363636363637
1216220,2025-02-11,ELC,2024,Portsmouth,Cardiff,1.4,0.744,1.116,1.834,0.09090909090909091,0.093
1216218,2025-02-11,ELC,2024,Norwich,Preston,1.94,0.9019999999999999,0.8460000000000001,1.1239999999999999,0.12435897435897435,0.11564102564102563
1208166,2025-02-12,PL,2024,Everton,Liverpool,1.494,3.344,1.062,0.8480000000000001,0.14094339622641508,0.13376
1216223,2025-02-12,ELC,2024,Burnley,Hull City,1.03,0.8160000000000001,1.042,1.3980000000000001,0.08442622950819673,0.09488372093023256
1216215,2025-02-12,ELC,2024,Bristol City,Stoke City,1.544,1.306,0.9560000000000001,1.7380000000000002,0.10157894736842105,0.12320754716981133
1216221,2025-02-12,ELC,2024,Swansea,Sheffield Wednesday,1.35,1.1119999999999999,1.2559999999999998,1.6400000000000001,0.11842105263157894,0.08176470588235293
1216225,2025-02-12,ELC,2024,Sunderland,Luton,1.484,0.9179999999999999,1.018,1.7280000000000002,0.10450704225352113,0.102
1216219,2025-02-12,ELC,2024,Plymouth,Millwall,0.8800000000000001,1.068,1.932,1.38,0.10476190476190476,0.1026923076923077
1216226,2025-02-12,ELC,2024,West Brom,Blackburn,1.864,1.034,1.13,1.364,0.10964705882352942,0.1175
1216224,2025-02-12,ELC,2024,Sheffield Utd,Middlesbrough,1.31,1.224,1.112,1.3539999999999999,0.09097222222222222,0.09
1208264,2025-02-14,PL,2024,Brighton,Chelsea,1.248,1.8080000000000003,1.224,1.818,0.06933333333333333,0.12216216216216218
1216236,2025-02-14,ELC,2024,QPR,Derby,1.4140000000000001,1.1440000000000001,1.1239999999999999,1.5799999999999996,0.0995774647887324,0.11215686274509805
1208267,2025-02-15,PL,2024,Leicester,Arsenal,1.116,1.7380000000000002,1.5859999999999999,0.866,0.09457627118644069,0.14982758620689657
1216228,2025-02-15,ELC,2024,Cardiff,Bristol City,1.0699999999999998,0.892,1.092,1.278,0.08916666666666666,0.08576923076923076
1216235,2025-02-15,ELC,2024,Preston,Burnley,1.384,1.02,1.158,0.7619999999999999,0.12357142857142857,0.1
1216234,2025-02-15,ELC,2024,Oxford United,Portsmouth,1.1480000000000001,1.284,0.624,2.184,0.07552631578947369,0.12346153846153846
1208266,2025-02-15,PL,2024,Fulham,Nottingham Forest,1.012,1.264,1.222,1.298,0.09730769230769232,0.10360655737704919
1208270,2025-02-15,PL,2024,Southampton,Bournemouth,0.97,2.066,3.414,1.6,0.09150943396226414,0.13959459459459458
1208272,2025-02-15,PL,2024,West Ham,Brentford,0.7699999999999999,1.938,1.7560000000000002,1.4680000000000002,0.08020833333333333,0.1642372881355932
1208269,2025-02-15,PL,2024,Manchester City,Newcastle,1.972,2.222,1.3519999999999999,0.908,0.12973684210526315,0.15013513513513513
1208263,2025-02-15,PL,2024,Aston Villa,Ipswich,1.6300000000000001,0.8019999999999999,0.8420000000000002,1.8060000000000003,0.10723684210526316,0.13366666666666666
1216233,2025-02-15,ELC,2024,Millwall,West Brom,0.752,1.2499999999999998,0.7040000000000001,1.15,0.06482758620689655,0.09615384615384615
1216229,2025-02-15,ELC,2024,Hull City,Norwich,1.3880000000000003,0.82,1.2719999999999998,1.124,0.10205882352941179,0.0891304347826087
1216227,2025-02-15,ELC,2024,Blackburn,Plymouth,1.272,0.558,1.266,1.1700000000000002,0.09784615384615385,0.07540540540540541
1216232,2025-02-15,ELC,2024,Middlesbrough,Watford,0.938,1.0859999999999999,1.2079999999999997,1.546,0.0938,0.10055555555555555
1216237,2025-02-15,ELC,2024,Sheffield Wednesday,Coventry,1.908,2.05,1.502,1.202,0.14454545454545453,0.18636363636363637
1216238,2025-02-15,ELC,2024,Stoke City,Swansea,0.8879999999999999,1.076,1.28,1.6019999999999999,0.08377358490566036,0.11446808510638298
1216231,2025-02-15,ELC,2024,Luton,Sheffield Utd,1.198,1.2440000000000002,0.752,1.008,0.08436619718309858,0.1130909090909091
1208265,2025-02-15,PL,2024,Crystal Palace,Everton,1.424,0.572,1.6039999999999999,1.39,0.09493333333333333,0.09533333333333333
1208268,2025-02-16,PL,2024,Liverpool,Wolves,2.482,1.1560000000000001,0.786,1.8519999999999999,0.14102272727272727,0.09633333333333334
1208271,2025-02-16,PL,2024,Tottenham,Manchester United,1.6799999999999997,0.808,2.638000000000001,1.492,0.1333333333333333,0.09395348837209302
1216230,2025-02-17,ELC,2024,Leeds,Sunderland,2.6060000000000003,1.8219999999999998,0.37000000000000005,1.064,0.13861702127659575,0.13202898550724637
1216209,2025-02-18,ELC,2024,Preston,Millwall,1.298,1.1460000000000001,0.914,1.504,0.11589285714285714,0.10052631578947369
1208305,2025-02-19,PL,2024,Aston Villa,Liverpool,1.656,2.3419999999999996,0.85,0.784,0.0997590361445783,0.10943925233644859
1216207,2025-02-19,ELC,2024,Luton,Plymouth,1.098,0.526,0.93,1.3539999999999999,0.08194029850746269,0.0821875
1216239,2025-02-21,ELC,2024,Bristol City,Middlesbrough,1.766,1.402,0.914,1.51,0.11618421052631579,0.0973611111111111
1208279,2025-02-21,PL,2024,Leicester,Brentford,0.8979999999999999,2.064,1.554,1.1460000000000001,0.08163636363636362,0.16125
1216240,2025-02-21,ELC,2024,Burnley,Sheffield Wednesday,1.08,0.932,1.02,1.4179999999999997,0.08709677419354839,0.07396825396825397
1208276,2025-02-22,PL,2024,Everton,Manchester United,1.478,1.068,0.952,1.5059999999999998,0.12741379310344828,0.09888888888888889
1216242,2025-02-22,ELC,2024,Derby,Millwall,0.732,1.092,1.316,1.706,0.07038461538461539,0.0975
1216247,2025-02-22,ELC,2024,Sunderland,Hull City,1.61,0.6980000000000001,0.9560000000000001,1.0539999999999998,0.10454545454545455,0.0830952380952381
1216244,2025-02-22,ELC,2024,Plymouth,Cardiff,1.064,0.8320000000000001,1.764,1.8400000000000003,0.133,0.09454545454545454
1208273,2025-02-22,PL,2024,Bournemouth,Wolves,1.718,1.1620000000000001,1.344,1.9940000000000002,0.08947916666666667,0.10192982456140352
1208277,2025-02-22,PL,2024,Fulham,Crystal Palace,1.416,1.7,0.9,1.114,0.09567567567567567,0.15454545454545454
1208282,2025-02-22,PL,2024,Southampton,Brighton,0.8160000000000001,1.17,2.568,1.652,0.0703448275862069,0.11249999999999999
1208274,2025-02-22,PL,2024,Arsenal,West Ham,1.372,1.554,0.5740000000000001,1.5679999999999998,0.098,0.10090909090909092
1208278,2025-02-22,PL,2024,Ipswich,Tottenham,0.9400000000000001,1.2200000000000002,1.8679999999999999,1.484,0.1,0.09384615384615386
1216250,2025-02-22,ELC,2024,West Brom,Oxford United,1.6,0.502,1.16,1.1019999999999999,0.09876543209876543,0.06435897435897435
1216243,2025-02-22,ELC,2024,Norwich,Stoke City,1.6960000000000002,0.916,0.954,1.6780000000000002,0.10600000000000001,0.10651162790697674
1216248,2025-02-22,ELC,2024,Swansea,Blackburn,1.0719999999999998,1.096,1.35,1.26,0.10509803921568626,0.12454545454545456
1216241,2025-02-22,ELC,2024,Coventry,Preston,0.938,1.054,1.2879999999999998,0.8779999999999999,0.08527272727272726,0.11711111111111112
1216245,2025-02-22,ELC,2024,Portsmouth,QPR,1.364,1.216,1.0879999999999999,1.076,0.08317073170731708,0.11692307692307692
1208275,2025-02-22,PL,2024,Aston Villa,Chelsea,1.456,1.35,1.144,1.522,0.08987654320987654,0.10384615384615385
1216249,2025-02-23,ELC,2024,Watford,Luton,0.7619999999999999,0.8659999999999999,1.9600000000000002,1.9100000000000001,0.09292682926829267,0.10309523809523807
1208281,2025-02-23,PL,2024,Newcastle,Nottingham Forest,2.04,1.182,1.1940000000000002,1.4140000000000001,0.11333333333333333,0.10189655172413793
1208280,2025-02-23,PL,2024,Manchester City,Liverpool,1.8699999999999999,2.2119999999999997,1.2719999999999998,0.8460000000000001,0.13357142857142856,0.10843137254901959
1216246,2025-02-24,ELC,2024,Sheffield Utd,Leeds,1.6479999999999997,2.2,1.216,0.762,0.10172839506172837,0.13414634146341464
1208288,2025-02-25,PL,2024,Wolves,Fulham,1.218,1.73,1.044,1.084,0.11490566037735848,0.10949367088607595
1208284,2025-02-25,PL,2024,Brighton,Bournemouth,1.1960000000000002,1.65,1.13,1.494,0.07382716049382716,0.125
1208289,2025-02-25,PL,2024,Crystal Palace,Aston Villa,1.5,0.692,1.506,1.7280000000000002,0.09375,0.08439024390243903
1216205,2025-02-25,ELC,2024,Cardiff,Hull City,1.3599999999999999,0.734,1.156,1.148,0.1046153846153846,0.09175
1216212,2025-02-25,ELC,2024,Stoke City,Middlesbrough,0.7100000000000001,1.2899999999999998,1.076,1.264,0.07553191489361703,0.09772727272727272
1208290,2025-02-25,PL,2024,Chelsea,Southampton,2.134,0.9280000000000002,1.33,1.986,0.10161904761904762,0.10545454545454547
1208292,2025-02-26,PL,2024,Manchester United,Ipswich,1.8399999999999999,0.758,1.924,1.954,0.1108433734939759,0.14037037037037037
1208286,2025-02-26,PL,2024,Tottenham,Manchester City,1.546,1.6480000000000001,2.3760000000000003,1.404,0.10736111111111112,0.11605633802816902
1208283,2025-02-26,PL,2024,Brentford,Everton,1.2580000000000002,0.6479999999999999,1.8399999999999999,1.5199999999999998,0.10311475409836067,0.09818181818181818
1208285,2025-02-26,PL,2024,Nottingham Forest,Arsenal,1.734,1.6079999999999999,1.016,0.8779999999999999,0.1421311475409836,0.14105263157894735
1208291,2025-02-26,PL,2024,Liverpool,Newcastle,2.1,2.0220000000000002,0.9179999999999999,1.0419999999999998,0.13125,0.1657377049180328
1208287,2025-02-27,PL,2024,West Ham,Leicester,0.744,0.5660000000000001,1.794,2.152,0.08857142857142858,0.08575757575757575
1216261,2025-02-28,ELC,2024,Sheffield Wednesday,Sunderland,1.8719999999999999,1.682,1.342,1.076,0.11414634146341462,0.13564516129032259
1216254,2025-03-01,ELC,2024,Leeds,West Brom,2.412,1.074,0.29400000000000004,1.126,0.13108695652173913,0.09258620689655173
1216251,2025-03-01,ELC,2024,Blackburn,Norwich,1.464,0.9800000000000001,1.184,1.1320000000000001,0.10925373134328359,0.09074074074074075
1216258,2025-03-01,ELC,2024,Oxford United,Coventry,1.134,2.01,0.9179999999999999,1.1019999999999999,0.07767123287671233,0.1763157894736842
1216256,2025-03-01,ELC,2024,Middlesbrough,Derby,0.8620000000000001,1.1640000000000001,1.1620000000000001,1.5679999999999998,0.07696428571428572,0.12125000000000001
1216260,2025-03-01,ELC,2024,QPR,Sheffield Utd,1.2,1.516,1.1900000000000002,1.286,0.09090909090909091,0.1378181818181818
1216262,2025-03-01,ELC,2024,Stoke City,Watford,0.866,1.266,1.278,1.472,0.07732142857142857,0.11303571428571428
1216255,2025-03-01,ELC,2024,Luton,Portsmouth,1.258,1.6420000000000001,0.89,1.8560000000000003,0.0953030303030303,0.13683333333333333
1216252,2025-03-04,ELC,2024,Cardiff,Burnley,1.3159999999999998,1.074,0.7420000000000001,0.664,0.10786885245901638,0.09944444444444445
1216257,2025-03-04,ELC,2024,Millwall,Bristol City,0.6839999999999999,1.008,0.7220000000000001,1.2439999999999998,0.06576923076923077,0.09163636363636364
1216259,2025-03-04,ELC,2024,Preston,Swansea,1.45,1.082,0.8320000000000001,1.5020000000000002,0.11328125,0.11760869565217391
1216253,2025-03-04,ELC,2024,Hull City,Plymouth,1.238,0.5279999999999999,1.388,1.302,0.09102941176470589,0.088
1216267,2025-03-07,ELC,2024,Norwich,Oxford United,1.8679999999999999,0.472,1.2419999999999998,1.216,0.1212987012987013,0.06051282051282051
1208299,2025-03-08,PL,2024,Nottingham Forest,Manchester City,1.4580000000000002,1.8660000000000003,1.1300000000000001,1.336,0.1458,0.13140845070422538
1216273,2025-03-08,ELC,2024,Watford,Millwall,1.114,1.314,1.8,1.402,0.13261904761904764,0.1239622641509434
1216265,2025-03-08,ELC,2024,Coventry,Stoke City,1.2120000000000002,0.994,1.3619999999999999,1.9600000000000002,0.09181818181818183,0.13805555555555554
1208297,2025-03-08,PL,2024,Liverpool,Southampton,2.014,1.02,0.72,2.322,0.13249999999999998,0.1108695652173913
1208294,2025-03-08,PL,2024,Brighton,Fulham,1.48,1.8239999999999998,0.9600000000000002,0.9199999999999999,0.09866666666666667,0.11692307692307691
1208296,2025-03-08,PL,2024,Crystal Palace,Ipswich,2.0439999999999996,0.8039999999999999,1.008,1.844,0.12166666666666666,0.1386206896551724
1216264,2025-03-08,ELC,2024,Burnley,Luton,1.08,0.866,1.0,1.8960000000000001,0.10588235294117648,0.09020833333333333
1216263,2025-03-08,ELC,2024,Bristol City,Hull City,1.6199999999999999,0.512,1.1440000000000001,0.992,0.10519480519480519,0.07111111111111111
1216274,2025-03-08,ELC,2024,West Brom,QPR,1.916,1.312,1.034,1.02,0.10527472527472527,0.11508771929824563
1216270,2025-03-08,ELC,2024,Sheffield Utd,Preston,1.608,1.068,1.28,1.006,0.10441558441558443,0.12714285714285714
1216266,2025-03-08,ELC,2024,Derby,Blackburn,0.776,1.06,1.262,1.432,0.06807017543859649,0.11521739130434784
1216272,2025-03-08,ELC,2024,Swansea,Middlesbrough,0.9960000000000001,1.55,1.2580000000000002,1.45,0.1158139534883721,0.11923076923076924
1216271,2025-03-08,ELC,2024,Sunderland,Cardiff,1.6439999999999997,0.82,0.818,1.9040000000000004,0.10274999999999998,0.0891304347826087
1216268,2025-03-08,ELC,2024,Plymouth,Sheffield Wednesday,1.1560000000000001,0.9479999999999998,1.966,1.1039999999999999,0.13441860465116282,0.0831578947368421
1208293,2025-03-08,PL,2024,Brentford,Aston Villa,1.4100000000000001,0.6839999999999999,1.9339999999999997,2.2339999999999995,0.10681818181818183,0.0876923076923077
1208302,2025-03-08,PL,2024,Wolves,Everton,1.2260000000000002,0.9039999999999999,1.142,1.5719999999999998,0.11145454545454547,0.10044444444444443
1216269,2025-03-09,ELC,2024,Portsmouth,Leeds,1.5400000000000003,1.922,0.9,0.97,0.10131578947368422,0.11578313253012047
1208300,2025-03-09,PL,2024,Tottenham,Bournemouth,1.5580000000000003,1.616,1.6740000000000002,1.522,0.10527027027027028,0.10773333333333333
1208295,2025-03-09,PL,2024,Chelsea,Leicester,2.2,0.6020000000000001,1.152,1.6600000000000001,0.11224489795918367,0.07717948717948718
1208298,2025-03-09,PL,2024,Manchester United,Arsenal,1.528,1.232,1.884,0.64,0.10914285714285715,0.11
1208301,2025-03-10,PL,2024,West Ham,Newcastle,0.748,1.6020000000000003,1.6799999999999997,1.24,0.0958974358974359,0.16346938775510209
1216276,2025-03-11,ELC,2024,Cardiff,Luton,1.41,0.4720000000000001,0.868,2.008,0.12155172413793103,0.07151515151515153
1216275,2025-03-11,ELC,2024,Burnley,West Brom,1.49,1.036,0.4779999999999999,1.1,0.12844827586206897,0.09418181818181817
1216277,2025-03-11,ELC,2024,Derby,Coventry,0.9719999999999999,2.08,1.2200000000000002,1.182,0.09529411764705881,0.1793103448275862
1216278,2025-03-11,ELC,2024,Middlesbrough,QPR,0.9800000000000001,0.946,1.07,1.1560000000000001,0.07424242424242425,0.09096153846153845
1216284,2025-03-11,ELC,2024,Norwich,Sheffield Wednesday,1.762,1.188,1.094,0.774,0.12955882352941178,0.10241379310344827
1216281,2025-03-11,ELC,2024,Sunderland,Preston,1.6740000000000002,1.126,0.8460000000000001,1.198,0.11160000000000002,0.11729166666666667
1216285,2025-03-11,ELC,2024,Sheffield Utd,Bristol City,1.4780000000000002,1.038,1.27,1.082,0.11196969696969698,0.09980769230769232
1216286,2025-03-12,ELC,2024,Watford,Swansea,1.126,0.9559999999999998,1.7099999999999997,1.4700000000000002,0.11489795918367347,0.11380952380952379
1216283,2025-03-12,ELC,2024,Leeds,Millwall,2.4199999999999995,1.134,0.366,1.4180000000000001,0.12736842105263155,0.1111764705882353
1216282,2025-03-12,ELC,2024,Hull City,Oxford United,1.6800000000000002,0.46799999999999997,1.256,1.4140000000000001,0.11666666666666667,0.0688235294117647
1216279,2025-03-12,ELC,2024,Portsmouth,Plymouth,1.268,0.48999999999999994,1.238,1.5899999999999999,0.08805555555555555,0.11136363636363635
1216280,2025-03-12,ELC,2024,Stoke City,Blackburn,0.808,1.2000000000000002,0.9640000000000001,1.6179999999999999,0.07622641509433963,0.13333333333333336
1216288,2025-03-14,ELC,2024,Bristol City,Norwich,1.83,1.004,1.2739999999999998,1.1460000000000001,0.10054945054945055,0.09127272727272727
1216291,2025-03-15,ELC,2024,Millwall,Stoke City,0.6779999999999999,1.1960000000000002,0.9580000000000002,1.7939999999999998,0.0678,0.14238095238095239
1216295,2025-03-15,ELC,2024,QPR,Leeds,1.2239999999999998,1.964,1.2380000000000002,0.632,0.08383561643835616,0.12430379746835443
1208312,2025-03-15,PL,2024,Southampton,Wolves,0.674,1.3399999999999999,2.8739999999999997,1.9579999999999997,0.06127272727272728,0.10806451612903224
1208306,2025-03-15,PL,2024,Everton,West Ham,1.682,1.356,0.7380000000000001,1.4099999999999997,0.15574074074074074,0.10272727272727274
1208310,2025-03-15,PL,2024,Manchester City,Brighton,1.81,1.7759999999999998,0.9979999999999999,1.416,0.11907894736842106,0.15310344827586206
1208308,2025-03-15,PL,2024,Ipswich,Nottingham Forest,1.028,1.3599999999999999,1.7439999999999998,1.8519999999999999,0.09518518518518519,0.10461538461538461
1216294,2025-03-15,ELC,2024,Preston,Portsmouth,1.152,1.6620000000000001,0.71,1.544,0.08228571428571428,0.13622950819672133
1216298,2025-03-15,ELC,2024,West Brom,Hull City,1.7399999999999998,0.594,1.018,1.332,0.12428571428571428,0.08735294117647058
1216287,2025-03-15,ELC,2024,Blackburn,Cardiff,1.468,0.8099999999999999,1.248,2.2399999999999998,0.10955223880597015,0.09204545454545454
1216297,2025-03-15,ELC,2024,Swansea,Burnley,1.024,1.228,1.1320000000000001,0.834,0.11377777777777778,0.10586206896551724
1216292,2025-03-15,ELC,2024,Oxford United,Watford,1.136,1.208,1.362,1.4360000000000002,0.08231884057971015,0.10066666666666667
1216289,2025-03-15,ELC,2024,Coventry,Sunderland,1.2120000000000002,1.476,1.6420000000000001,1.122,0.09468750000000001,0.14192307692307693
1216293,2025-03-15,ELC,2024,Plymouth,Derby,1.172,0.6920000000000001,1.704,1.342,0.13627906976744183,0.09611111111111112
1216290,2025-03-15,ELC,2024,Luton,Middlesbrough,1.208,1.3,0.8939999999999999,1.49,0.09741935483870968,0.10483870967741936
1208303,2025-03-15,PL,2024,Bournemouth,Brentford,1.44,2.0460000000000003,1.332,0.8019999999999999,0.096,0.1482608695652174
1216296,2025-03-16,ELC,2024,Sheffield Wednesday,Sheffield Utd,1.672,1.3760000000000001,1.04,1.3739999999999999,0.10717948717948718,0.14638297872340428
1208307,2025-03-16,PL,2024,Fulham,Tottenham,1.2800000000000002,1.074,1.106,1.546,0.09275362318840581,0.09421052631578948
1208304,2025-03-16,PL,2024,Arsenal,Chelsea,1.372,1.576,0.7700000000000001,1.782,0.0890909090909091,0.11588235294117646
1208309,2025-03-16,PL,2024,Leicester,Manchester United,0.8400000000000001,0.734,1.636,1.698,0.07777777777777778,0.06924528301886793
1216307,2025-03-28,ELC,2024,Sheffield Utd,Coventry,1.5139999999999998,2.0,1.466,0.932,0.12015873015873015,0.15384615384615385
1216310,2025-03-29,ELC,2024,Watford,Plymouth,1.166,0.5239999999999999,1.356,1.6900000000000002,0.12145833333333333,0.10076923076923075
1216302,2025-03-29,ELC,2024,Hull City,Luton,1.5379999999999998,0.532,0.924,1.9899999999999998,0.10830985915492956,0.07823529411764707
1216300,2025-03-29,ELC,2024,Cardiff,Sheffield Wednesday,1.3939999999999997,1.392,0.9940000000000001,0.9960000000000001,0.11813559322033897,0.11999999999999998
1216299,2025-03-29,ELC,2024,Burnley,Bristol City,1.738,1.174,0.5159999999999999,1.174,0.14016129032258065,0.0903076923076923
1216303,2025-03-29,ELC,2024,Leeds,Swansea,2.204,1.018,0.32799999999999996,1.4160000000000001,0.11360824742268043,0.10604166666666666
1216304,2025-03-29,ELC,2024,Middlesbrough,Oxford United,1.0580000000000003,0.33199999999999996,1.168,1.6640000000000001,0.07246575342465755,0.0503030303030303
1216305,2025-03-29,ELC,2024,Norwich,West Brom,1.456,0.95,1.214,1.204,0.12133333333333333,0.10326086956521739
1216308,2025-03-29,ELC,2024,Stoke City,QPR,0.9099999999999999,0.8859999999999999,1.056,1.158,0.1058139534883721,0.08358490566037735
1216309,2025-03-29,ELC,2024,Sunderland,Millwall,1.98,0.8939999999999999,0.812,1.348,0.11927710843373494,0.093125
1216306,2025-03-29,ELC,2024,Portsmouth,Blackburn,1.312,0.93,1.0079999999999998,1.514,0.08986301369863015,0.10333333333333335
1208317,2025-04-01,PL,2024,Wolves,West Ham,1.2079999999999997,1.1600000000000001,1.3359999999999999,1.3299999999999998,0.10237288135593219,0.09666666666666668
1208314,2025-04-01,PL,2024,Arsenal,Fulham,1.154,1.6480000000000001,0.8099999999999999,1.004,0.07592105263157894,0.11771428571428572
1208316,2025-04-01,PL,2024,Nottingham Forest,Manchester United,1.3800000000000001,0.8020000000000002,1.122,1.75,0.14081632653061224,0.06683333333333334
1208320,2025-04-02,PL,2024,Newcastle,Brentford,1.864,1.998,1.5139999999999998,0.874,0.12263157894736842,0.1407042253521127
1208313,2025-04-02,PL,2024,Bournemouth,Ipswich,1.48,1.0699999999999998,1.408,2.124,0.1,0.13048780487804879
1208321,2025-04-02,PL,2024,Southampton,Crystal Palace,0.668,1.496,2.584,0.9540000000000001,0.07106382978723405,0.14384615384615385
1208319,2025-04-02,PL,2024,Manchester City,Leicester,1.7360000000000002,0.554,1.2799999999999998,1.634,0.1377777777777778,0.07289473684210526
1208315,2025-04-02,PL,2024,Brighton,Aston Villa,1.526,0.8800000000000001,0.9259999999999999,1.848,0.12716666666666668,0.09361702127659575
1216301,2025-04-02,ELC,2024,Derby,Preston,1.026,0.7959999999999999,1.182,1.5439999999999998,0.106875,0.08291666666666665
1208322,2025-04-02,PL,2024,Liverpool,Everton,2.4560000000000004,1.06,0.724,1.3079999999999998,0.14447058823529413,0.10816326530612244
1208318,2025-04-03,PL,2024,Chelsea,Tottenham,2.332,1.0900000000000003,0.8159999999999998,1.52,0.11,0.09732142857142859
1216311,2025-04-04,ELC,2024,Blackburn,Middlesbrough,1.2740000000000002,1.082,1.1760000000000002,1.9,0.10274193548387098,0.10207547169811321
1208326,2025-04-05,PL,2024,Everton,Arsenal,1.654,1.174,0.6620000000000001,0.8800000000000001,0.1450877192982456,0.09949152542372881
1216322,2025-04-05,ELC,2024,West Brom,Sunderland,1.34,0.9940000000000001,0.728,1.5559999999999998,0.09852941176470588,0.11295454545454547
1216313,2025-04-05,ELC,2024,Coventry,Burnley,1.496,1.5599999999999998,1.61,0.714,0.10535211267605635,0.11818181818181817
1216314,2025-04-05,ELC,2024,Luton,Leeds,1.6039999999999999,2.16,0.9400000000000001,0.75,0.11138888888888888,0.13333333333333333
1208332,2025-04-05,PL,2024,West Ham,Bournemouth,0.82,1.6600000000000001,1.33,1.6059999999999999,0.09999999999999999,0.10921052631578948
1208325,2025-04-05,PL,2024,Crystal Palace,Brighton,2.29,1.9579999999999997,1.116,1.404,0.1363095238095238,0.16316666666666665
1208328,2025-04-05,PL,2024,Ipswich,Wolves,0.796,1.2680000000000002,1.6480000000000001,1.782,0.07107142857142858,0.11321428571428573
1216312,2025-04-05,ELC,2024,Bristol City,Watford,1.65,1.1099999999999999,1.4280000000000002,1.2840000000000003,0.09375,0.09098360655737704
1216315,2025-04-05,ELC,2024,Millwall,Portsmouth,0.768,1.558,0.976,1.7560000000000002,0.0783673469387755,0.13203389830508475
1216318,2025-04-05,ELC,2024,Preston,Stoke City,1.2239999999999998,1.2020000000000002,0.742,1.6219999999999999,0.09415384615384614,0.15410256410256412
1216319,2025-04-05,ELC,2024,QPR,Cardiff,0.944,0.736,1.07,2.232,0.07151515151515152,0.0897560975609756
1216320,2025-04-05,ELC,2024,Sheffield Wednesday,Hull City,1.546,0.5519999999999999,1.01,1.292,0.09910256410256411,0.08363636363636363
1216321,2025-04-05,ELC,2024,Swansea,Derby,0.8100000000000002,0.804,1.158,1.262,0.09642857142857145,0.11166666666666668
1216316,2025-04-05,ELC,2024,Oxford United,Sheffield Utd,0.974,1.374,1.4460000000000002,1.338,0.08116666666666666,0.14020408163265308
1216317,2025-04-05,ELC,2024,Plymouth,Norwich,1.288,1.466,1.3519999999999999,0.9339999999999999,0.1288,0.11276923076923077
1208323,2025-04-05,PL,2024,Aston Villa,Nottingham Forest,1.566,1.3679999999999999,1.378,1.7580000000000002,0.10726027397260274,0.10523076923076922
1208327,2025-04-06,PL,2024,Fulham,Liverpool,1.256,1.9560000000000002,0.906,0.914,0.08845070422535212,0.11241379310344829
1208331,2025-04-06,PL,2024,Tottenham,Southampton,1.4140000000000001,0.9040000000000001,1.97,2.7399999999999998,0.09684931506849316,0.10044444444444446
1208324,2025-04-06,PL,2024,Brentford,Chelsea,1.512,1.246,1.816,1.6199999999999999,0.10216216216216217,0.11124999999999999
1208330,2025-04-06,PL,2024,Manchester United,Manchester City,1.652,1.7839999999999996,1.8240000000000003,1.2220000000000002,0.118,0.12563380281690137
1208329,2025-04-07,PL,2024,Leicester,Newcastle,0.804,1.4980000000000004,1.538,1.204,0.07444444444444445,0.1628260869565218
1216330,2025-04-08,ELC,2024,Watford,Hull City,1.41,0.608,0.962,1.21,0.12589285714285714,0.095
1216324,2025-04-08,ELC,2024,Bristol City,West Brom,1.576,0.998,1.1340000000000001,1.218,0.10368421052631578,0.10395833333333333
1216327,2025-04-08,ELC,2024,Preston,Cardiff,1.248,0.844,0.96,1.194,0.10229508196721313,0.08115384615384615
1216328,2025-04-08,ELC,2024,Sheffield Utd,Millwall,1.6179999999999999,0.89,1.0899999999999999,1.276,0.11897058823529412,0.11125
1216323,2025-04-08,ELC,2024,Blackburn,Sheffield Wednesday,1.168,1.202,0.8140000000000001,1.0219999999999998,0.10618181818181818,0.11557692307692308
1216332,2025-04-08,ELC,2024,Derby,Burnley,0.986,1.3479999999999999,1.06,0.938,0.10955555555555554,0.10870967741935483
1216326,2025-04-08,ELC,2024,Norwich,Sunderland,1.512,0.8540000000000001,1.238,1.7939999999999998,0.12393442622950819,0.09930232558139536
1216329,2025-04-08,ELC,2024,Stoke City,Luton,1.1380000000000001,0.584,0.93,1.5699999999999998,0.12106382978723405,0.08588235294117647
1216325,2025-04-08,ELC,2024,Middlesbrough,Leeds,1.3579999999999999,1.7459999999999998,1.262,0.8300000000000001,0.08180722891566264,0.12652173913043477
1216334,2025-04-09,ELC,2024,Swansea,Plymouth,0.8059999999999998,0.45200000000000007,0.812,1.9600000000000002,0.10333333333333332,0.08692307692307694
1216333,2025-04-09,ELC,2024,Oxford United,QPR,1.02,0.836,1.56,1.342,0.08947368421052632,0.08530612244897959
1216331,2025-04-09,ELC,2024,Coventry,Portsmouth,1.6960000000000002,1.3439999999999999,1.208,1.418,0.11157894736842106,0.13176470588235292
1216335,2025-04-11,ELC,2024,Burnley,Norwich,1.798,1.67,0.5239999999999999,1.04,0.14737704918032787,0.1176056338028169
1208338,2025-04-12,PL,2024,Manchester City,Crystal Palace,1.8020000000000003,1.582,1.02,0.7620000000000001,0.12690140845070425,0.15509803921568627
1216338,2025-04-12,ELC,2024,Leeds,Preston,2.316,0.6699999999999999,0.702,1.342,0.11816326530612245,0.07790697674418604
1216341,2025-04-12,ELC,2024,Plymouth,Sheffield Utd,1.302,1.272,1.186,1.254,0.13019999999999998,0.1272
1208341,2025-04-12,PL,2024,Southampton,Aston Villa,0.7120000000000001,0.8880000000000001,1.8679999999999999,1.8,0.07574468085106384,0.10090909090909092
1208335,2025-04-12,PL,2024,Brighton,Leicester,1.4020000000000001,0.48600000000000004,1.0,1.7700000000000002,0.11683333333333334,0.0675
1208340,2025-04-12,PL,2024,Nottingham Forest,Everton,1.4140000000000001,1.052,1.05,1.218,0.13862745098039217,0.11688888888888889
1216336,2025-04-12,ELC,2024,Cardiff,Stoke City,1.182,1.458,0.834,1.3820000000000001,0.10553571428571427,0.16953488372093023
1216340,2025-04-12,ELC,2024,Millwall,Middlesbrough,0.924,1.016,0.8800000000000001,1.5,0.0825,0.09236363636363637
1216346,2025-04-12,ELC,2024,West Brom,Watford,1.364,1.046,0.49800000000000005,1.1300000000000001,0.09216216216216216,0.09175438596491228
1216343,2025-04-12,ELC,2024,QPR,Bristol City,0.976,1.048,1.006,1.36,0.07625,0.09357142857142857
1216344,2025-04-12,ELC,2024,Sheffield Wednesday,Oxford United,1.5619999999999998,0.5720000000000001,0.952,1.8239999999999998,0.10142857142857142,0.08171428571428573
1216345,2025-04-12,ELC,2024,Sunderland,Swansea,1.8259999999999998,1.15,0.6679999999999999,1.168,0.11134146341463413,0.12777777777777777
1216342,2025-04-12,ELC,2024,Portsmouth,Derby,1.124,0.688,0.942,0.756,0.09689655172413793,0.0882051282051282
1216339,2025-04-12,ELC,2024,Luton,Blackburn,1.4940000000000002,0.7000000000000001,0.9340000000000002,1.3199999999999998,0.11149253731343285,0.07954545454545456
1208334,2025-04-12,PL,2024,Arsenal,Brentford,1.34,1.432,0.852,1.1019999999999999,0.08481012658227849,0.11365079365079364
1208342,2025-04-13,PL,2024,Wolves,Tottenham,1.126,1.092,1.178,1.448,0.10236363636363636,0.10111111111111111
1208337,2025-04-13,PL,2024,Liverpool,West Ham,2.1700000000000004,1.1540000000000001,0.6479999999999999,1.184,0.13072289156626507,0.1088679245283019
1208336,2025-04-13,PL,2024,Chelsea,Ipswich,2.05,0.986,0.738,2.05,0.11263736263736264,0.11204545454545455
1208339,2025-04-13,PL,2024,Newcastle,Manchester United,1.598,0.9179999999999999,1.7719999999999998,1.282,0.10653333333333334,0.06557142857142857
1208333,2025-04-14,PL,2024,Bournemouth,Fulham,1.4860000000000002,1.466,1.5,1.29,0.09405063291139241,0.12637931034482758
1216337,2025-04-14,ELC,2024,Hull City,Coventry,1.444,1.69,0.7939999999999998,1.0699999999999998,0.0989041095890411,0.12611940298507462
1208311,2025-04-16,PL,2024,Newcastle,Crystal Palace,1.61,1.582,1.5919999999999999,1.184,0.11338028169014086,0.1582
1216350,2025-04-18,ELC,2024,Derby,Luton,1.0,0.722,1.166,1.396,0.125,0.08022222222222222
1216358,2025-04-18,ELC,2024,Watford,Burnley,1.418,1.348,0.658,0.8720000000000001,0.12016949152542372,0.12035714285714286
1216348,2025-04-18,ELC,2024,Bristol City,Sunderland,1.4180000000000001,0.5860000000000001,1.44,1.6939999999999997,0.0908974358974359,0.07710526315789475
1216354,2025-04-18,ELC,2024,Preston,QPR,1.5699999999999998,0.944,0.9400000000000001,1.176,0.11214285714285714,0.09833333333333333
1216347,2025-04-18,ELC,2024,Blackburn,Millwall,1.154,0.9280000000000002,0.8139999999999998,1.344,0.10886792452830188,0.12210526315789476
1216351,2025-04-18,ELC,2024,Middlesbrough,Plymouth,1.32,0.38,1.0539999999999998,2.072,0.07500000000000001,0.076
1216352,2025-04-18,ELC,2024,Norwich,Portsmouth,1.532,0.93,1.182,1.4899999999999998,0.1255737704918033,0.10333333333333335
1216356,2025-04-18,ELC,2024,Stoke City,Sheffield Wednesday,1.032,1.2079999999999997,0.9560000000000001,1.3059999999999998,0.10530612244897959,0.11843137254901959
1216357,2025-04-18,ELC,2024,Swansea,Hull City,1.324,0.55,0.744,1.1099999999999999,0.1249056603773585,0.06875
1216349,2025-04-18,ELC,2024,Coventry,West Brom,1.706,0.9819999999999999,1.238,1.012,0.10402439024390243,0.09819999999999998
1216355,2025-04-18,ELC,2024,Sheffield Utd,Cardiff,1.486,0.8320000000000001,0.9440000000000002,1.2600000000000002,0.09906666666666666,0.07703703703703704
1216353,2025-04-18,ELC,2024,Oxford United,Leeds,0.938,1.518,1.72,0.938,0.09571428571428571,0.14055555555555554
1208346,2025-04-19,PL,2024,Everton,Manchester City,1.482,1.4620000000000002,0.796,0.9099999999999999,0.1482,0.12389830508474577
1208352,2025-04-19,PL,2024,West Ham,Southampton,0.768,0.8039999999999999,1.374,2.4800000000000004,0.08347826086956522,0.09136363636363636
1208345,2025-04-19,PL,2024,Crystal Palace,Bournemouth,2.194,1.848,1.068,1.2440000000000002,0.13886075949367088,0.1155
1208344,2025-04-19,PL,2024,Brentford,Brighton,1.254,1.964,1.6420000000000001,1.468,0.09646153846153846,0.16366666666666668
1208343,2025-04-19,PL,2024,Aston Villa,Newcastle,1.8599999999999999,1.6640000000000001,1.5919999999999999,1.112,0.12077922077922076,0.17333333333333334
1208350,2025-04-20,PL,2024,Manchester United,Wolves,1.15,1.486,1.614,1.52,0.09583333333333334,0.1143076923076923
1208347,2025-04-20,PL,2024,Fulham,Chelsea,0.9560000000000001,1.2439999999999998,0.8879999999999999,1.64,0.07029411764705883,0.10032258064516127
1208348,2025-04-20,PL,2024,Ipswich,Arsenal,0.9,1.356,1.996,0.7939999999999999,0.07894736842105263,0.1059375
1208349,2025-04-20,PL,2024,Leicester,Liverpool,0.56,1.57,1.83,0.9179999999999999,0.07,0.12265625000000001
1216360,2025-04-21,ELC,2024,Cardiff,Oxford United,1.1480000000000001,0.7440000000000001,0.8219999999999998,1.85,0.09728813559322035,0.08857142857142859
1216364,2025-04-21,ELC,2024,Millwall,Norwich,1.128,1.434,0.8600000000000001,1.0859999999999999,0.09096774193548386,0.10701492537313433
1216370,2025-04-21,ELC,2024,West Brom,Derby,1.48,0.7539999999999999,0.5519999999999999,0.982,0.10422535211267606,0.08767441860465115
1216362,2025-04-21,ELC,2024,Leeds,Stoke City,1.8760000000000001,1.5939999999999999,0.758,1.3980000000000001,0.1053932584269663,0.1594
1216361,2025-04-21,ELC,2024,Hull City,Preston,1.286,0.538,0.7899999999999999,1.904,0.10716666666666666,0.07078947368421053
1216367,2025-04-21,ELC,2024,QPR,Swansea,1.082,0.9800000000000001,0.8720000000000001,1.0939999999999999,0.09016666666666667,0.1088888888888889
1216368,2025-04-21,ELC,2024,Sheffield Wednesday,Middlesbrough,1.202,0.884,1.088,1.3599999999999999,0.08013333333333333,0.08036363636363636
1216369,2025-04-21,ELC,2024,Sunderland,Blackburn,1.7120000000000002,0.646,0.7859999999999999,1.3599999999999999,0.10567901234567902,0.0769047619047619
1216366,2025-04-21,ELC,2024,Portsmouth,Watford,1.184,0.9260000000000002,1.036,0.76,0.10962962962962963,0.0759016393442623
1216365,2025-04-21,ELC,2024,Plymouth,Coventry,0.9560000000000001,1.4380000000000002,1.144,1.204,0.10622222222222223,0.11061538461538462
1216363,2025-04-21,ELC,2024,Luton,Bristol City,1.316,1.1179999999999999,0.5860000000000001,1.52,0.09267605633802817,0.10351851851851851
1216359,2025-04-21,ELC,2024,Burnley,Sheffield Utd,1.6939999999999997,1.216,0.732,1.248,0.15981132075471696,0.11692307692307692
1208351,2025-04-21,PL,2024,Tottenham,Nottingham Forest,1.65,1.238,1.6880000000000002,2.0460000000000003,0.11301369863013698,0.0847945205479452
1208358,2025-04-22,PL,2024,Manchester City,Aston Villa,2.064,1.286,1.024,1.5959999999999999,0.13402597402597402,0.10540983606557376
1208354,2025-04-23,PL,2024,Arsenal,Crystal Palace,1.2659999999999998,1.718,0.692,1.4360000000000002,0.08439999999999999,0.17530612244897958
1216382,2025-04-25,ELC,2024,Stoke City,Sheffield Utd,0.994,0.9479999999999998,0.728,1.33,0.10574468085106382,0.08618181818181817
1208356,2025-04-26,PL,2024,Chelsea,Everton,1.874,1.1540000000000001,0.78,1.1760000000000002,0.08839622641509434,0.10490909090909092
1216380,2025-04-26,ELC,2024,QPR,Burnley,0.9659999999999999,1.54,1.182,1.034,0.08944444444444442,0.12622950819672132
1216375,2025-04-26,ELC,2024,Luton,Coventry,1.2420000000000002,1.518,0.674,1.388,0.08871428571428573,0.11328358208955223
1208359,2025-04-26,PL,2024,Newcastle,Ipswich,1.7600000000000002,1.1039999999999999,1.54,2.1079999999999997,0.12222222222222223,0.10222222222222221
1208362,2025-04-26,PL,2024,Wolves,Leicester,1.456,0.47400000000000003,1.3699999999999999,2.3440000000000003,0.12338983050847456,0.06076923076923077
1208361,2025-04-26,PL,2024,Southampton,Fulham,0.622,1.2420000000000002,1.888,1.488,0.07404761904761904,0.11716981132075473
1208355,2025-04-26,PL,2024,Brighton,West Ham,2.0380000000000003,1.192,1.1300000000000001,1.3699999999999999,0.1567692307692308,0.1192
1216372,2025-04-26,ELC,2024,Cardiff,West Brom,1.252,1.066,0.792,1.1,0.09936507936507936,0.1066
1216377,2025-04-26,ELC,2024,Millwall,Swansea,1.3439999999999999,1.2280000000000002,0.8400000000000001,0.974,0.10029850746268656,0.12791666666666668
1216379,2025-04-26,ELC,2024,Preston,Plymouth,1.44,0.746,1.154,2.32,0.11428571428571427,0.09097560975609756
1216373,2025-04-26,ELC,2024,Hull City,Derby,1.6199999999999999,0.818,0.7140000000000001,0.9860000000000001,0.1265625,0.0997560975609756
1216371,2025-04-26,ELC,2024,Blackburn,Watford,1.068,0.742,0.9040000000000001,1.216,0.10075471698113207,0.06508771929824561
1216376,2025-04-26,ELC,2024,Middlesbrough,Norwich,1.734,1.22,1.158,1.3159999999999998,0.08938144329896908,0.10892857142857142
1216381,2025-04-26,ELC,2024,Sheffield Wednesday,Portsmouth,1.6019999999999999,1.074,1.21,1.44,0.1026923076923077,0.09944444444444445
1216378,2025-04-26,ELC,2024,Oxford United,Sunderland,0.742,0.5599999999999999,1.6880000000000002,1.704,0.07729166666666666,0.07777777777777778
1208353,2025-04-27,PL,2024,Bournemouth,Manchester United,1.44,1.012,1.518,1.582,0.096,0.06746666666666666
1208357,2025-04-27,PL,2024,Liverpool,Tottenham,2.13,1.26,0.852,1.536,0.1298780487804878,0.11666666666666667
1216374,2025-04-28,ELC,2024,Leeds,Bristol City,2.1719999999999997,1.038,0.776,1.456,0.12627906976744185,0.09436363636363637
1208360,2025-05-01,PL,2024,Nottingham Forest,Brentford,1.1079999999999999,1.176,1.144,1.0779999999999998,0.1178723404255319,0.1109433962264151
1208371,2025-05-02,PL,2024,Manchester City,Wolves,1.902,1.364,1.2639999999999998,1.1540000000000001,0.118875,0.11366666666666667
1208364,2025-05-03,PL,2024,Aston Villa,Fulham,2.142,1.4140000000000001,1.53,1.464,0.12453488372093022,0.11046875
1216393,2025-05-03,ELC,2024,Watford,Sheffield Wednesday,1.144,1.186,0.9120000000000001,1.224,0.09533333333333333,0.1210204081632653
1216384,2025-05-03,ELC,2024,Burnley,Millwall,1.81,0.722,0.6599999999999999,1.6199999999999999,0.16160714285714287,0.09256410256410257
1216383,2025-05-03,ELC,2024,Bristol City,Preston,1.352,0.552,1.244,2.012,0.08047619047619048,0.058723404255319155
1216394,2025-05-03,ELC,2024,West Brom,Luton,1.116,0.688,0.674,1.262,0.09,0.08
1216390,2025-05-03,ELC,2024,Sheffield Utd,Blackburn,1.542,0.6580000000000001,0.8539999999999999,1.1,0.096375,0.08657894736842106
1216386,2025-05-03,ELC,2024,Derby,Stoke City,1.27,1.3820000000000001,0.7899999999999999,1.5099999999999998,0.14111111111111113,0.14395833333333333
1216387,2025-05-03,ELC,2024,Norwich,Cardiff,1.192,0.712,1.394,1.364,0.10642857142857143,0.06592592592592593
1216392,2025-05-03,ELC,2024,Swansea,Oxford United,1.18,0.704,0.8099999999999999,1.504,0.09999999999999999,0.09025641025641026
1216391,2025-05-03,ELC,2024,Sunderland,QPR,1.6480000000000001,1.0859999999999999,0.6599999999999999,0.984,0.10300000000000001,0.10245283018867923
1216385,2025-05-03,ELC,2024,Coventry,Middlesbrough,1.582,0.8699999999999999,1.2180000000000002,1.8239999999999998,0.10546666666666667,0.07909090909090909
1216389,2025-05-03,ELC,2024,Portsmouth,Hull City,1.4760000000000002,0.618,1.028,1.294,0.11181818181818183,0.06574468085106383
1216388,2025-05-03,ELC,2024,Plymouth,Leeds,1.2559999999999998,1.6280000000000001,1.24,0.7819999999999999,0.1495238095238095,0.17319148936170214
1208369,2025-05-03,PL,2024,Everton,Ipswich,1.1720000000000002,1.05,1.138,2.194,0.13022222222222224,0.09722222222222222
1208370,2025-05-03,PL,2024,Leicester,Southampton,0.52,0.754,1.906,2.2520000000000002,0.07027027027027027,0.07693877551020409
1208363,2025-05-03,PL,2024,Arsenal,Bournemouth,1.302,1.54,0.8920000000000001,1.16,0.0868,0.1013157894736842
1208372,2025-05-04,PL,2024,West Ham,Tottenham,0.8939999999999999,1.18,1.238,1.5799999999999996,0.08764705882352941,0.12040816326530611
1208366,2025-05-04,PL,2024,Brighton,Newcastle,2.016,1.278,1.2759999999999998,1.4119999999999997,0.14823529411764705,0.15585365853658537
1208365,2025-05-04,PL,2024,Brentford,Manchester United,1.544,1.2120000000000002,1.2419999999999998,1.242,0.11028571428571428,0.07214285714285715
1208367,2025-05-04,PL,2024,Chelsea,Liverpool,1.716,1.58,0.6239999999999999,0.6559999999999999,0.09127659574468085,0.10821917808219178
1208368,2025-05-05,PL,2024,Crystal Palace,Nottingham Forest,2.0519999999999996,1.138,0.908,2.136,0.15088235294117644,0.09644067796610169
1374041,2025-05-08,ELC,2024,Bristol City,Sheffield Utd,1.2479999999999998,1.182,1.332,1.1960000000000002,0.08103896103896104,0.0985
1374043,2025-05-09,ELC,2024,Coventry,Sunderland,1.796,0.46799999999999997,1.0799999999999998,1.8,0.11512820512820514,0.0688235294117647
1208374,2025-05-10,PL,2024,Fulham,Everton,0.8720000000000001,1.0500000000000003,1.018,1.008,0.06707692307692308,0.10500000000000002
1208382,2025-05-10,PL,2024,Wolves,Brighton,1.534,1.864,1.5099999999999998,1.6059999999999999,0.1080281690140845,0.1412121212121212
1208380,2025-05-10,PL,2024,Southampton,Manchester City,0.59,1.264,2.132,0.976,0.07763157894736841,0.11703703703703704
1208375,2025-05-10,PL,2024,Ipswich,Brentford,0.818,1.1019999999999999,1.9,1.0939999999999999,0.07716981132075472,0.11019999999999999
1208373,2025-05-10,PL,2024,Bournemouth,Aston Villa,1.23,1.532,1.518,1.488,0.0891304347826087,0.13206896551724137
1208378,2025-05-11,PL,2024,Newcastle,Chelsea,2.18,1.064,1.2479999999999998,1.19,0.12674418604651164,0.08184615384615385
1208377,2025-05-11,PL,2024,Manchester United,West Ham,1.118,1.202,1.278,1.298,0.09016129032258066,0.12520833333333334
1208381,2025-05-11,PL,2024,Tottenham,Crystal Palace,1.8699999999999999,1.56,1.472,1.448,0.11687499999999999,0.14716981132075474
1208379,2025-05-11,PL,2024,Nottingham Forest,Leicester,0.606,0.638,1.226,2.2560000000000002,0.06446808510638298,0.08394736842105263
1208376,2025-05-11,PL,2024,Liverpool,Arsenal,2.254,1.666,0.6439999999999999,0.68,0.11618556701030927,0.10544303797468355
1374042,2025-05-12,ELC,2024,Sheffield Utd,Bristol City,1.7559999999999998,0.686,0.914,1.968,0.10091954022988504,0.07297872340425532
1208384,2025-05-16,PL,2024,Aston Villa,Tottenham,1.85,0.9920000000000002,1.626,1.518,0.13028169014084506,0.10782608695652175
1208387,2025-05-16,PL,2024,Chelsea,Manchester United,1.83,1.4420000000000002,0.6900000000000001,1.42,0.09945652173913044,0.08101123595505619
1208389,2025-05-18,PL,2024,Everton,Southampton,1.092,0.658,1.184,2.2220000000000004,0.12697674418604651,0.06854166666666667
1208392,2025-05-18,PL,2024,West Ham,Nottingham Forest,0.898,1.196,1.06,2.212,0.09163265306122449,0.09492063492063492
1208390,2025-05-18,PL,2024,Leicester,Ipswich,0.756,0.9339999999999999,1.736,2.16,0.084,0.08648148148148148
1208385,2025-05-18,PL,2024,Brentford,Fulham,1.6920000000000002,1.246,1.3820000000000001,1.394,0.13645161290322583,0.09734374999999999
1208383,2025-05-18,PL,2024,Arsenal,Newcastle,1.3419999999999999,1.556,0.8719999999999999,1.17,0.09867647058823528,0.15254901960784314
1208386,2025-05-19,PL,2024,Brighton,Liverpool,1.67,1.666,1.358,1.092,0.1346774193548387,0.10679487179487179
1208391,2025-05-20,PL,2024,Manchester City,Bournemouth,1.902,1.494,1.21,1.286,0.13027397260273973,0.1052112676056338
1208388,2025-05-20,PL,2024,Crystal Palace,Wolves,2.2199999999999998,1.1520000000000001,0.858,0.9520000000000002,0.15633802816901407,0.11520000000000001
1375668,2025-05-24,ELC,2024,Sheffield Utd,Sunderland,1.748,0.6719999999999999,0.72,1.532,0.09711111111111112,0.08842105263157894
1208397,2025-05-25,PL,2024,Manchester United,Aston Villa,1.3400000000000003,1.652,1.1099999999999999,0.7859999999999999,0.1030769230769231,0.14241379310344826
1208398,2025-05-25,PL,2024,Newcastle,Everton,1.9100000000000001,1.0,1.0279999999999998,0.8699999999999999,0.10852272727272728,0.10638297872340426
1208393,2025-05-25,PL,2024,Bournemouth,Leicester,1.266,0.774,1.314,2.2500000000000004,0.08915492957746479,0.1018421052631579
1208394,2025-05-25,PL,2024,Fulham,Manchester City,0.594,1.466,1.158,0.796,0.050338983050847455,0.10041095890410959
1208402,2025-05-25,PL,2024,Wolves,Brentford,1.454,1.08,1.486,1.178,0.11539682539682539,0.10588235294117648
1208396,2025-05-25,PL,2024,Liverpool,Crystal Palace,2.3920000000000003,1.98,1.114,1.544,0.12080808080808082,0.15
1208400,2025-05-25,PL,2024,Southampton,Arsenal,0.584,1.9060000000000001,1.702,1.114,0.08588235294117647,0.11481927710843375
1208401,2025-05-25,PL,2024,Tottenham,Brighton,1.56,2.002,1.846,1.106,0.1181818181818182,0.15888888888888889
1208395,2025-05-25,PL,2024,Ipswich,West Ham,0.6940000000000001,1.3399999999999999,1.9799999999999998,1.5,0.07081632653061225,0.12884615384615383
1208399,2025-05-25,PL,2024,Nottingham Forest,Chelsea,0.7859999999999999,1.094,1.238,1.218,0.07017857142857142,0.08164179104477613
1386551,2025-08-08,ELC,2025,Birmingham,Ipswich,1.356,0.9200000000000002,0.6739999999999999,1.668,0.08805194805194806,0.07796610169491526
1386553,2025-08-09,ELC,2025,Southampton,Wrexham,0.43400000000000005,,2.108,,0.07,
1386554,2025-08-09,ELC,2025,Charlton,Watford,,0.71,,1.298,,0.061206896551724135
1386552,2025-08-09,ELC,2025,Coventry,Hull City,1.5279999999999998,0.8699999999999999,1.284,0.968,0.10760563380281689,0.0820754716981132
1386555,2025-08-09,ELC,2025,West Brom,Blackburn,1.3800000000000001,0.45600000000000007,0.568,1.156,0.08734177215189874,0.07125000000000001
1386557,2025-08-09,ELC,2025,Middlesbrough,Swansea,1.668,1.3279999999999998,1.246,0.986,0.08778947368421053,0.1276923076923077
1386560,2025-08-09,ELC,2025,Norwich,Millwall,1.484,0.884,1.668,1.766,0.11777777777777777,0.1105
1386558,2025-08-09,ELC,2025,QPR,Preston,0.7799999999999999,0.784,1.4940000000000002,2.102,0.08297872340425531,0.0687719298245614
1386556,2025-08-09,ELC,2025,Stoke City,Derby,1.018,0.836,1.042,0.866,0.10387755102040816,0.09952380952380951
1386559,2025-08-09,ELC,2025,Oxford United,Portsmouth,0.8460000000000001,1.074,1.278,1.5999999999999999,0.07690909090909091,0.10959183673469387
1386561,2025-08-09,ELC,2025,Sheffield Utd,Bristol City,1.7119999999999997,0.492,0.626,1.9600000000000002,0.105679012345679,0.07028571428571428
1386562,2025-08-10,ELC,2025,Leicester,Sheffield Wednesday,0.8140000000000001,1.172,1.7139999999999997,1.484,0.08847826086956523,0.11959183673469387
1378969,2025-08-15,PL,2025,Liverpool,Bournemouth,1.996,1.426,1.3960000000000001,1.1099999999999999,0.11741176470588235,0.11883333333333333
1378970,2025-08-16,PL,2025,Aston Villa,Newcastle,1.9939999999999998,1.8820000000000001,1.2279999999999998,0.958,0.12462499999999999,0.1517741935483871
1386568,2025-08-16,ELC,2025,Derby,Coventry,1.122,1.018,0.518,1.6320000000000001,0.116875,0.09788461538461538
1386565,2025-08-16,ELC,2025,Portsmouth,Norwich,1.5000000000000002,1.2359999999999998,1.012,1.238,0.11718750000000001,0.11236363636363635
1386564,2025-08-16,ELC,2025,Wrexham,West Brom,,1.206,,1.126,,0.10049999999999999
1378974,2025-08-16,PL,2025,Tottenham,Burnley,1.7,1.748,1.8700000000000003,0.876,0.1440677966101695,0.13446153846153847
1378971,2025-08-16,PL,2025,Brighton,Fulham,1.8020000000000003,1.264,1.6239999999999999,1.6600000000000001,0.11551282051282054,0.08540540540540541
1378973,2025-08-16,PL,2025,Sunderland,West Ham,1.2720000000000002,1.39,0.6319999999999999,1.448,0.08833333333333335,0.13365384615384615
1386571,2025-08-16,ELC,2025,Watford,QPR,1.15,0.944,1.076,0.9260000000000002,0.08984375,0.09833333333333333
1386566,2025-08-16,ELC,2025,Bristol City,Charlton,1.088,,1.3539999999999999,,0.08,
1386563,2025-08-16,ELC,2025,Millwall,Middlesbrough,1.498,1.088,0.6679999999999999,2.0100000000000002,0.107,0.08119402985074628
1386567,2025-08-16,ELC,2025,Preston,Leicester,1.616,0.8079999999999998,1.22,2.218,0.12825396825396826,0.10631578947368418
1386569,2025-08-16,ELC,2025,Blackburn,Birmingham,1.06,0.8300000000000001,0.8620000000000001,1.0899999999999999,0.10000000000000002,0.07155172413793104
1386573,2025-08-16,ELC,2025,Sheffield Wednesday,Stoke City,1.684,1.0,1.092,1.6260000000000001,0.0967816091954023,0.12195121951219512
1386574,2025-08-16,ELC,2025,Swansea,Sheffield Utd,1.204,1.5080000000000002,1.1179999999999999,0.984,0.10379310344827586,0.11253731343283584
1378975,2025-08-16,PL,2025,Wolves,Manchester City,1.508,1.64,1.4899999999999998,0.7860000000000001,0.10771428571428572,0.10123456790123456
1386572,2025-08-17,ELC,2025,Ipswich,Southampton,0.6119999999999999,0.756,1.8539999999999999,2.2560000000000002,0.06652173913043477,0.08042553191489363
1378976,2025-08-17,PL,2025,Chelsea,Crystal Palace,1.64,2.1580000000000004,0.7300000000000001,1.8699999999999999,0.09879518072289156,0.166
1378972,2025-08-17,PL,2025,Nottingham Forest,Brentford,0.8800000000000001,1.2,1.284,1.052,0.07719298245614035,0.1111111111111111
1386570,2025-08-17,ELC,2025,Hull City,Oxford United,1.1960000000000002,1.0079999999999998,0.726,1.436,0.08794117647058824,0.10956521739130433
1378977,2025-08-17,PL,2025,Manchester United,Arsenal,1.786,2.186,0.9019999999999999,1.158,0.111625,0.1175268817204301
1378978,2025-08-18,PL,2025,Leeds,Everton,2.592,0.95,0.6359999999999999,0.97,0.13787234042553193,0.09693877551020408
1378988,2025-08-22,PL,2025,West Ham,Chelsea,0.8579999999999999,0.852,1.378,0.992,0.07526315789473682,0.07344827586206897
1386580,2025-08-22,ELC,2025,Derby,Bristol City,1.25,0.694,1.018,2.04,0.11363636363636363,0.08675
1378986,2025-08-23,PL,2025,Manchester City,Tottenham,1.8660000000000003,0.898,1.0260000000000002,1.5979999999999999,0.1260810810810811,0.12135135135135136
1386579,2025-08-23,ELC,2025,Hull City,Blackburn,1.25,0.49000000000000005,0.8320000000000001,1.112,0.08561643835616438,0.07903225806451614
1386575,2025-08-23,ELC,2025,Swansea,Watford,1.384,0.5880000000000001,0.8539999999999999,1.432,0.10484848484848484,0.056538461538461544
1386577,2025-08-23,ELC,2025,Charlton,Leicester,,0.9780000000000001,,2.266,,0.09780000000000001
1378980,2025-08-23,PL,2025,Bournemouth,Wolves,1.256,1.034,1.202,1.1600000000000001,0.08486486486486487,0.10551020408163266
1378982,2025-08-23,PL,2025,Burnley,Sunderland,1.714,0.768,0.9139999999999999,1.4819999999999998,0.1452542372881356,0.096
1378981,2025-08-23,PL,2025,Brentford,Aston Villa,1.97,1.4659999999999997,1.3059999999999998,1.21,0.16147540983606556,0.14096153846153844
1386578,2025-08-23,ELC,2025,Southampton,Stoke City,1.16,1.2719999999999998,2.308,1.6940000000000002,0.11599999999999999,0.13249999999999998
1386584,2025-08-23,ELC,2025,Birmingham,Oxford United,1.158,1.114,0.63,1.49,0.09491803278688525,0.12377777777777778
1386581,2025-08-23,ELC,2025,Preston,Ipswich,1.61,0.938,1.2879999999999998,1.52,0.1277777777777778,0.08374999999999999
1386576,2025-08-23,ELC,2025,West Brom,Portsmouth,1.42,1.2,0.6599999999999999,1.37,0.09342105263157895,0.12244897959183673
1386582,2025-08-23,ELC,2025,Sheffield Utd,Millwall,1.8199999999999998,1.262,0.782,1.8079999999999998,0.11973684210526316,0.12372549019607842
1386583,2025-08-23,ELC,2025,Norwich,Middlesbrough,1.394,1.238,1.7,1.638,0.1025,0.08597222222222223
1386586,2025-08-23,ELC,2025,Coventry,QPR,1.5139999999999998,0.836,1.044,1.1059999999999999,0.10093333333333332,0.08038461538461537
1386585,2025-08-23,ELC,2025,Wrexham,Sheffield Wednesday,,0.9099999999999999,,1.6939999999999997,,0.11097560975609756
1378979,2025-08-23,PL,2025,Arsenal,Leeds,1.3159999999999998,1.7719999999999998,1.174,0.748,0.09676470588235293,0.15016949152542372
1378984,2025-08-24,PL,2025,Everton,Brighton,1.2559999999999998,1.6560000000000001,1.3439999999999999,1.486,0.13361702127659572,0.12176470588235296
1378983,2025-08-24,PL,2025,Crystal Palace,Nottingham Forest,1.69,1.23,1.064,1.8560000000000003,0.12803030303030302,0.10982142857142856
1378985,2025-08-24,PL,2025,Fulham,Manchester United,0.8099999999999999,1.3459999999999999,1.498,1.3619999999999999,0.06532258064516129,0.08973333333333333
1378987,2025-08-25,PL,2025,Newcastle,Liverpool,1.8780000000000001,1.6119999999999997,0.9339999999999999,1.3980000000000001,0.1117857142857143,0.10202531645569618
1386587,2025-08-29,ELC,2025,Leicester,Birmingham,1.098,1.008,1.682,1.008,0.08854838709677419,0.1008
1378991,2025-08-30,PL,2025,Chelsea,Fulham,1.7419999999999998,1.218,0.704,1.48,0.09571428571428571,0.08458333333333333
1386595,2025-08-30,ELC,2025,Middlesbrough,Sheffield Utd,1.5059999999999998,1.372,1.0579999999999998,1.034,0.08858823529411763,0.11433333333333334
1386592,2025-08-30,ELC,2025,QPR,Charlton,0.812,,1.388,,0.07807692307692309,
1386594,2025-08-30,ELC,2025,Stoke City,West Brom,0.9540000000000001,1.564,1.012,1.242,0.09000000000000001,0.11171428571428572
1378994,2025-08-30,PL,2025,Manchester United,Burnley,1.786,1.5559999999999998,0.8400000000000001,1.252,0.09706521739130435,0.11611940298507462
1378998,2025-08-30,PL,2025,Wolves,Everton,1.384,0.976,1.716,1.1179999999999999,0.09885714285714285,0.09568627450980392
1378997,2025-08-30,PL,2025,Tottenham,Bournemouth,1.8579999999999999,1.326,1.6179999999999999,1.246,0.14746031746031746,0.12509433962264152
1378996,2025-08-30,PL,2025,Sunderland,Brentford,1.0,1.1720000000000002,0.586,1.1320000000000001,0.08064516129032258,0.1126923076923077
1386596,2025-08-30,ELC,2025,Watford,Southampton,1.4460000000000002,0.834,1.042,1.7600000000000002,0.10041666666666667,0.08019230769230769
1386591,2025-08-30,ELC,2025,Bristol City,Hull City,1.1,0.9059999999999999,1.49,1.056,0.07333333333333333,0.08547169811320754
1386597,2025-08-30,ELC,2025,Ipswich,Derby,0.8560000000000001,0.728,1.7,0.892,0.08734693877551021,0.10111111111111111
1386588,2025-08-30,ELC,2025,Millwall,Wrexham,1.386,,0.726,,0.09899999999999999,
1386593,2025-08-30,ELC,2025,Blackburn,Norwich,1.05,1.096,1.114,1.384,0.105,0.11913043478260871
1386598,2025-08-30,ELC,2025,Sheffield Wednesday,Swansea,1.7259999999999998,1.214,1.2760000000000002,0.9399999999999998,0.0980681818181818,0.1411627906976744
1386589,2025-08-30,ELC,2025,Oxford United,Coventry,1.02,1.518,1.254,1.7600000000000002,0.07846153846153847,0.12864406779661017
1386590,2025-08-30,ELC,2025,Portsmouth,Preston,1.572,0.7939999999999999,1.3539999999999999,1.8679999999999999,0.1173134328358209,0.07490566037735849
1378992,2025-08-30,PL,2025,Leeds,Newcastle,2.8520000000000003,1.888,0.7559999999999999,0.8539999999999999,0.14701030927835054,0.13681159420289854
1378990,2025-08-31,PL,2025,Brighton,Manchester City,1.918,1.9620000000000002,1.5260000000000002,0.752,0.12454545454545454,0.11963414634146342
1378995,2025-08-31,PL,2025,Nottingham Forest,West Ham,1.15,1.234,1.256,1.362,0.09583333333333334,0.11425925925925925
1378993,2025-08-31,PL,2025,Liverpool,Arsenal,2.16,2.124,1.6019999999999999,1.1580000000000001,0.12413793103448277,0.12494117647058825
1378989,2025-08-31,PL,2025,Aston Villa,Crystal Palace,1.5679999999999998,1.9260000000000002,1.0539999999999998,1.4280000000000002,0.11042253521126759,0.14161764705882354
1386603,2025-09-12,ELC,2025,Ipswich,Sheffield Utd,1.278,1.334,1.454,1.0859999999999999,0.10475409836065575,0.11116666666666668
1378999,2025-09-13,PL,2025,Arsenal,Nottingham Forest,1.416,1.1119999999999999,1.01,1.9919999999999998,0.1026086956521739,0.10296296296296295
1386607,2025-09-13,ELC,2025,Preston,Middlesbrough,1.672,1.356,1.0819999999999999,1.7899999999999998,0.14169491525423727,0.09549295774647888
1386601,2025-09-13,ELC,2025,Charlton,Millwall,,1.3780000000000001,,1.6280000000000001,,0.10936507936507937
1386609,2025-09-13,ELC,2025,Oxford United,Leicester,1.0100000000000002,0.776,1.35,1.81,0.07214285714285715,0.09463414634146342
1379007,2025-09-13,PL,2025,Newcastle,Wolves,1.6400000000000001,1.0539999999999998,0.9280000000000002,1.144,0.10123456790123458,0.1054
1379000,2025-09-13,PL,2025,Bournemouth,Brighton,1.1400000000000001,1.734,1.06,1.4620000000000002,0.0890625,0.13136363636363635
1379005,2025-09-13,PL,2025,Fulham,Leeds,0.9640000000000001,1.532,1.6280000000000001,1.168,0.07774193548387097,0.1473076923076923
1379004,2025-09-13,PL,2025,Everton,Aston Villa,1.376,1.454,1.6640000000000001,1.272,0.15288888888888888,0.11918032786885245
1379003,2025-09-13,PL,2025,Crystal Palace,Sunderland,1.2580000000000002,0.78,0.954,1.5180000000000002,0.11436363636363638,0.09285714285714286
1386606,2025-09-13,ELC,2025,Watford,Blackburn,1.1700000000000002,1.0059999999999998,1.284,1.154,0.09000000000000001,0.1397222222222222
1386602,2025-09-13,ELC,2025,West Brom,Derby,1.1960000000000002,0.8940000000000001,0.8019999999999999,1.424,0.08794117647058824,0.13147058823529414
1386599,2025-09-13,ELC,2025,Sheffield Wednesday,Bristol City,1.6059999999999999,0.6599999999999999,1.4120000000000001,1.7720000000000002,0.09792682926829267,0.07173913043478261
1386605,2025-09-13,ELC,2025,Stoke City,Birmingham,0.8380000000000001,0.99,1.036,0.776,0.07618181818181818,0.10312500000000001
1386600,2025-09-13,ELC,2025,Swansea,Hull City,1.47,1.3,0.806,1.544,0.09932432432432432,0.1
1386608,2025-09-13,ELC,2025,Coventry,Norwich,1.472,1.286,0.968,1.418,0.09435897435897435,0.12365384615384614
1386610,2025-09-13,ELC,2025,Wrexham,QPR,,0.85,,1.0539999999999998,,0.08018867924528301
1379008,2025-09-13,PL,2025,West Ham,Tottenham,0.86,0.9620000000000001,1.6460000000000001,1.69,0.07166666666666667,0.11731707317073171
1379001,2025-09-13,PL,2025,Brentford,Chelsea,2.0460000000000003,1.33,1.28,0.984,0.1794736842105263,0.10725806451612904
1386604,2025-09-14,ELC,2025,Southampton,Portsmouth,1.616,1.262,2.0020000000000002,1.228,0.13245901639344262,0.12372549019607844
1379002,2025-09-14,PL,2025,Burnley,Liverpool,1.6280000000000001,1.6079999999999999,0.952,1.464,0.1403448275862069,0.10578947368421052
1379006,2025-09-14,PL,2025,Manchester City,Manchester United,1.7280000000000002,1.346,1.2340000000000002,1.6179999999999999,0.13090909090909092,0.1085483870967742
1386618,2025-09-19,ELC,2025,Middlesbrough,West Brom,1.2439999999999998,1.452,0.8560000000000001,1.238,0.08184210526315788,0.11
1379014,2025-09-20,PL,2025,Liverpool,Everton,1.908,1.0899999999999999,1.4000000000000001,1.2360000000000002,0.11777777777777777,0.11354166666666665
1386611,2025-09-20,ELC,2025,Leicester,Coventry,1.114,1.6300000000000001,1.192,1.64,0.09283333333333334,0.12936507936507938
1386616,2025-09-20,ELC,2025,Birmingham,Swansea,1.204,1.0779999999999998,0.6599999999999999,0.6740000000000002,0.0912121212121212,0.1056862745098039
1386621,2025-09-20,ELC,2025,QPR,Stoke City,0.99,1.0879999999999999,1.438,2.1060000000000003,0.09166666666666667,0.12088888888888888
1379018,2025-09-20,PL,2025,Wolves,Leeds,1.1280000000000001,1.376,1.7099999999999997,1.158,0.08173913043478262,0.1274074074074074
1379012,2025-09-20,PL,2025,Burnley,Nottingham Forest,1.274,0.8560000000000001,1.4240000000000002,1.754,0.13553191489361702,0.10700000000000001
1379017,2025-09-20,PL,2025,West Ham,Crystal Palace,0.842,2.056,1.48,1.3479999999999999,0.07258620689655172,0.1631746031746032
1379011,2025-09-20,PL,2025,Brighton,Tottenham,1.5939999999999999,0.8280000000000001,1.5939999999999999,1.3319999999999999,0.11720588235294117,0.0940909090909091
1386614,2025-09-20,ELC,2025,Sheffield Utd,Charlton,1.78,,0.8960000000000001,,0.11866666666666667,
1386619,2025-09-20,ELC,2025,Hull City,Southampton,1.218,0.9879999999999999,1.3,1.446,0.0908955223880597,0.09499999999999999
1386622,2025-09-20,ELC,2025,Derby,Preston,1.212,0.9359999999999999,1.1099999999999999,2.052,0.11433962264150943,0.07672131147540984
1386617,2025-09-20,ELC,2025,Norwich,Wrexham,1.436,,1.7579999999999998,,0.09835616438356164,
1386615,2025-09-20,ELC,2025,Portsmouth,Sheffield Wednesday,1.8259999999999998,1.358,1.4659999999999997,1.61,0.12337837837837837,0.12811320754716982
1379015,2025-09-20,PL,2025,Manchester United,Chelsea,2.3299999999999996,1.334,0.982,1.034,0.11095238095238094,0.11701754385964912
1379013,2025-09-20,PL,2025,Fulham,Brentford,0.986,1.364,1.486,1.248,0.08963636363636363,0.12178571428571429
1379010,2025-09-21,PL,2025,Bournemouth,Newcastle,1.1380000000000001,1.324,0.9700000000000001,0.8960000000000001,0.08753846153846155,0.10852459016393443
1379016,2025-09-21,PL,2025,Sunderland,Aston Villa,0.868,0.9560000000000001,0.6619999999999999,1.626,0.07114754098360655,0.11116279069767443
1386613,2025-09-21,ELC,2025,Bristol City,Oxford United,1.668,0.9,1.6320000000000001,1.3399999999999999,0.09065217391304348,0.10714285714285714
1379009,2025-09-21,PL,2025,Arsenal,Manchester City,1.5919999999999999,2.232,1.0020000000000002,1.028,0.11211267605633801,0.13129411764705884
1386612,2025-09-22,ELC,2025,Millwall,Watford,1.4779999999999998,0.6140000000000001,0.71,1.434,0.09597402597402596,0.057924528301886796
1386627,2025-09-26,ELC,2025,West Brom,Leicester,1.202,0.7140000000000001,0.6779999999999999,1.826,0.07907894736842105,0.08707317073170733
1379020,2025-09-27,PL,2025,Brentford,Manchester United,2.096,1.5059999999999998,1.284,1.7100000000000002,0.19054545454545455,0.11584615384615383
1386629,2025-09-27,ELC,2025,Swansea,Millwall,1.1159999999999999,1.48,1.016,1.422,0.08584615384615384,0.10422535211267604
1386632,2025-09-27,ELC,2025,Coventry,Birmingham,1.9759999999999998,0.9760000000000002,0.8299999999999998,0.584,0.10291666666666666,0.11090909090909093
1386633,2025-09-27,ELC,2025,Wrexham,Derby,1.7766666666666666,0.6719999999999999,2.1566666666666667,1.2900000000000003,0.11340425531914894,0.12
1379021,2025-09-27,PL,2025,Chelsea,Brighton,1.7579999999999998,1.658,0.6940000000000001,1.6319999999999997,0.12557142857142856,0.13590163934426228
1379025,2025-09-27,PL,2025,Manchester City,Burnley,1.492,1.4700000000000002,1.1740000000000002,1.6780000000000002,0.12862068965517243,0.12250000000000001
1379022,2025-09-27,PL,2025,Crystal Palace,Liverpool,1.4919999999999998,1.8379999999999999,0.826,1.342,0.1222950819672131,0.10325842696629213
1379024,2025-09-27,PL,2025,Leeds,Bournemouth,2.634,1.22,0.45,1.1460000000000001,0.14315217391304347,0.09838709677419354
1386624,2025-09-27,ELC,2025,Watford,Hull City,1.194,1.496,1.448,1.6179999999999999,0.08528571428571428,0.116875
1386625,2025-09-27,ELC,2025,Southampton,Middlesbrough,1.7259999999999998,1.5219999999999998,1.706,1.614,0.13698412698412696,0.10283783783783783
1386626,2025-09-27,ELC,2025,Ipswich,Portsmouth,1.7100000000000002,1.252,1.028,1.168,0.10961538461538463,0.12274509803921568
1386631,2025-09-27,ELC,2025,Preston,Bristol City,1.452,0.798,1.206,1.6640000000000001,0.1396153846153846,0.09279069767441861
1386630,2025-09-27,ELC,2025,Sheffield Wednesday,QPR,1.576,0.86,1.4680000000000002,1.3379999999999999,0.10794520547945205,0.07543859649122807
1386623,2025-09-27,ELC,2025,Stoke City,Norwich,0.8620000000000001,1.044,0.9399999999999998,1.966,0.08132075471698114,0.11863636363636364
1386628,2025-09-27,ELC,2025,Charlton,Blackburn,1.1733333333333333,1.216,0.7466666666666667,1.156,0.07652173913043478,0.13217391304347825
1386634,2025-09-27,ELC,2025,Oxford United,Sheffield Utd,1.31,1.258,1.242,1.144,0.08506493506493508,0.11436363636363636
1379027,2025-09-27,PL,2025,Nottingham Forest,Sunderland,1.1920000000000002,0.7779999999999999,1.468,1.472,0.0977049180327869,0.0884090909090909
1379028,2025-09-27,PL,2025,Tottenham,Wolves,1.472,0.6119999999999999,1.7280000000000002,1.294,0.13381818181818184,0.08499999999999999
1379019,2025-09-28,PL,2025,Aston Villa,Fulham,1.19,1.2079999999999997,1.2879999999999998,1.658,0.08880597014925372,0.08507042253521126
1379026,2025-09-28,PL,2025,Newcastle,Arsenal,1.6420000000000001,1.864,0.6279999999999999,1.044,0.09891566265060242,0.11365853658536586
1379023,2025-09-29,PL,2025,Everton,West Ham,1.5739999999999998,1.418,1.414,1.152,0.13116666666666665,0.12890909090909092
1386635,2025-09-30,ELC,2025,Leicester,Wrexham,1.304,1.2433333333333332,0.76,2.746666666666666,0.09055555555555556,0.13814814814814813
1386637,2025-09-30,ELC,2025,Birmingham,Sheffield Wednesday,1.56,1.3860000000000001,0.752,1.638,0.1012987012987013,0.12157894736842106
1386638,2025-09-30,ELC,2025,Bristol City,Ipswich,1.504,1.002,1.9020000000000004,1.234,0.09766233766233766,0.08637931034482758
1386636,2025-09-30,ELC,2025,Sheffield Utd,Southampton,1.398,1.0740000000000003,0.93,1.69,0.09985714285714285,0.10529411764705884
1386639,2025-09-30,ELC,2025,Hull City,Preston,1.456,1.05,1.29,1.4140000000000001,0.1055072463768116,0.07720588235294118
1386641,2025-09-30,ELC,2025,Blackburn,Swansea,1.35,1.184,1.348,1.022,0.12272727272727273,0.11607843137254902
1386640,2025-09-30,ELC,2025,Middlesbrough,Stoke City,1.21,1.098,0.8320000000000001,2.068,0.08897058823529412,0.13725
1386642,2025-09-30,ELC,2025,Derby,Charlton,1.0959999999999999,0.8566666666666666,1.134,0.92,0.10745098039215685,0.07558823529411764
1386646,2025-10-01,ELC,2025,Millwall,Coventry,1.292,1.488,0.7239999999999999,1.6960000000000002,0.0884931506849315,0.12400000000000001
1386644,2025-10-01,ELC,2025,Norwich,West Brom,1.7399999999999998,1.252,1.8760000000000001,1.3,0.11447368421052631,0.09205882352941176
1386645,2025-10-01,ELC,2025,Portsmouth,Watford,1.8099999999999998,0.578,1.394,1.35,0.10773809523809523,0.058979591836734686
1386643,2025-10-01,ELC,2025,QPR,Oxford United,0.8939999999999999,1.0219999999999998,1.47,1.3800000000000001,0.08127272727272727,0.10872340425531914
1379031,2025-10-03,PL,2025,Bournemouth,Fulham,1.124,0.908,0.49400000000000005,1.754,0.0826470588235294,0.08107142857142857
1386648,2025-10-03,ELC,2025,Wrexham,Birmingham,1.555,0.9300000000000003,1.7774999999999999,0.9400000000000001,0.10912280701754386,0.10813953488372095
1379035,2025-10-04,PL,2025,Leeds,Tottenham,2.296,0.9800000000000001,0.5479999999999999,1.1400000000000001,0.12615384615384614,0.10425531914893618
1386654,2025-10-04,ELC,2025,Hull City,Sheffield Utd,1.356,0.938,1.3679999999999999,1.226,0.10761904761904763,0.09770833333333333
1386653,2025-10-04,ELC,2025,Blackburn,Stoke City,1.1520000000000001,1.2200000000000002,1.254,1.504,0.09931034482758622,0.11509433962264153
1386656,2025-10-04,ELC,2025,Sheffield Wednesday,Coventry,1.1460000000000001,1.826,1.478,1.466,0.09241935483870968,0.14725806451612905
1379036,2025-10-04,PL,2025,Manchester United,Sunderland,2.4339999999999997,0.992,1.018,1.486,0.11701923076923075,0.11022222222222222
1379029,2025-10-04,PL,2025,Arsenal,West Ham,1.5339999999999998,1.402,0.8140000000000001,1.036,0.10802816901408449,0.12298245614035087
1386655,2025-10-04,ELC,2025,Watford,Oxford United,1.548,1.082,1.2280000000000002,1.3359999999999999,0.09675,0.10018518518518518
1386651,2025-10-04,ELC,2025,Bristol City,QPR,1.402,1.014,1.886,1.466,0.0973611111111111,0.08894736842105264
1386647,2025-10-04,ELC,2025,Millwall,West Brom,1.198,1.27,1.3739999999999999,1.392,0.08557142857142858,0.09621212121212121
1386650,2025-10-04,ELC,2025,Preston,Charlton,1.3820000000000001,0.7925,1.3900000000000001,1.1425,0.1382,0.07044444444444445
1386652,2025-10-04,ELC,2025,Derby,Southampton,1.1079999999999999,1.3719999999999999,1.15,1.59,0.10072727272727271,0.12472727272727271
1386657,2025-10-04,ELC,2025,Swansea,Leicester,1.1059999999999999,0.692,1.08,1.8940000000000001,0.09534482758620688,0.07863636363636363
1386649,2025-10-04,ELC,2025,Portsmouth,Middlesbrough,1.3960000000000001,1.1560000000000001,1.64,1.0719999999999998,0.08725000000000001,0.08892307692307692
1379033,2025-10-04,PL,2025,Chelsea,Liverpool,1.9440000000000002,1.752,1.062,1.8719999999999999,0.13315068493150686,0.10814814814814815
1386658,2025-10-05,ELC,2025,Ipswich,Norwich,1.83,1.238,0.924,1.9759999999999998,0.11296296296296297,0.13456521739130434
1379037,2025-10-05,PL,2025,Newcastle,Nottingham Forest,1.1940000000000002,0.9800000000000001,1.016,1.496,0.09045454545454547,0.09245283018867925
1379038,2025-10-05,PL,2025,Wolves,Brighton,1.08,1.828,1.576,1.56,0.08307692307692308,0.1498360655737705
1379034,2025-10-05,PL,2025,Everton,Crystal Palace,1.5380000000000003,2.156,1.2440000000000002,1.244,0.12015625000000002,0.16333333333333336
1379030,2025-10-05,PL,2025,Aston Villa,Burnley,0.96,1.396,1.2719999999999998,1.9,0.09056603773584905,0.11442622950819671
1379032,2025-10-05,PL,2025,Brentford,Manchester City,2.066,1.998,1.4140000000000001,1.024,0.21081632653061225,0.1280769230769231
1386662,2025-10-17,ELC,2025,Middlesbrough,Ipswich,0.736,1.2579999999999998,0.6539999999999999,0.9399999999999998,0.06344827586206897,0.09115942028985506
1379045,2025-10-18,PL,2025,Nottingham Forest,Chelsea,1.348,1.24,1.542,1.3519999999999999,0.09768115942028986,0.12653061224489795
1386659,2025-10-18,ELC,2025,Southampton,Swansea,1.876,0.8539999999999999,1.4,1.084,0.12506666666666666,0.08895833333333332
1386664,2025-10-18,ELC,2025,QPR,Millwall,0.9879999999999999,1.3820000000000001,1.122,1.334,0.0796774193548387,0.09871428571428571
1386668,2025-10-18,ELC,2025,Oxford United,Derby,1.4499999999999997,0.624,0.9719999999999999,1.288,0.08841463414634146,0.11142857142857143
1379040,2025-10-18,PL,2025,Burnley,Leeds,1.2559999999999998,1.27,1.366,1.2879999999999998,0.12313725490196077,0.11545454545454545
1379044,2025-10-18,PL,2025,Manchester City,Everton,1.6800000000000002,1.142,0.9199999999999999,1.24,0.12923076923076923,0.11196078431372548
1379039,2025-10-18,PL,2025,Brighton,Newcastle,1.596,1.152,1.5839999999999999,0.5359999999999999,0.1246875,0.10472727272727272
1379041,2025-10-18,PL,2025,Crystal Palace,Bournemouth,2.002,1.24,1.11,1.44,0.13902777777777778,0.10508474576271187
1379046,2025-10-18,PL,2025,Sunderland,Wolves,0.942,0.792,0.6380000000000001,1.2040000000000002,0.07476190476190477,0.09658536585365854
1386666,2025-10-18,ELC,2025,Birmingham,Hull City,1.552,1.5560000000000003,0.72,1.904,0.09463414634146342,0.12156250000000002
1386661,2025-10-18,ELC,2025,West Brom,Preston,1.3499999999999999,1.128,0.69,1.314,0.0912162162162162,0.08676923076923077
1386667,2025-10-18,ELC,2025,Sheffield Utd,Watford,1.3119999999999998,0.8239999999999998,1.2399999999999998,0.9359999999999999,0.10580645161290322,0.08078431372549018
1386665,2025-10-18,ELC,2025,Norwich,Bristol City,1.8299999999999996,1.248,1.526,1.0699999999999998,0.11296296296296295,0.10576271186440678
1386663,2025-10-18,ELC,2025,Stoke City,Wrexham,1.0219999999999998,1.16,0.9940000000000001,2.3274999999999997,0.07742424242424241,0.1288888888888889
1386660,2025-10-18,ELC,2025,Charlton,Sheffield Wednesday,1.2475,1.2600000000000002,0.6975,1.6939999999999997,0.08048387096774194,0.1188679245283019
1386670,2025-10-18,ELC,2025,Coventry,Blackburn,2.0060000000000002,1.268,0.5740000000000001,1.2879999999999998,0.10784946236559141,0.11962264150943396
1379042,2025-10-18,PL,2025,Fulham,Arsenal,1.138,1.7620000000000005,1.426,1.1320000000000001,0.09031746031746031,0.11294871794871798
1386669,2025-10-18,ELC,2025,Leicester,Portsmouth,1.238,0.8879999999999999,0.836,1.24,0.08364864864864865,0.12333333333333332
1379047,2025-10-19,PL,2025,Tottenham,Aston Villa,1.218,0.776,1.862,1.616,0.14162790697674418,0.08083333333333333
1379043,2025-10-19,PL,2025,Liverpool,Manchester United,1.6320000000000001,1.418,1.448,2.008,0.1217910447761194,0.1312962962962963
1379048,2025-10-20,PL,2025,West Ham,Brentford,0.792,1.226,1.814,1.27,0.07333333333333333,0.11566037735849057
1386678,2025-10-21,ELC,2025,Ipswich,Charlton,2.0420000000000003,0.742,0.8,1.2760000000000002,0.11872093023255816,0.06999999999999999
1386671,2025-10-21,ELC,2025,Millwall,Stoke City,1.032,1.332,1.264,1.582,0.07938461538461539,0.111
1386673,2025-10-21,ELC,2025,Preston,Birmingham,1.2600000000000002,0.9800000000000001,1.338,1.0699999999999998,0.14,0.12564102564102564
1386677,2025-10-21,ELC,2025,Hull City,Leicester,1.366,0.968,1.814,1.938,0.1288679245283019,0.08344827586206896
1386676,2025-10-21,ELC,2025,Blackburn,Sheffield Utd,1.172,0.8879999999999999,1.142,1.27,0.10103448275862068,0.09866666666666665
1386675,2025-10-21,ELC,2025,Derby,Norwich,1.082,1.202,1.312,2.202,0.10403846153846154,0.12520833333333334
1386672,2025-10-21,ELC,2025,Portsmouth,Coventry,1.3359999999999999,2.786,1.384,1.214,0.08675324675324675,0.174125
1386674,2025-10-21,ELC,2025,Bristol City,Southampton,1.598,1.342,1.4280000000000002,1.3160000000000003,0.10113924050632912,0.10822580645161292
1386681,2025-10-22,ELC,2025,Watford,West Brom,1.766,1.06,1.2,1.262,0.09921348314606741,0.08983050847457628
1386679,2025-10-22,ELC,2025,Swansea,QPR,1.24,1.0379999999999998,1.026,1.5939999999999999,0.10508474576271187,0.0865
1386682,2025-10-22,ELC,2025,Wrexham,Oxford United,1.592,0.974,1.6939999999999997,1.6320000000000001,0.11536231884057971,0.08254237288135594
1386680,2025-10-22,ELC,2025,Sheffield Wednesday,Middlesbrough,1.0479999999999998,1.0619999999999998,2.374,0.772,0.09886792452830187,0.09482142857142857
1379055,2025-10-24,PL,2025,Leeds,West Ham,1.9459999999999997,1.1480000000000001,0.5359999999999999,1.144,0.1093258426966292,0.11038461538461539
1386686,2025-10-24,ELC,2025,Preston,Sheffield Utd,1.032,0.998,1.32,1.16,0.1075,0.10395833333333333
1386694,2025-10-25,ELC,2025,Ipswich,West Brom,2.152,0.712,0.9359999999999999,1.0320000000000003,0.10549019607843137,0.06980392156862744
1386684,2025-10-25,ELC,2025,Coventry,Watford,1.8780000000000006,0.9719999999999999,0.51,1.154,0.1009677419354839,0.08836363636363635
1386687,2025-10-25,ELC,2025,Portsmouth,Stoke City,1.1099999999999999,1.008,1.474,1.578,0.07602739726027397,0.08689655172413793
1379057,2025-10-25,PL,2025,Newcastle,Fulham,1.572,0.914,0.938,1.786,0.11391304347826088,0.08017543859649123
1379053,2025-10-25,PL,2025,Chelsea,Sunderland,1.518,0.842,1.242,1.55,0.11161764705882353,0.09790697674418604
1386685,2025-10-25,ELC,2025,Bristol City,Birmingham,1.778,0.7460000000000001,1.672,1.252,0.11397435897435898,0.09325000000000001
1386683,2025-10-25,ELC,2025,Millwall,Leicester,1.2080000000000002,1.08,1.1540000000000001,1.746,0.08753623188405799,0.08709677419354839
1386688,2025-10-25,ELC,2025,Hull City,Charlton,1.2879999999999998,0.836,1.906,1.568,0.14976744186046512,0.06966666666666667
1386690,2025-10-25,ELC,2025,Blackburn,Southampton,1.126,1.6280000000000001,1.2979999999999998,1.3139999999999998,0.09383333333333334,0.12523076923076923
1386691,2025-10-25,ELC,2025,Derby,QPR,0.9860000000000001,1.386,0.8860000000000001,1.27,0.10489361702127661,0.1117741935483871
1386689,2025-10-25,ELC,2025,Middlesbrough,Wrexham,0.974,1.0459999999999998,0.9199999999999999,1.9839999999999995,0.08543859649122808,0.1275609756097561
1386692,2025-10-25,ELC,2025,Sheffield Wednesday,Oxford United,0.8880000000000001,0.8,2.2760000000000002,1.404,0.09061224489795919,0.07407407407407407
1386693,2025-10-25,ELC,2025,Swansea,Norwich,1.06,1.032,1.358,2.04,0.09298245614035089,0.09555555555555556
1379056,2025-10-25,PL,2025,Manchester United,Brighton,2.3560000000000003,1.698,0.8080000000000002,1.4900000000000002,0.118989898989899,0.1195774647887324
1379052,2025-10-25,PL,2025,Brentford,Liverpool,1.6459999999999997,1.932,1.2719999999999998,1.4460000000000002,0.19139534883720927,0.1178048780487805
1379051,2025-10-26,PL,2025,Bournemouth,Nottingham Forest,1.1880000000000002,0.898,0.47400000000000003,1.6740000000000002,0.08608695652173913,0.09760869565217392
1379058,2025-10-26,PL,2025,Wolves,Burnley,1.0100000000000002,1.084,1.4460000000000002,1.922,0.08278688524590165,0.10840000000000001
1379049,2025-10-26,PL,2025,Arsenal,Crystal Palace,1.8039999999999998,1.784,0.7180000000000002,1.514,0.11417721518987341,0.15379310344827585
1379050,2025-10-26,PL,2025,Aston Villa,Manchester City,1.0,1.8039999999999998,1.182,1.144,0.08620689655172414,0.14548387096774193
1379054,2025-10-26,PL,2025,Everton,Tottenham,1.834,0.932,1.38,1.308,0.131,0.09510204081632653
1386706,2025-10-31,ELC,2025,Wrexham,Coventry,1.344,2.62,1.25,1.0539999999999998,0.1033846153846154,0.1658227848101266
1386705,2025-11-01,ELC,2025,Leicester,Blackburn,1.3840000000000001,1.376,0.728,0.962,0.08238095238095239,0.1092063492063492
1386696,2025-11-01,ELC,2025,West Brom,Sheffield Wednesday,1.174,1.284,0.86,1.6940000000000002,0.08267605633802816,0.11068965517241379
1386703,2025-11-01,ELC,2025,Norwich,Hull City,1.3519999999999999,1.33,1.584,2.318,0.09657142857142857,0.0992537313432836
1379062,2025-11-01,PL,2025,Fulham,Wolves,1.068,0.8699999999999999,1.576,1.2040000000000002,0.0988888888888889,0.08529411764705881
1379060,2025-11-01,PL,2025,Burnley,Arsenal,0.938,1.6200000000000003,1.732,0.742,0.10422222222222222,0.10253164556962027
1379059,2025-11-01,PL,2025,Brighton,Leeds,1.6400000000000001,1.43,1.5,1.29,0.1138888888888889,0.11349206349206348
1379061,2025-11-01,PL,2025,Crystal Palace,Brentford,2.378,1.418,1.3739999999999999,1.154,0.1651388888888889,0.11816666666666667
1379065,2025-11-01,PL,2025,Nottingham Forest,Manchester United,1.5580000000000003,1.374,1.666,1.998,0.11803030303030304,0.1321153846153846
1386700,2025-11-01,ELC,2025,Watford,Middlesbrough,1.526,1.1780000000000002,1.226,0.792,0.08384615384615385,0.0934920634920635
1386695,2025-11-01,ELC,2025,Southampton,Preston,2.372,1.1139999999999999,0.9620000000000001,1.196,0.13325842696629212,0.08703124999999999
1386702,2025-11-01,ELC,2025,Birmingham,Portsmouth,1.8739999999999999,0.97,0.9280000000000002,1.238,0.09464646464646465,0.11547619047619047
1386701,2025-11-01,ELC,2025,Sheffield Utd,Derby,1.4419999999999997,0.616,1.316,1.6420000000000001,0.09876712328767122,0.11
1386698,2025-11-01,ELC,2025,QPR,Ipswich,1.2680000000000002,1.4819999999999998,0.9560000000000001,1.2020000000000002,0.08684931506849317,0.10013513513513513
1386699,2025-11-01,ELC,2025,Stoke City,Bristol City,0.9980000000000002,1.566,0.696,0.9199999999999999,0.07338235294117648,0.11347826086956522
1386697,2025-11-01,ELC,2025,Charlton,Swansea,1.31,0.7,0.8859999999999999,1.384,0.08851351351351353,0.08333333333333333
1386704,2025-11-01,ELC,2025,Oxford United,Millwall,1.5619999999999998,1.408,0.9039999999999999,1.256,0.09297619047619048,0.11174603174603173
1379067,2025-11-01,PL,2025,Tottenham,Chelsea,1.232,1.436,1.248,1.5100000000000002,0.1368888888888889,0.1282142857142857
1379063,2025-11-01,PL,2025,Liverpool,Aston Villa,1.704,0.644,1.2,1.6060000000000003,0.11833333333333333,0.0644
1379068,2025-11-02,PL,2025,West Ham,Newcastle,0.6940000000000001,1.068,2.1340000000000003,0.58,0.0694,0.09206896551724138
1379064,2025-11-02,PL,2025,Manchester City,Bournemouth,2.026,1.452,0.9940000000000001,2.044,0.13506666666666664,0.12517241379310345
1379066,2025-11-03,PL,2025,Sunderland,Everton,0.9099999999999999,1.08,0.7460000000000001,1.558,0.08272727272727272,0.12000000000000001
1386707,2025-11-04,ELC,2025,Leicester,Middlesbrough,1.124,1.034,0.986,0.708,0.08144927536231884,0.07833333333333334
1386710,2025-11-04,ELC,2025,Birmingham,Millwall,2.27,1.4739999999999998,0.722,1.174,0.10607476635514018,0.12491525423728812
1386711,2025-11-04,ELC,2025,Bristol City,Blackburn,1.134,1.6159999999999997,1.2899999999999998,0.9720000000000001,0.105,0.12825396825396823
1386714,2025-11-04,ELC,2025,Ipswich,Watford,2.0140000000000002,1.35,0.7180000000000001,1.184,0.10171717171717172,0.11637931034482758
1386712,2025-11-04,ELC,2025,Derby,Hull City,1.226,1.588,0.8099999999999999,2.612,0.11351851851851852,0.11507246376811595
1386713,2025-11-04,ELC,2025,Charlton,West Brom,1.264,0.658,0.884,1.286,0.08657534246575344,0.06714285714285714
1386708,2025-11-04,ELC,2025,Oxford United,Stoke City,1.416,0.8880000000000001,1.1460000000000001,1.426,0.0885,0.07789473684210527
1386709,2025-11-04,ELC,2025,Coventry,Sheffield Utd,1.8539999999999999,1.384,0.9460000000000001,1.256,0.10655172413793103,0.13307692307692306
1386718,2025-11-05,ELC,2025,Preston,Swansea,1.1780000000000002,0.8220000000000001,1.516,1.5,0.09655737704918034,0.08220000000000001
1386716,2025-11-05,ELC,2025,QPR,Southampton,1.3920000000000001,1.6,0.9940000000000001,1.8439999999999999,0.09666666666666668,0.12307692307692308
1386715,2025-11-05,ELC,2025,Sheffield Wednesday,Norwich,1.03,0.8480000000000001,2.212,1.7419999999999998,0.09035087719298246,0.09217391304347826
1386717,2025-11-05,ELC,2025,Portsmouth,Wrexham,1.1600000000000001,0.806,1.4520000000000002,1.31,0.07532467532467534,0.10891891891891893
1386725,2025-11-07,ELC,2025,Watford,Bristol City,1.568,1.5099999999999998,1.022,0.8619999999999999,0.08808988764044944,0.09934210526315788
1379077,2025-11-08,PL,2025,Tottenham,Manchester United,0.8459999999999999,1.538,1.536,2.218,0.09613636363636363,0.11651515151515152
1386721,2025-11-08,ELC,2025,Millwall,Preston,1.158,1.394,1.1960000000000002,1.114,0.10157894736842105,0.10723076923076923
1386727,2025-11-08,ELC,2025,Hull City,Portsmouth,1.4060000000000001,0.774,1.69,1.5879999999999999,0.1406,0.1018421052631579
1386724,2025-11-08,ELC,2025,Blackburn,Derby,1.6800000000000002,0.968,1.232,1.8560000000000003,0.11506849315068493,0.1308108108108108
1379073,2025-11-08,PL,2025,Everton,Fulham,1.636,1.022,1.482,1.6400000000000001,0.11855072463768115,0.09641509433962264
1379078,2025-11-08,PL,2025,West Ham,Burnley,0.818,0.876,1.846,2.284,0.08346938775510204,0.09733333333333333
1386730,2025-11-08,ELC,2025,Southampton,Sheffield Wednesday,1.6499999999999997,1.226,1.034,1.418,0.11458333333333331,0.10946428571428571
1386729,2025-11-08,ELC,2025,West Brom,Oxford United,1.168,0.9219999999999999,0.784,1.3059999999999998,0.08225352112676056,0.07813559322033897
1386719,2025-11-08,ELC,2025,Sheffield Utd,QPR,1.4140000000000001,1.34,1.486,1.35,0.10397058823529412,0.11551724137931035
1386726,2025-11-08,ELC,2025,Middlesbrough,Birmingham,1.0579999999999998,0.7180000000000001,1.036,1.1940000000000002,0.08138461538461537,0.08547619047619048
1386720,2025-11-08,ELC,2025,Norwich,Leicester,1.7239999999999998,1.134,1.51,1.722,0.12314285714285714,0.08338235294117646
1386723,2025-11-08,ELC,2025,Stoke City,Coventry,1.182,2.584,0.8219999999999998,1.128,0.08565217391304349,0.1575609756097561
1386728,2025-11-08,ELC,2025,Swansea,Ipswich,1.01,1.406,1.5100000000000002,1.3539999999999999,0.09181818181818181,0.10651515151515151
1386722,2025-11-08,ELC,2025,Wrexham,Charlton,1.366,1.058,1.028,1.504,0.10194029850746268,0.09120689655172413
1379076,2025-11-08,PL,2025,Sunderland,Arsenal,1.04,1.626,0.852,0.702,0.08524590163934427,0.11955882352941175
1379071,2025-11-08,PL,2025,Chelsea,Wolves,1.532,0.6359999999999999,1.4440000000000002,1.15,0.10493150684931507,0.07227272727272727
1379072,2025-11-09,PL,2025,Crystal Palace,Brighton,2.186,1.474,1.2,1.342,0.16073529411764706,0.11338461538461539
1379070,2025-11-09,PL,2025,Brentford,Newcastle,1.6219999999999999,0.7999999999999999,1.5339999999999998,0.8019999999999999,0.16551020408163264,0.07142857142857142
1379075,2025-11-09,PL,2025,Nottingham Forest,Leeds,1.704,0.914,1.672,1.8059999999999998,0.11671232876712329,0.10627906976744186
1379069,2025-11-09,PL,2025,Aston Villa,Bournemouth,0.884,1.372,1.316,2.18,0.09020408163265306,0.11827586206896552
1379074,2025-11-09,PL,2025,Manchester City,Liverpool,2.162,1.9460000000000002,0.914,1.5559999999999998,0.1385897435897436,0.11865853658536586
1386742,2025-11-21,ELC,2025,Preston,Blackburn,1.1700000000000002,1.342,1.35,0.9719999999999999,0.10086206896551725,0.10323076923076924
1379082,2025-11-22,PL,2025,Burnley,Chelsea,0.5700000000000001,1.954,1.9140000000000001,1.2899999999999998,0.09827586206896552,0.1503076923076923
1386740,2025-11-22,ELC,2025,Bristol City,Swansea,1.002,0.698,1.278,1.552,0.09277777777777778,0.0684313725490196
1386732,2025-11-22,ELC,2025,Charlton,Southampton,1.1640000000000001,1.5219999999999998,1.044,1.748,0.0909375,0.12683333333333333
1386737,2025-11-22,ELC,2025,Coventry,West Brom,1.9920000000000002,0.738,1.0079999999999998,1.32,0.1171764705882353,0.07851063829787235
1379080,2025-11-22,PL,2025,Bournemouth,West Ham,0.9800000000000001,1.062,0.49400000000000005,1.294,0.07903225806451614,0.10411764705882354
1379083,2025-11-22,PL,2025,Fulham,Sunderland,1.09,0.9620000000000001,1.0260000000000002,1.4380000000000002,0.09083333333333334,0.10931818181818183
1379088,2025-11-22,PL,2025,Wolves,Crystal Palace,1.2579999999999998,1.52,1.4460000000000002,1.27,0.10844827586206895,0.13333333333333333
1379085,2025-11-22,PL,2025,Liverpool,Nottingham Forest,1.514,0.5800000000000001,0.9279999999999999,1.564,0.10229729729729731,0.06590909090909092
1379081,2025-11-22,PL,2025,Brighton,Brentford,1.814,1.24,1.1540000000000001,1.0859999999999999,0.14868852459016393,0.1169811320754717
1386736,2025-11-22,ELC,2025,Leicester,Stoke City,1.2920000000000003,1.1079999999999999,1.0579999999999998,1.516,0.0922857142857143,0.08656249999999999
1386739,2025-11-22,ELC,2025,Birmingham,Norwich,2.32,1.166,0.67,1.466,0.11262135922330097,0.106
1386731,2025-11-22,ELC,2025,Ipswich,Wrexham,1.936,0.842,0.7020000000000001,1.2560000000000002,0.10297872340425532,0.10794871794871795
1386735,2025-11-22,ELC,2025,Derby,Watford,1.346,1.3359999999999999,0.8800000000000001,1.436,0.12017857142857144,0.1260377358490566
1386734,2025-11-22,ELC,2025,QPR,Hull City,1.436,1.318,0.962,2.102,0.09324675324675324,0.1156140350877193
1386738,2025-11-22,ELC,2025,Oxford United,Middlesbrough,1.564,0.968,1.236,0.8379999999999999,0.09536585365853659,0.07014492753623189
1386741,2025-11-22,ELC,2025,Portsmouth,Millwall,1.11,1.218,1.384,1.294,0.07816901408450705,0.1323913043478261
1379087,2025-11-22,PL,2025,Newcastle,Manchester City,1.746,1.442,1.012,1.05,0.12471428571428572,0.12016666666666667
1386733,2025-11-23,ELC,2025,Sheffield Wednesday,Sheffield Utd,1.324,1.484,2.288,1.182,0.10030303030303031,0.13999999999999999
1379084,2025-11-23,PL,2025,Leeds,Aston Villa,1.566,0.6479999999999999,0.652,1.254,0.0991139240506329,0.06
1379079,2025-11-23,PL,2025,Arsenal,Tottenham,1.8599999999999999,1.174,0.43600000000000005,1.378,0.12077922077922076,0.11075471698113208
1379086,2025-11-24,PL,2025,Manchester United,Everton,2.024,1.026,0.954,1.548,0.11632183908045979,0.13153846153846155
1386747,2025-11-25,ELC,2025,Watford,Preston,1.6960000000000002,1.3279999999999998,0.8859999999999999,1.1620000000000001,0.0931868131868132,0.11066666666666666
1386746,2025-11-25,ELC,2025,Hull City,Ipswich,1.452,1.428,1.734,1.214,0.1396153846153846,0.102
1386748,2025-11-25,ELC,2025,Middlesbrough,Coventry,0.962,2.6960000000000006,1.188,1.0539999999999998,0.08293103448275861,0.1531818181818182
1386754,2025-11-25,ELC,2025,Norwich,Oxford United,1.5479999999999998,0.768,1.526,1.392,0.12093749999999999,0.0768
1386745,2025-11-25,ELC,2025,Stoke City,Charlton,1.1619999999999997,1.066,0.884,1.8760000000000001,0.08803030303030301,0.09517857142857143
1386749,2025-11-25,ELC,2025,Swansea,Derby,0.8959999999999999,0.8619999999999999,1.462,1.492,0.08145454545454545,0.1306060606060606
1386750,2025-11-25,ELC,2025,Southampton,Leicester,1.338,1.284,0.8960000000000001,1.3619999999999999,0.10136363636363636,0.08675675675675676
1386744,2025-11-26,ELC,2025,Millwall,Sheffield Wednesday,1.3820000000000001,0.8539999999999999,1.1800000000000002,1.3640000000000003,0.1114516129032258,0.09282608695652173
1386743,2025-11-26,ELC,2025,Sheffield Utd,Portsmouth,1.436,0.8440000000000001,1.3359999999999999,1.9419999999999997,0.09702702702702702,0.09813953488372094
1386752,2025-11-26,ELC,2025,Blackburn,QPR,1.514,1.1840000000000002,1.004,1.2280000000000002,0.10971014492753624,0.10571428571428573
1386753,2025-11-26,ELC,2025,Wrexham,Bristol City,1.454,1.5119999999999998,0.9039999999999999,1.0459999999999998,0.11359375,0.10079999999999999
1386751,2025-11-26,ELC,2025,West Brom,Birmingham,1.372,0.8539999999999999,0.7859999999999999,1.2180000000000002,0.08166666666666667,0.08895833333333332
1386761,2025-11-28,ELC,2025,Oxford United,Ipswich,1.25,1.614,1.28,1.1460000000000001,0.08680555555555555,0.11366197183098592
1386760,2025-11-29,ELC,2025,Leicester,Sheffield Utd,1.346,1.8419999999999999,1.25,1.012,0.1140677966101695,0.15879310344827585
1386763,2025-11-29,ELC,2025,Stoke City,Hull City,1.2079999999999997,1.22,0.8160000000000001,2.506,0.08273972602739725,0.122
1386757,2025-11-29,ELC,2025,Portsmouth,Bristol City,1.204,1.4140000000000001,1.0960000000000003,1.0779999999999998,0.0847887323943662,0.08949367088607595
1379094,2025-11-29,PL,2025,Manchester City,Leeds,2.154,1.018,0.8140000000000001,1.7399999999999998,0.13134146341463415,0.1018
1379090,2025-11-29,PL,2025,Brentford,Burnley,1.85,0.9,1.384,2.424,0.16818181818181818,0.09574468085106383
1379096,2025-11-29,PL,2025,Sunderland,Bournemouth,0.9780000000000001,1.3539999999999999,1.122,2.0780000000000003,0.08578947368421054,0.11283333333333333
1386759,2025-11-29,ELC,2025,Millwall,Southampton,1.6060000000000003,2.0439999999999996,0.6,1.702,0.11000000000000001,0.14394366197183098
1386765,2025-11-29,ELC,2025,West Brom,Swansea,1.314,0.6,0.9179999999999999,1.4759999999999998,0.08316455696202532,0.05084745762711865
1386764,2025-11-29,ELC,2025,Middlesbrough,Derby,0.9800000000000001,1.008,1.2899999999999998,1.3880000000000001,0.08166666666666668,0.12
1386755,2025-11-29,ELC,2025,Norwich,QPR,1.3639999999999999,0.9339999999999999,1.4300000000000002,1.1179999999999999,0.10656249999999999,0.08980769230769231
1386766,2025-11-29,ELC,2025,Sheffield Wednesday,Preston,1.1,1.344,2.3080000000000003,1.4340000000000002,0.09649122807017543,0.11200000000000002
1386762,2025-11-29,ELC,2025,Coventry,Charlton,1.7100000000000002,0.982,1.294,1.6580000000000001,0.10555555555555557,0.10020408163265307
1386758,2025-11-29,ELC,2025,Wrexham,Blackburn,1.474,1.298,0.9560000000000001,1.162,0.11166666666666666,0.10301587301587302
1379093,2025-11-29,PL,2025,Everton,Newcastle,1.6039999999999999,0.602,1.076,1.232,0.11138888888888888,0.06688888888888889
1379097,2025-11-29,PL,2025,Tottenham,Fulham,0.5660000000000001,0.95,1.474,1.6320000000000001,0.07447368421052632,0.08796296296296297
1379092,2025-11-30,PL,2025,Crystal Palace,Manchester United,2.1159999999999997,1.338,1.0919999999999999,2.05,0.1511428571428571,0.10967213114754099
1379098,2025-11-30,PL,2025,West Ham,Liverpool,1.276,1.9299999999999997,1.5100000000000002,1.6620000000000001,0.12269230769230768,0.11488095238095236
1379095,2025-11-30,PL,2025,Nottingham Forest,Brighton,1.8479999999999996,1.0659999999999998,1.512,1.172,0.12157894736842104,0.09033898305084745
1379089,2025-11-30,PL,2025,Aston Villa,Wolves,1.1840000000000002,0.578,1.3519999999999999,1.5539999999999998,0.09548387096774195,0.07048780487804877
1379091,2025-11-30,PL,2025,Chelsea,Arsenal,1.874,1.746,1.346,0.48599999999999993,0.12662162162162163,0.11486842105263158
1386756,2025-12-01,ELC,2025,Birmingham,Watford,2.55,1.478,0.64,1.4200000000000002,0.1328125,0.1319642857142857
1379100,2025-12-02,PL,2025,Bournemouth,Everton,1.532,0.908,0.532,1.464,0.10078947368421053,0.12971428571428573
1379103,2025-12-02,PL,2025,Fulham,Manchester City,1.17,1.4460000000000002,0.734,1.386,0.0823943661971831,0.11661290322580646
1386620,2025-12-02,ELC,2025,Blackburn,Ipswich,1.564,1.6779999999999997,1.0959999999999999,1.1179999999999999,0.1221875,0.11337837837837836
1379107,2025-12-02,PL,2025,Newcastle,Tottenham,1.998,0.966,1.372,1.454,0.14478260869565218,0.10977272727272727
1379108,2025-12-03,PL,2025,Wolves,Nottingham Forest,1.504,0.7100000000000001,1.206,1.73,0.1319298245614035,0.07100000000000001
1379099,2025-12-03,PL,2025,Arsenal,Brentford,1.67,1.324,0.41600000000000004,0.9639999999999999,0.10986842105263157,0.1249056603773585
1379102,2025-12-03,PL,2025,Burnley,Crystal Palace,0.458,1.6420000000000001,2.104,1.308,0.07633333333333334,0.14660714285714288
1379101,2025-12-03,PL,2025,Brighton,Aston Villa,1.762,0.7260000000000001,1.384,1.37,0.13553846153846155,0.0711764705882353
1379105,2025-12-03,PL,2025,Liverpool,Sunderland,1.4579999999999997,0.842,0.9040000000000001,1.6700000000000004,0.09592105263157893,0.10794871794871795
1379104,2025-12-03,PL,2025,Leeds,Chelsea,1.498,1.75,0.808,1.232,0.10402777777777777,0.12867647058823528
1379106,2025-12-04,PL,2025,Manchester United,West Ham,2.062,1.08,0.734,1.954,0.11455555555555554,0.12272727272727274
1386772,2025-12-05,ELC,2025,Hull City,Middlesbrough,1.188,1.1220000000000003,1.9120000000000001,0.774,0.1120754716981132,0.06925925925925927
1379109,2025-12-06,PL,2025,Aston Villa,Arsenal,1.1440000000000001,1.9,0.9200000000000002,0.54,0.08800000000000001,0.13013698630136986
1386771,2025-12-06,ELC,2025,Watford,Norwich,1.472,1.158,0.9099999999999999,1.8080000000000003,0.07829787234042553,0.0919047619047619
1386774,2025-12-06,ELC,2025,Derby,Leicester,1.108,1.184,1.0539999999999998,1.516,0.11787234042553192,0.08705882352941176
1379116,2025-12-06,PL,2025,Newcastle,Burnley,2.096,0.85,1.4220000000000002,2.3099999999999996,0.14555555555555555,0.09042553191489362
1379110,2025-12-06,PL,2025,Bournemouth,Chelsea,1.342,1.6920000000000002,0.696,1.504,0.0986764705882353,0.1281818181818182
1379112,2025-12-06,PL,2025,Everton,Nottingham Forest,1.386,0.818,1.35,1.544,0.1117741935483871,0.07436363636363637
1379117,2025-12-06,PL,2025,Tottenham,Brentford,0.7,1.154,1.246,1.0099999999999998,0.07446808510638298,0.11096153846153846
1379115,2025-12-06,PL,2025,Manchester City,Sunderland,2.248,0.852,0.818,1.6059999999999999,0.12919540229885057,0.10142857142857142
1386769,2025-12-06,ELC,2025,Southampton,Birmingham,1.584,1.012,0.796,0.9640000000000001,0.10560000000000001,0.08877192982456142
1386778,2025-12-06,ELC,2025,Bristol City,Millwall,1.1320000000000001,1.1,1.19,1.466,0.10107142857142858,0.14473684210526316
1386770,2025-12-06,ELC,2025,Ipswich,Coventry,1.968,2.2560000000000002,0.5319999999999999,0.998,0.0993939393939394,0.11873684210526317
1386777,2025-12-06,ELC,2025,Preston,Wrexham,1.4260000000000002,0.5900000000000001,1.1320000000000001,1.1260000000000001,0.10803030303030305,0.09833333333333334
1386776,2025-12-06,ELC,2025,Sheffield Utd,Stoke City,1.7740000000000002,1.142,1.198,1.6919999999999997,0.11671052631578949,0.10017543859649122
1386775,2025-12-06,ELC,2025,QPR,West Brom,1.7739999999999998,0.868,0.968,1.45,0.0996629213483146,0.08857142857142856
1386767,2025-12-06,ELC,2025,Swansea,Oxford United,0.7540000000000001,0.858,1.496,1.522,0.07392156862745099,0.0809433962264151
1379114,2025-12-06,PL,2025,Leeds,Liverpool,1.918,1.6480000000000001,0.908,1.6939999999999997,0.12139240506329113,0.12484848484848485
1379111,2025-12-07,PL,2025,Brighton,West Ham,1.746,0.754,1.498,2.168,0.1265217391304348,0.08767441860465117
1379113,2025-12-07,PL,2025,Fulham,Crystal Palace,1.182,1.23,1.01,1.27,0.07576923076923077,0.1160377358490566
1379118,2025-12-08,PL,2025,Wolves,Manchester United,1.464,1.2719999999999998,0.968,1.89,0.14639999999999997,0.10095238095238095
1386783,2025-12-09,ELC,2025,Watford,Sheffield Wednesday,1.198,0.78,1.01,1.506,0.074875,0.08863636363636364
1386784,2025-12-09,ELC,2025,Southampton,West Brom,1.83,1.08,1.1400000000000001,1.6960000000000002,0.11582278481012659,0.10384615384615385
1386779,2025-12-09,ELC,2025,Preston,Coventry,1.35,1.402,1.3039999999999998,1.078,0.09,0.08247058823529411
1386780,2025-12-09,ELC,2025,Sheffield Utd,Norwich,2.08,1.4420000000000002,0.8480000000000001,1.704,0.11954022988505747,0.10924242424242425
1386782,2025-12-09,ELC,2025,Blackburn,Oxford United,1.468,0.8639999999999999,1.036,1.17,0.12032786885245901,0.08639999999999999
1386786,2025-12-09,ELC,2025,Swansea,Portsmouth,0.5640000000000001,0.672,1.448,2.164,0.053207547169811326,0.09081081081081081
1386785,2025-12-09,ELC,2025,Charlton,Middlesbrough,1.152,1.1800000000000002,1.764,0.8859999999999999,0.0929032258064516,0.07468354430379748
1386781,2025-12-09,ELC,2025,QPR,Birmingham,2.02,1.142,1.1900000000000002,1.032,0.1188235294117647,0.08042253521126759
1386790,2025-12-10,ELC,2025,Bristol City,Leicester,1.1779999999999997,1.094,1.288,1.434,0.10155172413793101,0.09945454545454546
1386787,2025-12-10,ELC,2025,Ipswich,Stoke City,1.8979999999999997,1.034,0.574,1.802,0.10544444444444442,0.09754716981132075
1386789,2025-12-10,ELC,2025,Derby,Millwall,1.1219999999999999,1.1179999999999999,1.082,1.486,0.10017857142857142,0.14333333333333334
1386788,2025-12-10,ELC,2025,Hull City,Wrexham,1.306,0.688,1.6659999999999997,1.198,0.12320754716981133,0.11466666666666667
1386801,2025-12-12,ELC,2025,West Brom,Sheffield Utd,1.332,1.5319999999999998,0.772,1.1179999999999999,0.07085106382978723,0.13206896551724137
1386791,2025-12-13,ELC,2025,Norwich,Southampton,1.302,2.072,1.4420000000000002,1.796,0.10015384615384615,0.15014492753623188
1386799,2025-12-13,ELC,2025,Stoke City,Swansea,0.9979999999999999,0.55,0.788,1.7,0.08048387096774193,0.05
1386795,2025-12-13,ELC,2025,Oxford United,Preston,1.27,1.2459999999999998,1.524,1.536,0.08943661971830986,0.11537037037037035
1379124,2025-12-13,PL,2025,Liverpool,Brighton,1.6439999999999997,1.342,0.8880000000000001,1.06,0.09133333333333332,0.09585714285714286
1379122,2025-12-13,PL,2025,Chelsea,Everton,1.5619999999999998,0.8099999999999999,1.3939999999999997,1.342,0.10847222222222222,0.10657894736842105
1386796,2025-12-13,ELC,2025,Leicester,Ipswich,1.328,1.3860000000000001,1.262,1.0260000000000002,0.11448275862068967,0.10191176470588237
1386792,2025-12-13,ELC,2025,Birmingham,Charlton,2.536,1.0059999999999998,0.7620000000000001,1.782,0.14247191011235955,0.10059999999999998
1386797,2025-12-13,ELC,2025,Millwall,Hull City,1.818,1.284,0.756,2.102,0.10951807228915662,0.1284
1386800,2025-12-13,ELC,2025,Middlesbrough,QPR,1.1640000000000001,1.0420000000000003,1.234,1.138,0.08434782608695653,0.0930357142857143
1386794,2025-12-13,ELC,2025,Coventry,Bristol City,1.77,1.27,1.3880000000000001,1.2879999999999998,0.09516129032258064,0.08466666666666667
1386793,2025-12-13,ELC,2025,Portsmouth,Blackburn,1.402,1.376,1.216,1.198,0.09223684210526316,0.10424242424242423
1386798,2025-12-13,ELC,2025,Wrexham,Watford,1.456,1.308,0.8719999999999999,1.448,0.104,0.11678571428571428
1379121,2025-12-13,PL,2025,Burnley,Fulham,0.6220000000000001,0.836,1.6920000000000002,1.334,0.0818421052631579,0.0836
1379119,2025-12-13,PL,2025,Arsenal,Wolves,1.656,0.576,0.446,1.432,0.1104,0.06857142857142857
1379128,2025-12-14,PL,2025,West Ham,Aston Villa,1.214,1.1,1.5,1.396,0.11673076923076922,0.09482758620689655
1379123,2025-12-14,PL,2025,Crystal Palace,Manchester City,2.128,1.512,1.2579999999999998,1.11,0.152,0.1239344262295082
1379126,2025-12-14,PL,2025,Nottingham Forest,Tottenham,1.8800000000000001,0.8579999999999999,1.4280000000000002,1.7420000000000002,0.11190476190476191,0.11289473684210524
1379127,2025-12-14,PL,2025,Sunderland,Newcastle,0.9259999999999999,0.892,1.222,1.2920000000000003,0.0812280701754386,0.0892
1379120,2025-12-14,PL,2025,Brentford,Leeds,2.176,1.168,1.3240000000000003,2.19,0.17548387096774196,0.11918367346938775
1379125,2025-12-15,PL,2025,Manchester United,Bournemouth,1.6960000000000002,1.376,0.6519999999999999,2.296,0.10469135802469136,0.11862068965517242
1386802,2025-12-15,ELC,2025,Sheffield Wednesday,Derby,1.356,1.0639999999999998,1.5079999999999998,1.516,0.113,0.12372093023255813
1386803,2025-12-19,ELC,2025,Swansea,Wrexham,0.6399999999999999,0.836,1.16,1.534,0.05614035087719298,0.12666666666666665
1379136,2025-12-20,PL,2025,Newcastle,Chelsea,2.3280000000000003,1.7899999999999998,1.336,1.42,0.14370370370370372,0.12430555555555554
1386806,2025-12-20,ELC,2025,Southampton,Coventry,1.4040000000000001,1.31,1.3679999999999999,1.01,0.10636363636363637,0.07528735632183908
1386813,2025-12-20,ELC,2025,Preston,Norwich,1.1400000000000001,1.472,1.528,2.0940000000000003,0.0890625,0.11870967741935483
1386809,2025-12-20,ELC,2025,Blackburn,Millwall,1.766,0.9720000000000001,0.868,1.352,0.13584615384615384,0.10565217391304349
1379130,2025-12-20,PL,2025,Bournemouth,Burnley,1.534,1.09,0.852,2.258,0.10957142857142857,0.11595744680851064
1379138,2025-12-20,PL,2025,Wolves,Brentford,1.19,1.092,1.7200000000000002,1.2439999999999998,0.14166666666666666,0.11375
1379135,2025-12-20,PL,2025,Manchester City,West Ham,2.3259999999999996,0.744,0.8780000000000001,2.396,0.13845238095238094,0.08651162790697674
1379131,2025-12-20,PL,2025,Brighton,Sunderland,1.8560000000000003,0.662,1.4819999999999998,1.754,0.11746835443037976,0.08487179487179487
1386807,2025-12-20,ELC,2025,Watford,Stoke City,1.582,1.012,0.9800000000000001,1.6920000000000002,0.09416666666666666,0.103265306122449
1386814,2025-12-20,ELC,2025,Bristol City,Middlesbrough,1.3359999999999999,1.01,1.19,0.798,0.10121212121212121,0.06917808219178082
1386805,2025-12-20,ELC,2025,Ipswich,Sheffield Wednesday,1.6460000000000001,0.792,0.354,1.796,0.10828947368421053,0.09209302325581396
1386812,2025-12-20,ELC,2025,Sheffield Utd,Birmingham,2.2380000000000004,1.0379999999999998,0.882,1.066,0.13011627906976744,0.07984615384615384
1386808,2025-12-20,ELC,2025,Hull City,West Brom,1.46,1.222,1.636,1.718,0.11587301587301586,0.10016393442622949
1386810,2025-12-20,ELC,2025,Derby,Portsmouth,1.1720000000000002,0.6540000000000001,1.042,2.022,0.09606557377049181,0.08175000000000002
1386811,2025-12-20,ELC,2025,QPR,Leicester,1.948,1.136,0.924,1.614,0.12024691358024692,0.11591836734693876
1386804,2025-12-20,ELC,2025,Charlton,Oxford United,0.9099999999999999,0.892,1.798,1.472,0.0875,0.0892
1379137,2025-12-20,PL,2025,Tottenham,Liverpool,0.9620000000000001,1.6019999999999999,1.074,1.412,0.09250000000000001,0.12919354838709676
1379132,2025-12-20,PL,2025,Everton,Arsenal,1.464,1.876,1.218,0.85,0.12,0.13794117647058823
1379134,2025-12-20,PL,2025,Leeds,Crystal Palace,1.8519999999999999,1.098,1.126,1.29,0.12861111111111112,0.11934782608695653
1379129,2025-12-21,PL,2025,Aston Villa,Manchester United,1.3539999999999999,1.704,1.12,1.568,0.09535211267605634,0.11210526315789474
1379133,2025-12-22,PL,2025,Fulham,Nottingham Forest,1.1320000000000001,0.7040000000000001,1.22,1.598,0.07447368421052632,0.07822222222222223
1386815,2025-12-26,ELC,2025,Birmingham,Derby,2.214,1.3419999999999999,0.756,1.1179999999999999,0.13178571428571428,0.12903846153846152
1386820,2025-12-26,ELC,2025,Millwall,Ipswich,1.686,1.436,1.0739999999999998,0.908,0.10670886075949367,0.10405797101449275
1386821,2025-12-26,ELC,2025,Leicester,Watford,1.2159999999999997,1.256,1.3439999999999999,1.266,0.12159999999999999,0.11418181818181819
1386825,2025-12-26,ELC,2025,West Brom,Bristol City,1.534,1.126,0.724,1.5939999999999999,0.08159574468085107,0.08159420289855072
1386824,2025-12-26,ELC,2025,Middlesbrough,Blackburn,1.25,1.292,1.1,1.376,0.08680555555555555,0.10766666666666666
1386816,2025-12-26,ELC,2025,Norwich,Charlton,1.452,0.9440000000000002,1.4540000000000002,1.592,0.10371428571428572,0.1123809523809524
1386826,2025-12-26,ELC,2025,Sheffield Wednesday,Hull City,1.252,1.4599999999999997,1.5219999999999998,1.6959999999999997,0.12038461538461538,0.15869565217391302
1386823,2025-12-26,ELC,2025,Stoke City,Preston,0.968,1.09,0.9199999999999999,1.59,0.08344827586206896,0.12111111111111111
1386822,2025-12-26,ELC,2025,Oxford United,Southampton,1.1500000000000001,2.06,1.596,1.736,0.07565789473684212,0.1537313432835821
1386819,2025-12-26,ELC,2025,Coventry,Swansea,2.016,0.76,1.428,1.1720000000000002,0.1008,0.06031746031746031
1386817,2025-12-26,ELC,2025,Portsmouth,QPR,1.6300000000000001,0.8540000000000001,0.8779999999999999,1.508,0.10316455696202532,0.07907407407407409
1386818,2025-12-26,ELC,2025,Wrexham,Sheffield Utd,1.542,1.536,1.008,1.4220000000000002,0.1028,0.13241379310344828
1379145,2025-12-26,PL,2025,Manchester United,Newcastle,2.008,0.9120000000000001,0.954,1.26,0.10568421052631578,0.08769230769230771
1379146,2025-12-27,PL,2025,Nottingham Forest,Manchester City,2.008,1.5759999999999998,1.1620000000000001,1.308,0.1303896103896104,0.12507936507936507
1379144,2025-12-27,PL,2025,Liverpool,Wolves,1.842,0.422,1.1280000000000001,1.4839999999999998,0.09494845360824743,0.05861111111111111
1379139,2025-12-27,PL,2025,Arsenal,Brighton,1.704,1.266,0.348,1.076,0.10784810126582278,0.08791666666666667
1379141,2025-12-27,PL,2025,Burnley,Everton,0.944,0.876,1.918,1.6019999999999999,0.11238095238095237,0.1095
1379148,2025-12-27,PL,2025,West Ham,Fulham,1.288,1.098,1.1720000000000002,1.6039999999999999,0.11925925925925927,0.12200000000000001
1379140,2025-12-27,PL,2025,Brentford,Bournemouth,1.9160000000000004,1.6,1.2120000000000002,2.6079999999999997,0.16237288135593222,0.13333333333333333
1379142,2025-12-27,PL,2025,Chelsea,Aston Villa,1.64,1.078,1.144,1.394,0.10789473684210525,0.10169811320754718
1379147,2025-12-28,PL,2025,Sunderland,Leeds,0.7779999999999999,1.376,1.114,1.9780000000000002,0.08104166666666666,0.11278688524590162
1379143,2025-12-28,PL,2025,Crystal Palace,Tottenham,1.9200000000000004,0.6799999999999999,1.068,1.9419999999999997,0.13714285714285715,0.10303030303030303
1386832,2025-12-29,ELC,2025,Coventry,Ipswich,2.0140000000000002,1.3239999999999998,1.15,0.8939999999999999,0.09682692307692307,0.08945945945945945
1386834,2025-12-29,ELC,2025,Leicester,Derby,1.0539999999999998,1.0699999999999998,1.2420000000000002,1.282,0.11212765957446807,0.11888888888888888
1386833,2025-12-29,ELC,2025,Millwall,Bristol City,1.4560000000000002,1.07,1.084,1.5099999999999998,0.08987654320987656,0.09067796610169493
1386828,2025-12-29,ELC,2025,West Brom,QPR,1.6199999999999999,0.8719999999999999,0.806,1.28,0.08350515463917525,0.07785714285714285
1386830,2025-12-29,ELC,2025,Middlesbrough,Hull City,1.246,1.42,1.2099999999999997,1.4280000000000002,0.09161764705882354,0.1392156862745098
1386838,2025-12-29,ELC,2025,Norwich,Watford,1.104,1.014,1.1720000000000002,1.09,0.08,0.09218181818181818
1386827,2025-12-29,ELC,2025,Sheffield Wednesday,Blackburn,1.332,1.156,1.6280000000000001,1.278,0.14170212765957446,0.09031249999999999
1386829,2025-12-29,ELC,2025,Stoke City,Sheffield Utd,0.778,1.44,0.834,1.566,0.06593220338983051,0.12203389830508475
1386831,2025-12-29,ELC,2025,Oxford United,Swansea,1.206,0.8619999999999999,1.4,1.246,0.07632911392405063,0.06841269841269841
1386836,2025-12-29,ELC,2025,Portsmouth,Charlton,1.37,0.616,0.792,1.6019999999999999,0.09383561643835617,0.08555555555555555
1386835,2025-12-29,ELC,2025,Wrexham,Preston,1.718,0.76,1.074,1.6960000000000002,0.107375,0.09268292682926829
1386837,2025-12-29,ELC,2025,Birmingham,Southampton,2.1879999999999997,2.014,0.868,1.278,0.12155555555555556,0.13608108108108105
1379151,2025-12-30,PL,2025,Burnley,Newcastle,1.136,0.858,1.5559999999999998,1.332,0.10518518518518517,0.0825
1379158,2025-12-30,PL,2025,West Ham,Brighton,1.4,1.252,1.022,1.58,0.1206896551724138,0.09936507936507936
1379152,2025-12-30,PL,2025,Chelsea,Bournemouth,1.8679999999999999,1.7380000000000002,0.9920000000000002,2.452,0.11974358974358974,0.12069444444444447
1379156,2025-12-30,PL,2025,Nottingham Forest,Everton,1.6480000000000001,0.8780000000000001,1.1179999999999999,1.408,0.11444444444444445,0.08780000000000002
1379155,2025-12-30,PL,2025,Manchester United,Wolves,1.8939999999999997,0.47000000000000003,1.048,1.6620000000000001,0.1052222222222222,0.0810344827586207
1379149,2025-12-30,PL,2025,Arsenal,Aston Villa,1.766,1.252,0.42000000000000004,1.672,0.10768292682926829,0.11178571428571428
1386845,2026-01-01,ELC,2025,Blackburn,Wrexham,1.596,0.772,0.6519999999999999,1.7879999999999998,0.13758620689655174,0.120625
1386843,2026-01-01,ELC,2025,Watford,Birmingham,1.6740000000000002,1.0299999999999998,0.9259999999999998,1.5719999999999998,0.09732558139534885,0.08728813559322034
1386848,2026-01-01,ELC,2025,Southampton,Millwall,1.562,0.606,1.016,1.6960000000000002,0.09886075949367089,0.06733333333333333
1386839,2026-01-01,ELC,2025,Bristol City,Portsmouth,1.4620000000000002,0.51,1.488,1.874,0.09878378378378379,0.07083333333333335
1386849,2026-01-01,ELC,2025,Ipswich,Oxford United,1.786,0.8160000000000001,0.43600000000000005,1.3940000000000001,0.11024691358024691,0.08
1386842,2026-01-01,ELC,2025,Preston,Sheffield Wednesday,1.0539999999999998,0.624,1.134,2.068,0.08783333333333333,0.07428571428571429
1386844,2026-01-01,ELC,2025,Hull City,Stoke City,1.496,0.9359999999999999,1.514,1.5699999999999998,0.1289655172413793,0.104
1386847,2026-01-01,ELC,2025,Derby,Middlesbrough,0.9960000000000001,1.2879999999999998,0.9960000000000001,0.826,0.08163934426229509,0.07402298850574712
1386846,2026-01-01,ELC,2025,QPR,Norwich,1.9899999999999998,1.318,0.9460000000000001,2.2359999999999998,0.1228395061728395,0.1046031746031746
1386840,2026-01-01,ELC,2025,Swansea,West Brom,0.9620000000000001,1.4120000000000001,0.998,1.532,0.06871428571428573,0.11031250000000001
1386850,2026-01-01,ELC,2025,Charlton,Coventry,0.752,1.094,1.592,0.992,0.0709433962264151,0.07103896103896104
1379154,2026-01-01,PL,2025,Liverpool,Leeds,1.6,1.284,1.074,2.0279999999999996,0.08695652173913043,0.1088135593220339
1379153,2026-01-01,PL,2025,Crystal Palace,Fulham,1.326,1.246,0.8380000000000001,1.562,0.102,0.1246
1386841,2026-01-01,ELC,2025,Sheffield Utd,Leicester,2.3660000000000005,1.212,0.582,1.666,0.13000000000000003,0.1317391304347826
1379150,2026-01-01,PL,2025,Brentford,Tottenham,2.508,0.75,1.5859999999999999,1.9,0.18441176470588236,0.1171875
1379157,2026-01-01,PL,2025,Sunderland,Manchester City,0.7879999999999999,1.6959999999999997,1.3820000000000001,1.278,0.08208333333333333,0.12289855072463766
1379159,2026-01-03,PL,2025,Aston Villa,Nottingham Forest,1.43,0.7780000000000001,1.306,1.208,0.1051470588235294,0.07480769230769233
1379168,2026-01-03,PL,2025,Wolves,West Ham,1.332,0.8419999999999999,1.7920000000000003,2.262,0.148,0.09152173913043476
1379161,2026-01-03,PL,2025,Brighton,Burnley,1.9,1.086,1.468,2.308,0.11585365853658537,0.11804347826086958
1379160,2026-01-03,PL,2025,Bournemouth,Arsenal,1.592,1.902,0.752,0.8019999999999999,0.10613333333333333,0.1463076923076923
1386858,2026-01-04,ELC,2025,Birmingham,Coventry,2.148,1.21,1.116,1.114,0.10959183673469387,0.075625
1386852,2026-01-04,ELC,2025,QPR,Sheffield Wednesday,1.8039999999999998,0.6,1.19,2.218,0.12356164383561644,0.06976744186046512
1379164,2026-01-04,PL,2025,Leeds,Manchester United,2.05,1.702,1.332,1.326,0.13486842105263158,0.10772151898734177
1379166,2026-01-04,PL,2025,Newcastle,Crystal Palace,2.1000000000000005,1.1039999999999999,1.52,1.418,0.1418918918918919,0.13799999999999998
1379162,2026-01-04,PL,2025,Everton,Brentford,1.098,0.874,1.312,1.4280000000000002,0.10557692307692308,0.13242424242424242
1379167,2026-01-04,PL,2025,Tottenham,Sunderland,1.0260000000000002,0.7959999999999999,1.1420000000000001,1.6119999999999997,0.09000000000000001,0.08844444444444444
1386859,2026-01-04,ELC,2025,Bristol City,Preston,1.6600000000000001,0.8379999999999999,1.2399999999999998,1.8379999999999999,0.10921052631578948,0.09108695652173912
1386862,2026-01-04,ELC,2025,Millwall,Swansea,1.2180000000000002,0.882,1.1400000000000001,1.2,0.08120000000000001,0.08018181818181819
1386853,2026-01-04,ELC,2025,Blackburn,Charlton,1.5099999999999998,0.656,0.596,1.2580000000000002,0.12177419354838707,0.08
1386851,2026-01-04,ELC,2025,Derby,Wrexham,1.052,0.76,1.01,1.6219999999999999,0.08915254237288135,0.12258064516129032
1386855,2026-01-04,ELC,2025,Middlesbrough,Southampton,1.418,2.15,1.028,1.288,0.08542168674698795,0.13782051282051283
1386860,2026-01-04,ELC,2025,Norwich,Stoke City,1.2340000000000002,0.8280000000000001,0.9259999999999999,1.4759999999999998,0.08814285714285715,0.09627906976744187
1379163,2026-01-04,PL,2025,Fulham,Liverpool,1.3439999999999999,1.3439999999999999,0.9800000000000001,1.426,0.08615384615384615,0.11586206896551723
1379165,2026-01-04,PL,2025,Manchester City,Chelsea,2.27,1.7,0.9120000000000001,1.4120000000000001,0.13841463414634145,0.125
1386861,2026-01-05,ELC,2025,Leicester,West Brom,0.9099999999999999,1.366,1.142,1.44,0.09285714285714286,0.10841269841269842
1379178,2026-01-06,PL,2025,West Ham,Nottingham Forest,1.4620000000000002,0.882,1.5059999999999998,1.41,0.1379245283018868,0.08166666666666667
1379170,2026-01-07,PL,2025,Bournemouth,Tottenham,1.762,0.5780000000000001,0.9039999999999999,1.736,0.11441558441558443,0.085
1379175,2026-01-07,PL,2025,Fulham,Chelsea,1.214,1.334,1.206,1.596,0.09059701492537314,0.10934426229508197
1379174,2026-01-07,PL,2025,Everton,Wolves,0.9279999999999999,0.6540000000000001,1.5,1.552,0.08592592592592592,0.09342857142857144
1379176,2026-01-07,PL,2025,Manchester City,Brighton,2.0300000000000002,1.616,1.138,1.734,0.12530864197530864,0.13032258064516128
1379173,2026-01-07,PL,2025,Crystal Palace,Aston Villa,1.5719999999999998,1.704,1.082,2.0420000000000003,0.11909090909090908,0.14947368421052631
1379171,2026-01-07,PL,2025,Brentford,Sunderland,2.142,0.622,1.2980000000000003,1.668,0.1846551724137931,0.06911111111111111
1379177,2026-01-07,PL,2025,Newcastle,Leeds,2.088,1.3219999999999998,1.354,1.83,0.15352941176470591,0.1139655172413793
1379172,2026-01-07,PL,2025,Burnley,Manchester United,1.27,1.794,1.534,1.12,0.09621212121212121,0.11802631578947369
1379169,2026-01-08,PL,2025,Arsenal,Liverpool,2.19,1.158,0.8640000000000001,1.024,0.11648936170212765,0.1158
1386871,2026-01-16,ELC,2025,West Brom,Middlesbrough,1.594,1.314,0.644,0.79,0.09602409638554217,0.07382022471910113
1379184,2026-01-17,PL,2025,Manchester United,Manchester City,1.8039999999999998,1.908,1.056,1.292,0.09804347826086957,0.14676923076923076
1386868,2026-01-17,ELC,2025,Watford,Millwall,1.7079999999999997,0.8799999999999999,0.852,1.508,0.10289156626506023,0.0830188679245283
1386872,2026-01-17,ELC,2025,Ipswich,Blackburn,1.684,0.986,0.584,1.2679999999999998,0.10023809523809524,0.07951612903225806
1386865,2026-01-17,ELC,2025,Coventry,Leicester,1.7820000000000005,0.9359999999999999,1.194,2.086,0.0918556701030928,0.12315789473684209
1379183,2026-01-17,PL,2025,Liverpool,Burnley,1.778,0.86,1.1300000000000001,2.142,0.09357894736842105,0.1075
1379187,2026-01-17,PL,2025,Tottenham,West Ham,1.242,0.762,0.49400000000000005,2.338,0.0926865671641791,0.0886046511627907
1379181,2026-01-17,PL,2025,Chelsea,Brentford,2.15,1.298,1.358,1.4659999999999997,0.1360759493670886,0.17078947368421052
1379182,2026-01-17,PL,2025,Leeds,Fulham,1.932,1.292,1.518,1.52,0.13054054054054054,0.11745454545454545
1379186,2026-01-17,PL,2025,Sunderland,Crystal Palace,0.72,1.1540000000000001,1.652,1.65,0.08780487804878048,0.13113636363636363
1386873,2026-01-17,ELC,2025,Southampton,Hull City,1.548,1.228,1.152,1.5340000000000003,0.0979746835443038,0.1306382978723404
1386867,2026-01-17,ELC,2025,Preston,Derby,1.294,1.018,1.038,1.2,0.0951470588235294,0.10604166666666666
1386870,2026-01-17,ELC,2025,Sheffield Wednesday,Portsmouth,0.966,0.5479999999999999,1.436,1.554,0.13054054054054054,0.0761111111111111
1386874,2026-01-17,ELC,2025,Stoke City,QPR,0.726,0.77,1.14,1.294,0.06482142857142857,0.08369565217391305
1386869,2026-01-17,ELC,2025,Charlton,Sheffield Utd,0.8579999999999999,1.7560000000000002,1.7600000000000002,1.292,0.07526315789473682,0.1393650793650794
1386863,2026-01-17,ELC,2025,Oxford United,Bristol City,0.9460000000000001,1.108,1.1199999999999999,1.358,0.06391891891891892,0.08523076923076923
1386864,2026-01-17,ELC,2025,Wrexham,Norwich,1.732,1.344,1.126,1.9200000000000004,0.11394736842105263,0.11016393442622952
1379185,2026-01-17,PL,2025,Nottingham Forest,Arsenal,1.5719999999999998,1.6439999999999997,1.146,1.004,0.10342105263157894,0.12646153846153843
1386866,2026-01-17,ELC,2025,Swansea,Birmingham,1.01,0.8699999999999999,0.9359999999999999,1.762,0.06824324324324324,0.08365384615384615
1379188,2026-01-18,PL,2025,Wolves,Newcastle,1.2500000000000002,1.216,1.556,1.2,0.15243902439024393,0.10133333333333333
1379179,2026-01-18,PL,2025,Aston Villa,Everton,1.5859999999999999,0.952,1.2479999999999998,1.474,0.11328571428571428,0.08981132075471698
1379180,2026-01-19,PL,2025,Brighton,Bournemouth,1.576,2.2220000000000004,1.428,2.4699999999999998,0.09493975903614457,0.1371604938271605
1386875,2026-01-20,ELC,2025,Ipswich,Bristol City,1.918,1.0160000000000002,0.708,1.4,0.11695121951219511,0.08758620689655174
1386879,2026-01-20,ELC,2025,Preston,Hull City,1.152,1.1280000000000001,1.144,1.516,0.08727272727272727,0.11750000000000001
1386876,2026-01-20,ELC,2025,West Brom,Norwich,1.634,1.136,0.634,1.3779999999999997,0.09963414634146342,0.10518518518518517
1386877,2026-01-20,ELC,2025,Sheffield Wednesday,Birmingham,0.974,0.8779999999999999,1.312,1.9099999999999997,0.12487179487179488,0.08779999999999999
1386878,2026-01-20,ELC,2025,Swansea,Blackburn,1.204,0.8719999999999999,0.93,1.5,0.07166666666666666,0.07266666666666666
1386883,2026-01-20,ELC,2025,Charlton,Derby,0.8460000000000001,1.16,1.6480000000000001,1.2719999999999998,0.07293103448275863,0.10943396226415095
1386882,2026-01-20,ELC,2025,Oxford United,QPR,1.08,0.644,0.9960000000000001,1.284,0.07297297297297298,0.07488372093023256
1386880,2026-01-20,ELC,2025,Coventry,Millwall,1.818,1.106,1.154,1.298,0.09880434782608695,0.09372881355932204
1386881,2026-01-20,ELC,2025,Wrexham,Leicester,1.704,1.13,0.9940000000000001,2.094,0.10518518518518517,0.12555555555555553
1386885,2026-01-21,ELC,2025,Watford,Portsmouth,1.476,0.6199999999999999,0.97,1.1480000000000001,0.10852941176470587,0.08857142857142856
1386884,2026-01-21,ELC,2025,Southampton,Sheffield Utd,1.652,1.448,1.188,1.448,0.09951807228915663,0.11492063492063492
1386886,2026-01-21,ELC,2025,Stoke City,Middlesbrough,0.744,1.2879999999999998,1.162,0.8960000000000001,0.07018867924528302,0.08151898734177214
1386889,2026-01-23,ELC,2025,Derby,West Brom,1.198,1.262,0.916,1.1480000000000001,0.09507936507936508,0.08763888888888889
1379198,2026-01-24,PL,2025,West Ham,Sunderland,1.048,0.932,1.57,1.884,0.10076923076923078,0.08961538461538462
1386892,2026-01-24,ELC,2025,Millwall,Charlton,1.1139999999999999,0.914,1.2099999999999997,1.284,0.08191176470588235,0.09520833333333334
1386890,2026-01-24,ELC,2025,Middlesbrough,Preston,1.6620000000000001,0.858,0.9720000000000001,1.582,0.08840425531914894,0.089375
1379195,2026-01-24,PL,2025,Fulham,Brighton,1.022,1.7,1.65,2.054,0.08661016949152543,0.13934426229508196
1379192,2026-01-24,PL,2025,Burnley,Tottenham,1.23,0.8140000000000001,1.7,1.6039999999999999,0.09461538461538462,0.08659574468085107
1379196,2026-01-24,PL,2025,Manchester City,Wolves,2.1979999999999995,0.756,1.1780000000000002,1.068,0.12348314606741571,0.08590909090909091
1386893,2026-01-24,ELC,2025,Leicester,Oxford United,0.774,0.842,1.0859999999999999,1.3579999999999999,0.07166666666666667,0.0842
1386896,2026-01-24,ELC,2025,Birmingham,Stoke City,1.6900000000000002,0.966,1.1260000000000001,1.286,0.09285714285714287,0.105
1386898,2026-01-24,ELC,2025,Bristol City,Sheffield Wednesday,1.3379999999999999,0.458,1.268,2.3120000000000003,0.09291666666666666,0.06361111111111112
1386894,2026-01-24,ELC,2025,Sheffield Utd,Ipswich,2.5640000000000005,1.088,0.49400000000000005,0.954,0.15261904761904765,0.07157894736842106
1386891,2026-01-24,ELC,2025,Hull City,Swansea,1.286,0.9039999999999999,1.5859999999999999,1.1800000000000002,0.10716666666666666,0.08862745098039215
1386887,2026-01-24,ELC,2025,Blackburn,Watford,1.5079999999999998,1.0180000000000002,0.7060000000000001,0.892,0.1077142857142857,0.08627118644067798
1386888,2026-01-24,ELC,2025,QPR,Wrexham,1.4999999999999998,0.952,0.986,1.5539999999999998,0.12499999999999999,0.119
1379190,2026-01-24,PL,2025,Bournemouth,Liverpool,1.206,1.0979999999999999,1.0239999999999998,0.8360000000000001,0.10049999999999999,0.1076470588235294
1386895,2026-01-25,ELC,2025,Portsmouth,Southampton,1.2200000000000002,1.448,0.8479999999999999,1.608,0.08840579710144929,0.1019718309859155
1379197,2026-01-25,PL,2025,Newcastle,Aston Villa,2.1279999999999997,1.736,1.234,1.9840000000000004,0.13818181818181816,0.14965517241379309
1379193,2026-01-25,PL,2025,Crystal Palace,Chelsea,1.722,1.468,1.3519999999999999,1.7479999999999998,0.12850746268656715,0.12233333333333334
1379191,2026-01-25,PL,2025,Brentford,Nottingham Forest,2.3200000000000003,0.842,1.5539999999999998,1.214,0.19016393442622953,0.08096153846153846
1379189,2026-01-25,PL,2025,Arsenal,Manchester United,1.918,2.178,0.9119999999999999,0.9840000000000002,0.11151162790697675,0.10782178217821783
1379194,2026-01-26,PL,2025,Everton,Leeds,0.8180000000000002,1.5619999999999998,1.5559999999999998,1.8080000000000003,0.07716981132075473,0.12596774193548385
1386897,2026-01-26,ELC,2025,Norwich,Coventry,1.058,1.1960000000000002,1.174,1.158,0.08396825396825397,0.07766233766233767
1386899,2026-01-30,ELC,2025,Bristol City,Derby,1.562,1.318,1.216,1.144,0.10413333333333334,0.10629032258064516
1386901,2026-01-31,ELC,2025,Leicester,Charlton,0.724,0.8099999999999999,1.2719999999999998,1.592,0.06961538461538462,0.09642857142857142
1386910,2026-01-31,ELC,2025,Sheffield Wednesday,Wrexham,0.5820000000000001,0.768,1.6759999999999997,1.448,0.08558823529411765,0.09142857142857143
1386908,2026-01-31,ELC,2025,Stoke City,Southampton,0.746,1.444,1.17,1.5740000000000003,0.07313725490196078,0.10939393939393939
1379208,2026-01-31,PL,2025,Wolves,Bournemouth,0.95,2.158,1.4900000000000002,2.334,0.12179487179487179,0.134875
1379200,2026-01-31,PL,2025,Brighton,Everton,1.536,1.012,1.3039999999999998,1.42,0.08930232558139535,0.08576271186440677
1379202,2026-01-31,PL,2025,Leeds,Arsenal,1.86,1.682,1.2799999999999998,0.984,0.1256756756756757,0.1334920634920635
1386905,2026-01-31,ELC,2025,Watford,Swansea,1.3800000000000001,1.2579999999999998,0.722,1.194,0.09857142857142857,0.09828124999999999
1386909,2026-01-31,ELC,2025,Ipswich,Preston,1.844,0.75,0.716,1.6600000000000001,0.1110843373493976,0.08333333333333333
1386902,2026-01-31,ELC,2025,Millwall,Sheffield Utd,1.5420000000000003,1.466,0.9979999999999999,1.416,0.11014285714285715,0.11106060606060607
1386907,2026-01-31,ELC,2025,Blackburn,Hull City,1.406,1.204,0.8899999999999999,1.5459999999999998,0.11158730158730158,0.11148148148148147
1386904,2026-01-31,ELC,2025,Middlesbrough,Norwich,1.9,0.9259999999999999,0.8680000000000001,1.39,0.10674157303370786,0.09645833333333333
1386906,2026-01-31,ELC,2025,QPR,Coventry,1.28,1.396,0.7859999999999999,1.1179999999999999,0.1,0.08617283950617283
1386903,2026-01-31,ELC,2025,Oxford United,Birmingham,0.99,1.028,0.7819999999999999,1.5679999999999998,0.07071428571428572,0.10279999999999999
1386900,2026-01-31,ELC,2025,Portsmouth,West Brom,1.2340000000000002,1.204,0.9959999999999999,0.8139999999999998,0.09073529411764707,0.0847887323943662
1379201,2026-01-31,PL,2025,Chelsea,West Ham,1.8060000000000003,1.17,1.6280000000000001,1.864,0.13892307692307693,0.10636363636363635
1379203,2026-01-31,PL,2025,Liverpool,Newcastle,2.028,1.316,0.8940000000000001,0.788,0.09566037735849058,0.0982089552238806
1379204,2026-02-01,PL,2025,Manchester United,Fulham,1.916,1.29,1.104,1.5179999999999998,0.12282051282051282,0.11727272727272728
1379205,2026-02-01,PL,2025,Nottingham Forest,Crystal Palace,1.13,1.022,1.4280000000000002,1.634,0.08308823529411764,0.12775
1379199,2026-02-01,PL,2025,Aston Villa,Brentford,1.534,1.22,1.028,1.54,0.10652777777777778,0.14186046511627906
1379207,2026-02-01,PL,2025,Tottenham,Manchester City,1.394,1.5,0.9059999999999999,1.298,0.08935897435897436,0.13636363636363635
1379206,2026-02-02,PL,2025,Sunderland,Burnley,0.974,0.728,1.392,2.1740000000000004,0.10145833333333333,0.11741935483870966
1386856,2026-02-03,ELC,2025,Sheffield Utd,Oxford United,2.424,1.058,0.8720000000000001,1.22,0.14428571428571427,0.115
1386854,2026-02-03,ELC,2025,Hull City,Watford,1.5459999999999998,1.01,1.518,0.946,0.13101694915254236,0.08559322033898305
1386773,2026-02-03,ELC,2025,Blackburn,Sheffield Wednesday,1.05,0.45999999999999996,1.1400000000000001,2.334,0.09375,0.08214285714285714
1379214,2026-02-06,PL,2025,Leeds,Nottingham Forest,1.332,0.85,1.5259999999999998,1.3940000000000001,0.111,0.08673469387755102
1386912,2026-02-06,ELC,2025,Charlton,QPR,0.89,0.5660000000000001,1.064,1.1800000000000002,0.0780701754385965,0.0628888888888889
1379216,2026-02-07,PL,2025,Manchester United,Tottenham,1.9140000000000001,1.0739999999999998,1.334,1.484,0.12932432432432434,0.09421052631578947
1386914,2026-02-07,ELC,2025,Southampton,Watford,1.4,0.9899999999999999,0.998,0.754,0.0875,0.07857142857142856
1386915,2026-02-07,ELC,2025,Derby,Ipswich,0.9780000000000001,1.142,0.914,1.024,0.09780000000000001,0.0827536231884058
1386921,2026-02-07,ELC,2025,Norwich,Blackburn,1.046,0.89,1.3039999999999998,1.3439999999999999,0.08435483870967743,0.0839622641509434
1379210,2026-02-07,PL,2025,Bournemouth,Aston Villa,1.5759999999999998,1.486,0.9219999999999999,1.9780000000000002,0.11761194029850745,0.12810344827586206
1379213,2026-02-07,PL,2025,Fulham,Everton,1.05,0.9640000000000001,1.534,1.6079999999999999,0.08898305084745763,0.0909433962264151
1379218,2026-02-07,PL,2025,Wolves,Chelsea,1.044,1.7160000000000004,1.614,1.544,0.10235294117647058,0.15321428571428575
1379209,2026-02-07,PL,2025,Arsenal,Sunderland,1.802,0.984,0.984,1.8980000000000001,0.10476744186046512,0.0984
1379212,2026-02-07,PL,2025,Burnley,West Ham,1.328,1.2360000000000002,1.9919999999999998,2.0439999999999996,0.1053968253968254,0.11236363636363637
1386922,2026-02-07,ELC,2025,Birmingham,Leicester,1.8439999999999999,0.9940000000000001,0.9920000000000002,2.024,0.09604166666666665,0.10804347826086957
1386920,2026-02-07,ELC,2025,Preston,Portsmouth,1.056,0.732,1.1760000000000002,0.85,0.08949152542372882,0.08926829268292684
1386913,2026-02-07,ELC,2025,West Brom,Stoke City,1.5560000000000003,0.9840000000000002,0.758,1.206,0.11275362318840582,0.10695652173913045
1386916,2026-02-07,ELC,2025,Hull City,Bristol City,1.3980000000000001,0.8379999999999999,1.4460000000000002,1.322,0.1165,0.08215686274509804
1386918,2026-02-07,ELC,2025,Coventry,Oxford United,1.8699999999999999,0.9879999999999999,1.256,1.2419999999999998,0.11543209876543209,0.12349999999999998
1386917,2026-02-07,ELC,2025,Wrexham,Millwall,1.5899999999999999,1.1460000000000001,0.9100000000000001,1.548,0.09814814814814814,0.0939344262295082
1379217,2026-02-07,PL,2025,Newcastle,Brentford,2.1559999999999997,1.226,1.316,1.666,0.14767123287671233,0.14255813953488372
1386911,2026-02-08,ELC,2025,Swansea,Sheffield Wednesday,1.2,0.43200000000000005,0.8540000000000001,1.9580000000000002,0.07228915662650602,0.08307692307692308
1379211,2026-02-08,PL,2025,Brighton,Crystal Palace,1.3820000000000001,1.284,1.0619999999999998,1.542,0.08530864197530864,0.12588235294117647
1379215,2026-02-08,PL,2025,Liverpool,Manchester City,2.194,1.482,0.884,1.326,0.10969999999999999,0.12559322033898304
1386919,2026-02-09,ELC,2025,Sheffield Utd,Middlesbrough,2.138,1.274,1.03,0.85,0.1406578947368421,0.07494117647058823
1379223,2026-02-10,PL,2025,Everton,Bournemouth,0.76,2.09,1.45,2.354,0.07169811320754717,0.1471830985915493
1379227,2026-02-10,PL,2025,Tottenham,Newcastle,1.432,1.006,1.232,1.046,0.09421052631578947,0.08112903225806452
1379221,2026-02-10,PL,2025,Chelsea,Leeds,2.188,1.5299999999999998,1.5999999999999999,1.3279999999999998,0.16088235294117648,0.11417910447761193
1386929,2026-02-10,ELC,2025,Leicester,Southampton,0.914,1.4,1.296,1.482,0.07370967741935484,0.1076923076923077
1386928,2026-02-10,ELC,2025,Oxford United,Norwich,0.7699999999999999,0.78,0.8879999999999999,0.9099999999999999,0.06874999999999999,0.09069767441860466
1386923,2026-02-10,ELC,2025,Birmingham,West Brom,1.8839999999999997,0.954,0.8280000000000001,1.134,0.10129032258064515,0.08368421052631578
1379228,2026-02-10,PL,2025,West Ham,Manchester United,1.294,2.082,1.456,0.8559999999999999,0.11155172413793105,0.10731958762886598
1379224,2026-02-11,PL,2025,Manchester City,Fulham,1.7499999999999996,1.5879999999999999,0.992,1.704,0.10670731707317072,0.12806451612903225
1379222,2026-02-11,PL,2025,Crystal Palace,Burnley,1.7099999999999997,0.55,1.554,1.802,0.12954545454545452,0.09166666666666666
1379225,2026-02-11,PL,2025,Nottingham Forest,Wolves,1.05,0.78,1.4080000000000001,1.052,0.09051724137931035,0.08478260869565218
1379219,2026-02-11,PL,2025,Aston Villa,Brighton,1.826,1.6179999999999999,1.0059999999999998,2.086,0.11000000000000001,0.14192982456140352
1386933,2026-02-11,ELC,2025,Charlton,Stoke City,1.06,0.9960000000000001,1.0619999999999998,1.0959999999999999,0.0791044776119403,0.10375000000000001
1379226,2026-02-11,PL,2025,Sunderland,Liverpool,0.958,1.036,1.064,1.248,0.0958,0.0925
1379220,2026-02-12,PL,2025,Brentford,Arsenal,2.07,1.8679999999999999,1.52,0.8560000000000001,0.18157894736842103,0.1353623188405797
1386925,2026-02-14,ELC,2025,Preston,Watford,1.112,0.9599999999999997,1.026,0.688,0.09266666666666667,0.07741935483870967
1386930,2026-02-14,ELC,2025,Derby,Swansea,0.954,1.536,1.034,1.284,0.10369565217391304,0.12
1386931,2026-02-14,ELC,2025,QPR,Blackburn,1.2040000000000002,0.798,0.842,1.29,0.09555555555555556,0.083125
1386934,2026-02-14,ELC,2025,Sheffield Wednesday,Millwall,0.6360000000000001,1.092,1.7,1.59,0.08833333333333335,0.0975
1386926,2026-02-14,ELC,2025,Portsmouth,Sheffield Utd,1.454,1.48,0.694,1.2420000000000002,0.09693333333333333,0.11044776119402984
1386927,2026-02-16,ELC,2025,Coventry,Middlesbrough,1.9060000000000001,1.418,1.012,0.974,0.11345238095238097,0.07791208791208791
1386924,2026-02-17,ELC,2025,Bristol City,Wrexham,1.124,0.8540000000000001,1.278,1.0800000000000003,0.09213114754098363,0.09282608695652175
1386768,2026-02-17,ELC,2025,Charlton,Portsmouth,1.3679999999999999,0.8119999999999999,1.04,0.7999999999999999,0.09633802816901409,0.09441860465116278
1379278,2026-02-18,PL,2025,Wolves,Arsenal,1.1740000000000002,1.6039999999999999,1.454,0.726,0.10870370370370372,0.13147540983606557
1386938,2026-02-20,ELC,2025,Blackburn,Preston,0.76,0.866,1.09,1.904,0.07037037037037036,0.09020833333333333
1386935,2026-02-21,ELC,2025,West Brom,Coventry,1.1700000000000002,1.124,0.6060000000000001,1.286,0.09285714285714286,0.08144927536231884
1386939,2026-02-21,ELC,2025,Hull City,QPR,1.186,0.44799999999999995,1.568,0.944,0.11627450980392157,0.04479999999999999
1386937,2026-02-21,ELC,2025,Stoke City,Leicester,0.828,0.716,1.3,1.828,0.0781132075471698,0.0873170731707317
1386946,2026-02-21,ELC,2025,Swansea,Bristol City,1.504,0.958,0.706,1.1460000000000001,0.08355555555555556,0.10191489361702127
1379231,2026-02-21,PL,2025,Chelsea,Burnley,2.374,0.334,1.682,1.8080000000000003,0.1695714285714286,0.05758620689655173
1379230,2026-02-21,PL,2025,Brentford,Brighton,2.228,1.3379999999999999,1.3359999999999999,1.8520000000000003,0.17967741935483872,0.12865384615384615
1379229,2026-02-21,PL,2025,Aston Villa,Leeds,1.538,1.514,0.7220000000000001,1.81,0.09265060240963856,0.1428301886792453
1386940,2026-02-21,ELC,2025,Watford,Derby,1.006,1.3900000000000001,1.1540000000000001,1.1540000000000001,0.07859375,0.10859375
1386936,2026-02-21,ELC,2025,Southampton,Charlton,1.3800000000000003,0.866,0.866,1.7280000000000002,0.08846153846153848,0.0984090909090909
1386942,2026-02-21,ELC,2025,Millwall,Portsmouth,1.666,1.01,0.8360000000000001,0.8019999999999999,0.11410958904109589,0.09901960784313725
1386941,2026-02-21,ELC,2025,Middlesbrough,Oxford United,1.5420000000000003,0.9540000000000001,0.7140000000000001,1.2440000000000002,0.09637500000000002,0.1255263157894737
1386945,2026-02-21,ELC,2025,Norwich,Birmingham,1.08,1.194,0.932,1.3599999999999999,0.09310344827586207,0.10293103448275862
1386943,2026-02-21,ELC,2025,Wrexham,Ipswich,1.6320000000000001,1.3419999999999999,0.8720000000000001,0.96,0.10074074074074074,0.09450704225352112
1379238,2026-02-21,PL,2025,West Ham,Bournemouth,1.31,1.97,1.4360000000000002,2.262,0.1190909090909091,0.14485294117647057
1379234,2026-02-21,PL,2025,Manchester City,Newcastle,1.5400000000000003,1.454,1.134,1.3559999999999999,0.10000000000000002,0.09441558441558441
1386944,2026-02-22,ELC,2025,Sheffield Utd,Sheffield Wednesday,1.734,0.28400000000000003,1.066,1.842,0.12041666666666667,0.0788888888888889
1379232,2026-02-22,PL,2025,Crystal Palace,Wolves,1.6940000000000002,0.788,1.4220000000000002,1.3359999999999999,0.11929577464788733,0.0788
1379235,2026-02-22,PL,2025,Nottingham Forest,Liverpool,1.0959999999999999,1.1600000000000001,1.4260000000000002,1.072,0.07025641025641025,0.09206349206349207
1379236,2026-02-22,PL,2025,Sunderland,Fulham,1.024,1.426,1.5219999999999998,1.486,0.09142857142857143,0.10185714285714285
1379237,2026-02-22,PL,2025,Tottenham,Arsenal,1.366,1.5239999999999998,1.67,0.744,0.0887012987012987,0.13137931034482758
1379233,2026-02-23,PL,2025,Everton,Manchester United,1.1239999999999999,1.348,1.612,0.9959999999999999,0.09689655172413791,0.08531645569620254
1386950,2026-02-24,ELC,2025,Watford,Ipswich,1.022,1.276,1.158,1.25,0.07097222222222223,0.08985915492957747
1386954,2026-02-24,ELC,2025,West Brom,Charlton,0.994,0.9739999999999999,0.696,1.7440000000000002,0.0856896551724138,0.1082222222222222
1386951,2026-02-24,ELC,2025,Hull City,Derby,1.35,1.34,1.6460000000000001,0.818,0.12272727272727273,0.1046875
1386955,2026-02-24,ELC,2025,Blackburn,Bristol City,0.8400000000000001,0.96,0.9799999999999999,0.9520000000000002,0.07636363636363637,0.09056603773584905
1386949,2026-02-24,ELC,2025,Middlesbrough,Leicester,1.858,0.82,0.6319999999999999,1.8279999999999998,0.09882978723404257,0.08723404255319148
1386947,2026-02-24,ELC,2025,Swansea,Preston,1.2200000000000002,0.772,0.784,1.9040000000000004,0.08026315789473686,0.08976744186046512
1386948,2026-02-24,ELC,2025,Wrexham,Portsmouth,1.658,1.23,0.6839999999999999,0.584,0.103625,0.10081967213114755
1386953,2026-02-24,ELC,2025,Southampton,QPR,1.364,0.7,0.9400000000000001,1.2600000000000002,0.08743589743589744,0.06481481481481481
1386956,2026-02-25,ELC,2025,Millwall,Birmingham,1.6780000000000002,1.3359999999999999,0.9780000000000001,1.136,0.12338235294117648,0.11133333333333333
1386958,2026-02-25,ELC,2025,Sheffield Utd,Coventry,1.51,1.266,0.968,1.164,0.12177419354838709,0.08915492957746479
1386957,2026-02-25,ELC,2025,Norwich,Sheffield Wednesday,1.184,0.27399999999999997,1.142,1.796,0.09548387096774194,0.0761111111111111
1386952,2026-02-25,ELC,2025,Stoke City,Oxford United,0.97,0.9960000000000001,1.514,1.556,0.09699999999999999,0.12769230769230772
1379248,2026-02-27,PL,2025,Wolves,Aston Villa,0.978,1.44,1.518,2.184,0.0978,0.12413793103448276
1386961,2026-02-27,ELC,2025,Bristol City,Watford,1.02,0.85,1.056,0.7659999999999999,0.09107142857142858,0.06159420289855073
1379240,2026-02-28,PL,2025,Bournemouth,Sunderland,1.704,0.8800000000000001,0.826,1.7120000000000002,0.11513513513513512,0.09361702127659575
1386964,2026-02-28,ELC,2025,Leicester,Norwich,0.9580000000000002,1.1620000000000001,1.424,0.77,0.07852459016393444,0.13511627906976745
1386967,2026-02-28,ELC,2025,Derby,Blackburn,0.9560000000000001,0.8480000000000001,1.2040000000000002,1.546,0.10622222222222223,0.10095238095238096
1386960,2026-02-28,ELC,2025,Portsmouth,Hull City,1.574,1.106,0.842,1.4820000000000002,0.098375,0.09875
1379247,2026-02-28,PL,2025,Newcastle,Everton,2.25,1.134,1.3519999999999999,1.5619999999999998,0.15625,0.09775862068965517
1379245,2026-02-28,PL,2025,Liverpool,West Ham,2.058,1.2120000000000002,1.0539999999999998,1.9380000000000002,0.10608247422680411,0.12893617021276596
1379242,2026-02-28,PL,2025,Burnley,Brentford,1.1039999999999999,1.5260000000000002,1.75,1.6780000000000002,0.08492307692307692,0.1526
1386968,2026-02-28,ELC,2025,Ipswich,Swansea,2.2159999999999997,1.4920000000000002,0.8879999999999999,1.184,0.13349397590361445,0.1097058823529412
1386959,2026-02-28,ELC,2025,Preston,Millwall,1.048,1.582,1.116,1.326,0.09192982456140351,0.11984848484848486
1386966,2026-02-28,ELC,2025,QPR,Sheffield Utd,1.2559999999999998,1.394,0.9099999999999999,1.258,0.08722222222222221,0.10723076923076923
1386970,2026-02-28,ELC,2025,Sheffield Wednesday,Southampton,0.53,1.52,2.004,1.4300000000000002,0.0757142857142857,0.12258064516129033
1386969,2026-02-28,ELC,2025,Charlton,Wrexham,1.2360000000000002,0.9960000000000001,0.958,0.748,0.09088235294117648,0.09960000000000001
1386963,2026-02-28,ELC,2025,Oxford United,West Brom,0.6759999999999999,0.768,1.062,1.128,0.0734782608695652,0.07245283018867925
1386965,2026-02-28,ELC,2025,Coventry,Stoke City,2.004,0.992,1.002,1.314,0.13012987012987012,0.10553191489361702
1379244,2026-02-28,PL,2025,Leeds,Manchester City,1.53,1.794,1.4100000000000001,1.192,0.12338709677419356,0.13
1379246,2026-03-01,PL,2025,Manchester United,Crystal Palace,1.59,1.186,1.044,1.538,0.11041666666666666,0.12617021276595744
1379243,2026-03-01,PL,2025,Fulham,Tottenham,1.292,1.106,1.5799999999999998,1.376,0.10766666666666666,0.0953448275862069
1379241,2026-03-01,PL,2025,Brighton,Nottingham Forest,1.1560000000000001,1.01,1.066,1.67,0.08757575757575758,0.08706896551724137
1379239,2026-03-01,PL,2025,Arsenal,Chelsea,1.874,2.22,0.9460000000000001,1.4720000000000002,0.10895348837209304,0.18500000000000003
1386962,2026-03-02,ELC,2025,Birmingham,Middlesbrough,1.5399999999999998,1.216,0.752,1.152,0.09166666666666666,0.076
1379250,2026-03-03,PL,2025,Bournemouth,Brentford,1.764,1.72,1.034,1.6179999999999999,0.11164556962025317,0.14576271186440679
1379252,2026-03-03,PL,2025,Everton,Burnley,1.21,0.42800000000000005,1.466,1.924,0.09307692307692307,0.057837837837837844
1379254,2026-03-03,PL,2025,Leeds,Sunderland,1.294,0.8879999999999999,1.498,1.828,0.1155357142857143,0.10829268292682925
1386932,2026-03-03,ELC,2025,Ipswich,Hull City,1.8679999999999999,0.8699999999999999,0.812,1.3800000000000001,0.1262162162162162,0.09886363636363636
1379258,2026-03-03,PL,2025,Wolves,Liverpool,0.788,1.374,1.6800000000000002,1.096,0.08208333333333333,0.10569230769230771
1379253,2026-03-04,PL,2025,Fulham,West Ham,1.448,1.3880000000000001,1.6220000000000003,1.886,0.10805970149253731,0.13607843137254902
1379255,2026-03-04,PL,2025,Manchester City,Nottingham Forest,1.3900000000000001,1.034,1.0539999999999998,1.634,0.09266666666666667,0.08762711864406779
1379251,2026-03-04,PL,2025,Brighton,Arsenal,1.194,1.7120000000000002,0.9480000000000001,0.61,0.09328125,0.1296969696969697
1379249,2026-03-04,PL,2025,Aston Villa,Chelsea,1.5219999999999998,2.1900000000000004,0.726,1.228,0.08747126436781609,0.1955357142857143
1379256,2026-03-04,PL,2025,Newcastle,Manchester United,1.9939999999999998,1.3359999999999999,1.534,0.8140000000000001,0.1278205128205128,0.08906666666666667
1379257,2026-03-05,PL,2025,Tottenham,Crystal Palace,1.3039999999999998,0.95,1.952,1.4360000000000002,0.09588235294117646,0.10326086956521739
1386981,2026-03-06,ELC,2025,Preston,Oxford United,0.752,1.0719999999999998,1.592,1.5719999999999998,0.07372549019607842,0.13399999999999998
1386976,2026-03-07,ELC,2025,Hull City,Millwall,1.204,1.802,1.9920000000000002,1.22,0.12285714285714285,0.1287142857142857
1386979,2026-03-07,ELC,2025,Blackburn,Portsmouth,1.11,1.006,0.842,0.626,0.09736842105263159,0.08672413793103449
1386980,2026-03-07,ELC,2025,Bristol City,Coventry,0.8959999999999999,1.0839999999999999,1.1700000000000002,1.2079999999999997,0.08452830188679245,0.08741935483870966
1386973,2026-03-07,ELC,2025,Ipswich,Leicester,1.8760000000000001,0.9559999999999998,0.6519999999999999,1.5859999999999999,0.134,0.09192307692307691
1386982,2026-03-07,ELC,2025,Sheffield Utd,West Brom,1.3659999999999999,0.806,1.054,1.15,0.09619718309859154,0.07070175438596492
1386975,2026-03-07,ELC,2025,Derby,Sheffield Wednesday,1.0,0.352,1.12,1.8619999999999997,0.09615384615384616,0.09777777777777778
1386971,2026-03-07,ELC,2025,Swansea,Stoke City,1.3960000000000001,0.704,0.9259999999999999,1.478,0.09306666666666667,0.09263157894736843
1386972,2026-03-07,ELC,2025,Charlton,Birmingham,1.274,1.28,0.9219999999999999,1.066,0.09367647058823529,0.10847457627118645
1386978,2026-03-08,ELC,2025,QPR,Middlesbrough,1.3399999999999999,1.166,0.734,1.03,0.09054054054054053,0.08211267605633803
1386987,2026-03-10,ELC,2025,Leicester,Bristol City,0.914,0.924,1.616,1.266,0.07253968253968254,0.09829787234042553
1386988,2026-03-10,ELC,2025,Millwall,Derby,1.7939999999999998,1.8780000000000001,0.8099999999999999,0.798,0.12633802816901407,0.12863013698630138
1386990,2026-03-10,ELC,2025,Sheffield Wednesday,Watford,0.592,0.976,2.228,0.754,0.074,0.06777777777777777
1386983,2026-03-10,ELC,2025,Portsmouth,Swansea,1.6780000000000002,1.418,0.8160000000000001,1.3239999999999998,0.08925531914893618,0.10426470588235294
1386986,2026-03-10,ELC,2025,Wrexham,Hull City,1.26,0.8680000000000001,0.576,1.38,0.08289473684210526,0.09434782608695653
1386989,2026-03-10,ELC,2025,Stoke City,Ipswich,1.154,1.338,1.306,1.514,0.09015625,0.10136363636363636
1386985,2026-03-11,ELC,2025,Birmingham,QPR,1.322,0.724,0.694,1.2760000000000002,0.08813333333333334,0.06464285714285714
1386991,2026-03-11,ELC,2025,West Brom,Southampton,1.09,1.634,0.728,1.246,0.08515625,0.12765625
1386992,2026-03-11,ELC,2025,Middlesbrough,Charlton,1.802,0.8320000000000001,0.752,1.9880000000000002,0.10238636363636364,0.13
1386984,2026-03-11,ELC,2025,Norwich,Sheffield Utd,1.3599999999999999,1.098,1.1680000000000001,1.3679999999999999,0.09444444444444444,0.08854838709677419
1386993,2026-03-11,ELC,2025,Oxford United,Blackburn,0.736,0.866,1.154,1.7399999999999998,0.08363636363636363,0.11102564102564103
1386994,2026-03-11,ELC,2025,Coventry,Preston,2.2700000000000005,0.9120000000000001,0.8160000000000001,1.7080000000000002,0.13045977011494256,0.10363636363636365
1386996,2026-03-13,ELC,2025,Wrexham,Swansea,1.304,1.35,0.8340000000000002,1.126,0.09449275362318842,0.10714285714285714
1387003,2026-03-14,ELC,2025,Middlesbrough,Bristol City,1.8079999999999998,1.048,0.674,1.278,0.0904,0.1048
1386998,2026-03-14,ELC,2025,Oxford United,Charlton,0.728,0.6839999999999999,1.1960000000000002,2.278,0.07428571428571427,0.13153846153846155
1386995,2026-03-14,ELC,2025,Coventry,Southampton,2.58,1.6280000000000001,0.622,1.1019999999999999,0.13870967741935483,0.13566666666666669
1379261,2026-03-14,PL,2025,Burnley,Bournemouth,1.016,1.556,2.036,2.184,0.08327868852459017,0.13413793103448277
1379267,2026-03-14,PL,2025,Sunderland,Brighton,1.254,1.386,1.464,1.5559999999999998,0.1045,0.126
1386999,2026-03-14,ELC,2025,Leicester,QPR,1.004,0.74,1.61,1.4540000000000002,0.0727536231884058,0.06271186440677966
1387000,2026-03-14,ELC,2025,Birmingham,Sheffield Utd,1.408,1.1,0.502,1.51,0.08091954022988505,0.09649122807017543
1386997,2026-03-14,ELC,2025,Millwall,Blackburn,1.7440000000000002,0.8640000000000001,0.85,1.4,0.12637681159420291,0.11076923076923077
1387004,2026-03-14,ELC,2025,West Brom,Hull City,1.1880000000000002,1.05,0.76,1.008,0.0913846153846154,0.10714285714285714
1387001,2026-03-14,ELC,2025,Norwich,Preston,1.6079999999999999,0.784,0.9040000000000001,2.4240000000000004,0.09571428571428571,0.10594594594594595
1387006,2026-03-14,ELC,2025,Sheffield Wednesday,Ipswich,0.834,1.406,2.29,2.04,0.09477272727272727,0.10815384615384614
1387005,2026-03-14,ELC,2025,Stoke City,Watford,1.6780000000000002,1.082,1.544,0.884,0.12522388059701495,0.07025974025974026
1379259,2026-03-14,PL,2025,Arsenal,Everton,1.476,1.396,0.99,1.486,0.09972972972972972,0.1342307692307692
1379262,2026-03-14,PL,2025,Chelsea,Newcastle,2.3440000000000003,1.334,1.614,1.3719999999999999,0.1723529411764706,0.09013513513513513
1379268,2026-03-14,PL,2025,West Ham,Manchester City,1.782,1.904,1.2420000000000002,1.3800000000000001,0.13921875,0.14208955223880596
1379265,2026-03-15,PL,2025,Manchester United,Aston Villa,1.768,1.4140000000000001,0.884,1.9400000000000002,0.10780487804878049,0.1159016393442623
1379263,2026-03-15,PL,2025,Crystal Palace,Leeds,1.8,1.35,1.572,1.9619999999999997,0.12857142857142856,0.135
1379266,2026-03-15,PL,2025,Nottingham Forest,Fulham,1.2239999999999998,1.478,1.482,1.6740000000000002,0.06876404494382021,0.11369230769230769
1379264,2026-03-15,PL,2025,Liverpool,Tottenham,2.118,1.106,1.212,1.5379999999999998,0.10485148514851485,0.08777777777777779
1379260,2026-03-16,PL,2025,Brentford,Wolves,1.816,0.9,1.0100000000000002,1.428,0.15133333333333335,0.08490566037735849
1387002,2026-03-16,ELC,2025,Portsmouth,Derby,1.718,1.7759999999999998,0.756,0.9359999999999999,0.09761363636363636,0.12869565217391302
1386977,2026-03-17,ELC,2025,Watford,Wrexham,1.0459999999999998,0.9720000000000001,1.302,0.868,0.0747142857142857,0.09529411764705883
1386974,2026-03-18,ELC,2025,Southampton,Norwich,1.484,1.112,0.6940000000000002,0.718,0.09275,0.12636363636363637
1379270,2026-03-20,PL,2025,Bournemouth,Manchester United,1.8619999999999997,1.316,0.8880000000000001,1.1300000000000001,0.1209090909090909,0.08891891891891893
1387017,2026-03-20,ELC,2025,Preston,Stoke City,0.74,0.586,1.5879999999999999,1.652,0.07254901960784314,0.09156249999999999
1379271,2026-03-21,PL,2025,Brighton,Liverpool,1.068,1.466,0.982,1.036,0.08900000000000001,0.09905405405405406
1387010,2026-03-21,ELC,2025,Ipswich,Millwall,1.674,1.764,0.5559999999999999,1.72,0.11788732394366196,0.13363636363636364
1387014,2026-03-21,ELC,2025,Blackburn,Middlesbrough,1.1720000000000002,1.7399999999999998,0.67,0.9559999999999998,0.09766666666666667,0.11153846153846153
1387012,2026-03-21,ELC,2025,Derby,Birmingham,1.224,1.146,1.066,0.898,0.1176923076923077,0.1061111111111111
1379273,2026-03-21,PL,2025,Fulham,Burnley,1.502,0.526,1.566,1.8940000000000001,0.10430555555555555,0.07108108108108108
1387011,2026-03-21,ELC,2025,Watford,Leicester,1.3319999999999999,0.7100000000000001,1.058,1.466,0.09,0.0788888888888889
1387009,2026-03-21,ELC,2025,Southampton,Oxford United,1.02,1.04,0.7780000000000001,1.612,0.07611940298507464,0.11063829787234043
1387018,2026-03-21,ELC,2025,Bristol City,West Brom,1.194,0.79,1.254,1.232,0.09045454545454545,0.07452830188679245
1387016,2026-03-21,ELC,2025,Sheffield Utd,Wrexham,1.2919999999999998,0.842,0.8620000000000001,0.992,0.09362318840579709,0.08770833333333333
1387013,2026-03-21,ELC,2025,Hull City,Sheffield Wednesday,1.452,0.356,1.8719999999999999,1.844,0.11709677419354839,0.08090909090909092
1387015,2026-03-21,ELC,2025,QPR,Portsmouth,1.1779999999999997,0.992,1.4739999999999998,0.7060000000000001,0.08414285714285713,0.08
1387007,2026-03-21,ELC,2025,Charlton,Norwich,1.2479999999999998,1.272,0.6499999999999999,0.67,0.09043478260869564,0.12470588235294118
1387008,2026-03-21,ELC,2025,Swansea,Coventry,1.358,1.1179999999999999,1.016,1.3359999999999999,0.08594936708860759,0.10163636363636364
1379272,2026-03-21,PL,2025,Everton,Chelsea,1.2919999999999998,2.54,1.092,1.18,0.09938461538461538,0.20158730158730157
1379274,2026-03-21,PL,2025,Leeds,Brentford,1.344,1.268,1.354,1.8240000000000003,0.10666666666666667,0.11962264150943396
1379276,2026-03-22,PL,2025,Newcastle,Sunderland,2.0740000000000003,0.9720000000000001,1.69,1.8219999999999998,0.13294871794871796,0.14294117647058824
1379277,2026-03-22,PL,2025,Tottenham,Nottingham Forest,1.286,1.05,2.2199999999999998,1.7399999999999998,0.09597014925373133,0.09051724137931035
1379269,2026-03-22,PL,2025,Aston Villa,West Ham,1.3599999999999999,1.556,1.268,1.714,0.08,0.14407407407407408
1387026,2026-04-03,ELC,2025,Middlesbrough,Millwall,1.764,1.8619999999999997,0.658,1.4780000000000002,0.08563106796116506,0.14323076923076922
1387022,2026-04-03,ELC,2025,Leicester,Preston,0.9279999999999999,1.168,1.56,2.0900000000000003,0.07138461538461538,0.12166666666666666
1387020,2026-04-03,ELC,2025,Birmingham,Blackburn,1.3059999999999998,1.1219999999999999,0.774,1.502,0.0750574712643678,0.10388888888888888
1387027,2026-04-03,ELC,2025,West Brom,Wrexham,1.39,1.002,0.662,1.3079999999999998,0.08910256410256409,0.10659574468085106
1387021,2026-04-03,ELC,2025,Sheffield Utd,Swansea,1.5879999999999999,1.122,0.906,0.954,0.10179487179487179,0.09842105263157895
1387019,2026-04-03,ELC,2025,Norwich,Portsmouth,1.568,1.078,1.034,0.93,0.10181818181818182,0.07700000000000001
1387025,2026-04-03,ELC,2025,QPR,Watford,1.3359999999999999,1.262,1.704,1.1560000000000001,0.10121212121212121,0.08302631578947368
1387029,2026-04-03,ELC,2025,Stoke City,Sheffield Wednesday,1.848,0.422,1.666,2.164,0.12157894736842105,0.07814814814814815
1387030,2026-04-03,ELC,2025,Charlton,Bristol City,1.3679999999999999,0.97,0.8640000000000001,1.562,0.10363636363636364,0.10543478260869564
1387023,2026-04-03,ELC,2025,Oxford United,Hull City,0.8559999999999999,0.806,1.256,1.2879999999999998,0.08916666666666666,0.10605263157894737
1387024,2026-04-03,ELC,2025,Coventry,Derby,2.5660000000000003,1.634,0.784,1.1019999999999999,0.1309183673469388,0.12765625
1387040,2026-04-06,ELC,2025,Portsmouth,Oxford United,1.73,1.048,0.72,1.78,0.08564356435643565,0.1048
1387038,2026-04-06,ELC,2025,Millwall,Norwich,1.226,1.4620000000000002,1.286,0.744,0.11145454545454546,0.12389830508474577
1387033,2026-04-06,ELC,2025,Watford,Charlton,1.222,0.842,1.374,1.77,0.09399999999999999,0.15035714285714286
1387042,2026-04-06,ELC,2025,Bristol City,Sheffield Utd,0.712,1.2319999999999998,1.596,1.65,0.06592592592592593,0.13391304347826086
1387032,2026-04-06,ELC,2025,Ipswich,Birmingham,1.754,0.6260000000000001,0.7459999999999999,1.056,0.11389610389610388,0.08942857142857144
1387039,2026-04-06,ELC,2025,Preston,QPR,1.112,0.9440000000000002,1.474,1.3659999999999999,0.11829787234042555,0.08000000000000002
1387036,2026-04-06,ELC,2025,Blackburn,West Brom,1.134,1.036,0.674,1.1960000000000002,0.10124999999999999,0.08633333333333333
1387034,2026-04-06,ELC,2025,Derby,Stoke City,1.3900000000000001,0.7120000000000001,0.86,1.8080000000000003,0.10859375000000002,0.0936842105263158
1387031,2026-04-06,ELC,2025,Sheffield Wednesday,Leicester,0.8320000000000001,1.05,2.288,1.3,0.09904761904761905,0.09545454545454546
1387041,2026-04-06,ELC,2025,Swansea,Middlesbrough,1.472,1.8079999999999998,1.25,0.8559999999999999,0.09684210526315788,0.12216216216216215
1387035,2026-04-06,ELC,2025,Hull City,Coventry,1.8920000000000001,1.224,1.8199999999999998,1.3739999999999999,0.14553846153846156,0.11333333333333334
1387037,2026-04-07,ELC,2025,Wrexham,Southampton,1.2760000000000002,1.7879999999999998,0.898,1.294,0.09968750000000001,0.14419354838709678
1379288,2026-04-10,PL,2025,West Ham,Wolves,1.478,0.9339999999999999,1.0599999999999998,1.7719999999999998,0.13436363636363635,0.0849090909090909
1387051,2026-04-10,ELC,2025,West Brom,Millwall,1.636,1.8920000000000001,0.93,1.8039999999999998,0.10623376623376624,0.13710144927536233
1379279,2026-04-11,PL,2025,Arsenal,Bournemouth,1.408,1.4380000000000002,0.666,2.002,0.09142857142857143,0.11412698412698413
1387043,2026-04-11,ELC,2025,Norwich,Ipswich,1.356,1.562,1.082,1.7939999999999998,0.09549295774647888,0.11157142857142859
1387049,2026-04-11,ELC,2025,QPR,Bristol City,1.5899999999999999,1.1,1.654,1.6280000000000001,0.12045454545454544,0.10576923076923077
1387048,2026-04-11,ELC,2025,Coventry,Sheffield Wednesday,2.4219999999999997,0.688,1.1960000000000002,2.2039999999999997,0.13919540229885058,0.086
1379281,2026-04-11,PL,2025,Burnley,Brighton,1.078,1.134,2.0839999999999996,1.3240000000000003,0.08836065573770492,0.1111764705882353
1379280,2026-04-11,PL,2025,Brentford,Everton,2.144,1.3539999999999999,1.104,1.716,0.17015873015873018,0.1354
1387053,2026-04-11,ELC,2025,Southampton,Derby,1.224,1.67,0.786,1.3699999999999999,0.085,0.15181818181818182
1387045,2026-04-11,ELC,2025,Leicester,Swansea,0.9460000000000001,0.986,1.362,0.9800000000000001,0.06569444444444444,0.09666666666666666
1387046,2026-04-11,ELC,2025,Sheffield Utd,Hull City,1.6200000000000003,0.662,1.01,1.876,0.10384615384615387,0.09457142857142857
1387050,2026-04-11,ELC,2025,Middlesbrough,Portsmouth,2.272,0.95,0.71,0.858,0.09015873015873016,0.07539682539682539
1387052,2026-04-11,ELC,2025,Stoke City,Blackburn,2.182,1.3739999999999999,1.5639999999999998,1.4140000000000001,0.13987179487179488,0.10734374999999999
1387054,2026-04-11,ELC,2025,Charlton,Preston,1.218,1.012,1.282,1.934,0.0982258064516129,0.11244444444444446
1387047,2026-04-11,ELC,2025,Oxford United,Watford,1.45,1.194,1.192,1.4620000000000002,0.13425925925925927,0.08291666666666667
1379284,2026-04-11,PL,2025,Liverpool,Fulham,2.042,1.26,1.31,1.478,0.10313131313131312,0.11886792452830189
1387044,2026-04-12,ELC,2025,Birmingham,Wrexham,1.23,0.9960000000000001,1.018,1.54,0.07884615384615386,0.10375000000000001
1379283,2026-04-12,PL,2025,Crystal Palace,Newcastle,1.548,1.154,1.4440000000000002,1.432,0.10901408450704225,0.09459016393442622
1379286,2026-04-12,PL,2025,Nottingham Forest,Aston Villa,1.104,1.084,1.364,1.546,0.06987341772151899,0.09186440677966101
1379287,2026-04-12,PL,2025,Sunderland,Tottenham,1.2580000000000002,1.17,1.3519999999999999,1.6939999999999997,0.09828125000000001,0.0873134328358209
1379282,2026-04-12,PL,2025,Chelsea,Manchester City,2.16,1.862,1.268,1.312,0.14794520547945206,0.12090909090909091
1379285,2026-04-13,PL,2025,Manchester United,Leeds,1.814,1.4359999999999997,0.8559999999999999,1.6800000000000002,0.10927710843373495,0.1282142857142857
1387087,2026-04-14,ELC,2025,Southampton,Blackburn,1.3960000000000001,1.2120000000000002,0.8320000000000001,1.3559999999999999,0.08617283950617284,0.08911764705882354
1386857,2026-04-14,ELC,2025,Portsmouth,Ipswich,1.404,1.6540000000000004,0.9799999999999999,1.752,0.078,0.12530303030303033
1387061,2026-04-17,ELC,2025,Blackburn,Coventry,1.1239999999999999,1.2,0.744,1.302,0.09689655172413791,0.11764705882352941
1379290,2026-04-18,PL,2025,Brentford,Fulham,2.064,1.3900000000000001,1.066,1.51,0.1664516129032258,0.10859375
1387063,2026-04-18,ELC,2025,Millwall,QPR,1.1219999999999999,1.0219999999999998,1.468,1.27,0.10999999999999999,0.08661016949152542
1387059,2026-04-18,ELC,2025,Derby,Oxford United,1.6520000000000004,1.3019999999999998,0.618,1.5099999999999998,0.11013333333333336,0.11624999999999998
1387065,2026-04-18,ELC,2025,Portsmouth,Leicester,1.286,1.496,0.9019999999999999,1.246,0.08243589743589744,0.10388888888888889
1379296,2026-04-18,PL,2025,Newcastle,Bournemouth,1.8439999999999999,1.418,1.8,2.262,0.1213157894736842,0.11816666666666667
1379294,2026-04-18,PL,2025,Leeds,Wolves,1.1619999999999997,0.916,1.3679999999999999,2.064,0.0922222222222222,0.08035087719298245
1387058,2026-04-18,ELC,2025,Watford,Sheffield Utd,1.298,1.318,1.268,1.4380000000000002,0.08215189873417722,0.11981818181818181
1387066,2026-04-18,ELC,2025,Bristol City,Norwich,0.7419999999999999,1.782,1.5260000000000002,0.828,0.07134615384615384,0.14142857142857143
1387064,2026-04-18,ELC,2025,Preston,West Brom,1.124,1.156,1.454,0.852,0.11708333333333333,0.0932258064516129
1387060,2026-04-18,ELC,2025,Hull City,Birmingham,1.8,0.49000000000000005,1.5259999999999998,1.3399999999999999,0.1323529411764706,0.07424242424242425
1387055,2026-04-18,ELC,2025,Sheffield Wednesday,Charlton,0.976,0.984,2.4419999999999997,1.6439999999999997,0.11348837209302326,0.14909090909090908
1387056,2026-04-18,ELC,2025,Swansea,Southampton,1.436,1.9299999999999997,1.864,1.3760000000000001,0.10878787878787878,0.14402985074626865
1387062,2026-04-18,ELC,2025,Wrexham,Stoke City,1.2500000000000002,0.694,1.2919999999999998,2.21,0.10593220338983052,0.09378378378378378
1379298,2026-04-18,PL,2025,Tottenham,Brighton,1.2,1.3579999999999999,1.95,1.03,0.1,0.11706896551724136
1379291,2026-04-18,PL,2025,Chelsea,Manchester United,2.0700000000000003,1.1599999999999997,1.4220000000000002,1.442,0.1310126582278481,0.09999999999999998
1387057,2026-04-19,ELC,2025,Ipswich,Middlesbrough,1.574,2.146,0.6,1.112,0.10930555555555556,0.12773809523809523
1379293,2026-04-19,PL,2025,Everton,Liverpool,1.3499999999999999,1.6099999999999999,1.142,1.356,0.10887096774193547,0.10320512820512819
1379297,2026-04-19,PL,2025,Nottingham Forest,Burnley,1.266,0.694,1.1480000000000001,1.888,0.07193181818181818,0.08897435897435897
1379289,2026-04-19,PL,2025,Aston Villa,Sunderland,1.4100000000000001,1.116,1.3359999999999999,1.432,0.07833333333333334,0.1395
1379295,2026-04-19,PL,2025,Manchester City,Arsenal,1.61,1.3860000000000001,0.8779999999999999,0.706,0.09817073170731708,0.11948275862068966
1379292,2026-04-20,PL,2025,Crystal Palace,West Ham,1.7600000000000002,1.188,1.322,1.716,0.123943661971831,0.1291304347826087
1387073,2026-04-21,ELC,2025,Southampton,Bristol City,1.594,1.116,0.7180000000000002,1.6219999999999999,0.10770270270270271,0.10528301886792453
1387077,2026-04-21,ELC,2025,Leicester,Hull City,1.09,0.834,1.0899999999999999,2.138,0.06566265060240964,0.08176470588235293
1387072,2026-04-21,ELC,2025,West Brom,Watford,1.764,1.186,0.9120000000000001,1.67,0.1075609756097561,0.09265625
1387067,2026-04-21,ELC,2025,Norwich,Derby,1.1940000000000002,1.7440000000000002,1.204,1.456,0.08779411764705883,0.14779661016949153
1387070,2026-04-21,ELC,2025,QPR,Swansea,1.302,0.9219999999999999,1.524,1.0939999999999999,0.11836363636363637,0.10477272727272725
1387074,2026-04-21,ELC,2025,Stoke City,Millwall,2.176,1.504,1.3659999999999999,1.8679999999999999,0.1412987012987013,0.12533333333333332
1387068,2026-04-21,ELC,2025,Oxford United,Wrexham,1.734,0.798,0.892,1.778,0.13983870967741935,0.09279069767441861
1387069,2026-04-21,ELC,2025,Coventry,Portsmouth,2.5300000000000002,0.73,1.092,1.0299999999999998,0.12908163265306122,0.07156862745098039
1379301,2026-04-21,PL,2025,Brighton,Chelsea,1.298,2.248,0.93,1.176,0.11,0.1842622950819672
1387076,2026-04-22,ELC,2025,Birmingham,Preston,1.2920000000000003,1.252,0.952,1.986,0.08389610389610391,0.11178571428571428
1387078,2026-04-22,ELC,2025,Sheffield Utd,Blackburn,1.7559999999999998,1.088,1.218,1.514,0.10578313253012048,0.0836923076923077
1387071,2026-04-22,ELC,2025,Middlesbrough,Sheffield Wednesday,2.0620000000000003,0.786,0.6300000000000001,2.334,0.08450819672131148,0.09357142857142857
1387075,2026-04-22,ELC,2025,Charlton,Ipswich,1.322,1.6779999999999997,1.318,1.624,0.09865671641791045,0.13109374999999998
1379300,2026-04-22,PL,2025,Bournemouth,Leeds,1.968,1.5719999999999998,0.992,1.4460000000000002,0.12,0.13789473684210526
1379302,2026-04-22,PL,2025,Burnley,Manchester City,1.206,2.2299999999999995,1.9600000000000002,1.0859999999999999,0.09421875,0.12670454545454543
1379306,2026-04-24,PL,2025,Sunderland,Nottingham Forest,1.182,1.042,1.398,1.8,0.09234375,0.09830188679245283
1387080,2026-04-24,ELC,2025,Leicester,Millwall,1.61,1.282,1.052,1.9780000000000002,0.08655913978494624,0.11051724137931035
1379303,2026-04-25,PL,2025,Fulham,Aston Villa,1.892,0.9400000000000001,1.3359999999999999,1.4760000000000002,0.12128205128205127,0.08392857142857144
1387088,2026-04-25,ELC,2025,West Brom,Ipswich,1.6680000000000004,1.828,0.974,1.354,0.10692307692307694,0.1384848484848485
1387089,2026-04-25,ELC,2025,Middlesbrough,Watford,2.1879999999999997,1.1099999999999999,0.554,1.7879999999999998,0.08894308943089431,0.09098360655737704
1387085,2026-04-25,ELC,2025,Charlton,Hull City,1.136,1.0699999999999998,1.582,2.456,0.09311475409836065,0.09224137931034482
1379308,2026-04-25,PL,2025,Wolves,Tottenham,0.818,1.0879999999999999,1.858,1.7060000000000002,0.08891304347826087,0.08774193548387096
1379304,2026-04-25,PL,2025,Liverpool,Crystal Palace,1.7240000000000002,1.166,1.438,1.238,0.10141176470588237,0.1325
1379307,2026-04-25,PL,2025,West Ham,Everton,1.7580000000000002,1.558,0.9019999999999999,1.996,0.14898305084745764,0.14163636363636364
1387081,2026-04-25,ELC,2025,Birmingham,Bristol City,1.56,1.108,1.2120000000000002,1.576,0.09285714285714286,0.10862745098039216
1387079,2026-04-25,ELC,2025,Sheffield Utd,Preston,1.722,1.372,1.4060000000000001,2.066,0.11635135135135134,0.11827586206896552
1387082,2026-04-25,ELC,2025,Norwich,Swansea,1.136,1.3599999999999999,1.3459999999999999,1.168,0.09015873015873016,0.1333333333333333
1387090,2026-04-25,ELC,2025,QPR,Derby,1.384,1.308,1.8419999999999999,1.6479999999999997,0.1258181818181818,0.12576923076923077
1387086,2026-04-25,ELC,2025,Stoke City,Portsmouth,2.07,0.6439999999999999,1.3699999999999999,1.5739999999999998,0.15220588235294116,0.06999999999999999
1387084,2026-04-25,ELC,2025,Oxford United,Sheffield Wednesday,1.738,0.79,0.898,2.332,0.12069444444444444,0.08586956521739131
1379299,2026-04-25,PL,2025,Arsenal,Newcastle,1.7579999999999998,1.192,0.842,1.886,0.10590361445783132,0.10642857142857143
1387083,2026-04-26,ELC,2025,Coventry,Wrexham,2.756,0.944,1.0699999999999998,1.6860000000000004,0.14817204301075268,0.10260869565217391
1379305,2026-04-27,PL,2025,Manchester United,Brentford,1.614,1.056,1.2799999999999998,1.61,0.08771739130434783,0.12000000000000001
1387028,2026-04-28,ELC,2025,Southampton,Ipswich,1.6760000000000002,1.746,0.8140000000000001,0.9279999999999999,0.11971428571428573,0.14080645161290323
1379315,2026-05-01,PL,2025,Leeds,Burnley,1.6960000000000002,0.754,1.044,1.886,0.11012987012987013,0.09921052631578947
1387092,2026-05-02,ELC,2025,Watford,Coventry,1.2959999999999998,1.26,1.3220000000000003,1.3679999999999999,0.08639999999999999,0.11886792452830189
1387099,2026-05-02,ELC,2025,Bristol City,Stoke City,0.952,0.6639999999999999,1.7400000000000002,1.998,0.08981132075471698,0.08972972972972973
1387095,2026-05-02,ELC,2025,Ipswich,QPR,1.8560000000000003,0.704,1.056,1.1540000000000001,0.11897435897435898,0.06769230769230769
1387097,2026-05-02,ELC,2025,Millwall,Oxford United,1.3439999999999999,1.272,1.192,1.2500000000000002,0.12,0.11777777777777779
1387102,2026-05-02,ELC,2025,Preston,Southampton,1.218,1.7599999999999998,1.616,1.484,0.12428571428571428,0.13134328358208955
1387093,2026-05-02,ELC,2025,Hull City,Norwich,1.564,1.748,1.27,1.026,0.115,0.11810810810810811
1387091,2026-05-02,ELC,2025,Blackburn,Leicester,1.12,1.346,1.018,1.0939999999999999,0.1076923076923077,0.0947887323943662
1387094,2026-05-02,ELC,2025,Derby,Sheffield Utd,1.698,1.188,0.5519999999999999,1.222,0.10746835443037975,0.10799999999999998
1387096,2026-05-02,ELC,2025,Sheffield Wednesday,West Brom,0.942,1.406,2.086,0.858,0.11487804878048781,0.11524590163934426
1387100,2026-05-02,ELC,2025,Swansea,Charlton,1.55,1.066,1.952,1.568,0.11397058823529412,0.13666666666666666
1387101,2026-05-02,ELC,2025,Portsmouth,Birmingham,1.278,0.308,1.016,1.19,0.0953731343283582,0.044000000000000004
1387098,2026-05-02,ELC,2025,Wrexham,Middlesbrough,1.016,2.4519999999999995,1.172,1.2719999999999998,0.0996078431372549,0.14951219512195119
1379317,2026-05-02,PL,2025,Newcastle,Brighton,1.7260000000000002,1.2040000000000002,2.166,1.038,0.11821917808219179,0.10945454545454546
1379318,2026-05-02,PL,2025,Wolves,Sunderland,0.666,1.328,1.796,1.6960000000000002,0.08325,0.1544186046511628
1379312,2026-05-02,PL,2025,Brentford,West Ham,1.988,1.0859999999999999,1.064,1.3220000000000003,0.1529230769230769,0.1234090909090909
1379309,2026-05-02,PL,2025,Arsenal,Fulham,1.6179999999999999,1.156,0.9,1.438,0.10240506329113924,0.09475409836065572
1379311,2026-05-03,PL,2025,Bournemouth,Crystal Palace,1.8279999999999998,1.496,0.968,1.1260000000000001,0.1050574712643678,0.14384615384615385
1379316,2026-05-03,PL,2025,Manchester United,Liverpool,1.5280000000000002,1.714,1.126,1.044,0.0848888888888889,0.10987179487179488
1379310,2026-05-03,PL,2025,Aston Villa,Tottenham,1.498,0.8879999999999999,1.6059999999999999,1.542,0.09602564102564103,0.08072727272727272
1379313,2026-05-04,PL,2025,Chelsea,Nottingham Forest,1.8439999999999999,1.1059999999999999,1.256,1.578,0.10720930232558139,0.09874999999999999
1379314,2026-05-04,PL,2025,Everton,Manchester City,1.3679999999999999,2.4859999999999998,1.1560000000000001,1.002,0.11032258064516129,0.12306930693069307
1543786,2026-05-08,ELC,2025,Hull City,Millwall,1.812,1.3940000000000001,0.7879999999999999,1.5559999999999998,0.13522388059701493,0.09816901408450705
1379323,2026-05-09,PL,2025,Liverpool,Chelsea,1.498,1.8819999999999997,1.818,1.25,0.09727272727272727,0.1650877192982456
1543787,2026-05-09,ELC,2025,Middlesbrough,Southampton,2.188,1.8559999999999999,0.5780000000000001,1.7100000000000002,0.10036697247706423,0.13257142857142856
1379322,2026-05-09,PL,2025,Fulham,Bournemouth,1.918,1.7440000000000002,1.204,2.304,0.12139240506329113,0.13841269841269843
1379319,2026-05-09,PL,2025,Brighton,Wolves,1.438,0.908,0.764,2.456,0.11412698412698412,0.08566037735849057
1379326,2026-05-09,PL,2025,Sunderland,Manchester United,1.082,1.076,1.6059999999999999,1.5180000000000002,0.08453125,0.10346153846153847
1379324,2026-05-09,PL,2025,Manchester City,Brentford,1.4120000000000001,1.214,1.04,1.4020000000000001,0.09413333333333335,0.12140000000000001
1379320,2026-05-10,PL,2025,Burnley,Aston Villa,1.044,0.8939999999999999,2.222,1.2759999999999998,0.0815625,0.08596153846153845
1379321,2026-05-10,PL,2025,Crystal Palace,Everton,1.552,1.6079999999999999,1.004,1.9419999999999997,0.11582089552238806,0.13627118644067795
1379325,2026-05-10,PL,2025,Nottingham Forest,Newcastle,1.406,1.3199999999999998,0.8400000000000001,1.528,0.07898876404494382,0.10819672131147541
1379328,2026-05-10,PL,2025,West Ham,Arsenal,1.688,1.2719999999999998,1.058,0.9480000000000001,0.15071428571428572,0.12
1379327,2026-05-11,PL,2025,Tottenham,Leeds,1.208,1.4580000000000002,1.698,1.636,0.09901639344262295,0.13754716981132079
1543788,2026-05-11,ELC,2025,Millwall,Hull City,1.53,0.952,1.3859999999999997,2.464,0.11590909090909092,0.07933333333333333
1379275,2026-05-13,PL,2025,Manchester City,Crystal Palace,1.8359999999999999,1.294,0.966,1.4440000000000002,0.10314606741573033,0.14377777777777778
1379330,2026-05-15,PL,2025,Aston Villa,Liverpool,1.418,1.386,1.704,1.386,0.10426470588235294,0.10191176470588235
1379336,2026-05-17,PL,2025,Manchester United,Nottingham Forest,1.64,1.25,1.206,1.5080000000000002,0.09647058823529411,0.1358695652173913
1379338,2026-05-17,PL,2025,Wolves,Fulham,0.798,0.946,1.24,1.8099999999999998,0.08142857142857143,0.08298245614035087
1379334,2026-05-17,PL,2025,Everton,Sunderland,1.3240000000000003,1.422,1.1960000000000002,1.7420000000000002,0.11033333333333335,0.14812499999999998
1379332,2026-05-17,PL,2025,Brentford,Crystal Palace,2.1399999999999997,1.2079999999999997,1.1280000000000001,1.6280000000000001,0.15970149253731342,0.13727272727272724
1379335,2026-05-17,PL,2025,Leeds,Brighton,1.5239999999999998,1.4100000000000001,0.892,1.526,0.09407407407407406,0.11949152542372883
1379337,2026-05-17,PL,2025,Newcastle,West Ham,1.9100000000000001,1.066,2.114,1.5079999999999998,0.13642857142857143,0.10450980392156863
1379329,2026-05-18,PL,2025,Arsenal,Burnley,1.966,0.7619999999999999,0.9360000000000002,1.8539999999999999,0.12135802469135802,0.09769230769230768
1379331,2026-05-19,PL,2025,Bournemouth,Manchester City,1.832,2.2439999999999998,1.058,1.3039999999999998,0.11036144578313253,0.10685714285714284
1379333,2026-05-19,PL,2025,Chelsea,Tottenham,1.6480000000000001,0.9880000000000001,1.378,1.25,0.09363636363636364,0.08517241379310346
1545715,2026-05-23,ELC,2025,Hull City,Middlesbrough,1.296,2.662,0.634,1.49,0.12960000000000002,0.16036144578313252
1379342,2026-05-24,PL,2025,Fulham,Newcastle,1.7899999999999998,1.1199999999999999,0.992,1.3780000000000001,0.11187499999999999,0.09999999999999999
1379343,2026-05-24,PL,2025,Liverpool,Brentford,1.3679999999999999,0.9039999999999999,1.3679999999999999,1.55,0.09771428571428571,0.10511627906976743
1379340,2026-05-24,PL,2025,Burnley,Wolves,1.134,0.922,2.306,2.2700000000000005,0.09295081967213115,0.0903921568627451
1379347,2026-05-24,PL,2025,Tottenham,Everton,1.092,1.55,1.47,2.06,0.0895081967213115,0.13839285714285715
1379348,2026-05-24,PL,2025,West Ham,Leeds,1.6960000000000002,1.438,1.18,1.264,0.14620689655172414,0.11983333333333332
1379344,2026-05-24,PL,2025,Manchester City,Aston Villa,1.8940000000000001,1.094,0.8280000000000001,1.222,0.10406593406593408,0.08682539682539683
1379339,2026-05-24,PL,2025,Brighton,Manchester United,1.614,1.0859999999999999,0.6300000000000001,1.546,0.11528571428571428,0.10055555555555555
1379341,2026-05-24,PL,2025,Crystal Palace,Arsenal,1.7040000000000002,1.388,1.216,0.8760000000000001,0.12716417910447764,0.11377049180327868
1379345,2026-05-24,PL,2025,Nottingham Forest,Bournemouth,1.116,1.64,1.052,1.982,0.07859154929577465,0.132258064516129
1379346,2026-05-24,PL,2025,Sunderland,Chelsea,1.206,1.294,1.224,1.15,0.0886764705882353,0.13479166666666667
1563083,2026-08-14,ELC,2026,Wolves,Blackburn,1.02,1.274,1.238,1.584,0.09272727272727273,0.10111111111111111
1563084,2026-08-15,ELC,2026,Bolton,Preston,,1.8800000000000001,,1.876,,0.14461538461538462
1563085,2026-08-15,ELC,2026,Bristol City,Millwall,1.17,1.1840000000000002,1.748,1.352,0.10636363636363635,0.08109589041095891
1563087,2026-08-15,ELC,2026,Middlesbrough,Lincoln,2.0500000000000003,,0.63,,0.09234234234234236,
1563088,2026-08-15,ELC,2026,Norwich,West Brom,1.1219999999999999,1.5299999999999998,1.4380000000000002,0.958,0.09349999999999999,0.13189655172413792
1563090,2026-08-15,ELC,2026,Stoke City,Swansea,1.686,1.458,1.396,1.322,0.12772727272727272,0.14294117647058824
1563086,2026-08-15,ELC,2026,Charlton,Derby,1.206,1.284,1.7,1.8079999999999998,0.09885245901639345,0.1284
1563089,2026-08-15,ELC,2026,Portsmouth,QPR,1.238,0.8200000000000001,1.208,1.348,0.08597222222222223,0.06833333333333334
1563091,2026-08-15,ELC,2026,Sheffield Utd,Birmingham,2.088,0.618,1.8,1.0959999999999999,0.13384615384615384,0.07186046511627907
1563092,2026-08-16,ELC,2026,Watford,Southampton,1.3,1.754,1.376,1.762,0.08441558441558442,0.13703125
1563093,2026-08-16,ELC,2026,Burnley,West Ham,1.136,0.884,2.274,1.486,0.08738461538461538,0.08036363636363636
1563094,2026-08-17,ELC,2026,Cardiff,Wrexham,1.284,1.124,0.8,1.6079999999999999,0.08916666666666667,0.11019607843137255
1557367,2026-08-21,PL,2026,Arsenal,Coventry,2.0060000000000002,1.41,0.76,1.3719999999999999,0.12231707317073172,0.1175
1557368,2026-08-22,PL,2026,Hull City,Manchester United,0.9380000000000001,1.1640000000000001,0.656,1.578,0.09380000000000001,0.10777777777777778
1563095,2026-08-22,ELC,2026,Birmingham,Bristol City,1.572,1.1219999999999999,1.364,1.6760000000000002,0.10621621621621621,0.10999999999999999
1563099,2026-08-22,ELC,2026,Millwall,Norwich,1.368,1.612,1.5599999999999998,1.298,0.11213114754098362,0.10891891891891893
1563098,2026-08-22,ELC,2026,Lincoln,Portsmouth,,0.852,,1.636,,0.1065
1557369,2026-08-22,PL,2026,Everton,Crystal Palace,1.4060000000000001,1.476,1.0939999999999999,1.538,0.12120689655172415,0.14192307692307693
1557370,2026-08-22,PL,2026,Ipswich,Sunderland,2.068,1.2899999999999998,1.168,1.6079999999999999,0.13428571428571429,0.13723404255319147
1557371,2026-08-22,PL,2026,Nottingham Forest,Leeds,1.2239999999999998,1.486,0.8959999999999999,1.4939999999999998,0.08999999999999998,0.1259322033898305
1563102,2026-08-22,ELC,2026,Southampton,Stoke City,1.7560000000000002,0.828,0.99,1.968,0.11113924050632913,0.0828
1563105,2026-08-22,ELC,2026,West Ham,Charlton,1.564,1.198,1.3679999999999999,1.408,0.1448148148148148,0.12479166666666668
1563100,2026-08-22,ELC,2026,Preston,Wolves,1.514,1.0139999999999998,1.58,2.0660000000000003,0.12830508474576272,0.09218181818181817
1563096,2026-08-22,ELC,2026,Blackburn,Middlesbrough,0.96,2.058,1.366,1.4940000000000002,0.10666666666666666,0.128625
1563097,2026-08-22,ELC,2026,Derby,Cardiff,1.832,0.966,0.742,1.468,0.11170731707317073,0.07208955223880598
1563101,2026-08-22,ELC,2026,QPR,Bolton,1.7419999999999998,,1.308,,0.12442857142857142,
1563103,2026-08-22,ELC,2026,Swansea,Sheffield Utd,1.472,1.3539999999999999,1.7899999999999998,1.416,0.09684210526315788,0.11672413793103448
1563106,2026-08-22,ELC,2026,Wrexham,Watford,1.248,0.8879999999999999,1.49,1.94,0.10229508196721313,0.08222222222222221
1557372,2026-08-22,PL,2026,Brentford,Tottenham,2.162,1.1560000000000001,1.254,0.9200000000000002,0.15897058823529409,0.10703703703703704
1563104,2026-08-23,ELC,2026,West Brom,Burnley,1.6180000000000003,0.63,0.97,1.714,0.10506493506493508,0.0984375
1557374,2026-08-23,PL,2026,Manchester City,Bournemouth,1.8920000000000001,1.7,1.066,1.674,0.10282608695652175,0.12318840579710146
1557373,2026-08-23,PL,2026,Brighton,Aston Villa,1.508,1.236,0.804,1.3059999999999998,0.10927536231884058,0.10131147540983607
1557375,2026-08-23,PL,2026,Newcastle,Liverpool,2.05,1.35,1.8779999999999997,1.53,0.15073529411764705,0.09121621621621621
1557376,2026-08-24,PL,2026,Fulham,Chelsea,1.6960000000000002,1.258,0.8779999999999999,1.3,0.10216867469879519,0.13382978723404254
1557381,2026-08-28,PL,2026,Crystal Palace,Manchester City,1.5,2.1399999999999997,1.3960000000000001,1.456,0.12295081967213115,0.1019047619047619
1563118,2026-08-28,ELC,2026,Wrexham,Birmingham,1.418,0.7020000000000001,1.314,1.002,0.11253968253968254,0.07630434782608696
1557383,2026-08-29,PL,2026,Liverpool,Nottingham Forest,1.6079999999999999,1.468,1.3079999999999998,2.1580000000000004,0.10578947368421052,0.1668181818181818
1563117,2026-08-29,ELC,2026,Wolves,Stoke City,1.244,0.72,1.19,2.15,0.0971875,0.06315789473684211
1563112,2026-08-29,ELC,2026,Derby,Swansea,1.6619999999999997,1.4140000000000001,0.992,1.264,0.09892857142857141,0.14729166666666668
1563113,2026-08-29,ELC,2026,Middlesbrough,West Brom,1.8880000000000003,1.698,0.586,1.306,0.09254901960784315,0.15436363636363637
1557378,2026-08-29,PL,2026,Bournemouth,Everton,1.94,1.206,1.0699999999999998,2.084,0.13472222222222222,0.10578947368421053
1557380,2026-08-29,PL,2026,Coventry,Hull City,2.2720000000000002,1.308,1.232,2.1679999999999997,0.1368674698795181,0.0961764705882353
1563116,2026-08-29,ELC,2026,Watford,West Ham,1.068,0.932,1.6480000000000001,1.75,0.06675,0.08175438596491229
1563115,2026-08-29,ELC,2026,Southampton,Millwall,1.8519999999999999,1.706,0.9559999999999998,0.8480000000000001,0.12025974025974026,0.09918604651162789
1563110,2026-08-29,ELC,2026,Cardiff,Sheffield Utd,1.31,1.4979999999999998,0.8879999999999999,1.174,0.09225352112676058,0.11703124999999999
1563109,2026-08-29,ELC,2026,Bristol City,Portsmouth,0.892,0.768,2.128,1.7619999999999998,0.11435897435897435,0.11636363636363636
1563107,2026-08-29,ELC,2026,Blackburn,QPR,0.9019999999999999,1.16,1.5379999999999998,1.4419999999999997,0.11,0.09206349206349206
1563108,2026-08-29,ELC,2026,Bolton,Lincoln,,,,,,
1563114,2026-08-29,ELC,2026,Norwich,Burnley,1.504,0.708,1.344,1.7799999999999998,0.10591549295774648,0.0931578947368421
1563111,2026-08-29,ELC,2026,Charlton,Preston,1.058,1.64,1.544,1.886,0.08672131147540983,0.13666666666666666
1557386,2026-08-29,PL,2026,Tottenham,Newcastle,1.17,1.0659999999999998,1.1380000000000001,1.4700000000000002,0.078,0.10659999999999999
1557379,2026-08-30,PL,2026,Chelsea,Brighton,1.376,1.8039999999999998,1.552,1.284,0.08094117647058824,0.13462686567164178
1557382,2026-08-30,PL,2026,Leeds,Brentford,1.3039999999999998,0.7660000000000001,1.1039999999999999,1.964,0.0881081081081081,0.10078947368421054
1557385,2026-08-30,PL,2026,Sunderland,Fulham,1.204,0.8880000000000001,1.026,1.72,0.07818181818181817,0.07655172413793104
1557384,2026-08-30,PL,2026,Manchester United,Ipswich,2.122,1.58,1.5059999999999998,1.058,0.1128723404255319,0.12153846153846154
